english,translate
"""Die Hütte, die von zu Hause weglief"" von Pochender Pfeil (""Poky"")","«Хижина, которая сбежала из дома» Стучащей Стрелы («Поки»)"
"""Zerschmetterter Stein""-Rucksack- und Gleitschirm-Kombo","""Zerschmetterter Stein""-Rucksack- und Gleitschirm-Kombo"
"%str1%%str2%Leichte ""Wahrer Blick""-Handschuhe%str3%%str4%","%str1%%str2%Лёгкие перчатки ""Истинного взгляда""%str3%%str4%"
"%str1%%str2%Schwere ""Wahrer Blick""-Maske%str3%%str4%","%str1%%str2%Schwere ""Wahrer Blick""-Maske%str3%%str4%"
"%str1%%str2%Schweres ""Wahrer Blick""-Wams%str3%%str4%","%str1%%str2%Schweres ""Wahrer Blick""-Wams%str3%%str4%"
"(Festival) Schließt den Erfolg ""Güter-Händler (jährlich)"" beim Fest der Vier Winde ab.",(Фестиваль) Завершите достижение «Торговец товарами (ежегодно)» на Празднике Четырёх Ветров.
"+10%% Outgoing Healing
+30 Healing Power
+10%% Karma
+5%% All Experience Gained
+20%% Magic Find
+20%% Gold Find
+10%% WXP Gained","+10%% Исходящее лечение
+30 Сила лечения
+10%% Карма
+5%% Ко всему получаемому опыту
+20%% Шанс найти магические предметы
+20%% Шанс найти золото
+10%% Получаемый опыт за выполнение заданий"
"+10%% Outgoing Healing
+80 Concentration
+60 Healing Power
+10%% Karma
+5%% All Experience Gained
+20%% Magic Find
+20%% Gold Find
+10%% WXP Gained","+10 %% Исцеление, наносимое союзникам
+80 Концентрация
+60 Сила исцеления
+10 %% Карма
+5 %% Весь получаемый опыт
+20 %% Шанс найти магические предметы
+20 %% Шанс получить больше золота
+10 %% Получаемый опыт WXP"
"+32 Condition Damage
+18 Toughness
+18 Vitality","+32 урона от состояний
+18 к силе
+18 к жизненной силе"
"+5 Toughness
+2 Precision","+5 к живучести
+2 точности"
"-10%% Incoming Damage
+50 Condition Damage
+40 Expertise
+10%% Karma
+5%% All Experience Gained
+20%% Magic Find
+20%% Gold Find
+10%% WXP Gained","-10%% Урон от входящих атак
+50 Урона по состояниям
+40 Экспертиза
+10%% Карма
+5%% Ко всему получаемому опыту
+20%% Шанс найти магический предмет
+20%% Шанс получить больше золота
+10%% Получаемый опыт WXP"
"-10%% Incoming Damage
+80 Healing Power
+60 Concentration
+10%% Karma
+5%% All Experience Gained
+20%% Magic Find
+20%% Gold Find
+10%% WXP Gained","-10%% входящий урон
+80 сила исцеления
+60 концентрация
+10%% карма
+5%% ко всему получаемому опыту
+20%% шанс найти магический предмет
+20%% шанс найти золото
+10%% получаемый опыт"
"-20%% Incoming Condition Duration
+30 Concentration
+10%% Karma
+5%% All Experience Gained
+20%% Magic Find
+20%% Gold Find
+10%% WXP Gained","-20%% Длительность входящих эффектов
+30 Концентрация
+10%% Кармы
+5%% Получаемого опыта
+20%% Шанс найти магические предметы
+20%% Шанс получить золото
+10%% Получаемых очков опыта"
"66%% Chance to Steal Life on Critical Hit
+35 to All Attributes
+10%% Karma
+5%% All Experience Gained
+20%% Magic Find
+20%% Gold Find
+10%% WXP Gained","66%% шанс на кражу здоровья при критическом ударе
+35 ко всем характеристикам
+10%% кармы
+5%% к получаемому опыту
+20%% к шансу найти магические предметы
+20%% к шансу найти золото
+10%% к получаемому опыту мира"
"<br>—You've entered a Costume Brawl.
—Attack other players with skills from toys, bundles, and tonics in this free-for-all.
—If you attempt real combat, you'll exit the brawl.","<br>—Вы вступили в Костюмированный поединок.
—Атакуйте других игроков умениями из игрушек, комплектов и зелий в этом свободном для всех сражении.
—Если вы попытаетесь вести настоящий бой, вас исключат из поединка."
"<c=@abilitytype>Mystery Tonic.</c> Transform into a random shape.
<c=@reminder>Left-click to preview next transformation.</c>","<c=@abilitytype>Загадочный тоник.</c> Примите случайный облик.
<c=@reminder>Щёлкните левой кнопкой мыши для предпросмотра следующего превращения.</c>"
"<c=@flavor>""If I can pull this off, my career is set!""
—Shana</c>","<c=@flavor>«Если у меня получится, моя карьера будет обеспечена!»
— Шана</c>"
"<c=@flavor>""Magic is a dangerous thing, especially in the wrong hands.""
—Garen","<c=@flavor>Магия — опасная вещь, особенно в чужих руках.
— Гарен"
"<c=@flavor>""Trick or treat!""</c>
—Your Inner Child","<c=@flavor>«Сладость или гадость!»</c>
— Твой внутренний ребёнок"
"<c=@flavor>""We had to completely re-engineer the insides of these weapons to not get gummed up."",
—Engineer Verutum</c>","<c=@flavor>«Нам пришлось полностью переработать внутренности этого оружия, чтобы оно не забивалось»,
— инженер Верутум</c>"
"<c=@flavor>""You'll need a shield when they start throwing bottles, gears, and the occasional bomb.""
—Scholar Antal the Patient</c>","<c=@flavor>«Тебе понадобится щит, когда полетят бутылки, шестерни и случайная бомба».
—Учёная Антал Терпеливая</c>"
"<c=@flavor>This weapon is used to craft the legendary harpoon gun Frenzy.,
Combine this weapon in the Mystic Forge with:,Соедините это оружие в Мистической кузнице с:
• 1 Gift of Frenzy,
• 1 Gift of Mastery,
• 1 Gift of Fortune</c>","<c=@flavor>Это оружие используется для создания легендарного гарпуна «Бешенство».,
Объедините это оружие в Мистической кузнице с:,
• 1 Дар бешенства,
• 1 Дар мастерства,
• 1 Дар удачи</c>"
"<c=@flavor>This weapon is used to craft the legendary rifle The Predator.,
Combine this weapon in the Mystic Forge with:,Соедините это оружие в Мистической кузнице с:
• 1 Gift of The Predator,
• 1 Gift of Mastery,
• 1 Gift of Fortune</c>","<c=@flavor>Это оружие используется для создания легендарной винтовки «Хищник».
Соедините это оружие в Мистической кузнице с:
• 1 Дар Хищника,
• 1 Дар Мастерства,
• 1 Дар Удачи</c>"
"<c=@flavor>This weapon is used to craft the legendary scepter Meteorlogicus.,
Combine this weapon in the Mystic Forge with:,Соедините это оружие в Мистической кузнице с:
• 1 Gift of Meteorlogicus,
• 1 Gift of Mastery,
• 1 Gift of Fortune</c>","<c=@flavor>Это оружие используется для создания легендарного скипетра «Метеорлогикус».,
Соедините это оружие в Мистической кузнице с:
• 1 Дар Метеорлогикуса,
• 1 Дар Мастерства,
• 1 Дар Удачи</c>"
"<c=@flavor>This weapon is used to craft the legendary shield The Flameseeker Prophecies.,
Combine this weapon in the Mystic Forge with:,Соедините это оружие в Мистической кузнице с:
• 1 Gift of The Flameseeker Prophecies,• 1 [Дар|Дара|Даров] «Пророчества Ищущего Пламя»
• 1 Gift of Mastery,
• 1 Gift of Fortune</c>","<c=@flavor>Это оружие используется для создания легендарного щита «Пророчества Ищущего Пламя».,
Объедините это оружие в Мистической кузнице с:,Соедините это оружие в Мистической кузнице с:
• 1 Дар «Пророчества Ищущего Пламя»,• 1 Дар «Пророчества Ищущего Пламя»
• 1 Дар мастерства,
• 1 Дар удачи</c>"
<c=@reminder>Diese Miniatur kann in Schwarzlöwen-Truhen gefunden werden.</c>,<c=@reminder>Эту миниатюру можно найти в сундуках Чёрного льва.</c>
?Alabado sea Joko!,?Алабадо море Джоко!
"A gift used to create legendary weapons.,'Подарок, используемый для создания легендарного оружия.'
Made by combining these items in the Mystic Forge:,
• 250 Vicious Fangs,
• 250 Armored Scales,• 250 бронированных чешуй
• 250 Vicious Claws,
• 250 Ancient Bones","Подарок, используемый для создания легендарного оружия.,'Подарок, используемый для создания легендарного оружия.'
Создается путем объединения этих предметов в Мистической кузнице:,
• 250 Злобных клыков,
• 250 Бронированных чешуй,• 250 бронированных чешуй
• 250 Злобных когтей,
• 250 Древних костей"
"A high-powered device for stabilizing severely unstable magic rifts.

Double-click to equip.","Мощное устройство для стабилизации крайне нестабильных магических разломов.

Дважды щёлкните, чтобы экипировать."
"A message from Researcher Yarixx, who has developed a powerful new system that harnesses spirit essence
A missing belonging found inside a rift in the Mists.,'Утерянная вещь, найденная внутри разлома в Туманах.'
A mission statement of dredge freedom.,Заявление о миссии свободы дрэджей.
A missive from Skimmer Trainer Ardra containing information on troop movements. Intended for delivery to Healer Ebele north of Arid Gladefields. Can be consumed for Mastery experience and karma.,'Послание от тренера скакунов Ардры, содержащее информацию о передвижении войск. Предназначено для доставки целителю Эбеле к северу от Сухих Полян. Можно использовать для получения опыта Мастерства и кармы.'
A mud-stained note that appears to be from a journal. Some bits are still legible. This item only has value as part of a collection.,
A mysteriously light and well-balanced weapon that seems malleable to your wishes. Double-click to choose what form it should take.,'Таинственно лёгкое и хорошо сбалансированное оружие, которое, кажется, поддаётся вашим желаниям. Дважды щелкните, чтобы выбрать форму, которую оно должно принять.'
A note from Yasna to Sunsmith Ouissal asking for her help.,
A nutritious and magic-imbued snack made specially for jackals! Double-click to feed this to your jackal.","Послание от исследователя Ярикса, разработавшего мощную новую систему, использующую сущность духов.
Утерянная вещь, найденная внутри разлома в Туманах.
Заявление о миссии свободы дрэджей.
Послание от тренера скакунов Ардры, содержащее информацию о передвижении войск. Предназначено для доставки целителю Эбеле к северу от Сухих Полян. Можно использовать для получения опыта Мастерства и кармы.
Грязное пятнистое письмо, похожее на страницу из дневника. Некоторые части ещё читаемы. Этот предмет имеет ценность только как часть коллекции.
Таинственно лёгкое и хорошо сбалансированное оружие, которое, кажется, поддаётся вашим желаниям. Дважды щёлкните, чтобы выбрать форму, которую оно должно принять.
Записка от Ясны к Солнцесмиту Уиссалу с просьбой о помощи.
Питательный и магический перекус, приготовленный специально для шакалов! Дважды щёлкните, чтобы накормить им своего шакала."
"A nutritious and magic-imbued snack made specially for jackals! Double-click to feed this to your jackal.

Gives bonus Mastery experience once per day.","Питательное лакомство, напитанное магией и созданное специально для шакалов! Дважды щёлкните, чтобы угостить своего шакала.

Раз в день даёт дополнительный опыт мастерства."
"A recollection of the life and deeds of Mad King Thorn, as recounted by his loyal subjects and friends. The volume ends with the coronation of King Thorn. It seems incomplete.
<c=@flavor>—Stories yet untold despite the tower that marks a spooky site. When humans flee their home of old, where they settle cannot be told.</c>","Воспоминания о жизни и деяниях Безумного короля Торна, рассказанные его верными подданными и друзьями. Книга заканчивается коронацией короля Торна. Похоже, она неполная.
<c=@flavor>—Истории, которые ещё предстоит рассказать, несмотря на башню, отмечающую жуткое место. Когда люди покидают свой старый дом, невозможно предсказать, где они поселятся.</c>"
"A recollection of the life and deeds of Mad King Thorn, as told by his loyal subjects and friends. Contains a complete account of King Oswald Thorn's life, from boyhood to gruesome death.
<c=@flavor>""Even after death, I shall return! And all my enemies will burn, burn, BURN!""
—Mad King Thorn</c>","Воспоминания о жизни и деяниях Безумного короля Торна, рассказанные его верными подданными и друзьями. Содержит полный рассказ о жизни короля Освальда Торна, от юности до ужасной смерти.
<c=@flavor>«Даже после смерти я вернусь! И все мои враги сгорят, сгорят, СГОРЯТ!»
— Mad King Thorn</c>"
"A relic from a time when heket were common throughout Kourna.

This item only has value as part of a collection.","Реликт времён, когда хекет были распространены по всей Курне.

Этот предмет ценен только как часть коллекции."
"A secret letter that should be brought to Ahel Nakat, who is undercover in the Ruination among the Order of Shadows.

Double-click to locate.","Секретное письмо, которое нужно доставить Ахелю Накату, действующему под прикрытием в Руинах среди Ордена Теней.

Дважды щёлкните, чтобы найти."
"A shark statue used to create Kamohoali'i Kotaki.

Purchase the recipe for this item from any Mystic Forge vendor and reach a jeweler rating of 400 to craft.","Статуя акулы, используемая для создания Kamohoali'i Kotaki.

Купите рецепт этого предмета у любого торговца Mystic Forge и достигните уровня ювелира 400, чтобы изготовить его."
"A skyscale's strength is strongly tied to the amount of care it receives as a hatchling.
Combine 1 White and 2 Copper Skyscale Hatchlings with 12 Unidentified Dyes in the Mystic Forge to create a Silver Skyscale Hatchling.","Сила скайскейла напрямую зависит от того, сколько заботы он получает в детстве.
Соедините 1 белого и 2 медных детёнышей скайскейла с 12 неопознанными красками в Mystic Forge, чтобы создать серебряного детёныша скайскейла."
"A sliver of potential solidified from the Mists.

Use 12 petals to crystalize a Teal Bloom.

<c=@reminder>May be sold to vendors.</c>","Частица потенциала, затвердевшая из Туманов.

Используйте 12 лепестков, чтобы кристаллизовать бирюзовый цветок.

<c=@reminder>Может быть продано торговцам.</c>"
"A turtle egg discovered after the battle with Soo-Won in Dragon's End.

Bring the egg to Gorrik in Arborstone.","Черепашье яйцо, найденное после битвы с Су-Вон в Конце Дракона.

Отнесите яйцо Горрику в Арборстоун."
"A worn plush doll with a single gem on its head. A child surely would be looking for this.,
This item has no use outside of a collection.","Потертая плюшевая кукла с единственным самоцветом на голове. Ребенок наверняка ищет её.,
Этот предмет не имеет применения вне коллекции."
"Acquired from Ward Trader Sampaguita in Bava Nisos.
This item is used to craft or purchase Slumbering Lightborne weapons, which she sells crafting recipes or assistance for.

<c=@flavor>A faint glow emits from this spark.</c>","Получено у торговца стражи Сампагиты в Бава-Нисос.
Этот предмет используется для создания или покупки дремлющего светорождённого оружия — она продаёт рецепты и помогает с изготовлением.

<c=@flavor>От этой искры исходит слабое свечение.</c>"
"Acquired occasionally from events in Starlit Weald.
Trade to alliance field quartermasters in Castora for a pair of Extremis Gloves.","Иногда выпадает за события в Starlit Weald.
Обменяйте у полевых интендантов альянса в Касторе на перчатки «Экстремис»."
"Acquired occasionally from obscured chests in Starlit Weald.
Trade to alliance field quartermasters in Castora for an Extremis Hood.","Иногда выпадает из скрытых сундуков в Starlit Weald.
Обменяйте у полевых интендантов альянса в Касторе на капюшон «Экстремис»."
"Activate this to unlock the raptor mount. 

With access to Guild Wars 2: Path of Fire, you can improve your raptor abilities.","Активируйте это, чтобы получить возможность использовать раптора в качестве ездового животного.

С дополнением Guild Wars 2: Путь Огня вы сможете улучшить способности своего раптора."
"Activate your profession mechanic skills %num2% times.

<c=@reminder>Profession mechanic skills appear above your weapon skills, and they have unique effects depending on your character's profession.</c>","Активируйте навыки вашей профессии %num2% раз.

<c=@reminder>Навыки профессии отображаются над вашими боевыми навыками и обладают уникальными эффектами в зависимости от выбранной вами профессии.</c>"
An der Tiefland-Küste durch den Abschluss aller Orte auf der Karte verdient. Weitere Exemplare können bei Händlern für Ansehen-Herzen an der Tiefland-Küste erworben werden.,Заработано на побережье Низменностей за завершение всех локаций на карте. Дополнительные экземпляры можно приобрести у торговцев за очки репутации на побережье Низменностей.
"Assaillant[f:""Assaillante""]","Нападающий[f:""Нападающая""]"
"At Wizard's Ascent, correctly prepare 45 ingredients for Alchemist Briella.

If you have the Knowing Is Half the Battle achievement, progress is doubled for successful ingredient preparations.","В Визардовом Подъёме правильно подготовьте 45 ингредиентов для алхимика Бриеллы.

Если у вас есть достижение «Знание — половина победы», прогресс за успешное приготовление ингредиентов увеличивается вдвое."
"Become one with the Mists and gain the following:,
• The ""Fractal Prodigy"" title,
• 5 agony resistance, 1%% increased outgoing damage
• 1 additional fractal encryption and bag of fractal relics from the final chest in every fractal,• 1 дополнительный фрактальный шифр и мешок фрактальных реликвий из последнего сундука в каждом фрактале
Level 2 of 4—Effects stack with previous level.","Станьте единым с Туманным Пределом и получите следующее:,
• Титул «Фрактальный вундеркинд»,
• 5 сопротивления агонии, 1%% увеличенного исходящего урона
• 1 дополнительный фрактальный шифр и мешок фрактальных реликвий из последнего сундука в каждом фрактале,• 1 дополнительный фрактальный шифр и мешок фрактальных реликвий из последнего сундука в каждом фрактале
Уровень 2 из 4 — эффекты суммируются с предыдущим уровнем."
"Bind %num2% Core Set 1 relics by crafting them or purchasing them from the Trading Post.
Note: Relics from the Level-80 Boost will not count toward progress.","Привяжите %num2% предмета из набора «Ядро 1», создав их или купив в торговом центре.
Примечание: предметы, полученные при использовании бонуса для повышения до 80 уровня, не будут учитываться при выполнении задания."
"Blitzstäbe aufstellen, um die Energie von Decima fernzuhalten","Установить молниеотводы, чтобы удерживать энергию Децимы"
Branded population remaining:,Осталось клеймёных:
Bringt alle gesammelten Informationen zur Bibliothek der Abtei.,Принесите всю собранную информацию в библиотеку аббатства.
"Call down an ice storm on the targeted area. The number of final ice shards are increased for each stack of Water Arrow.
<c=@reminder>Damage is reduced per target each time foes are struck by this skill.</c>","Обрушьте на выбранную область ледяной шторм. Количество финальных ледяных осколков увеличивается с каждым применением умения «Водная стрела».
<c=@reminder>Урон по каждой цели уменьшается при каждом попадании этим умением.</c>"
"Can be attained from the boneskinner in the Raven Sanctum.
Trade to Berghild in Eye of the North for shoulder armor.","Достаётся с костедёра в Святилище Ворона.
Обменяйте у Бергильд в Оке Севера на наплечники."
"Can contain ancient or elder wood logs.
Purchase from renown region karma merchants across the Crystal Desert with trade contracts.
Find trade contracts in chests and lost supplies.","Может содержать древние брёвна или брёвна из старой древесины.
Покупается за торговые контракты у торговцев кармы в регионах сердец почёта по всей Crystal Desert.
Торговые контракты находятся в сундуках и потерянных припасах."
"Can contain gossamer and silk scraps.,
Purchase from renown region karma merchants across the Crystal Desert with trade contracts.,Покупайте у торговцев кармы в регионах известности по всей Пустыне Хрусталя за торговые контракты.
Find trade contracts in chests and lost supplies.","Может содержать обрывки паутины и шелка.,
Покупайте у торговцев кармы в регионах известности по всей Пустыне Хрусталя за торговые контракты.,Покупайте у торговцев кармы в регионах известности по всей Пустыне Хрусталя за торговые контракты.
Ищите торговые контракты в сундуках и потерянных припасах."
"Can contain hard and seasoned wood logs.,
Purchase from renown region karma merchants across the Crystal Desert with trade contracts.,Покупайте у торговцев кармы в регионах известности по всей Пустыне Хрусталя за торговые контракты.
Find trade contracts in chests and lost supplies.","Может содержать бревна твердой и выдержанной древесины.,
Покупайте у торговцев кармы в регионах известности по всей Пустыне Хрусталя за торговые контракты.,
Ищите торговые контракты в сундуках и потерянных припасах."
"Can contain ingots of steel, platinum, copper, or silver.
Purchase from renown region karma merchants across the Crystal Desert with trade contracts.
Find trade contracts in chests and lost supplies.","Может содержать слитки стали, платины, меди или серебра.
Покупается за торговые контракты у торговцев кармы в регионах сердец почёта по всей Crystal Desert.
Торговые контракты находятся в сундуках и потерянных припасах."
"Can contain linen and cotton scraps.
Purchase from renown region karma merchants across the Crystal Desert with trade contracts.
Find trade contracts in chests and lost supplies.","Может содержать лоскуты льна и хлопка.
Покупается за торговые контракты у торговцев кармы в регионах сердец почёта по всей Crystal Desert.
Торговые контракты находятся в сундуках и потерянных припасах."
"Can contain rawhide or thin leather squares.,
Purchase from renown region karma merchants across the Crystal Desert with trade contracts.,Покупайте у торговцев кармы в регионах известности по всей Пустыне Хрусталя за торговые контракты.
Find trade contracts in chests and lost supplies.","Может содержать кусочки сыромятной или тонкой кожи.,
Покупайте у торговцев кармы в регионах известности по всей Пустыне Хрусталя за торговые контракты.,
Находите торговые контракты в сундуках и потерянных припасах."
"Can contain venom sacs, fangs, or scales of any value.
Purchase from renown region karma merchants across the Crystal Desert with trade contracts.
Find trade contracts in chests and lost supplies.","Может содержать ядовитые железы, клыки или чешую любой ценности.
Покупается за торговые контракты у торговцев кармы в регионах сердец почёта по всей Crystal Desert.
Торговые контракты находятся в сундуках и потерянных припасах."
"Can contain vials of blood, bone, or claws.
Purchase from renown region karma merchants across the Crystal Desert with trade contracts.
Find trade contracts in chests and lost supplies.","Может содержать склянки крови, кости или когти.
Покупается за торговые контракты у торговцев кармы в регионах сердец почёта по всей Crystal Desert.
Торговые контракты находятся в сундуках и потерянных припасах."
"Cantha has some...fascinating musical genres. What was it called again? Jade-pop? Can-pop? The music is catchy, but the fans are of an incalculable intensity. 
—Chief Melodist Flac","В Канте есть несколько… весьма интересных музыкальных жанров. Как же он назывался? «Джейд-поп»? Или «Кан-поп»? Музыка довольно запоминающаяся, но фанаты просто невообразимо преданные.
—Вождь-мелодист Флак"
"Canthan talisman that exclusively contains End of Dragons attribute combos.
<c=@flavor>Usage of enchanted jade has grown popular in the Mists.</c>","Кантанский талисман только с наборами характеристик из «Конца драконов».
<c=@flavor>В Туманах вошёл в моду зачарованный нефрит.</c>"
"Cap wanted me to make sure you got a little commendation for your work here. Everything is ship-shape thanks to you, and I'm sure our four-hoofed friends will appreciate the fine work you did. You're always welcome among the Companions.

—Marden","Cap хотел, чтобы я убедился, что вы получили небольшую награду за свою работу здесь. Благодаря вам всё в полном порядке, и я уверен, что наши четвероногие друзья оценят отличную работу, которую вы проделали. Вы всегда желанный гость среди Компаньонов.

—Marden"
Caudecus hielt bei den Treppen im Schwärenden Becken an.,Кодекус остановился у лестницы в Гноящемся Бассейне.
Caudecus' Reise begann in den Marschen im Südosten.,Путешествие Кодекуса началось в болотах на юго-востоке.
"Collect Vexa's Golem Diagnostic Reader from her lab hidden in Fireheart Rise. Interact with the remains of Old Tom in the Uncategorized fractal to analyze them.
This item only has value as part of a collection.","Соберите диагностический считыватель големов Вексы из её лаборатории, спрятанной на Fireheart Rise. Взаимодействуйте с останками Старого Тома в фрактале «Без категории», чтобы проанализировать их.
Этот предмет имеет ценность только как часть коллекции."
"Combine 25 Tales of Adventure, a Gift of Bones
This item is acquired from the Klobjarne Geirr: Raid or Convergence Victories achievement.","Скомбинируйте 25 Сказаний о приключениях, Gift of Bones
Этот предмет получен за достижение «Klobjarne Geirr: Победы в рейдах или конвергенциях»."
"Combine 6 Deldrimor Steel Spear Heads, 6 Large Spiritwood Hafts, 6 Vision Crystals, and a Memory of Bearkin's Adversaries to create Nyr Hrammr.

This item is acquired from the achievement ""Klobjarne Geirr: World Boss or Meta-Event Completions.""","Объедините 6 наконечников копий из делдриморской стали, 6 больших древок из духодрева, 6 Кристаллов видений и Память о противниках медвежьего народа, чтобы создать Нюр Храммр.

Этот предмет получается за достижение «Klobjarne Geirr: завершение мировых боссов или метасобытий»."
"Combine a Gift of Adventure, a Gift of the Seas
Purchased from Visions of Eternity map vendors in exchange for:,
• 2 Vision Crystals,
• 55 Mystic Clovers,
• 100 Tales of Adventure,
• 500 Unusual Coins","Объедините Gift of Adventure, Gift of the Seas
Приобретается у торговцев на картах «Видения вечности» в обмен на:
• 2 кристалла видений,
• 55 Mystic Clovers,
• 100 сказов о приключениях,
• 500 необычных монет"
"Combine a Gift of Adventure, a Gift of the Seas, a Bloodstone Shard, and 250 Obsidian Shards in the Mystic Forge to create a Gift of Castoran Mastery.

Purchased from Visions of Eternity map vendors in exchange for:
• 2 Vision Crystals
• 55 Mystic Clovers
• 100 Tales of Adventure
• 500 Unusual Coins","Объедините Gift of Adventure, Gift of the Seas, Осколок кровавого камня и 250 осколков обсидиана в Mystic Forge, чтобы создать Gift of Castoran Mastery.

Купить у торговцев карт Видений Вечности в обмен на:
• 2 Кристалла видений
• 55 Мистических трилистников
• 100 Сказаний о приключениях
• 500 Необычных монет"
"Combine a Gift of Infused Gems, a Gift of the Sun, a Gift of the Beach, and 10 Purified Rift Essences in the Mystic Forge to create the Gift of Rays.

Created by combining the following in the Mystic Forge:
• 250 Obsidian Shards
• 250 Beryl, Chrysocola, Emerald, Opal, Ruby, or Sapphire Orbs
• 1 Bloodstone Shard
• 100 Mystic Runestones","Объедините Дар наполненных самоцветов, Gift of the Sun, Дар пляжа и 10 очищенных эссенций разлома в Mystic Forge, чтобы создать Gift of Rays.

Создаётся путём объединения в Mystic Forge:
• 250 Осколков обсидиана
• 250 Сфер берилла, хризоколлы, изумруда, опала, рубина или сапфира
• 1 Осколка кровавого камня
• 100 Мистических рунических камней"
"Combine a Gift of Rays, a Gift of the Survivors, a Gift of the People, and a Gift of the Hylek in the Mystic Forge to create the legendary ring Endless Summer.

Acquired by completing the Radiance of the Sun God achievement. Additional copies can be purchased from Shaman Palak in Shipwreck Strand.","Объедините Gift of Rays, Gift of the Survivors, Дар народа и Gift of the Hylek в Mystic Forge, чтобы создать легендарное кольцо «Endless Summer».

Получается за прохождение достижения «Сияние бога солнца». Дополнительные копии можно приобрести у шамана Палака на Побережье кораблекрушений."
"Combine a Gift of Recollector of Memories, 100 Mystic Runestones, a Gift of the Mists, and a Gift of Research in the Mystic Forge to create the Gift of Klobjarne Geirr.

Created in the Mystic Forge by combining:
• 25 Tales of Adventure 
• 1 Gift of Bones 
• 1 Memory of Bearkin's Hunts
• 1 Memory of Bearkin's Victories","Объедините Дар собирателя воспоминаний, 100 мистических рунических камней, Дар туманов и Gift of Research в Mystic Forge, чтобы создать Дар Клобьярне Гейрра.

Создаётся в Mystic Forge путём объединения:
• 25 Сказаний о приключениях
• 1 Дара костей
• 1 Воспоминания об охотах медвежьего народа
• 1 Воспоминания о победах медвежьего народа"
"Combine a Gift of the Appetizer, a Gift of the Entrée, a Gift of the Side Course, and a Gift of the Dessert in the Mystic Forge to create the Gift of the Feast.

Created in the Mystic Forge by combining:
• 200 Bowls of Prickly Pear Sorbet
• 50 Bowls of Passion Fruit Tapioca Pudding
• 2 Amalgamated Rift Essences
• 5 Fruits of the Shadow","Соедините Gift of the Appetizer, Gift of the Entrée, Дар гарнира и Gift of the Dessert в Mystic Forge, чтобы создать Gift of the Feast.

Создаётся в Mystic Forge путём объединения:
• 200 Мисок сорбета из опунции
• 50 Мисок пудинга из тапиоки с маракуйей
• 2 амальгамированных эссенции разлома
• 5 Плодов тени"
"Combine a Gift of the Mistburned Isles, a Gift of Shadows
Created in the Mystic Forge by combining:,
• 1 Gift of the Appetizer,• 1 Дар закуски
• 1 Gift of the Entrée,
• 1 Gift of the Side Course,
• 1 Gift of the Dessert","Объедините Дар Туманоожжённых островов, Дар Теней
Создаётся в Мистической кузнице путём объединения:,
• 1 Дар закуски,• 1 Дар закуски
• 1 Дар основного блюда,
• 1 Дар гарнира,
• 1 Дар десерта"
"Combine a Gift of the Mursaat Ruins, a Gift of Janthir Wanderlust
Created in the Mystic Forge by combining:,
• 100 Vials of Titan Melted Liquid Obsidian,• 100 флаконов титанового расплавленного жидкого обсидиана
• 50 Mists Gate Residues,
• 100 Shards of Mistburned Barrens,
• 100 Shards of Bava Nisos","Объедините Дар руин Мурсаата, Дар странствий Джантира
Создаётся в Мистической кузнице путём объединения:
• 100 флаконов титанового расплавленного жидкого обсидиана
• 50 Остатков врат Туманов
• 100 Осколков выжженных туманом пустошей
• 100 Осколков Бава Нисос"
"Combine a Gift of the Mursaat Ruins, a Gift of Janthir Wanderlust, 250 Mursaat Runestones, and 250 Mystic Runestones in the Mystic Forge to create the Gift of the Mistburned Isles.

Created in the Mystic Forge by combining:
• 100 Vials of Titan Melted Liquid Obsidian
• 50 Mists Gate Residues
• 100 Shards of Mistburned Barrens
• 100 Shards of Bava Nisos","Объедините Gift of the Mursaat Ruins, Дар странствий Джантира, 250 рунических камней мурсаатов и 250 Мистических рунических камней в Mystic Forge, чтобы создать Дар Опалённых Туманом островов.

Создаётся в Mystic Forge путём объединения:
• 100 Флаконов расплавленного титанами жидкого обсидиана
• 50 остатков врат Туманов
• 100 Осколков Опалённых Туманом пустошей
• 100 осколков Бава-Нисос"
"Combine a Gift of the Survivors, a Gift of the People, a Gift of Castoran Mastery, and the precursor Agaleus in the Mystic Forge to create the legendary aquabreather Selachimorpha.

Created by combining the following in the Mystic Forge:
• A Gift of Adventure
• A Gift of the Seas
• A Bloodstone Shard
• 250 Obsidian Shards","Соедините Gift of the Survivors, Gift of the People, Дар мастерства Касторы и прекурсор «Агалей» в Mystic Forge, чтобы создать легендарный акваланг «Селахиморфа».

Создаётся путём объединения следующего в Mystic Forge:
• Gift of Adventure
• Gift of the Seas
• Bloodstone Shard
• 250 осколков обсидиана"
"Combine a Gift of the Survivors, a Gift of the People, a Gift of Insight, and a Gift of the Elders in the Mystic Forge to create the Aetheric Anchor.

Purchased from Magister Sirkk in Crumbling Precipice in Starlit Weald in exchange for:
• 100 Mystic Clovers
• 55 Amalgamated Draconic Lodestones
• 4 Gifts of Condensed Might
• 4 Gifts of Condensed Magic","Объедините Gift of the Survivors, Gift of the People, Дар прозрения и Gift of the Elders в Mystic Forge, чтобы создать Эфирный якорь.

Покупается у магистра Сиркка на Осыпающемся обрыве в Starlit Weald в обмен на:
• 100 мистических трилистников
• 55 амальгамированных драконьих магнитных камней
• 4 Дара концентрированной мощи
• 4 Дара концентрированной магии"
"Combine in the Mystic Forge with Piquant Plant Food, Bloodstone Dust
<c=@flavor>The Font of Rhand is known to be a very magical place.</c>","Соедините в Mystic Forge с Пикантной растительной пищей, Пылью кровавого камня
<c=@flavor>Известно, что Источник Ранда — очень магическое место.</c>"
"Combine in the Mystic Forge with a Hero Weapon, Grandmaster Mark Shards, and Emblems of the Avenger to create an Ascended Corrupted Hero Weapon.

Combine in the Mystic Forge with 3 Salvaged Dredge Backpacks to create a Salvaged Dredge Inferno Backpack.","Соедините в Mystic Forge с Геройским оружием, Осколками знака грандмастера и Эмблемами мстителя, чтобы создать вознесённое осквернённое геройское оружие.

Соедините в Mystic Forge с 3 спасёнными рюкзаками дреджей, чтобы создать рюкзак «Спасённое инферно дреджей»."
"Combine this item in the Mystic Forge with:
• 1 Gift of Galdra
• 1 Gift of Shadowstones
• 1 Mystic Tribute</c>","Соедините этот предмет в Mystic Forge с:
• 1 Gift of Galdra
• 1 Gift of Shadowstones
• 1 Mystic Tribute</c>"
"Combine this weapon in the Mystic Forge with:
• 1 Gift of Howler
• 1 Gift of Mastery
• 1 Gift of Fortune</c>","Соедините это оружие в Mystic Forge с:
• 1 Gift of Howler
• 1 Gift of Mastery
• 1 Gift of Fortune</c>"
"Combine this weapon in the Mystic Forge with:
• 1 Gift of The Bifrost
• 1 Gift of Mastery
• 1 Gift of Fortune</c>","Соедините это оружие в Mystic Forge с:
• 1 Gift of The Bifrost
• 1 Gift of Mastery
• 1 Gift of Fortune</c>"
"Combine this weapon in the Mystic Forge with:
• 1 Gift of The Predator
• 1 Gift of Mastery
• 1 Gift of Fortune</c>","Соедините это оружие в Mystic Forge с:
• 1 Gift of The Predator
• 1 Gift of Mastery
• 1 Gift of Fortune</c>"
"Commander,

An urgent matter has arisen that requires your attention. Go to the parade grounds just north of the Hero's Forum. I'll meet you there.

Please come at your earliest convenience.","Командир,

Возникло срочное дело, требующее вашего внимания. Отправляйтесь на плац к северу от Форум Героя. Я встречу вас там.Пожалуйста, приходите при первой возможности.

Пожалуйста, приходи как можно скорее."
"Commander,  
  
I have some business I'd like to discuss with you. It involves the Captain's Council, so your discretion is appreciated. Mind meeting me near the bay docks in Lion's Arch? The sooner, the better. 
  
—Lawson","Коммандир,

У меня есть дело, которое я хотел бы обсудить с вами. Оно касается Captain's Council, поэтому буду признателен за вашу осмотрительность. Не могли бы вы встретиться со мной у причалов в Lion's Arch? Чем скорее, тем лучше.

—Лоусон"
"Complete %num2% map[s].

<c=@reminder>Map-complete rewards are special bonuses earned by visiting all points of interest, vistas, waypoints, hero challenges, and renown hearts on a map.</c>","Заверши %num2% [карту|карты|карт].

Награды за завершение <c=@reminder>карты — это особые бонусы, получаемые при посещении всех достопримечательностей, смотровых площадок, порталов героев, испытаний героя и известных сердец на карте.</c>"
"Complete %num2% renown heart[s] in Sparkfly Fen, Mount Maelstrom, Iron Marches, Fireheart Rise, or Timberline Falls.

<c=@reminder>Renown hearts are marked with a golden heart icon on the map. Every renown heart is different, so check your HUD when nearby to find out how you can assist.</c>","Выполните %num2% [задание|задания|заданий] на получение репутации в локациях: Болотистая низина Спаркфлай, Гора Мэлстром, Iron Marches, Огненная возвышенность или Тимберлайн-Фолс.

<c=@reminder>Задания на получение репутации отмечены на карте золотым значком сердца. Каждое задание уникально, поэтому, оказавшись рядом, проверьте интерфейс, чтобы узнать, чем вы можете помочь.</c>"
"Complete achievements throughout Inner Nayos, or take a break to enjoy a few adventures.

(Note: The Mastery point is a reward for partial completion of this achievement.)","Выполняйте задания в Inner Nayos или отдохните и отправьтесь в небольшое приключение.

(Примечание: очки мастерства начисляются за частичное выполнение этого достижения)."
"Complete chapter 7 of your story.

<c=@reminder>You can select your active story and view your progress from the Story Journal menu in the Hero panel.</c>","Завершите 7-ю главу своей истории.

<c=@reminder>Вы можете выбрать активную историю и просмотреть свой прогресс в меню «Дневник историй» на панели героя.</c>"
"Complete events in Domain of Kourna. Group events will award more progress.

Earn bonus progress by completing the ""Dance with the choya to assist Tebb's research"" event. Or don't.","Выполняйте задания в Домене Курны. За выполнение групповых заданий начисляется больше прогресса.

Получите дополнительный прогресс, выполнив событие «Потанцуйте с чойей, чтобы помочь в исследованиях Тебба». Или не выполняйте."
"Complete events in the Desolation. Group events will award more progress.

Earn bonus progress by completing the ""Reach the finish line"" event in Sand Jackal Run.","Выполняйте задания в Пустошах. За выполнение групповых заданий начисляется больше прогресса.

Получите дополнительный прогресс за выполнение события «Достигните финишной черты» в локации «Песчаная ящерица»."
"Consuming this will replace your current nutrition effect.,
<c=@flavor>""For the millionth time, there are no culinary applications for bloodstone dust. None.""
—Chef Robertus</c>","Потребление заменит текущий эффект питания.,
<c=@flavor>«В миллионный раз повторяю: пыль кровавого камня не имеет кулинарного применения. Никакого».
—Chef Robertus</c>"
"Contains a Bloody Prince outfit, which is usable in combat
Outfits are full sets of clothing that hide other armor. This will not change individual armor pieces, and you will still receive your current armor stats.","Содержит наряд Кровавого принца, который можно использовать в бою.
Наряды — это полные комплекты одежды, скрывающие другую броню. Это не изменит отдельные части брони, и вы по-прежнему будете получать текущие характеристики брони."
"Contains a Winter Outfit, which is usable in combat
Outfits are full sets of clothing that hide other armor. This will not change individual armor pieces, and you will still receive your current armor stats.","Содержит зимний наряд, который можно использовать в бою.
Наряды — это полные комплекты одежды, скрывающие другую броню. Это не изменит отдельные элементы брони, и вы по-прежнему будете получать свои текущие характеристики брони."
"Contains obsidian shards.,
Double-click to open.","Содержит осколки обсидиана.,
Дважды щёлкните, чтобы открыть."
"Contains your choice of an account-bound Skyscale weapon skin. Double-click to choose a reward.,'«Содержит на выбор один из связанных с учётной записью скинов оружия скайскилла. Дважды щёлкните, чтобы выбрать награду.'
'<c=@flavor>""Now you don''t have to wait for that one skin you need. I love that for you.""</c>'","Содержит на выбор один из связанных с учётной записью обликов оружия скайскилла. Дважды щёлкните, чтобы выбрать награду.
<c=@flavor>«Теперь вам не нужно ждать тот самый облик, который вам нужен. Мне это нравится».</c>"
"Contains: ,
• Mini Awakened Raptor,
• Mini Awakened Skimmer,
• Mini Awakened Springer,
• Mini Awakened Jackal,
• Mini Awakened Griffon","Содержит: ,
• Мини-пробуждённый раптор,
• Мини-пробуждённый скиммер,
• Мини-пробуждённый спрингер,
• Мини-пробуждённый шакал,
• Мини-пробуждённый грифон"
"Contains:,«Содержит:
• Mini Black Bear Cub,
• Mini Hippo Calf,
• Mini White Kitten,
• Mini Lion Cub,
• Mini Moa Chick","Содержит:,«Содержит:
• Детёныш чёрного медведя (мини),
• Детёныш бегемота (мини),
• Белый котёнок (мини),
• Детёныш льва (мини),
• Цыплёнок моа (мини)"
"Create a private version of Convergences in Mount Balrior for your squad.

NOTE: This content contains spoilers for Guild Wars 2: Janthir Wilds Chapter 13: Balrior Peak","Создайте частную версию «Схождения» в горе Бальриор для вашего отряда.

ВНИМАНИЕ: этот текст содержит спойлеры к главе 13 «Дикие земли Джантира»: Пик Бальриора из игры Guild Wars 2."
"Created by imbuing a pair of dragonfly-wing earrings, purchased from Cook Huelic in Metrica Province
This item only has value as part of a collection.","Создано путём инкрустации пары серёжек из крыльев стрекозы, купленных у повара Хуэлика в Метрике.
Этот предмет ценен только как часть коллекции."
Cubs found: %num1%,Найдено детенышей: %num1%
DEFENSE:,ЗАЩИТА:
De,De
"Defeat %num2% of the world bosses in Queensdale, Wayfarer Foothills, Metrica Province, or Caledon Forest.

<c=@reminder>World bosses are challenging events that appear at specific times of day across Tyria. Defeat them to receive chests containing rare equipment and crafting materials. </c>","Победите %num2% мировых боссов в Квинсдейле, Уайфарер-Футхиллз, Метрической провинции или Caledon Forest.

<c=@reminder>Мировые боссы — это сложные события, которые происходят в определенное время суток по всей Тирии. Победите их, чтобы получить сундуки с редким снаряжением и материалами для крафта. </c>"
Deliah,Deliah
"Deliver to the Castaway Vice Chief.,
Task Item","Доставить вице-главарю изгоев.,
Предмет задания"
"Deposit items in your material storage.

<c=@reminder>Material storage is a tab within your account vault that allows you to store crafting materials for easy access when crafting. Items can be deposited directly to the material storage from your inventory at any time.</c>","Поместите предметы в хранилище материалов.

<c=@reminder>Хранилище материалов — это вкладка в вашем личном хранилище, которая позволяет хранить материалы для крафта и легко получать к ним доступ во время создания предметов. Вы можете помещать предметы непосредственно в хранилище материалов из своего инвентаря в любое время.</c>"
Dies ist in den Hügeln bei den Schwefelquellen versteckt.,Это спрятано в холмах у серных источников.
"Discover 5 points of interest in the Fields of Ruin, Blazeridge Steppes, Lornar's Pass, Dredgehaunt Cliffs, or the Harathi Hinterlands.

<c=@reminder>Points of interest are special locations marked by name in the world, indicated by a square icon on the map. </c>","Найдите 5 интересных мест в Пустошах Руин, Равнинах Блейзерриджа, Проходе Лорнара, Dredgehaunt Cliffs или Харатиских Запустьях.

<c=@reminder>Интересные места — это особые локации, отмеченные на карте квадратным значком и выделенные названием в игровом мире. </c>"
"Doppelklicken, um auf einen freien Infusionsplatz anzuwenden.","Дважды щёлкните, чтобы применить к свободному слоту для инфузии."
"Doppelklicken, um dieses Erscheinungsbild auf andere Hämmer anzuwenden.","Дважды щёлкните, чтобы применить этот облик к другим копьям."
"Double-click to apply this look to any other axe. This will also unlock this skin for your wardrobe.,'«Дважды щелкните, чтобы применить этот вид к другому топору. Это также откроет этот скин в вашем гардеробе.»'
<c=@flavor>Legend says that only the most dedicated smith could withstand the elements for the decade it took to craft this axe and its rival.</c>","Дважды щёлкните, чтобы применить этот облик к другому топору. Это также откроет этот облик в вашем гардеробе.
<c=@flavor>Легенда гласит, что только самый преданный кузнец мог выдержать стихии на протяжении десятилетия, потребовавшегося для ковки этого топора и его соперника.</c>"
"Double-click to apply this look to any other axe. This will also unlock this skin for your wardrobe.,'«Дважды щелкните, чтобы применить этот вид к другому топору. Это также откроет этот скин в вашем гардеробе.»'
<c=@flavor>Long ago, heroes would bring proof of their exploits to the Battle Isles in hopes of claiming one of these weapons.</c>","Дважды щёлкните, чтобы применить этот вид к другому топору. Это также откроет этот облик в вашем гардеробе.,'«Дважды щёлкните, чтобы применить этот вид к другому топору. Это также откроет этот облик в вашем гардеробе».'
<c=@flavor>Давным-давно герои приносили доказательства своих подвигов на Боевые острова в надежде получить одно из этого оружия.</c>"
"Double-click to apply this look to any other focus. This skin will be unlocked in your wardrobe for future use.,'«Дважды щелкните, чтобы применить этот облик к другому фокусу. Этот облик будет разблокирован в вашем гардеробе для последующего использования.»'
<c=@flavor>This artifact was recovered from deep within the Zaishen vaults in the Battle Isles.</c>","Дважды щёлкните, чтобы применить этот облик к другому фокусу. Этот облик будет разблокирован в вашем гардеробе для последующего использования.,'«Дважды щёлкните, чтобы применить этот облик к другому фокусу. Этот облик будет разблокирован в вашем гардеробе для последующего использования».'
<c=@flavor>Этот артефакт был извлечен из глубин хранилищ Зайшена на Боевых островах.</c>"
"Double-click to apply to an unused infusion slot. ,
<c=@Flavor>Warning: Not a toy. The provider is not liable for injury, distress
Double-click to apply to an unused infusion slot. Adds a comforting hum.,'Дважды щелкните, чтобы применить к пустому слоту инфузии. Добавляет успокаивающее гудение.'
Double-click to apply to an unused infusion slot. Adds a feline hue.,'Дважды щелкните, чтобы применить к пустому слоту инфузии. Добавляет кошачий оттенок.'
Double-click to apply to an unused infusion slot. Adds a festive confetti explosion.,'Дважды щелкните, чтобы применить к пустому слоту инфузии. Добавляет праздничный взрыв конфетти.'
Double-click to apply to an unused infusion slot. Adds a festive glow.","Дважды щёлкните, чтобы применить к пустому слоту инфузии. ,
<c=@Flavor>Предупреждение: не игрушка. Производитель не несёт ответственности за травмы, расстройства
Дважды щёлкните, чтобы применить к пустому слоту инфузии. Добавляет успокаивающее гудение.,'Дважды щёлкните, чтобы применить к пустому слоту инфузии. Добавляет успокаивающее гудение.'
Дважды щёлкните, чтобы применить к пустому слоту инфузии. Добавляет кошачий оттенок.,'Дважды щёлкните, чтобы применить к пустому слоту инфузии. Добавляет кошачий оттенок.'
Дважды щёлкните, чтобы применить к пустому слоту инфузии. Добавляет праздничный взрыв конфетти.,'Дважды щёлкните, чтобы применить к пустому слоту инфузии. Добавляет праздничный взрыв конфетти.'
Дважды щёлкните, чтобы применить к пустому слоту инфузии. Добавляет праздничное свечение."
"Double-click to bind this glyph to your account.,
Grants a 33%% chance to reward bonus cloth scraps while gathering, in addition to your gathering results. Material types are determined by your character level and location in the world.","Дважды щёлкните, чтобы привязать этот глиф к вашей учётной записи.,
Даёт 33%% шанс получить бонусные лоскуты ткани при сборе, в дополнение к результатам сбора. Типы материалов определяются вашим уровнем и местоположением в мире."
"Double-click to create copper, silver
Double-click to deposit 1 Bandit Crest in your wallet.,
Double-click to deposit 1 Geode in your wallet.,
Double-click to deposit 1 Pristine Fractal Relic in your wallet.,'Дважды щелкните, чтобы положить 1 Нетронутый Фрактальный Реликт в ваш кошелек.'
Double-click to destabilize and gain globs of ectoplasm and valuable junk items in random amounts.,'Дважды щелкните, чтобы дестабилизировать и получить сгустки эктоплазмы и ценные предметы хлама в случайных количествах.'
'Double-click to display your Champion''s Burning Swords.'","Дважды щёлкните, чтобы создать медные, серебряные
Дважды щёлкните, чтобы положить 1 Знак бандита в ваш кошелек.,
Дважды щёлкните, чтобы положить 1 Жеоду в ваш кошелек.,
Дважды щёлкните, чтобы положить 1 Нетронутый Фрактальный Реликт в ваш кошелек.,'Дважды щёлкните, чтобы положить 1 Нетронутый Фрактальный Реликт в ваш кошелек.'
Дважды щёлкните, чтобы дестабилизировать и получить сгустки эктоплазмы и ценные предметы хлама в случайных количествах.,'Дважды щёлкните, чтобы дестабилизировать и получить сгустки эктоплазмы и ценные предметы хлама в случайных количествах.'
'Дважды щёлкните, чтобы отобразить Пылающие мечи вашего Чемпиона.'"
"Double-click to gain a Vigil bomb.,
<c=@flavor>""We need big explosions to keep the undead at bay. This should have enough yield.""
—Jezza</c>","Дважды щёлкните, чтобы получить бомбу Бдительных.,
<c=@flavor>«Нам нужны большие взрывы, чтобы сдерживать нежить. Этого заряда должно хватить».
— Джезза</c>"
"Double-click to gain a hero point.,
'The stench of this is almost unbearable. One gulp and you''ll understand why Ert is so green and angry all the time.'","Дважды щёлкните, чтобы получить очко героя.
'Запах этого почти невыносим. Один глоток, и вы поймёте, почему Эрт такой зелёный и всё время злится.'"
"Double-click to gain a hero point.,
The spiders here grow very large. It stands to reason that their eggs must make you stronger...","Дважды щёлкните, чтобы получить очко героя.,
Пауки здесь вырастают до огромных размеров. Логично, что их яйца должны делать вас сильнее..."
"Double-click to open. Contains:,
• Revive Orb,• Сфера возрождения
• Instant Repair Canister","Дважды щёлкните, чтобы открыть. Содержит:,
• Сфера возрождения,• Сфера возрождения
• Мгновенный ремонтный баллон"
"Double-click to open.,
Affected by magic find.,
Available exclusively from Black Lion Chests during Lunar New Year.","Дважды щёлкните, чтобы открыть.,
Подвержено влиянию поиска магии.,
Доступно исключительно из сундуков Black Lion во время Лунного Нового года."
"Double-click to open.,
Choose a second-generation weapon or an alternative legendary item to be placed in your Legendary Armory.","Дважды щёлкните, чтобы открыть.
Выберите оружие второго поколения или альтернативный легендарный предмет для размещения в вашем Легендарном арсенале."""""
"Double-click to open.,
Choose from a subset of first-generation weapons or backpieces to be placed in your legendary armory.","Дважды щёлкните, чтобы открыть.,
Выберите из набора оружия первого поколения или наплечных сумок, чтобы поместить их в вашу легендарную оружейную."
"Double-click to open.,
Contains 100 assorted fangs, claws
Double-click to open.","Дважды щёлкните, чтобы открыть.,
Содержит 100 разнообразных клыков и когтей.,
Дважды щёлкните, чтобы открыть."
"Double-click to open.,
Contains 100 assorted piles of dust.,
<c=@flavor>When you think about it,' shouldn''t it just be one pile in there?</c>'","Дважды щёлкните, чтобы открыть.,
Содержит 100 различных кучек пыли.,
<c=@flavor>Если задуматься, разве не должна быть всего одна кучка?</c>"
"Double-click to open.,
Contains a choice of Stormcaller weapon recipes (focus, scepter
Double-click to open.","Дважды щёлкните, чтобы открыть.,
Содержит выбор рецептов оружия Зовущего бурю (фокус, скипетр
Дважды щёлкните, чтобы открыть."
"Double-click to open.,
Contains materials from Amnytas.","Дважды щёлкните, чтобы открыть.
Содержит материалы из Амнитаса."
"Double-click to plant your Pet Seed in this pot.,
<c=@flavor>A pot infused with the energy of the Mists.</c>","Дважды щёлкните, чтобы посадить семя питомца в этот горшок.,
<c=@flavor>Горшок, наполненный энергией Туманов.</c>"
"Double-click to summon this mini to follow you around. Only one mini may be in use at a time.,
Combine 3 of this mini with a Pile of Crystalline Dust, an Obsidian Shard
Double-click to summon this mini to follow you around. Only one mini may be in use at a time.","Дважды щёлкните, чтобы призвать этого мини-питомца, который будет следовать за вами. Одновременно может быть активен только один мини-питомец.,
Объедините 3 таких мини-питомца с кучей кристаллической пыли и осколком обсидиана.
Дважды щёлкните, чтобы призвать этого мини-питомца, который будет следовать за вами. Одновременно может быть активен только один мини-питомец."
"Double-click to unlock the first collection in the journey to craft the Raven Staff, the precursor to the legendary staff, Nevermore.
","Дважды щёлкните, чтобы открыть первую коллекцию в цепочке заданий по созданию Вороньего посоха — предшественника легендарного посоха Невермор.
"
"Drakkitoka and skritt of Ratatosk thank tall, strong, and stompy %str1%, for spider squishings. Now, very few spiders left, and they leave us alone! No more scratchy bites, no more sticky webs. Our tunnels are open to you, always. We put shinies in this letter—take them, all for you! Yes! Bye-bye!

—Drakkitoka","Drakkitoka и сквитты Ratatosk благодарят высокого, сильного и топочущего %str1% за раздавливание пауков. Теперь пауков осталось совсем мало, и они оставляют нас в покое! Больше никаких царапающих укусов, никакой липкой паутины. Наши туннели открыты для тебя, всегда. Мы положили блестяшки в это письмо — возьми их, всё для тебя! Да! Пока-пока!

—Drakkitoka"
"Drops from Choya in the Crystal Desert.

<c=@Flavor>Used in cooking and medicine, once sterilized and cleaned up a bit.</c>","Выпадает с чой в Crystal Desert.

<c=@Flavor>После стерилизации и небольшой очистки используется в кулинарии и медицине.</c>"
"Défenseur[f:""Défenseuse""]","Défenseur[f:""Défenseuse""]"
"Each dye box contains 7 random dyes (5 common and 2 uncommon or rare). 

Dyes can be unlocked for unlimited use to color armor on all characters. Dye bottles can also be recycled in the Mystic Forge.

<c=#FFC957>All common dyes have an equal chance to drop.

Rare or uncommon dye chances:
• Rare: ~20%%
• Uncommon: ~80%%</c>","Каждая коробка с красками содержит 7 случайных красок (5 обычных и 2 необычные или редкие). 

Краски можно разблокировать для неограниченного использования, чтобы красить броню на всех персонажах. Флаконы с краской также можно переработать в Mystic Forge.

<c=#FFC957>У всех обычных красок равные шансы выпадения.

Шансы редкой или необычной краски:
• Редкая: ~20%%
• Необычная: ~80%%</c>"
"Earn 75 crafting levels.

<c=@reminder>Craft items to earn crafting experience for that crafting discipline, allowing you to create more powerful items.</c>","Получите 75 уровней профессии.

<c=@reminder>Создавайте предметы, чтобы получать опыт в выбранной профессии, что позволит вам создавать более мощные предметы.</c>"
"Earn a silver medal or better in the Nayos Recon Run adventure.

(This achievement can be completed in the race event or adventure. Progress will update when you claim the rewards.)","Завоюйте серебряную медаль или более высокую награду в приключении «Разведка Найоса».

(Это достижение можно получить во время гонки или приключения. Прогресс будет обновляться, когда вы заберете награды.)"
"Earned by completing legendary bounties in the Crystal Desert. Spend at the Tomb of Primeval Kings.

<c=@Flavor>These markers were used to commemorate great deeds in the Dynastic Era of ancient Elona.</c>","Зарабатывается за выполнение легендарных наград в Пустыне Хрусталя. Тратьте в Гробнице Первородных Королей.

<c=@Flavor>Эти маркеры использовались для увековечивания великих деяний в Династическую эпоху древней Элоны.</c>"
"Eastern Ward:
No amount of butter will make this karka taste like crab.","Восточный район:
Никакое масло не сделает эту карку похожей на краба."
Effectue 5 tirs lents en direction de votre ennemi. Utilise 1 munition.,Выполняет 5 медленных выстрелов по врагу. Расходует 1 заряд.
"Ein Buch mit Rezepten zur Dekoration der Heimstatt, die zur Herstellung von Gegenständen im elonischen Stil benötigt werden.","Книга с рецептами для украшения жилища, необходимыми для создания предметов в элонском стиле."
"Ein Buch mit Rezepten zur Dekoration der Heimstatt, die zur Herstellung von Standard-Gegenständen benötigt werden.","Книга рецептов украшения жилища, необходимых для создания стандартных предметов."
"Elder Dragons Saga Sale<br> 
June 29–July 13<br>
Up to 50%% Off","Распродажа саги о Старших Драконах<br> 
29 июня – 13 июля<br>
Скидка до 50%%"
"Elonians are raised to see everyone outside our kingdom as dangerous, seditious threats to our freedom. I'm sorry it took exile from our homeland to allow us to meet you and have our minds and hearts opened by your generosity. The truth you've shown us upends a thousand lies.

—Kofi","Элонийцев с детства учат видеть во всех за пределами нашего королевства опасных, мятежных врагов нашей свободы. Мне жаль, что нам пришлось стать изгнанниками из нашей родины, чтобы встретить вас и позволить вашей щедрости открыть наши умы и сердца. Истина, которую вы нам показали, опрокидывает тысячу лживых слов.

—Kofi"
"Embrace the power of bloodstone. What could possibly go wrong?

Appearance skins override the look of your equipment and have no stats of their own.","Прими силу кровавого камня. Что может пойти не так?

Облики изменяют внешний вид вашего снаряжения и не имеют собственных характеристик."
"Enjoy this free World vs. World XP Booster with our compliments, as you take part in warfare on an epic scale!
To access WvW, press ""B,"" then select which world you wish to enter, or hop through the asura gates in Lion's Arch that lead to the WvW borderlands. We'll see you on the battlefield!","Примите в подарок этот бесплатный усилитель опыта «WvW», пока участвуете в войне грандиозного размаха!
Чтобы попасть в WvW, нажмите «B» и выберите мир, в который хотите войти, либо пройдите через врата асура в Lion's Arch, ведущие в приграничья WvW. Увидимся на поле боя!"
"Entry 1—Found this journal among Zeph's possessions. He must have traded for it recently; its pages are blank. The soldiers followed him back from the village, I think. It was morning, and I was out fetching water from a stream. I hid when I first heard the cries of battle. When I returned, there was only blood. Blood and silence.

Entry 15—The mountain passes are colder when you're alone, even with a small fire going. I can't afford to attract attention from imperial patrols—or worse, yeti. Some nights, I can hear wailing from atop the peaks. There's an ancient temple on one peak that you can spot on a clear day, but I've always kept my distance.

Entry 32—It's been some time since I've written. Two trappers found me in the night; thought they could collect a bounty or my crest feathers. I tossed their bodies into a nearby ravine.

Entry 64—Some luck—Sensali survivors from the northern bluffs—they've been evading humans for years now. They even have a few fledglings among them. To think I was barely older than them when this began.

Entry 1—Lull passed the other day. She was old and sick, but she's among the stars, now. This journal was hers; she told me to add to it and pass it along if there was still room.

Entry 20—The years fly, don't they? We've planted our talons on one of the smaller islands to the west of Shing Jea. My elders still cling to the hope that I might see the northern bluffs one day, the gentle spring snowfall amidst the cherry blossoms.

Entry 47—A human landed on the east beach the other day. A fisher, brawny and tanned. Dew and I approached. They offered some of their catch, and we talked. We learned about the flooding of Kaineng and the uprising. The elders were angry that we let them go, but what's done is done. I'm going to take a small scouting party to Shing Jea at first light.

Entry 78—This will be my last entry as I write from our camp in Jaya Bluffs. A young Angchu archivist arrived recently, having heard rumors of Sensali survivors on Shing Jea. I want her to transcribe this journal in Lull's memory, my memory. Two generations, one story.

—Entries by Lull Whistlecrest and Chirp Keeneye; Foreword and transcription by Yuuto Quillstrike","Запись 1 — Нашёл этот дневник среди вещей Зефа. Должно быть, он недавно выменял его; страницы пусты. Солдаты, кажется, последовали за ним из деревни. Было утро, и я ходил за водой к ручью. Я спрятался, когда впервые услышал крики битвы. Когда я вернулся, осталась только кровь. Кровь и тишина.

Запись 15 — Горные перевалы холоднее, когда ты один, даже с небольшим костром. Я не могу позволить себе привлекать внимание имперских патрулей — или, того хуже, йети. Ночью я иногда слышу вой с вершин. В ясный день на одной из вершин виден древний храм, но я всегда держался от него подальше.

Запись 32 — Прошло много времени с тех пор, как я писал. Два охотника нашли меня ночью; думали, что получат награду или мои перья с хохолка. Я сбросил их тела в ближайшее ущелье.

Запись 64 — Повезло — выжившие сенсали с северных утёсов — они годами скрывались от людей. Среди них даже есть несколько птенцов. Подумать только, я был ненамного старше их, когда всё это началось.

Запись 1 — На днях умерла Лулл. Она была старой и больной, но теперь она среди звёзд. Этот дневник был её; она велела мне дописать его и передать дальше, если останется место.

Запись 20 — Годы летят, не так ли? Мы обосновались на одном из маленьких островов к западу от Шинг Джеа. Мои старейшины всё ещё лелеют надежду, что однажды я увижу северные утёсы, нежный весенний снегопад среди цветущей сакуры.

Запись 47 — На днях на восточный пляж высадился человек. Рыбак, коренастый и загорелый. Мы с Дью подошли. Он предложил часть своего улова, и мы поговорили. Мы узнали о наводнении в Кайенге и восстании. Старейшины разозлились, что мы отпустили его, но что сделано, то сделано. Я возьму небольшой разведывательный отряд и отправлюсь в Шинг Джеа на рассвете.

Запись 78 — Это будет моя последняя запись, я пишу из нашего лагеря в Утёсах Джайи. Недавно прибыла молодая архивариус из Ангу, услышав слухи о выживших сенсали на Шинг Джеа. Я хочу, чтобы она переписала этот дневник в память о Лулл, в память обо мне. Два поколения, одна история.

— Записи Лулл Свистогривой и Чирпа Остроглаза; Предисловие и транскрипция Юуто Крылопёра"
"Entry 23
I don't hear much about what the old boss is up to these days—not with these damn ears the way they are. I'll catch a few rumors here and there when our legionnaire remembers to speak up, but they're busy keeping up morale. I said if I ever started slowing them down, I could go back to the scrapyard. Sure, it's boring, but I don't want to be the reason a bunch of cubs end up in early graves.

Entry 35
Got a message from some Blood Legion cub a week ago. Or was it two? Who knows... At my age, time gets a bit fuzzy. This Ranoah Grindsteel has been working on a pet project. Some prototype tank. Cub wrote to every veteran engineer in the damn legions for ordnance input. Says she's offering a chance to see her ""baby"" up close before some big celebration. Showboaty, but it sounds exciting.
The warband doesn't have me doing much but tinkering these days, so maybe I'll go. I could use a change of scenery and maybe a drink or three.

Entry 41
I think I'm...hearing things. And no, I don't mean my ear's playing tricks on me again. I mean whispers. Thoughts I shouldn't be able to hear. This...voice...keeps asking about the old boss. I think it knows who I was to them. I can't sleep anymore, and Bangar's soldiers watching me like a pack of wolves sure isn't helping.
Ranoah came by to check on me in the morning and had me join her up on the TT6-B. She talked me through the tank specs over and over to keep me present. Reminds me a lot of myself at that age. Glad I jumped at the chance to work on her engineer crew. Gives me something better to do than hobbling around the Black Citadel. Not like the warband will miss me...or even notice that I'm gone...

Entry 50
No whispers since a few days ago. It's all thanks to Imperator Ruinbringer and Centurion Steelcatcher, and no thanks to Jormag. Would it be too much to get a shot off at the ancient wurm before Bangar makes it his pet? Maybe Grindsteel can ask for me.
Speaking of, the crew needs me up top to double-check the deployable gatling guns before we land. We take the beachhead at dusk.","Запись 23
Я мало что слышу о том, чем сейчас занимается старый босс — не с этими проклятыми ушами, какими они стали. Я улавливаю кое-какие слухи то тут, то там, когда наш легионер вспоминает говорить погромче, но они заняты поддержанием боевого духа. Я сказал, что если я начну их тормозить, то могу вернуться на свалку. Конечно, это скучно, но я не хочу быть причиной того, что куча детёнышей окажется в ранних могилах.

Запись 35
Неделю назад получил сообщение от какого-то детёныша из Blood Legion. Или две? Кто знает... В моём возрасте время становится немного размытым. Эта Раноя Тёрнсталь работала над личным проектом. Какой-то прототип танка. Детёныш написала каждому инженеру-ветерану во всех проклятых легионах, спрашивая совета по вооружению. Говорит, что предлагает шанс увидеть её «детку» вблизи перед каким-то большим праздником. Показушно, но звучит захватывающе.
В эти дни отряд не даёт мне много работы, кроме как возиться с мелочами, так что, может, я пойду. Не помешала бы смена обстановки и, может, пара-тройка выпивок.

Запись 41
Кажется, я... слышу вещи. И нет, я не имею в виду, что моё ухо снова меня обманывает. Я имею в виду шёпот. Мысли, которые я не должен слышать. Этот... голос... постоянно спрашивает о старом боссе. Кажется, он знает, кем я был для них. Я больше не могу спать, и солдаты Бангара, следящие за мной, как стая волков, этому точно не помогают.
Утром зашла Раноя проведать меня и пригласила подняться на ТТ6-Б. Она снова и снова объясняла мне характеристики танка, чтобы удержать меня в настоящем. Она очень напоминает меня в том возрасте. Рад, что ухватился за шанс поработать в её инженерной команде. Это даёт мне занятие получше, чем ковылять по Black Citadel. Не то чтобы отряд будет скучать по мне... или вообще заметит, что меня нет...

Запись 50
С тех пор, несколько дней назад, шёпота не было. Всё благодаря Императору Руиноборцу и Центуриону Сталелову, и никак не Йормагу. Неужели было бы слишком много попросить выстрелить в древнего червя, прежде чем Бангар сделает его своим питомцем? Может, Тёрнсталь попросит за меня.
Кстати, команде нужно, чтобы я был наверху и перепроверил развёртываемые пулемёты Гатлинга перед посадкой. Мы захватываем плацдарм на закате."
Ermöglicht den überhitzten Zustand des Sternschnuppen-Speers.+5 Kraft+9 Qual-Widerstand,Позволяет перегретое состояние копья падающей звезды.+5 Силы+9 Сопротивления мучениям
"Esteemed Wayfinder,

My dear friend Eno went over the results of our collected samples, and it seems we now find ourselves on the path of a very promising lead. Meet us in Harvest Shore, where you did your previous sample gathering. Make haste, my friend! The TRUTH waits for no one!","Уважаемый Путеводец,

Мой дорогой друг Эно изучил результаты наших собранных образцов, и теперь мы, похоже, находимся на пути к многообещающей зацепке. Встречайтесь с нами на Берегу Сбора, где вы собирали образцы ранее. Спешите, друг! ИСТИНА не ждёт!"
Estrella Fugaz: portameteoros,Эстрелла Фугас: портал метеоров
"Eternal life, either blessing or curse, squandered by greed and the thirst for power.

Note: Completion of this achievement requires completion of the Riding Skyscales achievement.","Вечная жизнь – благословение или проклятие? – растрачена из-за жадности и неутолимой жажды власти.

Примечание: для получения этого достижения необходимо выполнить достижение «Укрощение небесных ящеров»."
"Event reward chests have improved rewards.

Completing magic-mirror challenges awards key charges.","Сундуки с наградой за события содержат улучшенные награды.

Прохождение испытаний с магическими зеркалами даёт заряды ключей."
"Fail-safe documentation, cont'd:  
  
Previous designation: Mark II Golemite var. V-C-56790  
  
Requested freebooter redesignation: Johnny Redknees  
  
Johnny Redknees fail-safe code: 8231  
  
Document 2 of 4","Документация по отказоустойчивости, продолжение:

Предыдущее обозначение: Марк II Големит вар. V-C-56790

Запрошенное переименование вольным: Джонни Красные Колени

Код отказоустойчивости Джонни Красные Колени: 8231

Документ 2 из 4"
Faute d'orthographe,Орфографическая ошибка
"Fellow Brotherhood,  
 
I appreciate the passionate response to the proposed sector name, Park's Vein, particularly from our members more familiar with the area's history. The Jade Brotherhood strives to include its members in decision-making—let it not be said that we are an autocracy, unlike our competition!  
 
As we expect this sector to become an important part of Brotherhood history, please submit your vote.  
 
Your esteemed leader,  
 
Park Chul-Moo  
 
Choose one:  
 
Park's Vein (Submission by the support team of Leader Park Chul-Moo)  
 
Gyala Delve (Submission by JB Heritage Club)  
 
The Future of Cantha Brought to You by the Jade Brotherhood Jade Sea Quarry (Submission by JB Marketing)  
 
Jade Sea Mine X (where X is the most recent iteration of mine number) (Submission by Accountant Han)","Уважаемые члены Братства,  
 
Я ценю страстный отклик на предложенное название сектора — «Жила Парка», особенно от тех из вас, кто лучше знаком с историей этой местности. Братство Нефрита стремится вовлекать своих членов в принятие решений — пусть не говорят, что мы автократия, в отличие от наших конкурентов!  
 
Поскольку мы ожидаем, что этот сектор станет важной частью истории Братства, прошу вас проголосовать.  
 
С уважением, ваш лидер,  
 
Пак Чхоль-Му  
 
Выберите один вариант:  
 
Жила Парка (предложение от группы поддержки лидера Пака Чхоль-Му)  
 
Гиала Дельв (предложение от Клуба наследия Братства Нефрита)  
 
Будущее Канты, представленное Братством Нефрита: Карьер в Нефритовом море (предложение от отдела маркетинга Братства Нефрита)  
 
Нефритовая шахта X (где X — последняя итерация номера шахты) (предложение от бухгалтера Хана)"
"Field Report—Day 19  
  
After two weeks at sea, we finally made landfall in Castora. Nearly lost my damn life on the Martingale with the Blood tribune. Anyone's guess as to why I thought I was safer with a first-time captain instead of with the practiced corsairs.  
  
But now? My paws are firmly planted on solid ground. Grateful for that.  
  
So far, my surveillance of the outer and inner shores has been...enlightening. There's not much I've seen so far that would be of much use to the legions. Though with the various castaway groups here, I've no shortage of small societal intrigue. Folks who want to leave, folks who want to stay, freebooters harassing Hullgardeners, some weird cult, and the Inquest.  
  
I'll tuck this someplace dry for now and go skulking. Maybe grab one of those fruity beverages from the bar. Before I left, Malice joked it'd been a while since I'd taken downtime when she assigned me to this expedition. Guess I should take the hint...","Полевой отчёт — день 19

После двух недель в море мы наконец высадились в Касторе. Чуть не лишился жизни на «Мартингейле» с трибуном Крови. Одному богам известно, почему я решил, что буду в большей безопасности с капитаном-новичком, чем с опытными корсарами.

Но сейчас? Мои лапы прочно стоят на твёрдой земле. Благодарен за это.

Пока что моя слежка за внешним и внутренним побережьями была... поучительной. Пока я мало что увидел, что могло бы пригодиться легионам. Хотя с разными группами потерпевших крушение здесь у меня нет недостатка в мелких общественных интригах. Люди, которые хотят уйти, люди, которые хотят остаться, флибустьеры, донимающие халлгарденцев, какой-то странный культ и Инквест.

Я пока спрячу это в сухое место и пойду подглядывать. Может, возьму один из тех фруктовых напитков в баре. Перед отъездом Мэлис пошутила, что прошло много времени с тех пор, как у меня был отпуск, когда она назначила меня в эту экспедицию. Думаю, стоит намек понять..."
"Figures that I get sent to trudge back through the jungle straight into enemy-held territory just to grab...I don't even know what. But clearly something nobody thought was important enough to bring the first time.

I'm glad to be doing something, I guess. Things have been too quiet lately. The director is preoccupied with something, and whatever it is, he's doing it entirely on his own. I guess I should just count myself lucky that I'm here as Kuda's courier rather than one of her subjects.","Вот так всегда: меня отправляют тащиться обратно через джунгли прямо на вражескую территорию, чтобы забрать... я даже не знаю что. Но явно что-то, что никто не счёл достаточно важным, чтобы принести в первый раз.

Рад, что хоть чем-то занят, наверное. В последнее время было слишком тихо. Директор чем-то занят, и чем бы это ни было, он делает это в полном одиночестве. Наверное, мне стоит считать себя везунчиком, что я здесь как курьер Куды, а не один из её подопытных."
"Filled with all the nutrients a growing springer needs! Double-click to feed this to your springer.,'«Содержит все питательные вещества, необходимые растущему прыгуну! Дважды щёлкните, чтобы накормить своего прыгуна.»'
Gives bonus Mastery experience once per day.","Содержит все питательные вещества, необходимые растущему спрингеру! Дважды щёлкните, чтобы скормить это вашему спрингеру.,
Даёт дополнительный опыт мастерства один раз в день."
"Find others to help you explore Amnytas.
Requires Guild Wars 2: Secrets of the Obscure expansion to access this map.","Найдите других игроков, чтобы вместе исследовать Амнитас.
Для доступа к этой карте требуется дополнение Guild Wars 2: Secrets of the Obscure."
"Find others to help you explore the Domain of Istan!
The Guild Wars 2: Path of Fire expansion and the Living World episode ""Daybreak"" are required to access this map.","Найдите других игроков, чтобы вместе исследовать Область Истана!
Для доступа к этой карте необходимо приобрести дополнение Guild Wars 2: Путь Огня и пройти эпизод «Рассвет» из серии Живого мира."
"Find others to help you explore the Sandswept Isles!
The Guild Wars 2: Path of Fire expansion and the Living World episode ""A Bug in the System"" are required to access this map.","Найдите других игроков, чтобы вместе исследовать Песчаные острова!
Для доступа к этой карте необходимо установить дополнение Guild Wars 2: Путь Огня и пройти эпизод «A Bug in the System» из серии Живого мира."
"Find others to help you explore the Skywatch Archipelago.
Requires Guild Wars 2: Secrets of the Obscure expansion to access this map.","Найдите других игроков, чтобы вместе исследовать архипелаг Скайвотч.
Для доступа к этой карте требуется дополнение Guild Wars 2: Secrets of the Obscure."
"Find others to help you hunt rift enemies within Janthir Wilds.
Requires the Guild Wars 2: Janthir Wilds expansion to access the relevant content.","Найдите союзников, чтобы вместе охотиться на врагов разлома в диких землях Джантира.
Для доступа к соответствующему контенту требуется дополнение Guild Wars 2: Янтарные пустоши."
Findet die Dokumente nordwestlich des uralten Turms.,Найдите документы к северо-западу от древней башни.
"Fire an arrow equipped with a payload that explodes enchanted sand on impact, granting barrier and might to allies.<br>
<c=@abilitytype>Chain Reaction.</c> The next short-bow skill in the radius will grant additional might to allies.","Выпускает стрелу с зарядом, взрывающим зачарованный песок при попадании, даруя союзникам барьер и мощь.<br>
<c=@abilitytype>Цепная реакция.</c> Следующее умение короткого лука в радиусе дарует союзникам дополнительное мощь."
Fisch,Рыба
"Five Forest Houses

Strong, the zu Heltzers, with faith as their shields
Their rivals, the Vasburgs, bright swords they do wield.

Brilliant, the Brauers, resplendent on stage.
Dark are the Durheims, who scribble on page.

And then there's Lutgardis, who sing to the trees—
May Echovald bloom with stewards like these.","Пять Лесных Домов

Сильны цу Хельцеры, верой как щитами,
Их соперники, Васбурги, сверкают мечами.

Блистательны Брауэры, великолепны на сцене,
Темны Дурхеймы, что пишут на странице.

А есть ещё Лютардисы, что поют деревьям —
Пусть Эховолд цветёт такими хранителями."
"For a limited time surrounding Summer Game Fest, you'll have boosted rewards! Additionally, by completing events in Guild Wars 2, you can earn a special cape and matching shoulder armor skin.

Enjoy, and thanks for playing our games!

—ArenaNet","На ограниченное время в рамках Летнего игрового фестиваля вас ждут улучшенные награды! Кроме того, выполняя события в Guild Wars 2, вы можете получить особый плащ и подходящий к нему набор наручей.

Наслаждайтесь и спасибо, что играете в наши игры!

—ArenaNet"
"For the Eyes of Commander %str1%

With the tumult of recent years subsided, the Vigil and Pact continue our efforts to reconstruct and make good on our alliances. I've taken on the task of leading a detachment in returning to the heart of the Maguuma Jungle, the site of one of the Pact's most critical campaigns.

We made a number of local allies that were critical to our eventual success. Repaying our debt to them by solidifying the jungle's peace is the least we can do. Additionally, we'll be resecuring any Pact supplies or belongings that were left behind.

It would be a boon for morale if you could provide direct support. Many of the troops view you as their savior from the jungle's dangers.

—Laranthir of the Wild","Для глаз командира %str1%

После того как утихла недавняя смута, Дозор и Пакт продолжают наши усилия по восстановлению и укреплению союзов. Я взял на себя задачу возглавить отряд, возвращающийся в сердце Maguuma Jungle, место одной из самых важных кампаний Пакта.

Мы завели много местных союзников, которые были критически важны для нашего успеха. Отплатить им долг, укрепив мир в джунглях, — это наименьшее, что мы можем сделать. Кроме того, мы заново заберем любые припасы или имущество Пакта, оставленные там.

Было бы благом для боевого духа, если бы вы смогли оказать прямую поддержку. Многие солдаты считают вас своим спасителем от опасностей джунглей.

—Ларантир из Дикой Природы"
"For years, Glint's egg represented our dreams of a better future. We knew that our salvation grew within: the scion of Glint, Aurene. Lives were dedicated and lost in the care of this egg; it stands as a reminder of the bond forged between Glint and the races of this world that protected her scion.

There are many still who dedicate themselves to protecting Aurene as she fulfills her destiny. To them, the Zephyrites pledge their unwavering loyalty and support.

Alas, alas, alas, alas,

Alas, and so we go,

We fly on high into the sky,

And sing, ""Alas, alas...""","Годами яйцо Глинт воплощало наши мечты о лучшем будущем. Мы знали, что внутри растёт наше спасение — отпрыск Глинт, Аурена. Заботе об этом яйце посвящали жизни, и жизни за него отдавали; оно стоит напоминанием о союзе, скреплённом между Глинт и народами этого мира, что оберегали её отпрыска.

Немало и поныне тех, кто посвящает себя защите Аурены, покуда она исполняет своё предназначение. Им зефириты клянутся в непоколебимой верности и поддержке.

Увы, увы, увы, увы,

Увы, и вот мы в путь,

Мы ввысь летим под небеса,

И поём: «Увы, увы...»"
Freunde gleichen Gefieders,Друзья по перу.
"Friend of Lady Peitha,

Before your arrival, I stood on the edge of the fog, watching helplessly while my own succumbed to its toxicity as they attempted to flee. Now that the fog has lifted, their essence is trapped, and I am unable to help.

I seek someone who can end their suffering. Come find me; your aid is crucial.

Message transcribed by Ward Member Benan.","Друг Леди Пейты,

До твоего прибытия я стоял на краю тумана, беспомощно наблюдая, как мои люди гибли от его токсичности, пытаясь бежать. Теперь, когда туман рассеялся, их сущности заперты, и я не могу помочь.

Я ищу того, кто сможет прекратить их страдания. Приходи ко мне, твоя помощь крайне важна.

Сообщение записано членом ополчения Бенаном."
"From the sound of things, you did a number on the Nightmare Court in Hemlock Coil. Here's hoping they think twice before they mess with the Soundless again.

Keep up the good work.
—Tovar","Судя по всему, вы навели шороху в Nightmare Court в Змеевике. Надеюсь, они дважды подумают, прежде чем связываться с Беззвучными снова.

Продолжайте в том же духе.
— Товар"
"Fryst tried to chill his heart, but he couldn't stop the heat rising in his cheeks.

He was a good Svanir; he never questioned the teachings of his shaman. He always gave women the cold shoulder, knowing they were unworthy of Dragon.

But that was before Brenna. Brenna and her skilled sword hand and icy taunts. And her smile.

Burning questions exposed cracks in long-frozen ideals. What was this strange, molten feeling rising in the pit of his stomach? Was everything he'd been taught a lie? He was beginning to see that maybe he should rest.

I can sleep now, too. We can dream together beneath the ice. Let's rest, just for a while. Let's give up. All of us together, sleeping forever. I think I'll lie down.","Фрист пытался охладить свое сердце, но не мог остановить жар, поднимающийся к щекам.

Он был хорошим Сваниром; он никогда не сомневался в учениях своего шамана. Он всегда давал женщинам холодный приём, зная, что они недостойны Дракона.

Но это было до Бренны. Бренны и её умелой руки с мечом и ледяных насмешек. И её улыбки.

Жгучие вопросы обнажили трещины в давно замерзших идеалах. Что это за странное, расплавленное чувство поднимается в глубине его желудка? Было ли все, чему его учили, ложью? Он начинал понимать, что, возможно, ему стоит отдохнуть.

Я тоже могу теперь спать. Мы можем мечтать вместе подо льдом. Давай отдохнем, совсем ненадолго. Давай сдадимся. Все мы вместе, спящие вечно. Кажется, я прилягу."
"Für das Geschenk ist jede Gewichtsklasse des Sturmhelms geeignet. Falls benötigt, können Überreste dieses Gegenstands von Händlern für Ansehen-Herzen auf Janthir Syntri erworben werden.",Для подарка подходит шлем-штурмовик любого весового класса. При необходимости остатки этого предмета можно приобрести у торговцев за сердца уважения на Янтарной Синтри.
"Gabe[pl:""Gaben""] von Sammeljäger",Габе фон Саммельйягер
"Gain 0.6%% Increased Healing to Other Allies for Every 100 Healing Power
Gain 0.8%% Increased Healing to Other Allies for Every 100 Concentration
+10%% Experience from Kills","Получите 0.6%% Увеличенного лечения союзников за каждые 100 единиц силы лечения
Получите 0.8%% Увеличенного лечения союзников за каждые 100 единиц концентрации
+10%% опыта за убийства"
"Gain 120 Power When Health above 90%%
+10%% Experience from Kills","+120 к Силе, пока здоровье выше 90%%
+10%% опыта за убийства"
"Gain Concentration Equal to 1%% of Your Precision
Gain Concentration Equal to 2%% of Your Healing Power
+10%% Experience from Kills","Концентрация, равная 1%% вашей Точности
Концентрация, равная 2%% вашей Силы исцеления
+10%% опыта за убийства"
"Gain Concentration Equal to 3%% of Your Toughness
Gain Expertise Equal to 3%% of Your Toughness
+10%% Experience from Kills","Концентрация, равная 3%% вашей Стойкости
Экспертиза, равная 3%% вашей Стойкости
+10%% опыта за убийства"
"Gain Condition Damage Equal to 2%% of Your Precision
+10%% Experience from Kills","Урон от состояний, равный 2%% вашей Точности
+10%% опыта за убийства"
"Gain Condition Damage Equal to 3%% of Your Vitality
Gain Condition Damage Equal to 3%% of Your Toughness
+10%% Experience from Kills","Урон от состояний, равный 3%% вашей Живучести
Урон от состояний, равный 3%% вашей Стойкости
+10%% опыта за убийства"
"Gain Health Every Second
+100 Power
+70 Precision
+10%% Karma
+5%% All Experience Gained
+20%% Magic Find
+20%% Gold Find
+10%% WXP Gained","Восстановление здоровья каждую секунду
+100 к Силе
+70 к Точности
+10%% кармы
+5%% ко всему получаемому опыту
+20%% к поиску магии
+20%% к поиску золота
+10%% к получаемому мировому опыту"
"Gain Health Every Second
+15%% Experience from Kills","Восстановление здоровья каждую секунду
+15%% опыта за убийства"
"Gain Health Every Second
+30%% to Endurance Regeneration
+20%% Magic Find","Восстановление здоровья каждую секунду
+30%% к восстановлению выносливости
+20%% к поиску магии"
"Gain Health Every Second
+35 to All Attributes
+10%% Karma
+5%% All Experience Gained
+20%% Magic Find
+20%% Gold Find
+10%% WXP Gained","Восстанавливайте здоровье каждую секунду.
+35 ко всем характеристикам.
+10 %% кармы.
+5 %% к получаемому опыту.
+20 %% к шансу найти магические предметы.
+20 %% к шансу найти золото.
+10 %% к получаемому опыту мира."
"Gain Health Every Second
+50 Vitality
+10%% Experience from Kills","Восстановление здоровья каждую секунду
+50 к Живучести
+10%% опыта за убийства"
"Gain Power Equal to 3%% of Your Toughness
Gain Expertise Equal to 3%% of Your Toughness
+10%% Experience from Kills","Сила, равная 3%% вашей Стойкости
Экспертиза, равная 3%% вашей Стойкости
+10%% опыта за убийства"
"Gain Wolverine's favor by besting him in combat.
You will be revived if you get knocked out during the fight.","Заслужите расположение Росомахи, одолев его в бою.
Если вы падёте во время схватки, вас поднимут."
"Gain a magic find boon when completing a magic mirror. This boon only works while on Castora.

Obscured chest locations are visible after completing a magic mirror.","Даёт бон поиска магии за прохождение волшебного зеркала. Этот бон действует только на Касторе.

После прохождения волшебного зеркала становятся видны укрытые сундуки."
"Gain entry to the Royal Terrace in Divinity's Reach.
• Asura Gates to All Cities
• Crafting Stations
• Bank and Guild Bank Access
• Mystic Forge
• Merchants 
• And more! All within easy reach, for those who enjoy the ultimate convenience.","Даёт вход на Королевскую террасу в Divinity's Reach.
• Врата асура во все города
• Ремесленные станции
• Доступ к банку и гильдейскому банку
• Mystic Forge
• Торговцы
• И многое другое! Всё под рукой — для тех, кто ценит предельное удобство."
Gefahren vermieden,Опасности предотвращены
"Gefertigt aus 50 Schuppen, 50 glatten Schuppen, 250 großen Schuppen und 100 gepanzerten Schuppen.","Изготовлено из 50 чешуек, 50 гладких чешуек, 250 больших чешуек и 100 бронированных чешуек."
"Given the rising security threat and environmental instability on the isle, all villagers are required to report to the inn by nightfall.  
  
Each individual may bring one personal effect so long as it fits on your person. The White Mantle will provide any other necessary supplies, such as food, bedding, and clothing. This is for storage purposes, as the inn was not built to house this many patrons.  
  
We appreciate your patience. And remember that your longevity is assured by Saul's golden trail.","В связи с возросшей угрозой безопасности и нестабильностью окружающей среды на острове все жители обязаны явиться в гостиницу до наступления темноты. 
  
Каждый может взять одну личную вещь, если она помещается на теле. Белый Плащ предоставит все остальные необходимые припасы, такие как еда, постельные принадлежности и одежда. Это делается для хранения, так как гостиница не рассчитана на такое количество постояльцев. 
  
Мы ценим ваше терпение. И помните: ваше долголетие обеспечено золотой тропой Сола."
"Goldverziertes Tagebuch, Seite 1","Золотом украшенный дневник, страница 1"
"Goldverziertes Tagebuch, Seite 2","Золотом украшенный дневник, страница 2"
"Goldverziertes Tagebuch, Seite 3","Золотом украшенный дневник, страница 3"
"Grant might and fury to nearby allies when you disable an enemy. 
<c=@reminder>Disables include stun, taunt, daze, knockback, pull, knockdown, sink, float, fear, and launch.</c>","Даруйте союзникам рядом мощь и ярость при обездвиживании врага.
<c=@reminder>Обездвиживание включает в себя оглушение, провокацию, ошеломление, отталкивание, притягивание, нокдаун, погружение, всплытие, страх и отбрасывание.</c>"
"Grants a large amount of Secrets of the Obscure Mastery experience.

<c=@Flavor>Assumed to be minted by the Astral Ward, these are valued by collectors, scholars, and coin enthusiasts.</c>","Даёт большой опыт мастерства в Секретах Забвенного.

<c=@Flavor>Считается, что они отчеканены Astral Ward, и ценятся коллекционерами, учёными и нумизматами.</c>"
"Grants a moderate amount of karma.

<c=@Flavor>Elders tell tales of the giants that used to roam this far south.  </c>","Даёт умеренное количество кармы.

<c=@Flavor>Старейшины рассказывают о великанах, что некогда забредали так далеко на юг.  </c>"
"Grants a small amount of karma.

<c=@Flavor>These claws are still sharp enough to be used as rock-carving tools—or for self-defense, in a bind. </c>","Даёт небольшое количество кармы.

<c=@Flavor>Эти когти всё ещё достаточно острые, чтобы использовать их в качестве инструментов для резьбы по камню — или для самообороны, если потребуется.</c>"
"Grants a small amount of karma.
<c=@Flavor>You may not be the world's foremost historian, but you are confident that Joko did not, in fact, force the Elder Dragons to submit to him.</c>","Даёт небольшое количество кармы.
<c=@Flavor>Возможно, вы не величайший историк мира, но вы уверены, что Джоко на самом деле не заставлял Старших Драконов подчиняться ему.</c>"
"Grants a small amount of karma.,«Дает небольшое количество кармы.»
'<c=@Flavor>This collection of Joko''s teachings seems of dubious value.</c>'","Даёт небольшое количество кармы.,«Даёт небольшое количество кармы».
'<c=@Flavor>Эта коллекция учений Джоко кажется сомнительной ценности.</c>'"
"Grants a tiny amount of karma.
<c=@Flavor>Some forgotten glyphs are unreadable, yet still contain their goodwill for posterity.</c>","Даёт крошечное количество кармы.
<c=@Flavor>Некоторые забытые глифы нечитаемы, но все ещё содержат добрую волю для потомков.</c>"
"Grants a tiny amount of karma.
<c=@Flavor>These badges are given by Cavaliers to deputize trustworthy allies. Now you've got a gold star, too!</c>","Даёт крошечное количество кармы.
<c=@Flavor>Эти значки выдаются кавалерами, чтобы уполномочить доверенных союзников. Теперь и у тебя есть золотая звезда!</c>"
"Grants both Experience Booster and Item Booster benefits for 2 hours, including:
• +50%% Experience in All Game Types,• +50%% опыта во всех типах игры
• +50%% Reward Track Gain in PvP and WvW,
• Up to 100%% Bonus Experience for Kill Streaks,
• +50%% Magic Find,
• +50%% Chance of Critical Crafting Experience Gain,
• +33%% Chance of Extra Gathering Strike,
• 10 Seconds of Swiftness after Gathering ,
• Summons a Black Lion Merchant If Your Inventory Is Full after Gathering (20-Minute Cooldown)","Дарует эффекты усилителя опыта и усилителя предметов на 2 часа, в том числе:
• +50%% опыта во всех типах игры
• +50%% опыта во всех типах игры
• +50%% к получению очков наград в PvP и WvW
• до 100%% бонусного опыта за серии убийств
• +50%% к поиску магии
• +50%% шанса критического получения опыта в ремёслах
• +33%% шанса дополнительного удара при сборе
• 10 секунд скорости после сбора
• призыв торговца «Чёрный лев», если инвентарь переполнен после сбора (перезарядка 20 мин.)"
"Grants the following benefits for 30 minutes:
• +50%% Experience from Kills
• +75%% Gold from Kills
• +25%% Reward-Track Gain in PvP and WvW
• +100%% Magic Find","Даёт следующие преимущества на 30 минут:
• +50%% опыта за убийства
• +75%% золота за убийства
• +25%% прогресса по треку наград в PvP и WvW
• +100%% поиска магии"
"Grants the following benefits for 30 minutes:,
• +50%% Experience in All Game Types,• +50%% опыта во всех типах игры
• +50%% Reward Track Gain in PvP and WvW,
• Up to 100%% Bonus Experience for Kill Streaks","Даёт следующие преимущества на 30 минут:,
• +50%% опыта во всех типах игры,• +50%% опыта во всех типах игры
• +50%% прироста наградной шкалы в PvP и WvW,
• До 100%% бонусного опыта за серии убийств"
Grasgrüne Kräuter,Grasgrüne Kräuter
"Greetings to you,

I wanted to let you know how grateful the Durmand Priory and I are for your assistance at Ghostsummit. Before you arrived and lent a welcome hand, we were having little success with fighting off the harpies, who were impeding our ability to continue our research along the wall. 

As you may know, the Durmand Priory has been gathering ancient Ascalonian artifacts with the hopes that they might reveal something about the nature of the ghosts we are forced to perpetually battle. Because of your assistance in this effort, we are now a little closer to that goal.

—Sagum Relicseeker","Приветствую вас,

Я хотел сообщить вам, как благодарны Дурмандский Приорат и я лично за вашу помощь у Призрачной Вершины. До вашего прибытия и своевременной помощи у нас было мало успеха в борьбе с гарпиями, которые мешали нам продолжать наши исследования вдоль стены.

Как вы, возможно, знаете, Дурмандский Приорат собирает древние аскалонские артефакты в надежде, что они смогут раскрыть что-то о природе призраков, с которыми мы вынуждены постоянно сражаться. Благодаря вашей помощи в этом деле мы теперь немного ближе к этой цели.

—Sagum Relicseeker"
"Greetings!

You've received this pamphlet at your request for information on the almighty Order of Om.

There are few things more daring than drinking the deadly-sweet juice of raw omnomberries. Its infamy is indisputable. And so, we, the masters of our craft, have banded together to spread the word of our choicest of games: Belcher's Bluff.

The rules are simple:
- Rounds occur every five seconds.
- Participants perform one action per round.
- Actions are limited to: drinking omnomberry juice, drinking water, bluffing, or belching.
- If the participant does not drink juice, the opposer's belch is bolstered.
- Belched-on bluffers cannot bluff for two rounds.
- Belchers cannot belch again until three drinks—juice or water—are consumed.
- Water can only be consumed after three other actions.
- Advanced drinkers can use Signature Moves once per match.

Our order is comprised of six masters, each a keeper of a coveted Signature Move. Should you defeat them, their secrets will be yours! If you think yourself ready, see the attached list for the masters' locations.

May your mug be ever full,
—The Order of Om","Привет!

Вы получили эту брошюру по вашему запросу информации о всемогущем Ордене Ом.

Мало что может быть дерзновеннее, чем пить смертельно-сладкий сок сырых омномягод. Их дурная слава неоспорима. И поэтому мы, мастера своего дела, объединились, чтобы распространить весть о нашей излюбленной игре: «Блеф Бурдючника».

Правила просты:
- Раунды происходят каждые пять секунд.
- Участники выполняют одно действие за раунд.
- Действия ограничены: пить сок омномягод, пить воду, блефовать или рыгать.
- Если участник не пьёт сок, рык оппонента усиливается.
- Обрыганные блефующие не могут блефовать в течение двух раундов.
- Рыгающие не могут рыгать снова, пока не будет выпито три напитка — сок или вода.
- Воду можно пить только после трёх других действий.
- Продвинутые пьющие могут использовать коронные приёмы один раз за матч.

Наш орден состоит из шести мастеров, каждый хранитель заветного коронного приёма. Если вы одолеете их, их секреты станут вашими! Если считаете себя готовым, посмотрите приложенный список с местоположением мастеров.

Да будет ваша кружка всегда полна,
—Орден Ом"
"Greetings, 

I'm writing to inform you of our progress toward the eventual reclamation of the dredge's home in Bloodtide Coast. Your work disabling their rogue devices and clearing undead out of their caverns will surely allow us to imminently repatriate the dredge. If all our troops are as brave as you are, we'll defeat Zhaitan in no time.

— Crusader Patrick","Приветствую,

Пишу сообщить о наших успехах на пути к возвращению дреджам их дома на Кровавом побережье. Твоя работа по отключению их вышедших из-под контроля устройств и очистке их пещер от нежити наверняка позволит нам вскоре вернуть дреджей на родину. Если все наши бойцы столь же храбры, как ты, мы одолеем Зайтана в два счёта.

— Crusader Patrick"
"Greetings, 

We have not met, but I have long been a follower of your exploits. I am a collector of tales of great daring and heroism, and your name has come up increasingly in the stories that have been reported to me.  I've spoken with  your mentor, and the suggestion was made that I contact you and add your stories to my collection.

Your mentor was a member of an adventuring group known as Destiny's Edge. They were legendary heroes, but went their separate ways about five years ago, for reasons I have yet to discover – none have chosen to share that story with me. If you discover the nature of their separation, I would be most appreciative.

Thank you for your help in this, and I will get in contact with you in the future, and hope to keep you in touch with the whereabouts of your mentor and the other members of Destiny's Edge. 

Through this I will remain,

Your Herald","Привет,

Мы не знакомы, но я давно слежу за вашими подвигами. Я собиратель историй о великой отваге и героизме, и ваше имя всё чаще упоминается в рассказах, которые мне сообщают. Я говорил с вашим наставником, и он предложил мне связаться с вами и добавить ваши истории в мою коллекцию.

Ваш наставник был членом группы искателей приключений, известной как «Край Судьбы». Они были легендарными героями, но разошлись около пяти лет назад по причинам, которые мне ещё предстоит выяснить — никто не пожелал поделиться этой историей со мной. Если вы узнаете причину их разрыва, я буду весьма признателен.

Спасибо за вашу помощь в этом, я свяжусь с вами в будущем и надеюсь держать вас в курсе местонахождения вашего наставника и других членов «Края Судьбы».

С этим остаюсь,

Ваш Вестник"
"Greetings, %str1%,

I am writing to update you on the status of events in the Grove, as I'm sure you are worried for the Pale Tree. She is still with us, though she remains unable to communicate. We believe she has retreated to the Dream to heal, much as we sylvari incubate there prior to our awakenings. We continue to give her the best possible care. I will inform you of any developments.

I also thought you'd be interested to know that a representative from each of the summit guests has been in touch to let us know they have not forgotten their pledge. They all have begun implementing plans to research the Elder Dragons and investigate the possibility of a unified military response. It is my understanding that they have continued to communicate with each other on this as well. Bravo. Your words have changed the course of history.

—Niamh","Привет, %str1%,

Я пишу, чтобы сообщить вам о положении дел в Роще, так как уверен, что вы беспокоитесь о Pale Tree. Она всё ещё с нами, хотя остаётся неспособной общаться. Мы считаем, что она ушла в Сон для исцеления, подобно тому, как мы, сильвари, инкубируемся там до пробуждения. Мы продолжаем обеспечивать ей наилучший уход. Я сообщу вам о любых изменениях.

Также подумал, что вам будет интересно узнать, что представитель каждого из гостей саммита связался с нами, чтобы сообщить, что они не забыли о своём обещании. Все они начали реализовывать планы по исследованию Старших Драконов и изучению возможности единого военного ответа. Насколько я понимаю, они продолжают общаться друг с другом по этому вопросу. Браво. Ваши слова изменили ход истории.

—Ниав"
"Greetings, %str1%,

The Tyrian Explorers Society has taken note of your acomplishments within Timberline Falls. I understand you became a recognizable and welcome face throughout the region. Most importantly, you survived your time in this challenging territory. Our records of your good deeds is growing thick.

We wish you luck in your future explorations. 

— Tyrian Explorers Society","Приветствую, %str1%,

Общество тирийских исследователей отметило твои свершения в Timberline Falls. Как я понимаю, ты стал узнаваемым и желанным лицом по всему краю. И, что важнее всего, ты уцелел в этой непростой земле. Наши записи о твоих добрых делах становятся всё толще.

Желаем удачи в будущих исследованиях.

— Общество тирийских исследователей"
"Greetings, Commander!

Rumor has it you've uncovered a way to harvest unbound magic, which is an invaluable resource that I would love to get my hands on. Who knows, it may even help us get underway! If you have any to spare, come see me on the airship bridge, and I'll make it worth your while.

I've been working on some aerial combat tactics that all the loose magic in the area might actually make feasible, but I'll need unbound magic to complete my prototype.

—Natto","Приветствую, командир!

Ходят слухи, что ты открыл способ добывать несвязанную магию — бесценный ресурс, который я был бы счастлив заполучить. Как знать, может, он даже поможет нам отправиться в путь! Если у тебя есть лишняя, зайди ко мне на мостик воздушного корабля, и я щедро отплачу.

Я разрабатываю кое-какую тактику воздушного боя, которую вся эта свободная магия в округе и впрямь может сделать осуществимой, но чтобы доделать прототип, мне нужна несвязанная магия.

—Натто"
"Greetings, Commander,

On behalf of the Flame and Iron legions, we'd like to invite you to the Black Citadel for a pioneering one-on-one training session with one of Iron Legion's best and brightest guardians. As a decorated guardian yourself, Imperator Greetsglory and I agreed that you would be an exemplary outside candidate. Connect with Petrus Dawnwelder on the mustering grounds near the Vigil chapterhouse, and he'll instruct you from there.

Safe travels,
Mia Kindleshot, Iron Imperator","Приветствую, командир,

От имени Легиона Пламени и Iron Legion мы хотели бы пригласить тебя в Black Citadel на первое в своём роде индивидуальное занятие с одним из лучших и умнейших стражей Iron Legion. Как заслуженный страж, ты, по нашему с империатором Гритсглори общему мнению, станешь образцовым кандидатом со стороны. Свяжись с Петрусом Зарёйсваром на плацу у дома капитула Дозора, и он тебя наставит.

Лёгкой дороги,
Миа Киндлшот, империатор Iron Legion"
"Greetings, Slayer of Issormir. I went to Eir Stegalkin for assistance, and she strongly recommended I contact you. It's a matter of extreme importance that I would prefer to discuss in person. Please visit me at the Wolf Shrine as soon as you can. May Wolf bless you and guide your steps until then.
—Shaman Gamli","Приветствую, Убийца Иссормира. Я обратилась за помощью к Эйр Стегалкин, и она настоятельно посоветовала мне связаться с тобой. Дело чрезвычайной важности, и я предпочла бы обсудить его лично. Прошу, навести меня у Святилища Волка как можно скорее. Да благословит тебя Волк и направит твои шаги до тех пор.
—Шаман Гамли"
"Greetings, Traveler,

The Tyrian Explorers Society has heard you've become quite a hero throughout the Diessa Plateau. Well done! These are not easy times, but you've made the most of it. We await further news of your travels eagerly.

Best of luck.

— Tyrian Explorers Society","Приветствую, путник,

Общество тирийских исследователей прослышало, что ты стал изрядным героем на всём Плато Дьесса. Отлично! Времена нынче нелёгкие, но ты сумел взять от них лучшее. С нетерпением ждём новых вестей о твоих странствиях.

Удачи.

— Общество тирийских исследователей"
"Greetings, Wayfinder!

The kodan of Janthir Syntri very much appreciate your help in crafting a brand-new Mr. Quiggles. To return the favor, I thought I'd pass on my recipe for making these adorable little creatures. I've heard on the wind that you have your own residence nearby—try putting a few in there to brighten up the place!

Once again, we sincerely thank you for your help. The smiles of our cubs will always remind us of your selfless deed.

Yours,
Warming Comfort","Приветствую, Путеводная Звезда!

Коданы Джантир Синтри крайне признательны за твою помощь в создании новенького господина Квигглса. В благодарность я решила передать тебе свой рецепт изготовления этих очаровательных созданий. Ветер донёс до меня, что у тебя есть собственное жилище неподалёку, — попробуй поставить туда парочку, чтобы стало веселее!

Ещё раз искренне благодарим тебя за помощь. Улыбки наших детёнышей всегда будут напоминать нам о твоём бескорыстном поступке.

Твоя,
Тёплое Утешение"
"Greetings, fearless adventurer,

It appears you haven't left a stone unturned in the whole of Dredgehaunt Cliffs. We regularly receive word of your travels and exploits, and we're impressed with your geographic discovery. It's a rare individual who ventures into dredge strongholds for the sake of exploration, but you have risen to the challenge.

May the rest of the world welcome your curiosity.

—Tyrian Explorers Society","Приветствую, бесстрашный искатель приключений,

Похоже, ты не оставил ни одного камня неперевёрнутым во всех Dredgehaunt Cliffs. Мы регулярно получаем вести о твоих странствиях и подвигах и восхищены твоими географическими открытиями. Редкий человек забирается в твердыни дреджей ради одних лишь исследований, но ты принял этот вызов.

Пусть остальной мир так же радушно примет твоё любопытство.

—Общество тирийских исследователей"
"Greetings, friend,

Every celebration should include a brew that's finely crafted for the occasion, and Queen's Jubilale suits that perfectly. This celebratory beer was inspired by the Queen's Jubilee. A strong, medium-bodied brew with flavors of molasses, light spice, and roasted, dark fruit that will quickly make it a favorite. Enjoy your celebrations and savor this Queen's Jubilale.

Good health and a glass for your thirst,

—Desch Metz,
Master Brewer, Eldvin Monastery","Приветствую, друг,

В каждом торжестве должен быть напиток, сваренный точно к случаю, и «Королевский юбилейный эль» подходит идеально. Это праздничное пиво вдохновлено Юбилеем королевы. Крепкий, средней плотности напиток с нотами патоки, лёгких пряностей и печёных тёмных фруктов быстро станет любимым. Празднуй всласть и смакуй этот «Королевский юбилейный эль».

Доброго здравия и полного бокала,

—Деш Метц,
Мастер-пивовар, монастырь Элдвин"
"Greetings, friend,

Ogden Stonehealer reached out the Eldvin Monastery to re-create a beer that was an old dwarven favorite. This dark stout contains complex flavors of molasses, roasted coffee, and drops of licorice without being bitter or overly sweet. Surprisingly, the flavor strongly evolves with the temperature of the brew. This stout is perfect for the cold days of winter.

Good health and a glass for your thirst,

—Desch Metz,
Master Brewer, Eldvin Monastery","Приветствую, друг,

Огден Каменный Целитель обратился к монастырю Элдвин, чтобы воссоздать пиво, что было старым любимцем дворфов. Этот тёмный стаут таит сложные ноты патоки, жареного кофе и капли лакрицы, не будучи ни горьким, ни приторным. Удивительно, но вкус его сильно меняется с температурой напитка. Этот стаут идеален для холодных зимних дней.

Доброго здравия и полного бокала,

—Деш Метц,
Мастер-пивовар, монастырь Элдвин"
"Greetings, friendly customer!

We'd like to thank you for supporting the Black Lion Trading Company by purchasing our ""How To Dance: Volume 1"" novelty item.

Thanks to our asuran researchers, we're happy to announce you can now perform your new dances whenever you want—no bundle required! Using a method called ""slash commands,"" you can now recall dances—no matter how intricate they may be—at any time. Just recite the command and let your body run wild. You'll be dancing like a pro in no time!

Saying the following slash commands out loud will cause you to immediately burst into dance:

Dodge Step: /step
Inventory Shuffle: /shuffle
Gear Grind: /geargrind

Note: The Black Lion Trading Company is not liable for any harm incurred while dancing. Please dance responsibly.

Happy dancing!
The Black Lion Trading Company","Приветствуем, дорогой покупатель!

Мы хотели бы поблагодарить вас за поддержку Торговой компании «Black Lion» покупкой нашего сувенирного предмета «Как танцевать: том 1».

Благодаря нашим асурским исследователям мы рады сообщить, что теперь вы можете исполнять свои новые танцы когда угодно — никакой предмет в руках не требуется! С помощью метода под названием «слэш-команды» вы теперь можете вызывать танцы — какими бы замысловатыми они ни были — в любой момент. Просто произнесите команду и дайте телу разгуляться. Вы будете танцевать как профи в мгновение ока!

Произнесение вслух следующих слэш-команд заставит вас немедленно пуститься в пляс:

Шаг-уклонение: /step
Инвентарная тасовка: /shuffle
Лязг снаряжения: /geargrind

Примечание: Торговая компания «Black Lion» не несёт ответственности за любой вред, причинённый во время танца. Пожалуйста, танцуйте ответственно.

Приятных танцев!
Торговая компания «Black Lion»"
Großes Kodan-Lager,Большой лагерь коданов
Habilitados,Включено
"Hail, mighty hero!

The stories of your accomplishments have spread far and wide. I have heard from Caithe, who is looking for help in the Twilight Arbor, a nest of Nightmare Court followers north of the Grove. My understanding is that she is going there because another of the Sylvari firstborn, Faolain, has established herself as the Nightmare Court leader, and she feels it is her responsibility. Caithe has always been a loner, first after losing Faolain to the Court and later with the breakup of Destiny's Edge, and I think she is trying to mobilize some new friends against her former oldest ally.

As always,

Your Herald","Приветствую, могучий герой!

Истории о твоих достижениях распространились далеко и широко. Я получил весть от Кайт, которая ищет помощь в Сумеречной Беседке, гнезде последователей Nightmare Court к северу от Рощи. Насколько я понимаю, она идёт туда, потому что другая из перворождённых сильвари, Фаолайн, утвердилась как лидер Nightmare Court, и она чувствует свою ответственность. Кайт всегда была одиночкой, сначала после потери Фаолайн, преданной Двору, а позже с распадом Судьбы Края, и я думаю, она пытается собрать новых друзей против своей бывшей старейшей союзницы.

Как всегда,

Твой Глашатай"
Hallacaminos errante,Скиталец Халлакаминос
Haltet Kriegsklauen-Rennen in der Tundra ab.,Остановите гонки боевых когтей в тундре.
"Have the item in your inventory or combine the following items in the Mystic Forge:
• Sentient Anomaly
• Sentient Aberration
• Sentient Oddity
• Sentient Singularity","Держите предмет в инвентаре либо соедините в Mystic Forge следующее:
• Разумную аномалию
• Разумное отклонение
• Разумную диковину
• Разумную сингулярность"
"Helft im Fischerdorf, fliegende Fische zu fangen.",Помогите в рыбацкой деревне поймать летающих рыб.
"Hello,

Finally, I have something resembling peace of mind. My missing scouts are returned to me, and the danger of the mine-riddled shipwrecks is not quite as threatening. This beach is much safer thanks to you. It may not seem like it, but you've made a big difference.

—Danu","Здравствуй,

Наконец-то у меня появилось что-то вроде спокойствия. Пропавшие разведчики вернулись, а опасность заминированных обломков кораблей уже не так грозна. Этот берег стал куда безопаснее благодаря тебе. Может, и незаметно, но ты многое изменил.

—Дану"
"Hello, 

Enclosed are your winnings. If you have a dispute, then you can take it up with my supervisor. 

—Bandit Bill","Здравствуйте,

В приложении ваш выигрыш. Если есть возражения, обращайтесь к моему начальнику.

—Bandit Bill"
"Hello, Wayfinder,

Please return to me at your earliest convenience. I'd like to compare notes on our wisp findings. I'll be waiting for you at Moon Camp.","Здравствуй, Путеводная Звезда,

Пожалуйста, вернись ко мне при первой возможности. Хочу сверить наши наблюдения об огоньках. Буду ждать тебя в Лунном Лагере."
Herbicida,Гербицида
"Hey there, Explorer! Isn't it great getting promoted? Anyway, the skritt have been acting very strangely out near the Feral Dens, and the Priory wants us to look into it. It seems the skritt have found something important, but it's so hard to get them to be clear about anything. All we have is ""big,"" ""dragons,"" and ""dwarves."" Who knows what that means? I'm sure we'll find out, though. See you there!
—Magister Sieran","Привет, Исследователь! Здорово, когда тебя повышают, да? В общем, скритты ведут себя очень странно возле Диких Логовищ, и Приорат хочет, чтобы мы это проверили. Похоже, скритты нашли что-то важное, но добиться от них внятного объяснения очень трудно. Всё, что у нас есть: «большой», «драконы» и «дворфы». Кто знает, что это значит? Уверен, мы всё выясним. Увидимся там!
—Магистр Сиеран"
"Hi, hi, hi! I've got something fantabulous to show you. Get here as soon as you can. There's a gate set up in Rata Sum, but it's top secret. Fortunately, you know me.

Go to Rata Sum and look for the Adventure Aide ZK496i golem. It knows to let you in.

—Taimi","Привет, привет, привет! У меня есть кое-что потрясазительное, чтобы тебе показать. Приходи как можно скорее. В Рате Сум установлены врата, но это строго секретно. К счастью, ты знаешь меня.

Отправляйся в Рату Сум и ищи голема «Помощник приключений ZK496i». Он знает, что тебя надо пропустить.

—Тайми"
"Hides the energy of the left Eikasia, Mists-Grasper hand.
+5 Power
+9 Agony Resistance","Скрывает энергию левой руки «Эйкасия, Хватающая Туманы».
+5 к Силе
+9 к сопротивлению агонии"
Hierro,Иерро
Historia destrozada,Разрушенная история
"Holding down the security of the fractals best we can; ward is stretched thin. All of your aid, from the smallest task to the most severe, only helps us. Thank you for that.

Once you banished the demon, my attention was drawn to a peculiar object on the ground. It doesn't look like any playing card I've ever seen, but I think you may find it interesting nonetheless.

I will continue to keep R'tchikk safe from harm. Take care of yourself in return.","Мы делаем всё возможное, чтобы поддерживать безопасность фракталов; защита на пределе. Любая ваша помощь, от мельчайшего задания до самого серьёзного, помогает нам. Спасибо за это.

Когда вы изгнали демона, моё внимание привлёк странный предмет на земле. Он не похож ни на одну игральную карту, которую я когда-либо видел, но, думаю, он может вас заинтересовать.

Я продолжу защищать Р'тчикка от опасностей. Берегите себя."
"Holding this empty bottle, you feel slightly uncomfortable
<c=@flavor>Abandoned long ago, but only recently realized.</c>","Держа эту пустую бутылку, вы чувствуете лёгкий дискомфорт
<c=@flavor>Покинута давно, но осознана только недавно.</c>"
"I almost forgot to write you! It's so busy here. But I was taught to always send a thank-you letter when someone does something nice, and I think I remembered in time. Hope it's not late!

Thank you very much for helping out at my stable. Come see me, and I'll sell you a springer saddle so you can have a springer of your own!

—Unja","Я чуть не забыл написать тебе! Здесь так занято. Но меня учили всегда отправлять благодарственное письмо, когда кто-то делает что-то хорошее, и, кажется, я вспомнил вовремя. Надеюсь, не опоздал!

Большое спасибо за помощь на моей конюшне. Приходи ко мне, и я продам тебе седло для спрингера, чтобы ты мог завести своего собственного спрингера!

—Унджа"
"I am no writer, and so I have difficulty finding the words to express my great relief and gratitude. I was concerned about how our troops would fare when so cut off from the other Seraph, but it seems they got all the help they needed from you. I can stand tall knowing that our mission here has a chance. 

Thank you.

—Brian","Я не писатель, поэтому мне трудно подобрать слова, чтобы выразить мою огромную благодарность и облегчение. Я беспокоился о том, как наши войска справятся, будучи отрезанными от остальных Серафимов, но, похоже, они получили всю необходимую помощь от вас. Я могу держаться с гордостью, зная, что у нашей миссии здесь есть шанс.

Спасибо.

—Брайан"
"I am writing to pass along to you the enormous gratitude of the villagers of Smokestead for your recent help. Your efforts in aiding our attempts to regain control of the vineyards outside Smokestead Village were an inspiration to those of us who were beginning to weary of the seemingly endless conflict. 

Because of your help, we now feel safe enough to continue our search for an answer to the ghost problem that afflicts this area. When we succeed, I will make certain that your part in the victory is well known. 

—Bryllana Deepmind","Я пишу, чтобы передать вам огромную благодарность жителей Смоукстеда за вашу недавнюю помощь. Ваши усилия по оказанию содействия нашим попыткам вернуть контроль над виноградниками за пределами деревни Смоукстед вдохновили тех из нас, кто уже начал уставать от, казалось бы, бесконечного конфликта.

Благодаря вашей помощи мы теперь чувствуем себя достаточно безопасно, чтобы продолжить поиски решения проблемы призраков, которая мучает эту местность. Когда мы добьёмся успеха, я позабочусь о том, чтобы ваша роль в победе была широко известна.

—Bryllana Deepmind"
"I am writing to thank you for your much-needed aid as we have finally made some advances against the ogres that have plagued our citizens. Your efforts were crucial to our attempt to drive the ogre scourge from the Cadem Forest. We have been able to build on the momentum which you helped provide, and hope to soon be rid of this menace forever. 

Thank you again.

—Androchus the Hidden","Я пишу, чтобы поблагодарить вас за вашу столь необходимую помощь, поскольку мы наконец добились некоторых успехов в борьбе с ограми, которые досаждали нашим гражданам. Ваши усилия были решающими для нашей попытки изгнать нашествие огров из Кадемского леса. Мы смогли развить импульс, который вы помогли создать, и надеемся вскоре навсегда избавиться от этой угрозы.

Ещё раз спасибо.

—Андрох Скрытый"
"I came up for air and noticed that the Corsair base is in disarray. Good job. I'd advise you not to linger, in case they catch onto what you've been doing over there.

—Agent Carter, Order of Whispers","Я вынырнул на поверхность и заметил, что база корсаров в полном хаосе. Отличная работа. Советую не задерживаться, если они не догадаются, чем вы там занимались.

— Agent Carter, Order of Whispers"
"I chose not to record my thoughts yesterday. Had I done so, it would have been a fruitless and vain exercise in self-indulgence, unbefitting a candidate for Divitium Nava. Yet I feel I must make an attempt, as I committed to documenting my pilgrimage no matter what.

Mentor Sidony asked me during the tenth hour of the morning if I was prepared to enter the trial chamber. I told him, ""With certainty, I am not ready."" The look on his face felt like claws digging at the edges of my essence, prying it from beneath my flesh, exposing my weakness for all to see.

I know I am not alone in my trepidation. In my research, I had read of candidates taking up to eight weeks of mental and physical preparation before entering the trials. Candidate Xintri, one of the more empathetic members of our cohort, found me hiding alone among the labyrinthine rooms at the base of the temple's southern garden. She told me that her matron spent twenty-three days at the temple before attempting the trials.

I know she was trying to reassure me, but her words had the opposite effect, and I fled to find solace in the jungle east of the temple, at the Dome of the Indelible Word. There, I stewed in my own loathsome thoughts until the sun set and the stars led me back to my bedroll.","Я решил не записывать свои мысли вчера. Если бы я это сделал, это было бы бесполезным и тщеславным упражнением в самолюбовании, недостойным кандидата в Дивитиум Нава. Но я чувствую, что должен попытаться, так как я обязался документировать своё паломничество, несмотря ни на что.

Наставник Сидони спросил меня в десятом часу утра, готов ли я войти в испытательную камеру. Я ответил ему: «Уверен, что не готов». Выражение его лица было похоже на когти, впивающиеся в края моей сущности, вырывающие её из-под плоти, обнажающие мою слабость для всех.

Я знаю, что не одинок в своей тревоге. В своих исследованиях я читал, что кандидаты тратят до восьми недель на умственную и физическую подготовку перед вступлением в испытания. Кандидат Ксинтри, одна из самых чутких в нашей группе, нашла меня прячущимся в одиночестве среди лабиринтов комнат у подножия южного сада храма. Она сказала мне, что её наставница провела двадцать три дня в храме, прежде чем попытаться пройти испытания.

Я знаю, она пыталась меня успокоить, но её слова возымели обратный эффект, и я убежал искать утешения в джунглях к востоку от храма, в Куполе Неизгладимого Слова. Там я варился в своих отвратительных мыслях, пока не зашло солнце и звёзды не привели меня обратно к моей постели."
"I confess, when I gave you that advice about building your legend, I wasn't expecting to hear from you again. Imagine my surprise when the locals started trading tales about you performing great deeds. 

With ambition like that, I doubt this will be the last I hear of you. It made me proud to have played even a small part in your story.

—Shengra","Признаюсь, когда я давал вам тот совет о создании легенды, я не ожидал снова о вас услышать. Каково же было моё удивление, когда местные жители начали рассказывать истории о ваших великих деяниях.

С таким честолюбием я сомневаюсь, что это последний раз, когда я о вас слышу. Я горжусь тем, что сыграл хотя бы маленькую роль в вашей истории.

— Шенгра"
"I don't recognize this place. Not anymore.

The Nahpui Quarter was my home, once... Now it smells like rotting flesh, piled high in the hull of a ship. It stood long enough for us to escape. Now it's filled with our...dead. Our families. Our people. Walking like they still live, and yet... I hope we're not facing another Affliction.

The rebuilding of Kaineng will start just to the south of here; a land filled with naga and a thousand other beasts. We'll work our way down from there, gutting the old swamp until it resembles something livable. That's the plan, at least.

An old recycling facility remains on the border of Old Kaineng (""Old"" being a peculiar word to write or say aloud). Once we've cleared it of the ""Risen,"" Officer Jimin wants to use it to build weapons.

Researcher Doh Taelin, Ministry of Archives, 1729 CC","Я не узнаю это место. Больше нет.

Квартал Напхуи когда-то был моим домом... Теперь он пахнет гниющей плотью, наваленной в трюме корабля. Он простоял достаточно долго, чтобы мы могли сбежать. Теперь он заполнен нашими... мертвецами. Нашими семьями. Нашим народом. Они ходят, как будто всё ещё живы, и всё же... Надеюсь, мы не столкнёмся с очередной Напастью.

Восстановление Каиненга начнётся к югу отсюда; земля, кишащая нагами и тысячей других тварей. Мы будем продвигаться оттуда вниз, вычищая старое болото, пока оно не станет пригодным для жизни. По крайней мере, таков план.

На границе Старого Каиненга (""Старый"" — странное слово для письма или произнесения вслух) осталось старое предприятие по переработке. Как только мы очистим его от ""Восставших"", офицер Джимин хочет использовать его для создания оружия.

Исследователь Doh Taelin, Ministry of Archives, 1729 CC"
"I don't use the word ""hero"" often, but you've earned it for keeping the roads safe and aiding those who live in these snow-covered hills. I wish you the safest and most productive of trips into the unknown.

—Lionscout Mabil","Я не часто использую слово ""герой"", но вы заслужили его, обеспечивая безопасность дорог и помогая тем, кто живёт в этих заснеженных холмах. Желаю вам самого безопасного и продуктивного путешествия в неизведанное.

—Lionscout Mabil"
"I found this place, a hidden grave, wallowing beneath the seas. I add you here, amongst a crew of a solemn few. I know not their names, nor if they held any fame.  
  
Friend—know I loved you, too.","Я нашёл это место — скрытую могилу в пучине морской. Кладу тебя здесь, средь команды немногих безмолвных. Имён их не знаю, ни славы, что были достойны.

Друг, знай: тебя я тоже любил."
"I happily report to you that, with your help, my colleagues and I have been able to make several key discoveries in the realms of biomimicry and faunotheric manipulations. We've attached to this letter a gift for your services. You helped us advance our research, and for that we're grateful.

—Organizer Aerixx","Я с радостью сообщаю вам, что с вашей помощью мои коллеги и я смогли сделать несколько ключевых открытий в области биомимикрии и фаунотерических манипуляций. Мы приложили к этому письму подарок за ваши услуги. Вы помогли нам продвинуть наши исследования, и за это мы благодарны.

—Организатор Эрикс"
"I have to admit it: you were a bit of a help with the Lionsroad detour through jotun lands. 

I acknowledge and honor your efforts.

—Lionguard Nadel","Должен признать: ты немного помог с объездом Львиной дороги через земли ётунов. 

Я признаю и чту твои усилия.

—Lionguard Nadel"
"I heard about your adventures in hylek territory. Congratulations on recruiting them to our cause—their brute strength and alchemical knowledge will be an asset against the Elder Dragons.
Don't dwell on losing the hylek village—homes can be rebuilt. The important thing is that you saved lives and secured their help.
As for me, I'm heading to our old friend Caudecus's estate to support Queen Jennah as she meets with the charr ambassador. There's a chance Zojja may be there, but I don't expect a joyful Destiny's Edge reunion. In fact, I'll be lucky if she doesn't punch me in the knees.
Keep up the good work,
—Logan","Я слышал о твоих приключениях на территории хилек. Поздравляю с вербовкой их в наше дело — их грубая сила и алхимические знания будут преимуществом в борьбе со Старшими Драконами.
Не зацикливайся на потере деревни хилек — дома можно отстроить заново. Важно то, что ты спас жизни и заручился их помощью.
Что касается меня, я направляюсь в поместье нашего старого друга Кодекса, чтобы поддержать королеву Дженну на встрече с послом чаров. Есть шанс, что Зойя будет там, но я не ожидаю радостного воссоединения Края Судьбы. По правде говоря, мне повезёт, если она не ударит меня по коленям.
Продолжай в том же духе,
—Логан"
"I laugh to myself everytime I think of those ghosts scrambling to fix the giant hole you blew through their precious wall. We have a lot of work left to do, but you've given us the inspiration to continue for awhile.

—Legionnaire Bladechipper, Iron Legion","Я смеюсь про себя каждый раз, когда думаю о тех призраках, пытающихся заделать огромную дыру, которую вы пробили в их драгоценной стене. У нас осталось много работы, но вы дали нам вдохновение продолжать ещё некоторое время.

—Легионер Осколок Лезвия, Iron Legion"
"I write with shaking hands, with sweat still beading upon my brow. I wish to convey every detail of my exquisite experience within the trial chamber. And yet...I find that I cannot muster the words.

They are wholly inadequate.

When I asked Mentor Sidony how long I was in the chamber, he told me (with what appeared to almost be a smile) that the time was just over forty-two hours. Yet it seemed as though it was not even thirty minutes.

The eleven trials themselves were...unlike anything I could have envisioned. I cannot begin...

No good can come from trying to express them with mere language. I now understand why so few of my people attempted to document their experiences within the trial chambers. To do so would...tarnish the existential joy...

There is simply nothing more to say.

I return home on the morrow, when the sun rises. I leave these notes behind. They are artifacts of my former life, and as such, inconsequential.","Я пишу дрожащими руками, пот всё ещё выступает на моём лбу. Я хочу передать каждую деталь моего изысканного опыта в испытательной камере. И всё же... я обнаруживаю, что не могу подобрать слов.

Они совершенно неадекватны.

Когда я спросил наставника Сидони, как долго я был в камере, он сказал мне (с тем, что почти можно было назвать улыбкой), что прошло чуть больше сорока двух часов. Однако казалось, что прошло не более тридцати минут.

Сами одиннадцать испытаний были... не похожи ни на что, что я мог себе представить. Я не могу начать...

Ничего хорошего не выйдёт из попытки выразить их простым языком. Теперь я понимаю, почему так мало моих людей пытались задокументировать свой опыт в испытательных камерах. Сделать это означало бы... запятнать экзистенциальную радость...

Просто больше нечего сказать.

Я возвращаюсь домой завтра, когда взойдёт солнце. Я оставляю эти записи позади. Они — артефакты моей прежней жизни и, как таковые, незначительны."
"I'm bringing in more supplies from Elona, specifically the Garden of Seborhin. Here is the list of inventory on our incoming ship. The majority is supplies for both the refugees and the alliance's efforts against the titans.  


5 tons of gold from my personal fortune
70 crates of clothing for the refugees
300 pounds of salted meats


I wish I could do more to help directly. For now, I'll be speaking with the council here in Lion's Arch soon about what they need.  


If you want to speak with me directly, I'm overseeing the ships near the docks.
—Alden Wamser","Я доставляю больше припасов из Элоны, конкретно из Сада Себорин. Вот список груза на нашем прибывающем корабле. Большая часть — припасы как для беженцев, так и для усилий альянса против титанов.  


5 тонн золота из моего личного состояния
70 ящиков одежды для беженцев
300 фунтов солёного мяса


Хотел бы я сделать больше, чтобы помочь напрямую. Пока что я скоро буду говорить с советом здесь, в Lion's Arch, о том, что им нужно.  


Если хотите поговорить со мной лично, я присматриваю за кораблями у доков.
—Алден Вамсер"
"I've always wanted to leave this place. Kaineng. It was sad to leave the shop behind, but I can open a shop anywhere. Elona, even. I'd like to see other places besides Cantha... I've barely even left the city.

We found an abandoned vault in the Undercity—I think it belonged to the royal family. Not a lot left in here, aside from a few locked chests and some old tapestries. Dalnim found a necromancer that was willing to seal the door. He owed her a favor, big surprise. It'll only open for us so it's safe inside. She has some loose ends to tie up before we can leave, but I'll hide out in here until we're ready to go.

Somewhere without the Jade Brotherhood or Am Fah... No ministries to tell us what to do. Just us, Dalnim and me. Hey, maybe we'll get a cat!","Я всегда хотел покинуть это место. Каинов. Было грустно оставлять лавку, но я могу открыть её где угодно. Даже в Элоне. Я бы хотел увидеть другие места, кроме Канты... Я даже из города почти не выезжал.

Мы нашли заброшенное хранилище в Подгороде — кажется, оно принадлежало королевской семье. Там почти ничего не осталось, кроме пары запертых сундуков и старых гобеленов. Дальним нашла некроманта, который согласился запечатать дверь. Он был ей должен, большой сюрприз. Дверь откроется только для нас, так что внутри безопасно. Ей нужно уладить кое-какие дела, прежде чем мы сможем уехать, а я пока пережду здесь.

Куда-нибудь, где нет Jade Brotherhood или Am Fah... Никаких министерств, которые указывают, что делать. Только мы, я и Дальним. Эй, может, заведём кота!"
"I've been getting fewer reports of trouble in the swamp recently, and I suspect you're responsible. It's still dangerous here, but I'm grateful for all your help. You've saved a lot of grief for a lot of people. 

Good luck!
—Lionguard Cern","В последнее время я получаю меньше сообщений о неприятностях в болоте, и подозреваю, что это твоя заслуга. Там всё ещё опасно, но я благодарен за всю твою помощь. Ты избавил многих людей от многих страданий.

Удачи!
—Lionguard Cern"
"I've been tracking the non-dredge allied members of the Flame Legion, as requested. It doesn't look like all of them are on board with this...thing. Whatever it is.  
  
Tribune Efram Greetsglory is especially outspoken about his disapproval. He's been moving a lot on his own. I followed him out of their camp the other night—had a younger cub with him. They traveled to the edge of Buloh Crossing to meet with someone. Charr. Didn't recognize their face, but they didn't look like Flame Legion either. I couldn't get close enough to hear what they were talking about, but they both seemed uneasy.  
  
The other charr took off with the cub, and Efram returned to camp. Hasn't left since, but I've got eyes on him. Trying to figure out the cub's identity and location, too. I think they went further north.  
  
I'll let you know if anything suspect happens. I'm meeting with Crecia Stoneglow in two moons—maybe leave that part out of your report to Rytlock. I'll include any intel she has for us.  
  
Morva Baeldancer","Я отслеживаю союзников Flame Legion, не принадлежащих к дредгаутам, как и было прощено. Похоже, не все из них в восторге от этой... штуки. Чем бы она ни была.

Трибун Эфрам Славопривет особенно громко выражает своё неодобрение. Он много передвигался в одиночку. На днях я проследил за ним из лагеря — с ним был молодой детёныш. Они отправились на окраину Булонской Переправы, чтобы встретиться с кем-то. Чарр. Я не узнал лица, но он тоже не выглядел как из Flame Legion. Я не смог подобраться достаточно близко, чтобы услышать, о чём они говорили, но оба казались встревоженными.

Другой чарр ушёл с детёнышем, а Эфрам вернулся в лагерь. С тех пор не уходил, но я за ним присматриваю. Также пытаюсь выяснить личность и местоположение детёныша. Думаю, они ушли дальше на север.

Я дам знать, если произойдёт что-то подозрительное. Через два месяца встречаюсь с Кресией Камнесияр. Может, эту часть опустишь в своём докладе Райтлоку. Я включу любые разведданные, которые она для нас добудет.

Морва Танцующая с Бурей"
"I've been with the Astral Ward for a while and I still can't believe what I'm seeing. I knew that the wizards created fractals to observe the circumstances of our actions, but to see them HERE. In Tyria. Realized. It should be a scientist's dream, but...  

I'm with Lyhr and Frode at Droknar's Forge today. Lyhr is in shock. He didn't realize this was a fractal. His home. Dwarves who aren't made of stone... Why would Isgarren want to study this, and not tell him? How long as this fractal been active? I have so many questions... There aren't many left in the ""real world."" I don't know if this is a marvel or a miracle, but Lyhr isn't thrilled.  

I wonder how it must be to live in a false reality, yet still believe you actually exist. But...they DO actually exist. At least they do now. There are all sorts of moral implications that I can barely fathom...","Я уже некоторое время в Astral Ward, но до сих пор не могу поверить в то, что вижу. Я знал, что волшебники создают фракталы для наблюдения за последствиями наших действий, но увидеть их ЗДЕСЬ. В Тирии. Воплощёнными. Это должно быть мечтой учёного, но...

Сегодня я с Лайром и Фроде в Кузнице Дрокнара. Лайр в шоке. Он не знал, что это фрактал. Его дом. Дворфы, которые не из камня... Зачем Изгаррену изучать это и не говорить ему? Как долго этот фрактал активен? У меня столько вопросов... В «реальном мире» осталось не так много людей. Не знаю, диво это или чудо, но Лайр не в восторге.

Интересно, каково это — жить в ложной реальности, но всё равно верить, что ты существуешь. Но... они ДЕЙСТВИТЕЛЬНО существуют. По крайней мере, сейчас. Тут столько моральных аспектов, которые я едва могу осмыслить..."
"I've stumbled upon the most bewitching alcove in the forest, tucked between roaring, aqueous falls and trees that pierce the heavens! And my hosts, they... Oh my, what souls they are.  
  
A village of kodan, hidden just beyond the gaze of Divinity's Reach! It's quite a small village, although size means nothing when the heart is true...  
  
My hosts seemed quite quizzical about my presence at first, but their leader, Stoic Alder (""stoic"" **indeed**), assured me that I was more than welcome to rest in their den. And rest I have. The views are seductive. Their hot springs melt away the soreness of muscles, leaving one numb but weightless... The sense of danger is just enough to make my walks between homesteads at night titillating.   
  
The embrace of the rugged wilderness is what my soul desired, and I embraced it right back.  
  
—Snargle Goldclaw","Я наткнулся на самую очаровательную нишу в лесу, зажатую между ревущими водными потоками и деревьями, пронзающими небеса! И мои хозяева, они... О боже, что за души они.  
  
Деревня коданов, скрытая от взора Divinity's Reach! Это совсем маленькая деревня, хотя размер не имеет значения, когда сердце истинно...  
  
Мои хозяева поначалу недоумевали по поводу моего присутствия, но их предводитель, Stoic Alder («стоический» **действительно**), заверил меня, что я более чем желанный гость, чтобы отдохнуть в их логове. И я отдохнул. Виды соблазнительны. Их горячие источники снимают ломоту в мышцах, оставляя онемевшим, но невесомым... Ощущение опасности ровно настолько, чтобы мои прогулки между усадьбами ночью были волнующими.  
  
Объятия суровой дикой природы — вот чего желала моя душа, и я ответил ей взаимностью.  
  
—Snargle Goldclaw"
"I've taken refuge beneath a tower on the western bluff. I've tried to observe the differences between the nearby large and small extractors. The smaller towers appear to have weak points that could be exploited by air, where the larger extractor seems fortified against conventional methods of attack and might require a more indirect means of assault.  
  
Perhaps the larger pool feeds the extractor? Or it needs to be fortified because of the greater resources it feeds on? They appear organic, but it's unclear if they are grown or simply placed by the Kryptis.  
  
Frankly, I've had a hard time with any further analysis—there is a cacophony in the tower above, and at first I thought that perhaps I'd stumbled across an escape route. The lordling above, an apprentice of some sort, ceaselessly rattles on about creating a portal to—of all places—the Wizard's Tower!  
  
I came to realize in short order that the chance of this self-important novice achieving such a feat was nil. My hopes were dashed and my thoughts addled from his carrying on. I will move to the northeast in search of a way out of this predicament—or, if nothing else, to report on any significance the area may have.  
  
—Operative Selly","Я укрылся под башней на западном утесе. Я пытался заметить различия между большими и малыми экстракторами поблизости. Малые башни, похоже, имеют уязвимые места, которые можно атаковать с воздуха, тогда как большой экстрактор кажется укреплённым против обычных методов атаки и может потребовать более косвенного подхода.  
  
Возможно, большой резервуар питает экстрактор? Или его нужно укреплять из-за больших ресурсов, которыми он питается? Они кажутся органическими, но неясно, выращены они или просто установлены криптисами.  
  
Честно говоря, мне было трудно продолжать анализ — в башне наверху стоит какофония, и сначала я подумал, что, возможно, наткнулся на путь к бегству. Молодой лордик наверху, некий ученик, без умолку тараторит о создании портала в — и надо же — в Башню Чародея!  
  
Я быстро понял, что шансы этого самоуверенного новичка на успех равны нулю. Мои надежды рухнули, а мысли помутились от его болтовни. Я двинусь на северо-восток в поисках выхода из этой ситуации — или, по крайней мере, чтобы доложить о возможной значимости этой области.  
  
—Оперативник Сэлли"
"I,  
  
I am sorry Dagda destroyed Dwayna's astrolabe, but you can hardly blame her for reacting as she did. Her passion is understandable—her friends have died. She feels abandoned. I would counsel patience in this matter, for we each deal with grief in our own way.  
  
—M  
  
PS. I would also, perhaps, counsel removing any axes from the immediate vicinity the next time you broach a contentious topic.  
  
---  
  
M,  
  
I cannot believe you're taking her side on this.  
  
—I  
  
PS. Noted.  
  
---  
  
I,  
  
I've taken no one's side, as that would not be in the spirit of neutrality.  
  
Understand that I mean not to cast aspersions on your judgment. I only wish you might show a little more faith—in others and in the Astral Ward. You doubt yourself, and you fear you failed us with Eparch. But you were what held us together through it. You gave us the strength to move forward, even as you bore the heaviest pain. In truth, I do not know what would have become of us had we lost you that night, old friend. I lack your talent for leadership.   
  
All we endured...I recall that memory, and I then see it writ large across the world as it continues to burn. I know your heart aches as mine over this senseless destruction.  
  
But I risk venturing down a familiar path, and we need not retread it while we remain so far apart. After all, I'd be denied the theater of your delightful facial expressions.  
  
—M  
  
---  
  
M,  
  
No. You won't weasel your way out of having this conversation. I know you, Mabon, and while batting your lashes may work wonders in your little social club, you'll find its charms quite lost on me.  
  
Faith! Only a fool would keep faith in those who endlessly repeat their mistakes. The lesson is harsh, but they must learn it. What won't help is aid offered at every turn without question. This is hardly the first outbreak of strife in Tyria, and we both know it won't be the last. Your misguided pity would have us risk everything, simply to spare them the sting of consequences.  
  
Shall we intervene in EVERY Tyrian conflict henceforth? Arbitrate every petty land squabble? Silence every deluded fanatic? Or do you propose we politely decline should a petition fail to adequately compel us?  
  
—I  
  
---  
  
I,  
  
You are being very dramatic.  
  
—M  
  
---  
  
M,  
  
I am never dramatic.  
  
—I  
  
---  
  
I,  
  
As much as I'd enjoy exploring that statement, I just received word that mortals have entered the Realm of Torment. While I will try to respect your decision and avoid participation, I am taking it upon myself to observe the event. While the death of my people was inevitable, I don't want to see another city razed as Bava Nisos was—whether by the hand of titans once more, or by Abadon himself. I hope we face mercy, not chaos.  
  
—M  
  
PS. Please do not engage with Dagda until you are both of calm mind.","I,

Мне жаль, что Dagda уничтожила астролябию Dwayna, но едва ли её можно винить за такую реакцию. Её страсть понятна: её друзья погибли. Она чувствует себя брошенной. Я бы посоветовал терпение — каждый из нас переживает горе по-своему.

— M

P.S. А ещё я бы, пожалуй, посоветовал убирать топоры из пределов досягаемости, когда в следующий раз поднимешь спорную тему.

---

M,

Не могу поверить, что ты принимаешь её сторону.

— I

P.S. Принято.

---

I,

Я не принимал ничьей стороны — это было бы не в духе нейтралитета.

Пойми, я не ставлю под сомнение твои суждения. Лишь хочу, чтобы ты проявил чуть больше веры — в других и в Astral Ward. Ты сомневаешься в себе и боишься, что подвёл нас с Eparch. Но именно ты держал нас вместе всё это время. Ты дал нам силы идти вперёд, неся самую тяжкую боль. По правде, не знаю, что стало бы с нами, потеряй мы тебя той ночью, старый друг. Мне недостаёт твоего дара вести за собой.

Всё, что мы пережили... Я вспоминаю это — и вижу то же, разросшееся на весь мир, который продолжает гореть. Знаю, твоё сердце болит, как и моё, от этого бессмысленного разрушения.

Но я рискую свернуть на знакомую тропу, а нам незачем топтать её вновь, пока мы так далеки друг от друга. В конце концов, я лишился бы театра твоих восхитительных гримас.

— M

---

M,

Нет. Ты не отвертишься от этого разговора. Я знаю тебя, Mabon, и, хотя хлопанье ресницами творит чудеса в твоём светском кружке, на меня его чары не действуют.

Вера! Только глупец хранит веру в тех, кто без конца повторяет свои ошибки. Урок суров, но они должны его выучить. А вот помощь, предлагаемая на каждом шагу без вопросов, не поможет. Это далеко не первая вспышка раздора в Tyria, и мы оба знаем, что не последняя. Твоя недальновидная жалость заставила бы нас рисковать всем — лишь бы избавить их от жала последствий.

Нам что, впредь вмешиваться в КАЖДЫЙ тирийский конфликт? Разбирать каждую мелкую земельную свару? Затыкать каждого безумного фанатика? Или предлагаешь вежливо отказывать, если прошение недостаточно нас убедит?

— I

---

I,

Ты очень драматичен.

— M

---

M,

Я никогда не драматичен.

— I

---

I,

Как ни хотелось бы мне исследовать это утверждение, я только что получил весть: смертные вошли в Царство Мучений. Я постараюсь уважать твоё решение и не вмешиваться, но беру на себя наблюдение за событием. Гибель моего народа была неизбежна, но я не хочу увидеть, как ещё один город будет разрушен, как был разрушен Bava Nisos, — вновь ли рукой титанов или самим Abadon. Надеюсь, нас ждёт милосердие, а не хаос.

— M

P.S. Пожалуйста, не заговаривай с Dagda, пока вы оба не остынете."
"I,  
  
Your letter finds me well enough, although Elona this time of year is a bit hot for my liking. I suppose that may change soon enough, should events continue to play out as they have.  
  
I am left ill at ease by the threat of Nightfall. Your orders are clear, but the choice to remain neutral has given no small few of our number pause. I confess, the deaths of so many do not sit right with me. We were prepared to defend Tyria from Eparch; is a threat from Abaddon not equally dire, given all that's unfolded in recent years?  
  
More details to follow.  

—M  

---  
  
M,  
  
The two are entirely different. Eparch is our responsibility. My responsibility. We ignore him not just at our peril, but at the peril of innocents. That bloated parasite would devour all of Tyria if he thought it might recapture our attention.  
  
But this threat is not of Eparch's design, and the misdemeanors of the Six are not ours to manage. From the moment they arrived, they've caused nothing but trouble. Such power should have never been given to those who wield it so lightly.  
  
As for our current predicament—he may thrash against the bars, but Abaddon won't find any easy means of escape. More to the point, he possesses a singular talent for fouling his own nest. Given time, it will reveal itself.  
  
—I  
  
---
  
I,  
  
You know I trust in your judgment.  
  
We must hope, then, that time comes sooner rather than later.  
  
—M","Я,  
  
Твоё письмо застало меня в порядке, хотя в Элоне в это время года для меня слишком жарко. Полагаю, это может скоро измениться, если события продолжат развиваться.  
  
Меня тревожит угроза Сумерек. Твои приказы ясны, но решение сохранять нейтралитет заставило многих из нас задуматься. Признаюсь, смерть стольких людей не даёт мне покоя. Мы были готовы защищать Тирию от Эпарха; неужели угроза от Абаддона не столь же серьёзна, учитывая всё, что произошло за последние годы?  
  
Подробности позже.  
  
—М  
  
---  
  
М,  
  
Эти две вещи совершенно различны. Эпарх — наша ответственность. Моя ответственность. Мы игнорируем его не только на свой страх и риск, но и на риск невинных. Этот раздутый паразит пожрал бы всю Тирию, если бы подумал, что это снова привлечёт наше внимание.  
  
Но эта угроза не от Эпарха, и проступки Шестерых — не наша забота. С момента их появления они причиняли одни неприятности. Такая сила никогда не должна была быть дана тем, кто так легкомысленно ей пользуется.  
  
Что касается нашей текущей ситуации — он может биться о прутья, но Абаддон не найдёт лёгкого способа сбежать. Более того, у него есть особый талант портить собственное гнездо. Со временем это проявится.  
  
—Я  
  
---  
  
Я,  
  
Ты знаешь, я доверяю твоему суждению.  
  
Будем надеяться, что это время наступит скорее, чем позже.  
  
—М"
"If it wasn't for your brave efforts at Molitage Digs, our members may have failed to complete their research. With your help, the Priory learned valuable information about the battles between dwarves and destroyers. We thank you.

—Priory Explorer Leandra","Если бы не твои отважные усилия на раскопках Молитейдж, наши члены могли бы не завершить свои исследования. С твоей помощью Приорат получил ценные сведения о битвах между дварфами и разрушителями. Мы благодарим тебя.

—Priory Explorer Leandra"
"If you're done being altruistic, we need you at the Snaff Prize! The College of Dynamics is counting on our Massively Impressive Golem (MIG) to win. Our demonstration is going to make the judges' heads explode in amazement...but only if you're here to help your krewe to victory. We're at Battleground Plaza...what are you waiting for? Get over here!
—Hronk, Genius","Если ты закончил с альтруизмом, ты нужен нам на Призе Снаффа! Колледж Динамики рассчитывает, что наш Массово Впечатляющий Голем (МВГ) победит. Наша демонстрация заставит головы судей взорваться от изумления... но только если ты поможешь своей команде одержать победу. Мы на Площади Сражений... чего ты ждешь? Приходи скорее!
— Хронк, Гений"
Ihr seid von Moorgerüchen umgeben und hört von weit oben das leise Knurren von Kriegsklauen.,Вы окружены болотными запахами и слышите тихое рычание боевых когтей откуда-то сверху.
"Immediately adds 1 Café Transporter to your stock of homestead decorations.,«Немедленно добавляет 1 кафе-транспортёр в ваш запас украшений жилища.»
<c=@flavor>Café customers will enter and exit your homestead from this decoration if it is placed instead of from the waypoint.</c>","Немедленно добавляет 1 кафе-транспортёр в ваш запас украшений усадьбы.,«Немедленно добавляет 1 кафе-транспортёр в ваш запас украшений усадьбы».
<c=@flavor>Если установлено это украшение, посетители кафе будут входить и выходить из вашего усадьбы через него, а не через точку перемещения.</c>"
"In Primal Maguuma, help the Ward Technician reduce the insect population using your skyscale.

Using the Fireball Mastery grants more progress.","В Изначальной Магуме помогите технику по защите уменьшить популяцию насекомых с помощью вашего скайскела.

Использование умения «Огненный шар» даёт больше прогресса."
In Truhen in der Janthir-Wildnis gefunden oder vom Handelsposten erworben.,"В сундуках, найденных в дебрях Джантира или приобретенных на торговом посту."
"In a time when our very thoughts and feelings fuel the forces against us, there is no better weapon than a mind freed from unwanted emotion.  
  
In my upcoming session, we will practice the liberation of our choices from the effects of negative emotions through a three-step process:  
  
RECOGNIZE  
your ownership of the feelings and emotions influencing your mindset and decision-making.  
  
REFLECT  
on circumstances both in and out of your control that have led to your emotional state; embrace experience without reaction.  

RELEASE  
those feelings rather than choosing to hold on to them, allowing for thought processes unfettered from negative emotional influence.  

All are invited to accompany me on my continuing meditative journey into mind-state mastery.  

Join me, your friend and emotional guide Gol, for an inter-bastion gathering at Nature's Shore Meditation Circle.  
  
Better yourself. Starve your enemies.","Во времена, когда наши мысли и чувства подпитывают силы, выступающие против нас, нет лучшего оружия, чем разум, освобожденный от нежелательных эмоций.  
  
На предстоящем занятии мы попрактикуем освобождение нашего выбора от влияния негативных эмоций с помощью трехэтапного процесса:  
  
ОСОЗНАЙТЕ  
свою причастность к чувствам и эмоциям, влияющим на ваше мышление и принятие решений.  
  
ОБДУМАЙТЕ  
обстоятельства, как подвластные, так и неподвластные вашему контролю, которые привели к вашему эмоциональному состоянию; примите опыт без реакции.  

ОТПУСТИТЕ  
эти чувства, вместо того чтобы цепляться за них, позволяя мыслительным процессам протекать без помех со стороны негативного эмоционального влияния.  

Все приглашаются присоединиться ко мне в моем продолжающемся медитативном путешествии к овладению состоянием ума.  

Присоединяйтесь ко мне, вашему другу и эмоциональному проводнику Голу, на межбастионную встречу в Медитационном круге «Берег природы».  
  
Совершенствуйте себя. Морите голодом своих врагов."
"In memory of the lives lost during the Crimson Battle at Haiju Lagoon.

This plaque was placed by the Ministry of Archives to improve education efforts following the collapse of the Ministry of Purity.","В память о жизнях, потерянных в Багровой битве у лагуны Хайдзю.

Эта табличка установлена Министерством архивов ради улучшения просвещения после распада Ministry of Purity."
"In the murk, the Bog Queen stirs.  
Her hands and teeth nip at your fur.  
Don't let her voice into your thoughts,   
Or else her screams shall make them rot.  
   
So plug your ears and clean your paws,  
Don't let her pick apart your flaws.  
You draw your spear, she'll hide beneath.  
Steady now—she'll sense your heat.  
   
So long as dead shall fail to rise,  
That wicked queen bears no surprise.  
Listen close, don't say a word.  
Valravn alone know what you heard.  
   
Now close your eyes, and she'll be gone,  
Back to the bog—just wait for dawn.","В хмари Королева Топи ждёт.
Её рука и зуб твой мех рванёт.
Не пускай её голос в мысли свои,
Иначе крик её сгноит их изнутри.

Так заткни же уши и лапы отмой,
Не давай ей выискивать промах любой.
Ты поднял копьё — она нырнёт на дно.
Тише, тише: тепло твоё ей видно.

Покуда мёртвым не восставать из мглы,
Не страшны той злой королевы углы.
Слушай пристально, не говори ни слова.
Лишь валравны знают, что ты услышал снова.

А теперь закрой глаза — и её не станет,
Прочь в болото. Просто жди, пока рассвет настанет."
"In which His Royal Madness, yet but a boy
<c=@flavor>—Dig deep in the muck,' where all the garbage of Lion''s Arch flows. (Site #1)'
—Find Provernic,' where the first king''s bones rot in the hills. (Site #5)</c>'","В котором Его Королевское Безумие, ещё будучи мальчиком
<c=@flavor>—Ройся глубоко в грязи, где течет весь мусор Львиного Шпиля. (Место №1)'
—Найди Проверника, где гниют кости первого короля на холмах. (Место №5)</c>'"
"In which a friend joins young Oswald Thorn for the adventure of a lifetime.,
'<c=@flavor>—Say more now and look more where Kryta''s descendants are buried. (Site #3)','<c=@flavor>—Говори больше сейчас и смотри больше туда, где покоятся потомки Криты. (Участок №3)'
—Go into the hills and set down black roots in stagnant waters. (Site #4)</c>","В которой друг присоединяется к юному Освальду Торну в приключении всей жизни.,
'<c=@flavor>—Говори больше сейчас и смотри больше туда, где покоятся потомки Крайты. (Участок №3)','<c=@flavor>—Говори больше сейчас и смотри больше туда, где покоятся потомки Крайты. (Участок №3)'
—Иди в холмы и укорени чёрные корни в стоячих водах. (Участок №4)</c>"
"Increase movement speed by 15%%.
<c=@reminder>Will be removed if you enter competitive PvP or a raid.</c>","Увеличить скорость передвижения на 15%%.
<c=@reminder>Будет снято при входе в соревновательный PvP или рейд.</c>"
Indicador identificado,Обнаружен индикатор.
"Influence

Influence can no longer be earned but may be spent at influence traders in the Guild Initiative office and at the guild hall.","Влияние

Влияние больше нельзя заработать, но его можно потратить у торговцев влиянием в офисе Гильдейской инициативы и в зале гильдии."
"Ingredient
A rare mushroom found in mushroom patches.
Double-click to squeeze 25 mushrooms for their milk.
<c=@flavor>Fabled mushrooms of vibrant hue.<c>","Ингредиент
Редкий гриб, встречающийся на грибных полянах.
Дважды щёлкните, чтобы выжать молоко из 25 грибов.
<c=@flavor>Легендарные грибы яркого оттенка.<c>"
"It is over; Komalie is bleeding titans and Lazarus has sent one final warning across the scrying eyes. A human lich wields the Scepter of Orr and has opened portals across Tyria. I must assume one of them has been opened nearby.  
  
Seraf is supposed to be visiting soon. How can I face him? I spilled the blood of my kin across the stone the other day, on Mercia's order. I remember...a gildless. He could barely float. Baraq caught him trying to teleport away. His blood stains my armor still.  Why wasn't Orestes there to save him? Where did that contemptible old fool flee? Did he know what was about to happen?  
  
Was that a scream in the distance? Has it started? I cannot let everything collapse here. There must be something in my notes, my lab...","Всё кончено; Комали истекает титанами, а Лазарус отправил последнее предупреждение через всевидящие очи. Человек-лич владеет Скипетром Орра и открыл порталы по всей Тирии. Должно быть, один из них открылся поблизости.  
  
Сераф скоро должен навестить меня. Как я посмотрю ему в глаза? Я пролил кровь своих сородичей на камни на днях, по приказу Мерсии. Я помню... одного без гильдии. Он едва держался на плаву. Барак поймал его при попытке телепортироваться. Его кровь до сих пор пятнает мои доспехи. Почему Орест не был там, чтобы спасти его? Куда сбежал этот презренный старый дурак? Знал ли он, что должно произойти?  
  
Не крик ли это вдалеке? Началось? Я не могу позволить всему рухнуть здесь. Должно быть что-то в моих записях, в моей лаборатории..."
"It's warmer in Lion's Arch than it was in Gavril. I've been spending a lot more time outside here, so that makes me happy.  
  
Whenever I feel my heart racing and I can't calm it, I walk to the lighthouse and sit for a while. On a bad night, the only thing that keeps my head from bursting is staring out at the water and counting the ships in the bay... It helps a little—there's a lone one out there right now. It'll be busy again in the morning. Trading day. I like it when the city is busy.  
  
The innkeeper is kind. She's letting me use a small guest room in the back. Just a bed and a trunk, but that's all I need, really. I only had moments to escape, so I left with my dress and coat and some cheese stuffed in my pockets. I've returned the favor by baking bread for the tavern, just like I did at home. It reminds me of Mother... That's bittersweet.  
  
She's gentle—the innkeeper. I can tell that she knows I struggled. She's curious, but she doesn't pry... I don't know if I'll ever be able to talk about it. All I know is that whenever one of those terrors from the White Mantle shows their face in town, mine turns white. But who could I tell? Who would believe me?  
  
At least I escaped... I may be the only one.  
  
Dorothy","В Львином Роге теплее, чем в Гавриле. Я провожу здесь гораздо больше времени на улице, и это радует меня.
  
Когда я чувствую, что сердце колотится и я не могу успокоиться, я иду к маяку и сижу там какое-то время. В плохую ночь единственное, что не даёт моей голове взорваться, — это смотреть на воду и считать корабли в бухте... Это помогает немного — сейчас там одинокий корабль. Утром снова будет оживлённо. Торговый день. Мне нравится, когда город оживлён.
  
Хозяйка гостиницы добрая. Она разрешила мне использовать небольшую гостевую комнату в задней части. Просто кровать и сундук, но это всё, что мне нужно. У меня было всего несколько мгновений, чтобы сбежать, поэтому я ушла в платье и куртка с немного сыра в карманах. Я отблагодарила её, выпекая хлеб для таверны, как делала дома. Это напоминает мне о матери... Горько-сладко.
  
Она мягкая — хозяйка гостиницы. Я чувствую, что она знает о моей борьбе. Она любопытна, но не лезет в душу... Не знаю, смогу ли я когда-нибудь рассказать об этом. Всё, что я знаю, — это когда один из тех ужасов из Белой Куртки появляется в городе, моё лицо бледнеет. Но кому я могу рассказать? Кто мне поверит?
  
По крайней мере, я сбежала... Возможно, я единственная.
  
Дороти"
"Join a public version of Convergences in Mount Balrior with your party and other players.

NOTE: This content contains spoilers for Guild Wars 2: Janthir Wilds Chapter 13: Balrior Peak","Присоединитесь к публичной версии «Схождения» в горе Бальриор вместе со своей группой и другими игроками.

ВНИМАНИЕ: данный текст содержит спойлеры к главе 13 «Дикие земли Джантир»: Пик Бальриор из игры Guild Wars 2."
Junge Kräuter,Молодые травы
Keine Spielchen,Никаких игр.
Keine Zutaten verschwendet,Ни одного ингредиента не потрачено впустую.
"Kombiniert in der Mystischen Schmiede 12 Verschmolzene Essenzen, eine Eldritch-Schriftrolle, 50 Obsidianscherben und einen Würfel aus stabilisierter dunkler Energie, um die Gabe der Fachkenntnis herzustellen. Wachen-Handwerkerin Lucirae kann bei der Herstellung helfen.","Соедините в Мистической кузнице 12 Сплавленных эссенций, Эльдрический свиток, 50 Осколков обсидиана и Куб стабилизированной тёмной энергии, чтобы создать Дар мастерства. Страж-ремесленница Люцира может помочь в создании."
Kultureller Austausch,Культурный обмен
La,Ла
"Legendary Treasures
Equip a legendary weapon.","Легендарные сокровища
Экипируйте легендарное оружие."
"Locked.

Click here to unlock additional bag slots using gems.
Upgrade your account with a Guild Wars 2 expansion to unlock two additional bag slots per character.","Заблокировано.

Нажмите, чтобы разблокировать дополнительные слоты сумок за самоцветы.
Обновите свою учётную запись с помощью дополнения Guild Wars 2, чтобы открыть два дополнительных слота сумок для каждого персонажа."
"Mabon has given his approval to the fractal's development to this point. After many failed attempts, we seem to have found the moment and place in time we need. The forge there will work for his contingency plan, which he hopes will never be needed.

Conclusion: Fractal will be paused and stored. Research will be sealed and archived, accessible only to Mabon and Isgarren.","Мабон одобрил развитие фрактала до этого момента. После многих неудачных попыток, кажется, мы нашли нужный момент и место во времени. Кузница там сработает для его запасного плана, который, как он надеется, никогда не понадобится.

Вывод: Фрактал будет приостановлен и сохранен. Исследования будут запечатаны и заархивированы, доступны только Мабону и Исгаррену."
"Made by combining these items in the Mystic Forge:
• 1 Gift of Wood
• 1 Gift of Water
• 100 Icy Runestones
• 1 Superior Sigil of Rage","Создаётся соединением этих предметов в Mystic Forge:
• 1 Gift of Wood
• 1 Gift of Water
• 100 Icy Runestones
• 1 Superior Sigil of Rage"
"Made by combining these items in the Mystic Forge:
• 1 Gift of Wood
• 1 Vial of Liquid Flame
• 100 Icy Runestones
• 1 Superior Sigil of Fire","Создаётся соединением этих предметов в Mystic Forge:
• 1 Gift of Wood
• 1 Vial of Liquid Flame
• 100 Icy Runestones
• 1 Superior Sigil of Fire"
"Made by combining these items in the Mystic Forge:
• 1 Gift of Wood
• 1 Wolf Statue
• 100 Icy Runestones
• 1 Superior Sigil of Accuracy","Создаётся соединением этих предметов в Mystic Forge:
• 1 Gift of Wood
• 1 Wolf Statue
• 100 Icy Runestones
• 1 Superior Sigil of Accuracy"
Man berichtet von Valravn auf den Klippen bei den Lupinenfeldern.,Man berichtet von Valravn auf den Klippen bei den Lupinenfeldern.
"Manikaz,  
  
Once again, your request to join us at the Komalie fortress is denied. Up until now, I have held my tongue at your blatant attempts to rise above your station for a gilded of your age. Do not misunderstand me; your experiments and your study and mastery of bloodstone have been a boon to both our overseers here and our White Mantle servants at the Maguuma site, but you continue to overreach. If you persist in your mewling and incessant begging, Optimus may not view your contribution as favorably when we return home.  
  
We are guarding this inherited world against a tide of titans, demons, and perhaps even their banished god. The cost is incalculable, but in time, the flocks of this world will come to appreciate—or, at the very least, understand—our actions to ensure Tyria's continued existence.  
  
If, and only if, you are patient, Manikaz—once the Flameseeker threat has passed—we can direct your expertise to some task worthy of your attention. The next dragonrise, perhaps?  
  
—Lazarus","Маниказ,

Ещё раз: твой запрос на присоединение к нам в крепости Комали отклонён. До сих пор я сдерживал язык при твоих откровенных попытках возвыситься над своим положением для позолоченного твоего возраста. Не пойми меня неправильно; твои эксперименты, изучение и мастерство владения кровавым камнем были благом как для наших надзирателей здесь, так и для наших слуг Белого Плаща на участке Магуума, но ты продолжаешь заходить слишком далеко. Если ты продолжишь свои нытьё и бесконечные просьбы, Оптимус может не столь благосклонно оценить твой вклад, когда мы вернёмся домой.

Мы защищаем этот унаследованный мир от потока титанов, демонов и, возможно, даже их изгнанного бога. Цена неисчислима, но со временем паства этого мира оценит — или, по крайней мере, поймёт — наши действия по обеспечению дальнейшего существования Тирии.

Если, и только если, ты будешь терпелив, Маниказ, — когда угроза Ищущего Пламя минует, — мы сможем направить твой опыт на задачу, достойную твоего внимания. Следующее пробуждение дракона, возможно?

— Лазарус"
"Marjory,  
  
I didn't want to intrude, but when your sister told me she was going to stop by the bar I wanted to write. Hello. This is your father. 
  
I know we haven't spoken in a while, but your mother isn't feeling well... Elise is seven months pregnant and can't help at the house much, and Mireille is already running the shop with my growing absences... I'm trying not to be intrusive here, and I'm not trying to make demands... Your mother would just like to see you. I would like to see you, too.  
  
I hope you're recovering. We prayed to the Six every night that you'd make it home alive. Kasmeer, too. We'd love to meet her someday, if you'd like that.  
  
Best,   
Dad","Марджори,  
  
Я не хотел вмешиваться, но когда твоя сестра сказала мне, что собирается зайти в бар, я захотел написать. Привет. Это твой отец. 
  
Я знаю, мы давно не разговаривали, но твоя мать плохо себя чувствует... Элиз на седьмом месяце беременности и не может много помогать по дому, а Мирей уже управляет магазином из-за моих частых отлучек... Я стараюсь не быть навязчивым и не требовать... Твоя мать просто хотела бы тебя увидеть. Я тоже хотел бы тебя увидеть. 
  
Надеюсь, ты поправляешься. Мы молились Шестерым каждую ночь, чтобы ты вернулась домой живой. И Касмир тоже. Мы бы хотели когда-нибудь с ней познакомиться, если ты не против. 
  
С наилучшими пожеланиями,   
Папа"
"Marvel, all! For the finest compendium of Palawa Joko's deeds has finally been written, praise be unto his name!

From his mighty throne in the Bone Palace, deep within the Desolation, the great Palawa Joko inspires righteous fear and complete devotion from all corners of Elona. Press on, dear reader, and learn of his triumph over Varesh Ossa, his conflict with Mad King Thorn, and the inevitable rise of his elite Mordant Crescent.

Immerse yourself in the only historical text to accurately describe the incredible, world-changing achievements of the great Palawa Joko. The Elon River was diverted, the Bone Wall was constructed, yet so much remains in our future! Read on, friends, and bear witness to the brilliance of our savior, our leader, Palawa Joko!","Дивитесь, все! Ибо величайший сборник деяний Палавы Джоко наконец написан, хвала его имени!

С мощного трона в Костяном дворце, глубоко в Пустоши, великий Palawa Joko внушает праведный страх и полную преданность во всех уголках Элоны. Читайте дальше, дорогой читатель, и узнайте о его триумфе над Вареш Оссой, его конфликте с Безумным Королём Терном и неизбежном восхождении его элитного Mordant Crescent.

Погрузитесь в единственный исторический текст, точно описывающий невероятные, меняющие мир достижения великого Палавы Джоко. Река Элон была отведена, Bone Wall возведена, но столько ещё впереди! Читайте дальше, друзья, и станьте свидетелями величия нашего спасителя, нашего лидера, Палавы Джоко!"
"Mastery over Empowered Beehives, Bloodstone-Empowered Beehives, and Mistburned Beehives grants you additional bonuses.
<br>• Your warclaw gains a speed boost when interacting with a beehive. If you have the Blazing Speed Mushrooms Mastery trained, the effects and duration are improved.
<br>• Your mounts gain a brief Bond of Vigor effect. If you have the Rising Spirits Mastery trained, the duration is increased. 
<br>• Gain boons when interacting with beehives. If you have the Energy Efficiency Mastery trained, the boon durations are increased.","Владение Усиленными ульями, ульями, усиленными Кровавым Камнем, и Туманными ульями даёт вам дополнительные бонусы.
<br>• Ваш боевой коготь получает ускорение при взаимодействии с ульем. Если вы обучили мастерству Грибы Скоростного Пламени, эффект и длительность улучшаются.
<br>• Ваши скакуны получают кратковременный эффект Узы Рвения. Если вы обучили мастерству Восходящие Духи, длительность увеличивается.
<br>• Получайте благословения при взаимодействии с ульями. Если вы обучили мастерству Энергоэффективность, длительность благословений увеличивается."
Maximale Sommer-Stufe,Максимальный летний уровень
"Medhi, keep your hands off my stuff, or I will haunt the hell out of you. I might do that anyway. 

Yeah, I'm doing that anyway.","Мехди, убери руки от моих вещей, или я буду преследовать тебя до чертиков. Возможно, я сделаю это в любом случае. 

Да, я все равно это делаю."
"Members Sharing Participation:
Members receiving shared participation are rewarded by the activity of their squad members instead of their own (WvW Only)","Участники, получающие общее участие:
Участники, получающие общее участие, получают награду за активность своих отрядов, а не за собственную (только в WvW)"
"Minister Taelin. Minister Taelin of the Ministry of Archives.

Ohn was found dead in the Undercity of Kaineng during the rescue efforts, which makes me the only other living member of the Ministry of Archives.

We couldn't get very far into the wreckage; the entire sector is completely flooded—destroyed. A few survivors were found in the buildings on the upper portions of the market, but everyone below... Every now and then another body will float to the top. I don't know if we'll ever truly know the death count.

Rather than restore the Undercity, Jimin wants to seal it off. With the Risen pouring out from the north, it's only a matter of time before the dead begin to stir here, too.

~~Researcher~~ Minister Doh Taelin, Ministry of Archives, 1729 CC","Министр Тэлин. Министр Тэлин из Министерства Архивов.

Он был найден мёртвым в Подгороде Каиненга во время спасательных работ, что делает меня единственным оставшимся в живых членом Министерства Архивов.

Мы не смогли далеко продвинуться в руинах; весь сектор полностью затоплен — разрушен. Несколько выживших нашли в зданиях в верхней части рынка, но все, кто был ниже... Время от времени на поверхность всплывает очередное тело. Не знаю, узнаем ли мы когда-нибудь истинное число погибших.

Вместо восстановления Подгорода Джимин хочет запечатать его. С Восставшими, хлынувшими с севера, это лишь вопрос времени, когда мёртвые начнут шевелиться и здесь.

~~Исследователь~~ Министр До Тэлин, Министерство Архивов, 1729 КК"
Mit dem humorvollen Troll angefreundet,Подружился с забавным троллем
Mit dem redseligen Troll angefreundet,Подружился с болтливым троллем
"Mmm. Fish. You could really go for some fish right about now.

What is right, actually? Is it opposite of left? Or is it complementary?

When's the last time anyone ever really complimented you? Do they not see how hard you work? How much you care about...

Care about? Oh, please, as if anyone ever really cared about you. Not even your mother or father cared about you!

Wait, do you even have a mother? Why have you not even thought about your parents in so long? Or ever?

Hold on...why is this book using you, and not me? Clearly, this book would appear to be vocalizing my own thoughts, which means it should be saying I from here on.

Here. Hmm. How did I get here?

Where am I going?

I really, really hope I'm not the bad guy in this story. I think this story needs to end now. End. The End. Now.","М-м-м. Рыба. Ты бы сейчас не отказался от рыбки.

Что такое «правильно» на самом деле? Это противоположность «лево»? Или дополнение?

Когда в последний раз тебя кто-то действительно хвалил? Разве они не видят, как усердно ты работаешь? Как сильно ты заботишься о...

Заботишься? О, пожалуйста, как будто кто-то когда-либо действительно заботился о тебе. Даже твои мать или отец не заботились о тебе!

Погоди, а у тебя вообще есть мать? Почему ты так долго не думал о своих родителях? Или вообще никогда?

Подожди... почему эта книга использует тебя, а не меня? Очевидно, эта книга, кажется, озвучивает мои собственные мысли, а значит, теперь она должна говорить «я».

Вот. Хм. Как я сюда попал?

Куда я иду?

Я очень, очень надеюсь, что я не злодей в этой истории. Думаю, этой истории нужно закончиться сейчас. Конец. Конец. Сейчас."
Modo ladino,Воровской стиль
Monstruosidad extractora,Монструозный экстрактор
"More fleshstalkers breached the mountain pass—the stench reached our noses as the first scream sounded. Something about the breeze told me that the rest of the world was quaking, too. Surely we are not the only ones to endure these beasts...  
  
When wind carried the smell of blood back to the delta, my mind shot to the years prior. The frigid air that swept through the mountains. The lines of smoke, billowing from bonfires on the horizon. And then the disappearance of those lines as each outpost was demolished by the ice spawn... The bearkin bodies, stacked higher than the peat harvest.","Ещё больше плотоядных прорвались через горный перевал — запах достиг наших носов, когда раздался первый крик. Что-то в ветре подсказывало мне, что остальной мир тоже содрогается. Неужели мы не единственные, кто терпит этих тварей...

Когда ветер донёс запах крови до дельты, мои мысли унеслись в прошлые годы. Ледяной воздух, пронизывающий горы. Шлейфы дыма от костров на горизонте. А затем исчезновение этих шлейфов, когда каждый форпост был разрушен ледяным отродьем... Тела медведелюдей, сложенные выше торфяного урожая."
"My Queen—I received this letter two nights ago. I'm issuing an additional Shining Blade detail to your personal quarters until I can identify the sender (Lady Siroa has also requested additional security for her engineers, which I've accepted). I've never heard of this ""Captain Briar,"" but if they know of the Watchknights...we might have a breach on our hands.  

I would urge you to leave Logan out of this for now. I'll gather what I can.  

Lady Anise  

...  

Dearest, oh...what was your name again? Alice? Let me grab my notes—  

Let's start over.  

Dearest Anise,  

It is with the utmost urgency that I'm writing you today. The weather is dreadful, and the birds refuse to sing. I also caught wind that Her Majesty is working with the royal engineers on something particularly...exciting.  

The Watchknights—oh, don't throw yourself into a tizzy about how I know of their existence—are a marvel to behold! I wanted to ask politely before taking more extreme actions, but I want to play my cards in that game. Our status might not be aligned, but our purpose is. I'm just ready to get my hands dirty.  

Respond with haste. I'm not especially keen on waiting.  

With love,
Captain Briar","Моя королева — я получила это письмо две ночи назад. Я назначаю дополнительный отряд Сияющего Клинка в ваши личные покои, пока не опознаю отправителя (леди Сироа также запросила дополнительную охрану для своих инженеров, я согласилась). Я никогда не слышала об этом «капитане Брайаре», но если они знают о Стражах... у нас может быть утечка.

Я бы посоветовала пока не впутывать Логана. Я соберу всё, что смогу.

Леди Аниз

...

Дорогая, о... как же тебя звали? Алиса? Дай-ка я возьму свои записи —

Давай начнём заново.

Дорогая Аниз,

Я пишу вам сегодня с величайшей срочностью. Погода ужасная, и птицы отказываются петь. Я также прослышал, что Её Величество работает с королевскими инженерами над чем-то особенно... захватывающим.

Стражи — о, не впадайте в истерику из-за того, что я знаю об их существовании — это чудо, на которое стоит посмотреть! Я хотел вежливо спросить, прежде чем прибегать к более крайним мерам, но я хочу разыграть свои карты в этой игре. Наше положение может не совпадать, но наша цель — да. Я просто готов испачкать руки.

Ответьте поскорее. Я не особенно горю желанием ждать.

С любовью,
Капитан Брайар"
"My dearest Winter Sky,  
  
Not a day has passed since I saw you last when I have not thought of you. On cold, clear nights, I stare up at the sky and wonder where you are. And when the flowers are in bloom, I think of the days of our hunt, following tracks through the blossoming arrowleaf.  
  
Life here continues as always. I am still making medicine for the village and helping my mother keep things in order. We have not seen another famine in a long while now. I am often lonely here, but I am well.  
  
I hope that you are eating enough and staying warm and that you always find your prey. I hope that the cold winds cannot find you and that your head finds easy rest each night. And I hope that you will stay well until the day I find you again.  
  
Forever yours,
Flowering Meadow","Моё дорогое Зимнее Небо,  
  
Не прошло и дня с нашей последней встречи, чтобы я не думал о тебе. Холодными, ясными ночами я смотрю в небо и гадаю, где ты. А когда цветы распускаются, я вспоминаю дни нашей охоты, когда мы шли по следам сквозь цветущий стрелолист.  
  
Жизнь здесь идёт своим чередом. Я всё ещё делаю лекарства для деревни и помогаю матери поддерживать порядок. У нас давно не было голода. Мне здесь часто одиноко, но я в порядке.  
  
Надеюсь, ты достаточно ешь и согреваешься, и что ты всегда находишь свою добычу. Надеюсь, холодные ветры не могут тебя найти и твоя голова каждую ночь находит лёгкий отдых. И надеюсь, ты будешь в порядке до того дня, когда я снова тебя найду.  
  
Навеки твой,
Цветущий Луг"
"My esteemed friend, I've had a breakthrough with the Kralkatite. It was only a matter of time, and it happened. We can upgrade the Astralarium to infuse energy into vision crystals!

We'll need quite a few specialized mirrors. Do me a favor—take these notes to Ouissal in the Sunspear Base. She designs various telescope components and should—I think—be able to make mirrors for us.

—Researcher Yasna
PS: Congratulations on your new astral weapon.","Досточтимый друг, у меня прорыв с кралькатитом. Это был лишь вопрос времени — и вот случилось. Мы можем улучшить Астралариум, чтобы напитывать энергией кристаллы видения!

Нам понадобится изрядно особых зеркал. Сделай одолжение — отнеси эти записи Уиссаль на Базе Солнечных Копий. Она проектирует разные части телескопов и, думаю, сможет изготовить для нас зеркала.

—Researcher Yasna
Р.S. Поздравляю с новым астральным оружием."
"My love,

Do you remember when we first met? You were painting the view of Panjiang in bloom. I waited and watched you work your magic on the canvas. It must have been hours. I was entranced.

When I finally worked up the courage to call out to you, you jumped so hard that a streak of blue whipped right across all your hard work. You were so mad. Your soul so beautiful.

Did you know I was going to propose before you did? I was going to take you back to that spot. That same place on the peninsula. I had it all planned...and then you dashed all my expectations. I really should have known.

You've always been the one to challenge me in taking leaps. You have such fire in you.

And then, seven years later, you gave me the greatest gift of all. A daughter. Lan. My favorite little bug.

Lan, you are so amazing. So intelligent. Witty, and funny, and cute. And a brat. Even if you hate being called out on it.

You're already growing up to be such an incredible person. You can be whoever you want to be.

You have your ma's same fiery soul. Don't let that fire burn out. Either of you. Don't let the world dim your light.

Find your passion, and follow it.

I don't want either of you to worry. Hyo-Sonn is a good woman. Trust her. She took care of me. You all take care of each other.

You gave me a life worth living. You brought me so much joy. So much love. So many happy memories.

You were my heart.

You will always be my world.

I love you.

—Bo","Моя любовь,

Помнишь, когда мы встретились впервые? Ты рисовала вид на цветущий Паньцзян. Я ждал и смотрел, как ты творишь волшебство на холсте. Прошло, должно быть, несколько часов. Я был очарован.

Когда я наконец набрался смелости окликнуть тебя, ты так вздрогнула, что синяя полоса прорезала всю твою работу. Ты была так зла. Твоя душа так прекрасна.

Знала ли ты, что я собирался сделать предложение до того, как это сделала ты? Я собирался отвезти тебя обратно на то место. То же место на полуострове. У меня всё было спланировано... а потом ты разрушила все мои ожидания. Я действительно должен был догадаться.

Ты всегда была той, кто подталкивал меня к решительным шагам. В тебе столько огня.

А затем, семь лет спустя, ты подарила мне величайший дар. Дочь. Лан. Мой любимый маленький жучок.

Лан, ты такая удивительная. Такая умная. Остроумная, забавная и милая. И проказница. Даже если ты ненавидишь, когда тебя в этом упрекают.

Ты уже вырастаешь в такого невероятного человека. Ты можешь быть кем захочешь.

У тебя такая же пламенная душа, как у твоей мамы. Не дайте этому огню погаснуть. Ни одна из вас. Не позволяйте миру приглушить ваш свет.

Найди свою страсть и следуй за ней.

Я не хочу, чтобы вы волновались. Хё-Сон — хорошая женщина. Доверяйте ей. Она заботилась обо мне. Заботьтесь друг о друге.

Вы подарили мне жизнь, достойную того, чтобы жить. Вы принесли мне столько радости. Столько любви. Столько счастливых воспоминаний.

Вы были моим сердцем.

Вы всегда будете моим миром.

Я люблю вас.

—Бо"
"My name is Erik Mathison. I'm writing to you with an offer that may prove quite lucrative for you.

Years ago, my ancestor Olaf Olafson locked our family's valuables away inside a vault at an unknown location. He secured them with a sword he had enchanted as a key. Unfortunately, the sword has since fallen out of my family's possession. And this where you come in, Commander.

If you can help me locate my family's lost heirlooms, I'll repay you with a portion of our treasure. Though I must warn you, several uncommissioned ""treasure hunters"" (or no-good looters, as I like to call them) have taken it upon themselves to try and steal our valuables. Whatever you do, don't let them get their grubby hands on my family's belongings!

Best of luck in your search,
Erik","Меня зовут Эрик Мэтисон. Я пишу вам с предложением, которое может оказаться весьма прибыльным для вас.

Много лет назад мой предок Олаф Олафсон запер семейные ценности в хранилище в неизвестном месте. Он защитил их мечом, который зачаровал как ключ. К сожалению, с тех пор меч выпал из владения моей семьи. И вот тут вступаете вы, Командир.

Если вы поможете мне найти утерянные семейные реликвии, я отплачу вам частью нашего сокровища. Но должен предупредить: несколько нелицензированных «охотников за сокровищами» (или никчёмных мародёров, как я их называю) взяли на себя смелость попытаться украсть наши ценности. Что бы вы ни делали, не позволяйте их грязным рукам добраться до имущества моей семьи!

Удачи в поисках,
Эрик"
"My sources report that your actions at Malxa Pyronetics have stalled the Inquest's weapons development program by several months. The leaders at the Infinite Coil Reactor are furious with Malxa's new testing projections and are demanding answers. Your efforts in this endeavor are much appreciated.

—Lightbringer Krentch","Мои источники доносят, что твои действия в «Малкса Пиронетикс» затормозили программу разработки оружия Инквеста на несколько месяцев. Руководство Реактора Бесконечного Кольца в бешенстве от новых сроков испытаний Малксы и требует ответов. Твои усилия в этом деле весьма ценны.

—Светоносец Крентч"
Nichts dagegen!,Ничего против!
"Not much time left now until the final assault. It feels good to be here for it—to be the tip of the spear and see with my own eyes that our work is done. I've learned a lot here that I can take back as well, to improve the way we do things.  
  
We're securing Tyria's future; that's the important thing. But as we approach our last battle in Nayos, my thoughts return always to Mabon and what they did to him. He would have cautioned against revenge, but it can serve a purpose. The vengeance we earn today prevents another evil tomorrow. For all the people he protected without them ever knowing it, he deserves to be avenged, at least.  

I was just a snot-nosed lowlife when he brought me in, but he saw something in me, like he saw something in all of us. Now, these young soldiers look up at me with wide eyes like they see it, too. Maybe he was right. Everything I do—everything I become—is because of him. I wish I would have told him that. I just hope I made him proud.","Осталось не так много времени до последнего штурма. Приятно быть здесь ради этого — быть остриём копья и своими глазами видеть, что наша работа завершена. Я многое здесь узнал, что смогу забрать с собой, чтобы улучшить наши методы.

Мы обеспечиваем будущее Тирии; это главное. Но когда мы приближаемся к нашей последней битве в Найосе, мои мысли постоянно возвращаются к Мабону и тому, что они с ним сделали. Он бы предостерегал от мести, но она может служить цели. Месть, которую мы заслуживаем сегодня, предотвращает другое зло завтра. Ради всех людей, которых он защищал, даже не зная об этом, он, по крайней мере, заслуживает отмщения.

Я был просто сопливым отбросом, когда он взял меня под крыло, но он разглядел во мне что-то, как разглядывал во всех нас. Теперь эти молодые солдаты смотрят на меня широко раскрытыми глазами, будто тоже видят это. Возможно, он был прав. Всё, что я делаю — всё, кем я становлюсь — благодаря ему. Хотел бы я сказать ему это. Надеюсь, я оправдал его ожидания."
"Not so fast, %str1%! I want you to burn this into your brain: to dodge roll, double-tap your movement keys. Now, drop what you're doing and give me a dodge roll!

Yeah! That's what I'm talkin' about. Never forget it, and even the smoothest of adversaries will fall before you.

—Hroulan","Не так быстро, %str1%! Я хочу, чтобы ты вбил это себе в голову: чтобы сделать кувырок уклонения, дважды нажми клавиши движения. А теперь брось всё и покажи мне кувырок уклонения!

Да! Вот это я понимаю. Никогда не забывай это, и даже самые ловкие противники падут перед тобой.

—Хроулан"
"Now look to the <c=@Quest>right</c>.

Reminder: Drag the mouse while holding down the right mouse button.","Теперь смотрите <c=@Quest>вправо</c>.

Напоминание: перетаскивайте мышь, удерживая правую кнопку мыши."
"Obstacles to customize your guild hall arena.
Items in the Arena category can only be used as obstacles in the owning guild's arena. Spend items by talking to the Obstacle Coordinator in the arena.","Препятствия для настройки арены гильдии.
Предметы из категории «Арена» можно использовать только как препятствия на арене гильдии-владельца. Потратьте предметы, поговорив с координатором препятствий на арене."
"Obtained by fighting enemies with the Essence of Vigilance and picking up their essence, which grants fury, endurance, and swiftness.

Build 30 stacks to gain increased magic find, bonus rewards, and a 75%% chance to steal life on critical hits to enemies with the Essence of Resilience for 30 minutes.","Получается в бою с врагами, обладающими Эссенцией Бдительности, и при сборе их эссенции, которая даёт ярость, выносливость и быстроту.

Накопите 30 единиц эффекта, чтобы получить повышенный шанс обнаружения магических предметов, дополнительные награды и 75%%-й шанс кражи здоровья при критических ударах по врагам в течение 30 минут с помощью «Эссенции стойкости»."
"Obtained from druids in exchange for druid stones.
This item only has value as part of a collection.","Получено от друидов в обмен на камни друидов.
Этот предмет имеет ценность только как часть коллекции."
"Of all places to build a base, the Arcane Eye chose here. Just who are they keeping an eye on? Tourists? It is still odd seeing these people live out their lives. Somehow it feels wrong to be watching them like this. A total violation of privacy... But this might be my bias talking. Before I left Rata Sum, they considered me a battery without any juice. Well, I feel the same about them.  

I don't know what Isgarren is hoping to achieve with these fractals, but it's got to be benevolent, right? Maybe Mabon could put my mind at ease about this... It all just seems so surreal to be the one watching.","Из всех мест для базы Око Тайн выбрало именно это. За кем же они следят? За туристами? Всё ещё странно видеть, как эти люди живут своей жизнью. Почему-то кажется неправильным наблюдать за ними вот так. Полное нарушение приватности... Но, возможно, это моё предубеждение. До того как я покинул Рата-Сум, они считали меня батарейкой без заряда. Что ж, я чувствую то же самое по отношению к ним.  

Я не знаю, чего Исгаррен надеется достичь с помощью этих фракталов, но это должно быть во благо, верно? Может, Мабон смог бы успокоить меня на этот счёт... Всё это кажется таким сюрреалистичным — быть тем, кто наблюдает."
"Officers of Luxon, Kurzick, and Tengu backgrounds:

The Ministry of Security Public Relations team is looking for volunteers to promote MinSec as a safe and diverse workplace.

Please contact Hei Ryung in the Press Office for more information.","Офицеры из числа лукзонов, курзиков и тенгу:

Отдел по связям с общественностью Министерства безопасности ищет добровольцев для продвижения МинБеза как безопасного и разнообразного рабочего места.

Пожалуйста, свяжитесь с Хей Рюнг в пресс-службе для получения дополнительной информации."
"On behalf of Queen Jennah of Kryta, and the Captain's Council of Lion's Arch, you are cordially invited to participate in the return of the Festival of the Four Winds!

High atop the Labyrinthine Cliffs, our Zephyrite friends have been working in tandem with Lion's Arch to host an incredible variety of fun vendors and events to entertain visitors from all across Tyria. This celebration of unity and peace between our cultures is more important than ever before, and we hope that you will join us in the festivities.

In this spirit of cooperation, Queen Jennah has personally overseen the reopening of the Crown Pavilion, featuring a variety of challenges both new and old for Tyria's finest to test their mettle!

Transportation to the festivities couldn't be easier! Special hot air balloons are now stationed in each nation's capital city. Visitors can also sail directly from the ship from Lion's Arch.

We look forward to seeing you at the festival!

— Captain Ellen Kiel","От имени королевы Дженны Крийской и Капитанского совета Lion's Arch вы сердечно приглашены принять участие в возвращении Фестиваля Четырёх Ветров!

Высоко на Лабиринтовых Утёсах наши друзья-зефириты работают совместно с Lion's Arch, чтобы организовать невероятное разнообразие весёлых торговцев и событий для развлечения гостей со всей Тирии. Это празднование единства и мира между нашими культурами сейчас важнее, чем когда-либо, и мы надеемся, что вы присоединитесь к нам на празднике.

В духе сотрудничества Queen Jennah лично курировала открытие Коронного Павильона, где представлены разнообразные испытания, как новые, так и старые, чтобы лучшие из Тирии могли проверить свою доблесть!

Добраться до праздника проще простого! Специальные воздушные шары теперь находятся в столицах каждой нации. Посетители также могут отправиться прямо на корабле из Lion's Arch.

С нетерпением ждём встречи с вами на фестивале!

— Капитан Эллен Кил"
Onglet de ramassage,Вкладка подбора
"Open to choose a new weapon skin to unlock for your account.,
<c=@Flavor>A gift from an unknown friend across the seas, in hopes that you will be a useful ally.</c>","Откройте, чтобы выбрать новый облик оружия для разблокировки на своей учётной записи.,
<c=@Flavor>Подарок от незнакомого друга из-за морей, в надежде, что вы станете полезным союзником.</c>"
Orson,Orson
"Our records indicate that you acquired a Wings of Love glider skin from us at some point in the past. We recently released a matching backpack skin and would like to offer you one at no additional cost to help complete your set. To pick up your free Wings of Love Backpack Skin, please visit any Black Lion Exchange Specialist and look for it under the Gliders tab. Enjoy!

—Black Lion Trading Company","Наши записи показывают, что вы когда-то приобрели у нас глайдер «Крылья любви». Недавно мы выпустили подходящий рюкзак и хотели бы предложить вам его бесплатно, чтобы завершить ваш набор. Чтобы получить бесплатный рюкзак «Крылья любви», посетите любого специалиста по обмену Black Lion и найдите его во вкладке «Глайдеры». Наслаждайтесь!

—Торговая компания «Black Lion»"
"Over the last few years, I wrote her eight letters trying to explain where I was and why I couldn't come home. Eight letters. I think the seventh one was the best, but it doesn't really matter in the end.

I just keep thinking about what Isgarren always says: that our gift to Tyria is both protecting them from threats and from the knowledge of how much danger they've been in. How much danger she's been in.

I never sent those letters. I think that's probably for the best.

—Rift Hunter Baribeau","За последние несколько лет я написал ей восемь писем, пытаясь объяснить, где я был и почему не мог вернуться домой. Восемь писем. Думаю, седьмое было лучшим, но в конце концов это не имеет значения.

Я всё думаю о том, что всегда говорит Исгаррен: наш дар Тирии заключается в том, чтобы защищать их как от угроз, так и от знания того, насколько велика была опасность. Насколько велика была опасность для неё.

Я так и не отправил те письма. Думаю, так лучше.

— Охотник за разломами Барибо"
"Overseer, I can only offer my apologies—what the director sees in the principal biomancer is beyond me, but there's no doubting the cruelty to which we would be subjected should he become aware of our information-sharing arrangement.  
  
As far as his experiments are concerned, Sebb has been requesting a number of artifacts from the dig sites inland. What he intends with said artifacts, I have been unable to discover. But it seems he has acquired enough of the objects to satisfy whatever hypothesis he intends to test.   
  
Again, I do very much appreciate your discretion and your willingness to indulge our ""paranoia"" with regard to the unconventional nature of these dead-drop locations.","Надзиратель, я могу лишь принести свои извинения — что директор находит в главном биоманте, уму непостижимо, но нет сомнений в жестокости, которой мы подвергнемся, если он узнает о нашем обмене информацией.  
  
Что касается его экспериментов, Себб запрашивал ряд артефактов с раскопок в глубине материка. Что он намерен делать с этими артефактами, мне выяснить не удалось. Но, похоже, он собрал достаточно предметов, чтобы проверить любую гипотезу, которую собирается проверить.   
  
Ещё раз, я очень ценю вашу осмотрительность и готовность потакать нашей ""паранойе"" в отношении нетрадиционного характера этих мест тайников."
"POTENTIAL STUDY—MIST RIFTS

*Ask Taimi about data readings.

How far do rifts travel? How long does travel take?

DEADLY? Unknown. Must research further.

Does one age while in a rift? Does one experience hunger?

**Side note. Make preparations for Gorrik's birthday party.","ПОТЕНЦИАЛЬНОЕ ИССЛЕДОВАНИЕ — РАЗЛОМЫ БЕЗДНЫ

*Спросить у Тайми о показаниях приборов.

Как далеко путешествуют разломы? Сколько времени занимает путь?

СМЕРТЕЛЬНО? Неизвестно. Нужно изучить далее.

Стареют ли внутри разлома? Чувствуют ли голод?

**Пометка. Подготовиться ко дню рождения Горрика."
"Participate in %num2% event[s] in the Fields of Ruin, Blazeridge Steppes, Lornar's Pass, Dredgehaunt Cliffs, or the Harathi Hinterlands.

<c=@reminder>You can find events while exploring the world. Events in progress are marked by an orange circle on your map when you're nearby.</c>","Участвуйте в %num2% [событии|событиях|событиях] в Пустошах Руин, Равнинах Блейзерриджа, Проходе Лорнара, Dredgehaunt Cliffs или Харатиских Заземьях.

<c=@reminder>Вы можете найти события, исследуя мир. Идющие события отмечены оранжевым кружком на карте, когда вы находитесь рядом.</c>"
"Participate in %num2% event[s].

<c=@reminder>You can find events while exploring the world. Events are marked by an orange circle on your map when you're nearby.</c>","Участвуй в %num2% [событии|событиях|событиях].

<c=@reminder>События можно найти, исследуя мир. На карте они обозначаются оранжевым кружком, когда вы находитесь поблизости.</c>"
Performances du jeu,Производительность игры
"Personal reading material of salacious nature is not suitable for the workplace environment!

—Senior Office Administrator Chang Lihua","Личные материалы для чтения непристойного содержания не подходят для рабочей обстановки!

—Старший администратор Чан Лихуа"
"Picaroon Scratch
Contested
Skritt Tunnels Closed","Пикарун Скрэтч
Оспаривается
Туннели скриттов закрыты"
Piedad acerada,Стальная жалость
Porte Astral,Порт Астрал
"Project Omega: Post-Mortem  
by Head Researcher Skala  
  
Director Kuda has taken full control over all Inquest operations in Eternity's Garden after former Director Vloxx supposedly turned against the Inquest during his operation at the Spire of Exaltation to the north of our position. Given the fluidity of the current situation, I am writing this report to serve both as my final report on Project Omega as well as my official letter of resignation from the Inquest, effective immediately.  
  
**Conclusions**  
Project Omega was, by the reckoning of our speculated project outcomes, a resounding success. Our three surviving subjects attained powers and abilities far beyond that of an ordinary asura. Yet, the project has been rife with red flags. From shoddy quality control and wasted time on redundant analyses to unclear objectives and goal setting from leadership across the board, Project Omega has been nothing short of a researcher's nightmare.  
  
Director Kuda may not be pleased with these findings, but even she cannot deny that her three ""champions"" were neither well-suited nor even-tempered enough to handle the levels of power that they have been given.  
  
Whoever finds this, give my regards to the director, but remind her that Skala is nobody's ""underling.""  
  
I do not expect anyone will find me.","Проект «Омега»: Посмертный анализ  
Главный исследователь Скала  
  
Director Kuda взяла полный контроль над всеми операциями Инквеста в Саду Вечности после того, как бывший директор Влоккс якобы выступил против Инквеста во время своей операции на Шпиле Вознесения к северу от нашей позиции. Учитывая нестабильность текущей ситуации, я пишу этот отчёт, который послужит как моим последним отчётом по Проекту «Омега», так и моим официальным заявлением об уходе из Инквеста, вступающим в силу немедленно.  
  
**Выводы**  
Проект «Омега», по оценке наших предполагаемых результатов, был оглушительным успехом. Три наших выживших субъекта обрели силы и способности, далеко превосходящие обычного асура. Однако проект был полон тревожных сигналов. От плохого контроля качества и потраченного времени на избыточный анализ до неясных целей и постановки задач со стороны руководства — Проект «Омега» был не чем иным, как кошмаром исследователя.  
  
Директор Куда может быть недовольна этими выводами, но даже она не может отрицать, что её три «чемпиона» не были ни подходящими, ни достаточно уравновешенными, чтобы справиться с уровнями силы, которые им были даны.  
  
Кто бы ни нашёл это, передайте мои наилучшие пожелания директору, но напомните ей, что Скала — ничей «подчинённый».  
  
Я не ожидаю, что кто-нибудь меня найдёт."
Pruebas beta,Бета-тестирование
"Purchase the Polychromatic Armor set from Deft Lahar in your homestead.
Unlocking one skin's weight unlocks the other weights' skins.","Приобретите комплект брони «Полихроматический» у Дефта Лахара в своей резиденции.
Разблокировка одного варианта внешнего вида разблокирует и другие варианты для этой же модели."
Quemazarcillos: plata,Quemazarcillos: серебро
"Quivering Warmth jammed the tip of her spear into the training dummy, almost yelling out in frustration in the process. It felt good to work out some of her anger. And she had a lot to be angry about, with her ex-boyfriend Devious Weasel trying to get her in trouble with the local Claw.  
  
And then there was that strange newcomer, Rigid Branch... She gripped tighter onto the length of the spear shaft, thinking of those big paws of his. All of these other bearkin sent her into torpor, but that one...  
  
A spear whipped past her, planting itself into the dummy's head and snapping her out of her thoughts. She looked back to see Rigid Branch approaching, holding another spear in his hand already. ""Wow,"" she thought, staring at it. ""That's the biggest spear I've ever seen. Is that why they call him Rigid Branch?""  
  
Quivering Warmth remained frozen, overwhelmed by the moment, as Rigid Branch came over and pulled out the embedded spear. ""Already in torpor, you are,"" he teased. She shook her head at him, flustered.  
  
""You'll never get the job done, gripping it like that,"" he continued, his paws touching hers. He loosened her grip, transferring her paws over to the longer spear. He stood behind her, setting her feet, showing her how to position for maximum effectiveness.  
  
As his big strong paws wrapped around hers, she couldn't help but wonder if there might be a different reason they called him Rigid Branch.","Дрожащее Тепло вонзила наконечник своего копья в тренировочное чучело, почти выкрикивая от разочарования. Было приятно выплеснуть часть гнева. А злиться ей было на что: её бывший парень Коварный Хорек пытался подставить её перед местным Когтем. 
  
А ещё был этот странный новичок, Жесткая Ветвь... Она крепче сжала древко копья, думая о его больших лапах. Все остальные медведи-люди вгоняли её в ступор, но этот... 
  
Мимо неё просвистело копьё, вонзившись в голову чучела и вырвав её из раздумий. Она обернулась и увидела приближающегося Жесткую Ветвь, уже держащего в руке другое копьё. «Ого, — подумала она, глядя на него. — Это самое большое копьё, которое я когда-либо видела. Поэтому его и называют Жесткой Ветвью?» 
  
Дрожащее Тепло застыла, ошеломленная моментом, пока Жесткая Ветвь подошёл и вытащил вонзившееся копьё. «Ты уже в ступоре», — поддразнил он. Она смущенно покачала головой. 
  
«Ты никогда не справишься, сжимая его так», — продолжил он, его лапы коснулись её. Он ослабил её хватку, переместив её лапы на более длинное копьё. Он встал позади неё, поставив её ноги, показывая, как расположиться для максимальной эффективности. 
  
Когда его большие сильные лапы обхватили её, она не могла не задаться вопросом, не было ли другой причины, по которой его называли Жесткой Ветвью."
"Ragna teases me whenever we drink. ""You do it so carefully, Wurmsbearer."" She'd down a keg just to make a point, if she weren't carrying. A daughter, she thinks. Eir sent a number of herbal mixtures that aided her ahead of young Braham's birth, but Na misses ale.  
  
Sejm and I are getting ready to travel far north to Saldistead once spring arrives; the storm is too brutal to cross now (and more importantly, I'd rather not encounter those beasts with cold feet). They've grown apart from us, our people. Knut is worried what they'll do in isolation.  
  
For now, we fortify. Come winter, we'll have one more belly to keep full. A smaller one, but game is less bountiful on this side of the Shiverpeaks nonetheless. We all miss Hoelbrak.","Рагна дразнит меня всякий раз, когда мы пьём. «Ты делаешь это так осторожно, Носительница Червей». Она бы осушила бочку просто ради принципа, если бы не была беременна. Она думает, что будет дочь. Эйр прислала несколько травяных смесей, которые помогали ей до рождения юного Брама, но На скучает по элю.
  
Мы с Сеймом готовимся отправиться далеко на север, в Салдистед, как только наступит весна; буря сейчас слишком сильна, чтобы переходить её (и, что важнее, я бы предпочла не встречаться с теми тварями, дрожа от холода). Они отдалились от нас, наши люди. Нут беспокоится, что они натворят в изоляции.
  
А пока мы укрепляемся. К зиме у нас будет ещё один рот, который нужно кормить. Поменьше, но дичь здесь, по эту сторону Ледяных пиков, всё равно не так обильна. Мы все скучаем по Хельбрэку."
"Readings from the last two weeks have indicated a 3.59%% decrease in overall power output, 0.52%% lower than previously estimated. Indications seem to confirm Engineer Hu's hypothesis that, despite corporate's assurance that these findings are within tolerance, the truth is more complicated than they would have us believe.

The question we must put before the committee is whether we need to get the Ministry of Energy involved. I am well aware of the political ramifications—and Lady Joon's explicit instructions—but are we really going to continue to ignore the facts?

(Handwritten on the bottom of the page is a note.)

Sun, don't be overly dramatic! Not only is it unwise to question company policy, but your catastrophizing is only going to hurt morale.","Показания за последние две недели указывают на снижение общей выходной мощности на 3,59%%, что на 0,52%% ниже предыдущих оценок. Показания, похоже, подтверждают гипотезу инженера Ху о том, что, несмотря на заверения руководства о том, что эти результаты находятся в пределах допуска, истина сложнее, чем они хотят нам внушить.

Вопрос, который мы должны поставить перед комитетом, заключается в том, нужно ли нам привлекать Министерство энергетики. Я прекрасно осознаю политические последствия — и прямые указания леди Джун — но неужели мы и дальше будем игнорировать факты?

(Внизу страницы написано от руки примечание.)

Сан, не драматизируй! Мало того, что подвергать сомнению политику компании неразумно, так ещё и твоя катастрофизация только подорвёт моральный дух."
"Receive at least 5 research notes, most of the time.

<c=#Flavor>Imagine making an item just to destroy it. Just give it to me!</c>","Получайте не менее 5 исследовательских заметок большую часть времени.

<c=#Flavor>Представьте, что вы создаете предмет только для того, чтобы уничтожить его. Просто отдайте его мне!</c>"
Recogida,Сбор
"Recommended fishing power: %num1%
Your fishing power: %num2%

This fishing location is expert-level difficulty.

<c=@reminder>Increasing your fishing power can make fishing at this location easier. </c>","Рекомендуемая сила рыбалки: %num1%
Ваша сила рыбалки: %num2%

Это место для рыбалки имеет уровень сложности «Эксперт».

<c=@reminder>Увеличение силы рыбалки может облегчить рыбалку в этом месте. </c>"
"Recruit,

General Almorra Soulkeeper has issued orders to rendezvous at the Vigil Headquarters in Lion's Arch. There, I'll brief you on the directives for your first mission: assisting me with a difficulty at the fortress of Ebonhawke. The General's taken a personal interest in you. I trust you'll live up to her expectations.

Welcome to the Vigil.

—Warmaster Forgal Kernsson","Рекрут,

Генерал Алморра Хранительница Душ отдала приказ встретиться в штабе Дозора в Lion's Arch. Там я ознакомлю вас с указаниями для вашего первого задания: помощь мне в решении проблемы в крепости Эбонхок. Генерал проявила к вам личный интерес. Я доверяю, что вы оправдаете её ожидания.

Добро пожаловать в Дозор.

—Военачальник Forgal Kernsson"
"Red Orchid,

I would like you to venture into Old Kaineng; pick up where Akma left off. We have every reason to believe that the Risen corruption can be traced back to a singular point but are unsure of its whereabouts. With that information in tow, we may be able to wield it. Consume it.

There may we find a way into Raisu Palace and release whatever malady hides inside into the rest of ""New"" Kaineng. Let it rip them apart so we can rebuild.

I'd like to keep this between us, for now. The others are occupied steering their Ministries. We need them to remain focused and astute. I fear Ihn is going to take an...unprecedented action in the days to come. I do not want you to fear, but I want you to be swift.

Regards,
White Falcon","Красная Орхидея,

Я хочу, чтобы ты отправился в Старый Кайненг; продолжил с того места, где остановилась Акма. У нас есть все основания полагать, что порча Восставших может быть прослежена до единой точки, но мы не уверены в её местонахождении. Имея эту информацию, мы сможем использовать её. Поглотить её.

Там мы сможем найти путь во дворец Райсу и выпустить болезнь, скрывающуюся внутри, на остальную часть ""Нового"" Кайненга. Пусть она разорвёт их на части, чтобы мы могли отстроиться заново.

Я хотел бы сохранить это между нами, пока что. Другие заняты управлением своими министерствами. Нам нужно, чтобы они оставались сосредоточенными и проницательными. Боюсь, Ин собирается предпринять... беспрецедентные действия в ближайшие дни. Я не хочу, чтобы ты боялся, но я хочу, чтобы ты был быстр.

С уважением,
Белый Сокол"
"Renown Item,
Deposit into food baskets to help the Makali community of the Desert Highlands.,
<c=@Flavor>Despite the hardscrabble nature of nomadic life, the generosity on display is immense.</c>","Предмет известности,
Положите в корзины с едой, чтобы помочь общине макали в Пустынных нагорьях.,
<c=@Flavor>Несмотря на суровость кочевой жизни, щедрость здесь огромна.</c>"
"Renyak,  
  
I hope you are well, but unfortunately I'm writing with a knife to my throat.  
  
Sentius informed us that some adversary named ""B"" is having us march on Cragstead; a small village just outside of Hoelbrak. I haven't met such a character myself, but Sentius and Falx are...shaken by B's sway. They're already facing enough pushback from the dredge for treating their women with ""disrespect,"" so we're taking a slightly more diplomatic route. I will be leading the charge while they remain in the war room.  
  
When the place is burned to a crisp, I will deliver the supplies you called for. I must say, whatever experiment they have you working on that requires that much Deldrimor steel... Well, it's going to take multiple trips to deliver it all. It better be worth the trip.  
  
Go with the might of a rock, the will of steel.  
  
Your brother, Caros","Реняк,  
  
Надеюсь, у тебя всё хорошо, но, к сожалению, я пишу с ножом у горла.  
  
Сентий сообщил нам, что некий противник по имени ""Б"" заставляет нас двинуться на Крэгстед — маленькую деревушку неподалёку от Хоэлбрака. Я сам не встречался с таким персонажем, но Сентий и Фалькс... потрясены влиянием Б. Они уже сталкиваются с достаточным сопротивлением со стороны землероев из-за ""неуважительного"" обращения с их женщинами, так что мы выбрали чуть более дипломатичный путь. Я поведу наступление, пока они остаются в штабе.  
  
Когда поселение догорит дотла, я доставлю припасы, которые ты запрашивал. Должен сказать, какой бы эксперимент они ни заставили тебя проводить, требующий столько делдриморовской стали... Что ж, чтобы доставить всё это, потребуется несколько рейсов. Надеюсь, оно того стоит.  
  
Иди с могуществом скалы и волей стали.  
  
Твой брат, Карос"
"Requires completion of these achievements to purchase:
• This Far, No Further 
• Defending History, Informing the Future","Требуется завершение этих достижений для покупки:
• Дальше некуда
• Защищая историю, формируя будущее"
"Return essence to base camp or a projection of Distant Memory to increase synchronization and help dispel Frozen Soil. 

Carrying essence sacrifices health for increased offensive power. Your warclaw will receive a significant speed boost while holding the maximum amount of stacks.","Верните эссенцию на базовый лагерь или проекцию Далекой памяти, чтобы увеличить синхронизацию и помочь рассеять Промерзлую почву. 

Переноска эссенции заменяет защиту на повышенную атакующую мощь. Ваш боевой коготь получит значительное ускорение, пока вы несете максимальное количество зарядов."
"Return these to Awakened Servant Tooraj near the Vehjin Mines.
<c=@Flavor>As Awakened age, having physical reminders of their origins and history becomes increasingly important.</c><br>Renown Item","Верните их пробужденному слуге Тооражу возле шахт Веджин.
<c=@Flavor>С возрастом пробужденные начинают все больше ценить физические напоминания о своем происхождении и истории.</c><br>Предмет славы"
"Revive %num2% ally[pl:""allies""].

<c=@reminder>Downed or defeated players and allies can be revived by approaching and interacting with them to restore their health. Multiple people can revive the same ally at once to restore health faster.</c>","Возродите %num2% [союзника|союзника|союзников].

<c=@reminder>Падших или поверженных игроков и союзников можно возродить, подойдя к ним и взаимодействуя с ними для восстановления здоровья. Несколько человек могут одновременно возрождать одного союзника, чтобы быстрее восстановить его здоровье.</c>"
Ritualisten-Training – 2. Teil,"Ритуалы: обучение, часть 2."
"Rodion was the largest charr I'd ever seen, even before that dredge finished the transfusion.  Prior to the Alliance, he made all of us look weak. Gaheron held Rodion's strength above all else. He could have been our next imperator, but now...now I don't even recognize him.  
  
The procedure took three days. We didn't even think he was going to make it after enduring that much blood loss, but when he woke up...his blood ran blue. The crimson ember that ran through his veins like magma, now icy and cold. Gaheron is probably moving mountains in the Mists out of spite.  
  
I'm scared. What are we doing here? Vastya is already looking for more candidates, and I will not be first in line.","Родион был самым крупным чарром, которого я когда-либо видел, ещё до того, как эти дредж завершили переливание. До Альянса он заставлял всех нас чувствовать себя слабыми. Гахерон ставил силу Родиона превыше всего. Он мог стать нашим следующим императором, но теперь... теперь я его даже не узнаю.  
  
Процедура заняла три дня. Мы даже не думали, что он выживет после такой потери крови, но когда он очнулся... его кровь стала голубой. Багровый уголёк, что бежал по его венам, словно магма, теперь ледяной и холодный. Гахерон, наверное, от злости горы в Туманных землях ворочает.  
  
Мне страшно. Что мы здесь делаем? Вастья уже ищет новых кандидатов, и я не буду первым в очереди."
"Rustbane,

This rat infestation is out of hand. Do NOT let those critters get into the food supply, and don't hesitate to exterminate them if they come into Hullgarden—they're obviously infected with some kind of plague. This is the last thing we need! As if it wasn't hard enough to gather food and survive around here...

Do your best, and I'll see if I can rustle up some help for you. Somebody needs to figure out where these damned things are coming from! Didn't you say you had some thoughts about that?

—Osborne","Ржаворуб,

Это крысиное нашествие вышло из-под контроля. НЕ дай этим тварям добраться до запасов еды и, если они полезут в Халгардин, не медли — истребляй: они явно заражены какой-то чумой. Только этого нам не хватало! Будто и без того легко добывать еду и выживать в этих краях...

Делай что можешь, а я попробую раздобыть тебе подмогу. Кто-то должен выяснить, откуда лезут эти проклятые твари! Ты вроде говорил, что у тебя есть соображения на этот счёт?

—Осборн"
"Salutations,

From what I hear, the talks at Summit Peak are going well. The Separatists and Renegades are still trying their best to cause trouble, but we've been able to keep them in check on our front. Of course, that wouldn't have been possible without the strength and resourcefulness you displayed on The Siege Plains. I hope this letter finds you well and that your success here encourages you to continue in kind.

—Lieutenant Marrel","Приветствую,

Судя по тому, что я слышу, переговоры на Вершинном Пике идут хорошо. Сепаратисты и Отступники по-прежнему изо всех сил стараются напакостить, но на нашем участке мы держим их в узде. Разумеется, без силы и находчивости, что вы проявили на Осадных Равнинах, это было бы невозможно. Надеюсь, письмо застанет вас в добром здравии и что здешний успех вдохновит вас продолжать в том же духе.

—Lieutenant Marrel"
"Salutations, adventurer! Across Tyria, many have heard of the terror of the Molten Alliance that plagued the northlands—and now, a new opportunity has come to let you revisit their downfall firsthand!

That's right, in the Consortium's proprietary Fractals of the Mists, you can relive pivotal moments in Tyria's history within Mists-based simulacrum environments*. Accompany up-and-coming heroes into the subterranean lair of the Molten Alliance, rescue their prisoners, and escape their dastardly overseers!

Fabulous experiences and exciting prizes await in the Fractals of the Mists! Try it today in Lion's Arch!

—Your friends at the Consortium

*Fractal recreations are not guaranteed to be precisely accurate to historic events. Terms and conditions apply; see attached adventurer agreement for details and liability waiver.

(You received this message as a party of interest in events that have been identified as appearing in Fractal recreations. If you wish to unsubscribe from future Consortium offers and opportunities, please submit a notarized letter of disinterest (Form-3C-D) to our Lion's Arch offices for processing.)","Приветствие, искатель приключений! По всей Тирии многие слышали об ужасе Расплавленного Альянса, терзавшего северные земли — и теперь появилась новая возможность лично пережить их падение!

Да, именно так, в фирменных Fractals of the Mists Консорциума вы можете заново пережить ключевые моменты истории Тирии в средах-симулякрах на основе Тумана*. Сопроводите многообещающих героев в подземное логово Расплавленного Альянса, спасите их пленников и сбегите от их подлых надзирателей!

Невероятные впечатления и захватывающие призы ждут вас в Fractals of the Mists! Попробуйте сегодня в Львином Логе!

— Ваши друзья из Консорциума

*Воссоздание фракталов не гарантирует точного соответствия историческим событиям. Применяются условия; подробности и отказ от ответственности см. в прилагаемом соглашении искателя приключений.

(Вы получили это сообщение как заинтересованная сторона в событиях, которые были определены как появляющиеся в воссозданиях фракталов. Если вы хотите отказаться от будущих предложений и возможностей Консорциума, пожалуйста, отправьте заверенное письмо о незаинтересованности (Форма-3C-D) в наш офис в Львином Логе для обработки.)"
"Salutations, citizens of Tyria! 

For too long, Tyrians have unknowingly toiled beneath cruel and distant overlords—concealing themselves high above, out of reach, sight, and accountability. Yes, you are all too aware of whom I speak: tall people.

But with the latest wonders of science and ingenuity, we need not fear! My latest creation will let all equally experience the high life, just as soon as I get it past the absurd and out-of-touch regulators at the Rata Sum Bureau of Potions, Reagents, and Explosives.

Don't delay another second! Meet me in Lion's Arch and participate in the completely safe and healthful live-fire testing today! 

—Professor Smoll","Приветствую, граждане Тирии!

Слишком долго тирийцы, сами того не зная, трудились под гнётом жестоких и далёких владык, что скрываются высоко наверху — вне досягаемости, вне поля зрения и вне ответственности. Да, вы прекрасно понимаете, о ком я: о высоких.

Но с новейшими чудесами науки и изобретательности нам нечего бояться! Моё последнее творение позволит всем в равной мере вкусить высокой жизни — как только я протащу его мимо нелепых и оторванных от жизни надзирателей из Бюро зелий, реагентов и взрывчатых веществ Раты Сум.

Не медлите ни секунды! Встретимся в Lion's Arch — участвуйте в совершенно безопасных и полезных для здоровья натурных испытаниях уже сегодня!

—Professor Smoll"
"Salutations, favored test subject!

Once again, I have opened my pop-up shop in the fine city of Lion's Arch to supply its eager populace with my tonics, reagents and novel arcana. Potions to change your outlook on life are flying off the shelves, and appreciation for the whimsical sweeps the city!

As my brightest patron and live-trial participant, you may be particularly interested in my latest creation, the Fool's Ocular Tonic! One sip will open your worldview to new understanding, allowing you to see yourself and your fellows as though your eyes were once again unclouded by the years of doubts, suffering, and heartwrenching heroic endeavor. Plus, it's got a neat taste!

Just look for all the dogs! I'm right next to the big one!

—Professor Smoll","Приветствие, любимый подопытный!

Я вновь открыл свой временный магазинчик в прекрасном городе Львиный Лог, чтобы снабдить его жаждущее население своими тониками, реагентами и новомодными арканумами. Зелья, меняющие ваш взгляд на жизнь, разлетаются с полок, а любовь к причудам охватывает город!

Как мой самый яркий покровитель и участник живых испытаний, вы можете быть особенно заинтересованы в моём последнем творении — тонике для глаз дурака! Один глоток откроет ваше мировоззрение для нового понимания, позволяя вам увидеть себя и своих товарищей так, словно ваши глаза вновь не затуманены годами сомнений, страданий и душераздирающих героических подвигов. Плюс, у него отличный вкус!

Просто ищите собак! Я прямо рядом с большой!

— Профессор Смолл"
"Salvage Item,
'<c=@Flavor> Elona''s cobblers are probably deserving of more praise', considering the longevity of their works.</c>","Предмет для разбора,
'<c=@Flavor> Сапожники Элоны, вероятно, заслуживают большей похвалы', учитывая долговечность их работ.</c>"
"Sandswept Isles, where the shortsighted seek immediate power and knowledge.

Note: Completion of this achievement requires completion of the Riding Skyscales achievements.","Песчаные острова, где недальновидные ищут мгновенную власть и знания.

Примечание: для получения этого достижения необходимо выполнить достижения «Укрощение небесных ящеров»."
Saut jusqu'à l'emplacement désigné. Utilise 1 munition. Vole des munitions aux ennemis sur lesquels vous atterrissez.,"Прыжок в указанное место. Использует 1 боеприпас. Крадёт боеприпасы у врагов, на которых вы приземляетесь."
"Savant (or whatever your current rank is—you keep moving up so fast it's hard to keep track),
I've been watching your progress since you left to join your order, and I continue to be impressed. Nice work recruiting the grawl—wild, unruly apes can be a real pain to deal with (remind me to tell you about the one I know named Logan), but it sounds like you handled it with aplomb.
Don't let losing their village weigh you down. If it weren't for you, they wouldn't be alive and so having a home wouldn't matter. At least this way there's enough of them left to rebuild.
I'm about to walk into what could be an exciting new development, but it could also be a total waste of my time. Logan (the aforementioned ape) may be there, as it involves Krytan royalty. I just hope I can keep him from making a drake's breakfast of the entire thing.
Keep up the good work,
—Zojja","Савант (или как там твой текущий ранг — ты так быстро поднимаешься, что за тобой не угнаться),
Я слежу за твоими успехами с тех пор, как ты ушёл в свой орден, и ты продолжаешь меня впечатлять. Отличная работа с вербовкой граулей — дикие, необузданные обезьяны могут быть настоящей головной болью (напомни мне рассказать тебе об одном таком, по имени Логан), но, судя по всему, ты справился с этим блестяще.
Не позволяй потере их деревни тяготить тебя. Если бы не ты, они бы не выжили, и тогда дом не имел бы значения. По крайней мере, теперь их осталось достаточно, чтобы отстроиться заново.
Я собираюсь ввязаться в то, что может оказаться захватывающим поворотом, а может — пустой тратой времени. Логан (вышеупомянутая обезьяна) может быть там, так как это касается крайтанской знати. Надеюсь только, что мне удастся помешать ему превратить всё это в драконье утро.
Продолжай в том же духе,
—Зойя"
"Savant (or whatever your current rank is—you keep moving up so fast it's hard to keep track),
I've been watching your progress since you left to join your order, and I continue to be impressed. Nice work recruiting the hylek—hulking, squishy-skinned brutes can be a real challenge to deal with (remind me to tell you about the one I know named Logan), but it sounds like you handled it with aplomb.
Don't let losing their village weigh you down. If it weren't for you, they wouldn't be alive and so having a home wouldn't matter. At least this way there's enough of them left to rebuild.
I'm about to walk into what could be an exciting new development, but it could also be a total waste of my time. Logan (the aforementioned squishy-skinned brute) may be there, as it involves Krytan royalty. I just hope I can keep him from making a drake's breakfast of the entire thing.
Keep up the good work,
—Zojja","Савант (или как там твой текущий ранг — ты так быстро поднимаешься, что за тобой не угнаться),
Я слежу за твоими успехами с тех пор, как ты ушёл в свой орден, и ты продолжаешь меня впечатлять. Отличная работа с вербовкой хилеков — здоровенные, мягкотелые громилы могут быть настоящей проблемой (напомни мне рассказать тебе об одном таком, по имени Логан), но, судя по всему, ты справился с этим блестяще.
Не позволяй потере их деревни тяготить тебя. Если бы не ты, они бы не выжили, и тогда дом не имел бы значения. По крайней мере, теперь их осталось достаточно, чтобы отстроиться заново.
Я собираюсь ввязаться в то, что может оказаться захватывающим поворотом, а может — пустой тратой времени. Логан (вышеупомянутый мягкотелый громила) может быть там, так как это касается крайтанской знати. Надеюсь только, что мне удастся помешать ему превратить всё это в драконье утро.
Продолжай в том же духе,
—Зойя"
"Savant,

I wanted to meet you in Lion's Arch, but there's a complication. I just got a letter from a crazy sylvari I know named Caithe, and she wants to speak with me. I know it's annoying, but if you could come, I'd like to have you there. Two heads are better than one. 

—Zojja","Савант,

Я хотел встретиться с тобой в Lion's Arch, но возникло осложнение. Я только что получил письмо от одной сумасшедшей сильвари, которую знаю, по имени Кейт, и она хочет поговорить со мной. Знаю, это раздражает, но если бы ты мог прийти, я бы хотел, чтобы ты был там. Одна голова хорошо, а две лучше.

— Зойя"
"Savant,
There's been an incident that you need to address. A butler golem you designed has gone haywire and I need to talk to you about it. The Snaff Prize carries a certain amount of prestige, but there's also responsibility that goes with the title. Come see me right away so we can fix this.
—Zojja","Савант,
Произошёл инцидент, который тебе нужно уладить. Голем-дворецкий, которого ты спроектировал, вышёл из строя, и мне нужно поговорить с тобой об этом. Премия Снаффа несёт определенный престиж, но с этим званием приходит и ответственность. Приходи ко мне немедленно, чтобы мы могли это исправить.
— Зойя"
"Scherbe[pl:""Scherben""] der Heimstatt",Осколок домашнего Очага
Schlafenszeit,Время сна.
Schmetterschritt,Бабочковый шаг
Schützende Dämmerung hilft verletzten Tieren in der unteren Tundra und braucht dabei Hilfe.,Защитные сумерки помогают раненым животным в нижней тундре и нуждаются в помощи.
"Seasonal. For sale only during the Halloween season.
This full Mad King's outfit can be toggled to replace the appearance of your current armor. 
Also includes the Mad King's Scepter as a bundle item with five fun, nonlethal costume skills!","Сезонное. Продаётся только в сезон Хэллоуина.
Этот полный костюм Безумного короля можно переключать, заменяя внешний вид вашей текущей брони.
Также включает Скипетр Безумного короля как предмет-набор с пятью забавными, нелетальными костюмными умениями!"
"Send an unblockable fragment of Razah toward the targeted area. When the fragment reaches its target, shadowstep to its position, dealing damage to enemies in the area. If it hits, you can use this skill up to two more times with no energy cost or casting time.

<c=@abilitytype>Resonance.</c> If Legendary Assassin Stance is equipped, this skill deals additional damage and removes boons if only one enemy was struck by this attack.","Отправить неблокируемый фрагмент Разаха в указанную область. Когда фрагмент достигает цели, совершите теневой шаг к её позиции, нанося урон врагам в области. Если атака попадает, вы можете использовать это умение ещё два раза без затрат энергии и времени применения.

<c=@abilitytype>Резонанс.</c> Если активирована стойка «Легендарный убийца», умение наносит дополнительный урон и снимает благотворные эффекты, если атака поразила только одного врага."
Serviert einem Kodan seine Bestellung: Hammelbraten,Подает кодану его заказ: жаркое из баранины
Sistema heredado,Устаревшая система
Site remarquable,Site remarquable
"Skup is gone. They're all gone. I've put myself in harm's way looking for signs of them, to no avail.  
  
After an extended search, I returned to my prior observation point among the waterfalls. I watched as more of the creatures were gathered and escorted through the door of the towerlike rock structure, but at that distance I could not make out individual faces. I don't know that I could recognize their faces regardless, as it was their voices that distinguished them for me. Perhaps I watched as my new friends were carted away to...Alchemy knows what.  
  
Ah, Skup. I hope this was all jumping at shadows. That you and Grink and Bosh and Till are being fed and housed and—  
  
I'm lying to myself. I know I'm lying to myself. I have to. The reality of this situation is too cruel to consider. I have to. I have to, so I can continue with my duty—even if it is imagined duty.  
  
Northward.  
  
—Operative Selly","Скуп исчез. Они все исчезли. Я рисковал, разыскивая их следы, но безуспешно.
  
После долгих поисков я вернулся на прежнюю точку наблюдения среди водопадов. Я видел, как собирали и уводили в дверь башнеподобной скальной структуры всё больше существ, но на таком расстоянии я не мог разглядеть лиц. Впрочем, я вряд ли узнал бы их лица — меня отличали их голоса. Возможно, я смотрел, как моих новых друзей увозят... Алхимия знает куда.
  
Ах, Скуп. Надеюсь, всё это лишь тени на стене. Что тебя, Гринка, Боша и Тилля кормят, дают кров и...
  
Я лгу себе. Я знаю, что лгу себе. Иначе нельзя. Реальность слишком жестока, чтобы её принять. Я должен. Должен, чтобы продолжать свой долг — даже если он воображаемый.
  
На север.
  
— Оперативник Сэлли"
"Slayer,

You're needed in Hoelbrak. An upsurge of dredge has forced steadholders out of their homes, and they're arriving broken and battered. Knut and I are doing all we can to heal the wounded and to arrange food and shelter, but it takes time. I need someone who can go up into the Wayfarer Foothills, toward Dolyak Pass, and help anyone left behind or still fighting. We're not getting accurate reports from the area, so I'm not sure what's happening up there. 

Rytlock sent notice that he's experiencing the same thing in the Black Citadel. Charr refugees are fleeing to the city as their homes are being destroyed and their friends and family massacred. Much like here. I hope he's handling it better than we are here. Organization has never been one of our more epic qualities.

—Eir","Убийца,

Ты нужен в Хоэлбрейке. Всплеск активности землероев выгнал поселенцев из их домов, и они прибывают израненными и разбитыми. Мы с Кнутом делаем всё возможное, чтобы исцелить раненых и организовать еду и кров, но это требует времени. Мне нужен кто-то, кто сможет подняться в Wayfarer Foothills, к Долячьему перевалу, и помочь тем, кто остался или всё ещё сражается. Мы не получаем точных донесений из этого района, так что я не знаю, что там происходит.

Ритлок сообщил, что у него то же самое в Black Citadel. Чаррские беженцы стекаются в город, их дома разрушены, друзья и семьи уничтожены. Почти как здесь. Надеюсь, у него дела идут лучше, чем у нас. Организованность никогда не была нашей сильной стороной.

— Эйр"
"Small Plates: Prawn Salad - A bowl of fresh, lightly spiced tiger prawns with sesame-infused greens will make you feel like you can withstand anything the world throws at you!

Sushi: Skipjack Roll - Tuna, crabmeat, seaweed, and cilantro rolled in rice, topped with roe. Order this and boost both your body's natural power to heal and your magical acumen!

Sushi: Triple Temaki - Fresh Kaineng salmon, served inside seaweed rolls filled with radish, cucumber, and spicy mayo. Charisma will emanate from your every pore!

Grill: Charred Eel - Succulent eel sauteed with ginger, garlic, and our special spicy house sauce. So potent you will feel yourself bursting with power!

Grill: Yellowtail - Seared tuna steaks drizzled in a refreshing honey-sesame glaze. You'll be filled with regenerative energy.

Chef's Special - Soup with rice noodles, grilled chunks of the day's catch, and topped with our own ""special"" roe. This bowl is sure to surprise and delight even the most critical of palates.","Малые тарелки: Салат с креветками — миска свежих, слегка приправленных тигровых креветок с зеленью, настоянной на кунжуте, заставит вас почувствовать, что вам по плечу всё, что бы мир ни бросил вам навстречу!

Суши: Ролл со скипджеком — тунец, крабовое мясо, водоросли и кинза, свёрнутые в рисе, увенчанные икрой. Закажите это — и укрепите и природную способность тела исцеляться, и вашу магическую сметку!

Суши: Тройной темаки — свежий кайненгский лосось, поданный в свёртках из водорослей с редисом, огурцом и острым майонезом. Харизма будет источаться из каждой вашей поры!

Гриль: Обугленный угорь — сочный угорь, обжаренный с имбирём, чесноком и нашим особым острым фирменным соусом. Столь могуч, что вы почувствуете, как вас распирает от силы!

Гриль: Лакедра — обжаренные стейки тунца, политые освежающей медово-кунжутной глазурью. Вы наполнитесь восстанавливающей энергией.

Особое блюдо шефа — суп с рисовой лапшой, поджаренными кусочками улова дня, увенчанный нашей собственной «особой» икрой. Эта миска наверняка удивит и порадует даже самых придирчивых гурманов."
Sombra campeona,Сомбра — чемпионка.
"Some think that criminals can do as they please as long as they do it away from the eyes of lawful citizens. The truth is, we can't allow the bandits to go forward with their schemes, even out in wild lands such as these. I'm glad to have someone like you on our side who understands the importance of this. Perhaps you could be of service to the Seraph Observers posted west of here.<b><b>
—Seraph Soldier Goran","Некоторые думают, что преступники могут делать всё, что им вздумается, лишь бы они делали это вдали от глаз законопослушных граждан. Правда в том, что мы не можем позволить бандитам осуществлять свои планы, даже в таких диких землях, как эти. Я рад, что на нашей стороне есть кто-то вроде вас, кто понимает важность этого. Возможно, вы могли бы помочь серафическим наблюдателям, расположенным к западу отсюда.<b><b>
—Серафимский солдат Горан"
Spieler-Kamerawackeln deaktivieren,Отключить тряску камеры игрока.
Sprechen Stiller Wasser,Говорить тихой воды
Sprecht mit Crecia,Поговорите с Крецией.
Sprecht mit Skarti,Поговорите с Скарти
"Stats only apply in WvW:
+10%% Outgoing Healing
+80 Healing Power
+60 Concentration
+10%% Karma
+5%% All Experience Gained
+20%% Magic Find
+20%% Gold Find
+10%% WXP Gained","Характеристики действуют только в PvP-режиме «Завоевание территорий»:
+10%% к исцелению, наносимому в бою.
+80 к силе исцеления.
+60 к концентрации.
+10%% к получаемой карме.
+5%% ко всему получаемому опыту.
+20%% к шансу найти магические предметы.
+20%% к шансу найти золото.
+10%% к получаемому опыту мира."
"Stats only apply in WvW:
-10%% Incoming Damage
+80 Power
+60 Ferocity
+10%% Karma
+5%% All Experience Gained
+20%% Magic Find
+20%% Gold Find
+10%% WXP Gained","Характеристики действуют только в PvP:
-10%% входящего урона
+80 силы
+60 ярости
+10%% кармы
+5%% ко всему получаемому опыту
+20%% шанса найти магические предметы
+20%% шанса найти золото
+10%% получаемого опыта мира"
"Storm the city of Lion's Arch to drive out Scarlet's invading armies. Split up to retake each front, and face the final challenge of the assault knights!
Contains story from Season 1 of Living World.","Штурмуйте город Lion's Arch, чтобы изгнать вторгшиеся армии Скарлетт. Разделитесь, чтобы отбить каждый фронт, и примите последний вызов штурмовых рыцарей!
Содержит историю из 1-го сезона Живого мира."
"Successfully complete a Convergence with challenge mode active and Demon Knight chosen as the final boss to log your completion time.

Scoring is based on completion time under or equal to target time.","Успешно завершите Схождение с активным режимом испытания и выбранным Рыцарем-демоном в качестве финального босса, чтобы зафиксировать время завершения.

Оценка основывается на времени завершения, которое не превышает целевое время."
"Successfully complete a Convergence with challenge mode active and Umbriel, Halberd of House Aurkus, chosen as the final boss to log your completion time.

Scoring is based on completion time under or equal to target time.","Успешно завершите Схождение с активным режимом испытания и Умбриэль, Алебардой Дома Ауркус, выбранной в качестве финального босса, чтобы записать время завершения.

Оценка основывается на времени завершения, равном или меньшем целевого времени."
"Successfully complete a Convergence within Mount Balrior with challenge mode active and Greer chosen as the final boss to log your completion time.

Scoring is based on completion time under or equal to target time.","Успешно завершите Схождение в горе Балриор с активным режимом испытания и Грир, выбранным в качестве финального босса, чтобы записать время завершения.

Оценка основывается на времени завершения, равном или меньшем целевого времени."
"Swim wear perfect for any beach activity.

Town clothes cannot be worn while in combat.","Купальный костюм, идеальный для любого пляжного отдыха.

Городскую одежду нельзя носить в бою."
"Swirling Mists faintly glow within.,
<c=@reminder>May be sold to vendors.</c>","Внутри слабо мерцают кружащиеся туманы.,
<c=@reminder>Можно продать торговцам.</c>"
"TO: Commander %str1%

We're planning our assault on Mordremoth at Camp Resolve, our new staging area in the Silverwastes. The time has come for all to stand and deliver, and I would like you to assist with our preparations here. I have a specific mission for you, if you're game.

The Seraph of Kryta have secured a new route to our staging area through Fort Vandal. Evidence suggests the bandits hastily abandoned the location recently. The guards posted there may know more. Please journey safely. The increased Mordrem activity is making travel especially dangerous.

—Trahearne","КОМУ: командиру %str1%

Мы готовим наступление на Мордремота в Лагере Решимости, нашем новом плацдарме в Серебряных Пустошах. Настало время всем встать и действовать, и я хотел бы, чтобы вы помогли нам здесь с приготовлениями. У меня есть для вас особое задание, если вы согласны.



Серафимы Крайты обеспечили новый путь к нашему плацдарму через Форт Вандал. Судя по всему, разбойники недавно спешно покинули это место. Выставленные там стражи могут знать больше. Прошу, путешествуйте осторожно. Возросшая активность мордремов делает дорогу особенно опасной.—Трихерн"
Taillade nécrotique,Taillade nécrotique
"Tales are already being told of your exploits throughout our region. Thank you for all of your efforts to help our people in these hard times.

—Aksim

PS: Rehman—the camp cook at Marifa refugee camp—dropped by and told me to tell you that he's keeping Priestess Karima stocked with treats for your raptor, in case you find yourself in her area helping out in the future.","О ваших подвигах уже слагают легенды по всему нашему краю. Спасибо за все ваши усилия, чтобы помочь нашему народу в эти трудные времена.

—Аксим

P.S. Рехман — лагерный повар в лагере беженцев Марифа — заходил и просил передать, что он снабжает жрицу Кариму лакомствами для вашего ящера, на случай если вы окажетесь в её краях и будете помогать в будущем."
"Talk to Astral Ward Medic Miyrna in Lion's Arch or Bava Nisos and accept her request. 

<c=@flavor>""Good luck!""</c>","Поговорите с медиком Астральной стражи Миирной в Lion's Arch или Бава Нисос и примите её просьбу. 

<c=@flavor>""Удачи!""</c>"
Taucht in die Thermalquellen auf der Tundra ein.,Окунитесь в термальные источники в тундре.
"Teinture[pl:""Teintures""] arrogance",Эссенция Гордости
"Term of employment: 1837–present

Current title: Head of Security

Status: Full-time

Notes: Previously employed as a dockmaster in New Kaineng Harbor for twenty years. Loyalty to Xunlai Jade is unequaled among staff. Volunteered to head the Xunlai summer picnic committee. Must speak to him again about the fact that at work we are Captain and Executive, not ""Uncle Fa and Joon-ee.""","Срок работы: 1837–настоящее время

Текущая должность: Начальник службы безопасности

Статус: Полный рабочий день

Примечания: Ранее работал начальником дока в гавани Нового Кайнинга в течение двадцати лет. Преданность Сюньлай Нефрит среди сотрудников не имеет себе равных. Вызвался возглавить комитет по организации летнего пикника Сюньлай. Нужно снова поговорить с ним о том, что на работе мы — Капитан и Исполнительный директор, а не «Дядя Фа и Джуни»."
"Test 5: Creation 23 displays some psychic capabilities and can seemingly attract beings against their will. On a related note, Assistant Megg's arm will likely need a cybernetic replacement.

Additional work on technological components might allow greater control over 23's behavior. 

Test 27: Increasing power to cranial transplant resulted in increased control of 23. I am now able to control 23's actions. Sporadically.

Unexpectedly, this allowed 23 to control victims even after death. Further research needed.

Test 51: Progressed to field testing at biomancer's request. Internal testing was negatively impacting research staffing.

23 has gained the ability to shield itself, using its surroundings somehow. Abilities seem to encompass manipulation of inorganic materials. Next: decrease cranial implant power by 5%%.","Тест 5: Создание 23 проявляет некоторые психические способности и, по-видимому, может притягивать существ против их воли. Кстати, руку ассистента Мегг, скорее всего, придётся заменить кибернетическим протезом.

Дополнительная работа над технологическими компонентами может позволить лучше контролировать поведение 23.

Тест 27: Увеличение мощности краниального трансплантата привело к усилению контроля над 23. Теперь я могу управлять действиями 23. Время от времени.

Неожиданно это позволило 23 контролировать жертв даже после смерти. Требуются дальнейшие исследования.

Тест 51: Перешли к полевым испытаниям по просьбе биоманта. Внутренние испытания негативно сказывались на кадровом составе исследователей.

23 обрело способность защищать себя, используя каким-то образом своё окружение. Способности, по-видимому, включают манипуляцию неорганическими материалами. Далее: уменьшить мощность краниального имплантата на 5%%."
"Test the skies on a skyscale! Whenever you are in <c=#29AF9E>Guild Wars 2: Secrets of the Obscure</c> explorable zones, you can travel the skies with the help of your Astral Ward-certified skyscale.

Unlock permanent access to the skyscale by completing the <c=#29AF9E>Flight Training</c> Mastery track, or by purchasing <c=#29AF9E>Guild Wars 2: Path of Fire</c> and <c=#29AF9E>Living World Season 4</c> and unlocking the <c=#29AF9E>Skyscale Mount</c> Mastery track.","Испытайте небеса на скае! Находясь в исследуемых зонах <c=#29AF9E>Guild Wars 2: Secrets of the Obscure</c>, вы можете путешествовать по небу с помощью своего ская, сертифицированного Astral Ward.

Разблокируйте постоянный доступ к скаю, завершив ветку мастерства <c=#29AF9E>Обучение полёту</c>, либо приобретя <c=#29AF9E>Guild Wars 2: Путь Огня</c> и <c=#29AF9E>Living World, сезон 4</c> и разблокировав ветку мастерства <c=#29AF9E>Ездовое животное — скай</c>."
"Thank you for helping to feed my people and keep them safe. You will always be a welcome friend of the Togatl. 

Your friend,

—Matlal","Спасибо за помощь в прокорме моего народа и в защите его безопасности. Тебе всегда рады как другу тогатлов.

Твой друг,

—Матлал"
"Thank you for helping us battle the corruption. This camp was peaceful for ages, but with the undead drifting up from the south, the danger has been growing. I fear for the Grove; if the corruption is traveling north, then Caledon Forest is almost certainly being affected as well. 

I pray we can resolve this invasion expediently. 

—Warden Caedmon","Спасибо за помощь в борьбе с порчей. Этот лагерь был мирным веками, но с нежитью, наступающей с юга, опасность растёт. Я боюсь за Рощу; если порча движется на север, то Caledon Forest почти наверняка тоже затронут.

Молюсь, чтобы мы смогли быстро разрешить это вторжение.

—Warden Caedmon"
"Thank you for purchasing Guild Wars 2: Path of Fire—Ultimate.

Your 4,000 gems will be applied to your account within the next 72 hours.","Спасибо за покупку Guild Wars 2: Путь Огня — Ultimate.

Ваши 4000 самоцветов будут начислены на учётную запись в течение следующих 72 часов."
"Thank you for taking action against the Sons of Svanir in Jormabakke Stead. I've been collecting invaluable intel for the Order and couldn't risk blowing my cover by acting on my own. With any luck, I'll be taken off this assignment soon. 

This costume makes my beard itch something fierce. 

—Undercover Agent Tulfar","Спасибо, что дал отпор Сынам Сванира на Джормабаккском Подворье. Я собирал бесценные сведения для Ордена и не мог рисковать раскрыть себя, действуя в одиночку. Если повезёт, меня скоро снимут с этого задания.

От этого костюма у меня жутко чешется борода.

—Undercover Agent Tulfar"
"Thank you for your help. Perhaps someday we'll be able to convince the grawl of their foolishness (though I certainly have my doubts). But you've made this place safer for everyone in the meantime, and it's appreciated. Good luck.

—Pact Explorer Erikk","Спасибо за помощь. Может, однажды мы убедим граулов в их глупости (хотя, признаюсь, сомневаюсь в этом). Но пока что ты сделал это место безопаснее для всех, и это ценят. Удачи.

—Изыскатель Пакта Эрикк"
"Thanks for assisting at Mudbay Digs. We've been able to slow the bandit's support of the centaurs, diminishing the threat they pose to Fort Salma. Without your help, the battle may have already been lost. 

Thanks again. 

—Dianna, Seraph Soldier","Спасибо за помощь на раскопках в Мадбее. Нам удалось ослабить поддержку бандитами кентавров, уменьшив угрозу, которую они представляют для форта Салма. Без вашей помощи битва могла бы быть уже проиграна.

Спасибо ещё раз.

—Дианна, солдат Серафимов"
"Thanks to you, the Ash Legion is closer to regaining control over Victor's Presidium. As you no doubt know, this area is vital in the legions' greater goal of defeating the human ghosts. 

I would also like to pass along the gratitude of the Ash soldiers who you fought beside. They have spoken of the inspiration you brought them with your bravery and courage during the confrontation with the ghosts. 

—Kyra Sharptracker","Благодаря вам Ash Legion стал ближе к тому, чтобы вернуть контроль над Президиумом Виктора. Как вы, несомненно, знаете, эта область жизненно важна для достижения легионами главной цели — победы над призраками людей.

Я также хотел бы передать вам благодарность солдат Ash Legion, сражавшихся рядом с вами. Они говорили о том вдохновении, которое вы им принесли своей храбростью и отвагой во время столкновения с призраками.

—Кайра Остролова"
"The <c=@Quest>[lbracket]W[rbracket]</c>, <c=@Quest>[lbracket]A[rbracket]</c>, <c=@Quest>[lbracket]S[rbracket]</c>, and <c=@Quest>[lbracket]D[rbracket]</c> keys move your character. Use them to move around now.

Click on this hint to close it.","Клавиши <c=@Quest>[lbracket]W[rbracket]</c>, <c=@Quest>[lbracket]A[rbracket]</c>, <c=@Quest>[lbracket]S[rbracket]</c> и <c=@Quest>[lbracket]D[rbracket]</c> двигают вашего персонажа. Используйте их, чтобы подвигаться прямо сейчас.

Нажмите на эту подсказку, чтобы закрыть её."
"The Arcane Council has appointed two esteemed individuals to act as city heralds. They are positioned near the gates to Metrica Province and Lion's Arch, and are knowledgeable about worldly events relevant to the Arcane Council. For the adventurers among us, the city of Lion's Arch has also adopted a similar system. Please endeavor to check with the heralds regularly.

—High Councilor Flax","Тайный Совет назначил двух уважаемых лиц городскими вестниками. Они расположены у ворот в Metrica Province и Львиную Гавань и осведомлены о мировых событиях, важных для Тайного Совета. Для искателей приключений среди нас город Львиная Гавань также перенял похожую систему. Пожалуйста, старайтесь регулярно наведываться к вестникам.

—Верховный Советник Флакс"
"The Bloody Prince hates candy corn! If we had a purer version of the stuff, we could weaponize it. A live candy corn elemental—even a miniature one—would do the trick. You might be able to find one for sale in Lion's Arch.

The golem I provided will let you check in with me for progress updates. Good luck!

—Magister Tassi, Durmand Priory","Кровавый принц ненавидит кукурузную карамель! Если бы у нас была более чистая версия этой штуки, мы могли бы превратить её в оружие. Живой элементаль кукурузной карамели — даже миниатюрный — подошёл бы. Возможно, вы найдёте такого на продажу в Львиной Гавани.

Голем, которого я вам предоставила, позволит вам связываться со мной для отчёта о прогрессе. Удачи!

—Magister Tassi, Durmand Priory"
"The Ceremony of Passing will be held in three moons to honor the death of Yagon. Yagon was the best of our minds. Her work birthing spectral agony into Tyria—the final plague of the seers—won our millennia-old war when she used it to ambush and kill the so-called ""Immortal Leader."" With the death of our enemy Sidony, and the last of the major seer ranks, Yagon granted us a sterling victory.  
  
Yagon was killed two dawns past. Her ceremony will be hosted by the Arch Steward Celsa at the edge of the Golden Lake. The ceremony will begin at dusk and will endure until the smoke of her offering table turns red. All will be forbidden to speak for the duration of the following sunrise until sundown.","Церемония Перехода состоится через три луны в честь смерти Ягон. Ягон была лучшим из наших умов. Её работа, породившая спектральную агонию в Тирии — последнюю чуму провидцев — выиграла нашу тысячелетнюю войну, когда она использовала её, чтобы устроить засаду и убить так называемого ""Бессмертного Лидера"". Со смертью нашего врага Сидони и последних из крупных рангов провидцев Ягон даровала нам блестящую победу.  
  
Ягон была убита два рассвета назад. Её церемонию проведёт Архистюард Сельса на краю Золотого озера. Церемония начнётся в сумерках и продлится, пока дым от её жертвенного стола не станет красным. Всем будет запрещено говорить в течение следующего времени от восхода до заката."
"The Consortium's asura gate near Fort Marriner is unstable and the Captain's Council has declared all use of this form of transportation to be ""at your own risk."" While it may be exciting to take an unguided jaunt to an open-ended adventure, we are compelled to put our citizens' and visitors' safety first. Any questions, complaints, or legal claims that result from use of this asura gate should be taken directly to the Consortium. 
If you decide to use this gate, the Council encourages you to be safe, have fun, and not die.
—The Captain's Council","Асура-врата Консорциума возле форта Марринер нестабильны, и Captain's Council объявил использование этого вида транспорта «на свой страх и риск». Хотя может быть захватывающим отправиться в неконтролируемое путешествие к открытому приключению, мы обязаны ставить безопасность наших граждан и гостей на первое место. Любые вопросы, жалобы или юридические претензии, возникшие в результате использования этих асура-врат, следует направлять непосредственно в Консорциум.
Если вы решите использовать эти врата, Совет призывает вас быть осторожными, веселиться и не умирать.
— Captain's Council"
"The Mad King has been reined in! His power diminished, the Prince of Puns seems to have been limited to the terms of his ancient curse: he can only visit Lion's Arch once a year, on Halloween—and only just for fun. The portal to the Mad Realm in Lion's Arch has been capped, and we're safe to celebrate the spirit of Halloween. Join in on the Mad King's Halloween games, and you may by surprised by his generosity.

If you haven't carved every pumpkin in Tyria yet, now's your chance. Talk to a master carver, located in Lion's Arch and the Durmand Priory's Halloween response camps in Queensdale, Metrica Province, the Plains of Ashford, Caledon Forest, and Wayfarer Foothills, to find out whether you're a master carver too. 

Magister Tassi has been pleased that so many have hunted down the ghosts from the Mad King's past, but if you haven't found all twelve, then you're missing critical pieces of King Oswald Thorn's infamous history!

May the sweetness you mine from candy corn nodes sustain you all year long! Happy Halloween!

—Captain Tokk","Безумный Король обуздан! Его сила ослабла, и Принц Каламбуров, похоже, ограничен условиями древнего проклятия: он может посещать Lion's Arch лишь раз в год, на Хэллоуин, — и только забавы ради. Портал в Безумное царство в Lion's Arch закупорен, и мы можем спокойно праздновать дух Хэллоуина. Присоединяйтесь к хэллоуинским играм Безумного Короля — его щедрость может вас удивить.

Если вы ещё не вырезали все тыквы в Tyria — самое время. Поговорите с мастером-резчиком в Lion's Arch или в хэллоуинских лагерях Durmand Priory в Queensdale, Metrica Province, Plains of Ashford, Caledon Forest и Wayfarer Foothills, чтобы узнать, не мастер ли и вы.

Магистр Tassi рада, что столь многие выследили призраков из прошлого Безумного Короля, но если вы нашли не всех двенадцать, вам не хватает важнейших страниц печально известной истории короля Oswald Thorn!

Пусть сладость, добытая из жил сахарной кукурузы, питает вас весь год! Счастливого Хэллоуина!

— Капитан Tokk"
"The Order of Whispers has a field operation that requires your assistance. Agents have identified a number of crises brewing across Tyria. We need to cut off those threats before they destabilize the area.

Pay attention to the intel for hot-spot locations, and then handle those events as they occur. You're welcome to any spoils you find, of course, and the order will also be issuing bounties based on the danger posed.

—HS

PS: This message won't self-destruct, but you'll burn it yourself if you know what's good for you.","У Order of Whispers есть полевая операция, требующая вашей помощи. Агенты выявили ряд кризисов, назревающих по всей Тирии. Нам нужно устранить эти угрозы, прежде чем они дестабилизируют регион.

Обратите внимание на разведданные о горячих точках, а затем разберитесь с этими событиями по мере их возникновения. Вы, конечно, можете забрать любые трофеи, которые найдёте, а орден также назначит награды в зависимости от степени опасности.

— ГШ

P.S.: Это сообщение не самоуничтожится, но вы сожжёте его сами, если вам дорога ваша шкура."
"The Priory thanks you for your assistance with our steam creature studies near the Lake of Lamentation. The cameras you fixed helped us monitor the creatures' movements, and the steam parts you collected are being analyzed by our top scientists. We hope to learn more about the biomechanical beings, and your efforts have brought us closer to the truth.

—Scholar Darkpaw","Приорат благодарит вас за помощь в изучении паровых созданий у Озера Скорби. Закреплённые вами камеры помогли нам следить за передвижениями существ, а собранные вами детали паровых механизмов сейчас анализируют наши ведущие учёные. Мы надеемся узнать больше о биомеханических существах, и ваши усилия приблизили нас к истине.

—Учёный Тёмная Лапа"
"The backpack of a Vigil leader.
<c=@flavor>""You may win the battle, dragon, but you will never defeat our spirit!""</c> 
—Warmaster Forgal Kernsson, Vigil","Рюкзак лидера Дозора.
<c=@flavor>«Ты можешь выиграть битву, дракон, но ты никогда не сломишь наш дух!»</c> 
—Военачальник Forgal Kernsson, Дозор"
"The backpack of an Order of Whispers leader.
<c=@flavor>""When you stand with the Order of Whispers, you never stand alone.""</c>
—Lightbringer Tybalt Leftpaw, Order of Whispers","Рюкзак лидера Order of Whispers.
<c=@flavor>«Когда ты с Order of Whispers, ты никогда не один».</c>
—Светоносец Тибальт Левая Лапа, Order of Whispers"
"The core of the peach you ate is still radiating with the energy of the tree it came from.

This item only has value as part of a collection.","Косточка от съеденного вами персика всё ещё излучает энергию дерева, из которого он вырос.

Этот предмет представляет ценность только как часть коллекции."
"The end is in sight.
The feeling, everlasting.
<c=@flavor>""Stand against me, and you stand alone.""—Jormag</c>
What would Aurene think?","Конец близок.
Чувство, которое останется навсегда.
<c=@flavor>«Встаньте против меня, и вы останетесь один».— Йормаг</c>
Что бы подумала Аурене?"
"This adds a Black Lion Hunters Board to your home instance, which can be used to collect fine crafting materials.
Collectible materials include:
• Bones
• Claws
• Dust
• Fangs
• Scales
• Totems
• Venom Sacs
• Vials of Blood","Это добавляет доску охотников «Black Lion» в ваш домашний экземпляр, которую можно использовать для сбора тонких материалов для крафта.
Собираемые материалы включают:
• Кости
• Когти
• Пыль
• Клыки
• Чешуя
• Тотемы
• Мешки с ядом
• Флаконы с кровью"
"This armor will not display an emblem if you are not representing this guild.
Double-click to imbue another Light Armor's stats into this appearance (one-time ability).","Эта броня не будет отображать инсигнию, если вы не являетесь членом этой гильдии.
Дважды щёлкните, чтобы перенести характеристики другой лёгкой брони на эту модель (возможность действует один раз)."
"This backpack cover comes with a simple back strap to wear if you don't have another back-slot item.
Double-click to unpack and bind this item to your account.","Этот чехол для рюкзака имеет простую спинную лямку, чтобы его можно было носить, если у вас нет другого предмета, который помещается в слот для рюкзака.
Дважды щёлкните по нему, чтобы распаковать и привязать этот предмет к вашей учётной записи."
"This backpack cover comes with a simple back strap to wear if you don't have another back-slot item.
Double-click to unpack.","Эта накидка на рюкзак имеет простой ремень для ношения, если у вас нет другого предмета для рюкзака.
Дважды щёлкните, чтобы распаковать."
"This collection can be a useful reference to what's needed for each gift. Multiples of some of these items may be required. 

Ward Crafter Lucirae in Moon Camp Covert can offer assisted crafting if you do not have the appropriate crafting disciplines trained.","Эта подборка может служить полезным справочником, чтобы узнать, что нужно для каждого подарка. Некоторые из этих предметов могут потребоваться в большем количестве.

Вард-мастер Лусира в тайном лагере на Луне может предложить помощь в создании предметов, если у вас нет необходимых навыков ремесла."
"This device detects power caches by attuning its frequency to one of the four types of matter: aqueous, gaseous, etheric, and corporeal. Activation requires at least one piece of candy corn. 
<c=@flavor>""Tassi, where are you going with those blueprints? Those are Statics property! Hey!""
—Councilor Ludo</c>","Это устройство обнаруживает энергетические кэши, настраивая свою частоту на один из четырёх типов материи: водную, газообразную, эфирную и телесную. Для активации требуется хотя бы одна конфета кукурузная карамелька.
<c=@flavor>«Тасси, куда ты идёшь с этими чертежами? Это собственность Статиков! Эй!»
—Советник Лудо</c>"
"This device is tuned to monitor spatial fluctuations and can predict locations of portal invasions.
Double-click to get a reading.","Это устройство настроено на мониторинг пространственных флуктуаций и может предсказывать места портальных вторжений.
Дважды щёлкните, чтобы получить показания."
"This fun inventory item spawns a box for everyone to use. Interacting with the box causes everything you see to appear in film grain and extends your arms so you're ready for takeoff!
This item has infinite uses.

Cannot be used in PvP, WvW, or dungeons. Adding this item to your wardrobe may slightly adjust its functionality.","Этот забавный предмет инвентаря создает коробку для использования всеми. Взаимодействие с коробкой заставляет все, что вы видите, отображаться в зернистости пленки и вытягивает ваши руки, чтобы вы были готовы к взлету!
Этот предмет имеет бесконечное количество использований.

Нельзя использовать в PvP, WvW или подземельях. Добавление этого предмета в ваш гардероб может немного изменить его функциональность."
"This furry companion may seem cute now, but one day it will grow into a fearsome predator.
Combine a Blue Tigris Cub, a White Tigris Cub, and a Gray Tigris Cub with 10 Unidentified Dyes in the Mystic Forge to create a Mini Green Tigris Cub.","Этот пушистый питомец может показаться милым сейчас, но однажды он вырастет и станет грозным хищником.
Соедините в Mystic Forge голубого тигренка, белого тигренка и серого тигренка с 10 неопознанными красками, чтобы создать миниатюрного зелёного тигренка."
"This gruesome limb once belonged to one of Zhaitan's undead minions. The asura harvesting team can use this body part for experiments.
Event Item","Эта жуткая конечность когда-то принадлежала одному из нежити Зайтана. Команда асурских исследователей может использовать эту часть тела для экспериментов.
Предмет события."
"This item can be safely sold.
<c=@flavor>Castoran choya have developed a therapeutic treatment in which they bathe themselves in hot water mixed with diced fruit.</c>","Этот предмет можно безопасно продать.
<c=@flavor>Касторанские чойя разработали терапевтический метод лечения, при котором они купаются в горячей воде с добавлением нарезанных фруктов.</c>"
"This item has no value outside of a collection and can freely be sold to merchants.
<c=@Flavor>For protecting Amnoon's independence, you have the honor of bearing this standard.</c>","Этот предмет не имеет ценности вне коллекции и может быть свободно продан торговцам.
<c=@Flavor>За защиту независимости Амнуна вы удостоены чести нести это знамя.</c>"
"This item only has value as part of a collection and can be consumed without preventing progress.

<c=@Flavor>The unique cut and size of this gem give it an intimidating shape.</c>","Этот предмет ценен только как часть коллекции и может быть использован без препятствий для прогресса.

<c=@Flavor>Уникальная огранка и размер этого самоцвета придают ему устрашающую форму.</c>"
"This item was gifted to you for taking the time to appreciate the culture of the Itzel.

This item is automatically consumed upon receiving it, and its only purpose is as part of a collection.","Этот предмет был подарен вам в знак благодарности за то, что вы уделили время изучению культуры ицелей.

Этот предмет автоматически уничтожается после получения и служит только для пополнения коллекции."
"This key will unlock one Fractal Encryption containing bonus items from the fractals!

Fractal Encryptions can be found in the final reward chest of any fractal inside the Fractals of the Mist.","Этот ключ откроет один фрактальный шифр, содержащий бонусные предметы из фракталов!

Фрактальные Шифры можно найти в сундуке с наградами в конце любого фрактала внутри Фракталов Тумана."
"This longbow will not display emblem if you are not representing this guild.
Double-click to imbue another longbow's stats into this appearance (one-time ability).","Этот длинный лук не будет отображать инсигнию, если вы не представляете эту гильдию.
Дважды щёлкните, чтобы вживить в этот облик характеристики другого длинного лука (одноразовое действие)."
"This old bag appears to have been buried for a long time.
Contains rare gear, dragonite, obsidian shards, and luck.","Этот старый мешок, похоже, был зарыт долгое время.
Содержит редкое снаряжение, драконит, осколки обсидиана и удачу."
"This package contains an axe skin, a dagger skin
This package contains cooking and artificing recipes that require ingredients from plants that can only be grown in your home garden.","Этот набор содержит облик топора, облик кинжала
Этот набор содержит рецепты кулинарии и изготовления артефактов, требующие ингредиенты из растений, которые можно вырастить только в вашем домашнем саду."
"This pass provides permanent access to the Thousand Seas Pavilion, a beautiful isle adrift in the Mists.
• Quick Travel to All Cities and a Variety of Fishing Locations,
• Scenic and Convenient Fishing and Boating Opportunities,• Живописные и удобные возможности для рыбалки и катания на лодках
• Crafting Stations,
• Bank and Guild Bank Access,
• Mystic Forge,
• Merchants,
• And more! All within easy reach, for those who enjoy the ultimate convenience.","Этот пропуск предоставляет постоянный доступ к Павильону тысячи морей, прекрасному острову, дрейфующему в Бездне.
• Быстрое путешествие во все города и разнообразные места для рыбалки,
• Живописные и удобные возможности для рыбалки и катания на лодках,
• Столы для крафта,
• Доступ к банку и гильдейскому банку,
• Мистическая кузница,
• Торговцы,
• И многое другое! Всё в пределах лёгкой досягаемости для тех, кто ценит максимальное удобство."
"This pistol will not display emblem if you are not representing this guild.
Double-click to imbue another pistol's stats into this appearance (one-time ability).","Этот пистолет не будет отображать инсигнию, если вы не представляете эту гильдию.
Дважды щёлкните, чтобы вживить в этот облик характеристики другого пистолета (одноразовое действие)."
"This seems to be the cog that Collector Terksli told you to take to Rikka,' who''s hiding in Rata Sum. If you had a cleaning rag'
Double-click to clean.","Похоже, это шестерня, которую коллекционер Терксли велел отнести Рикке, которая прячется в Рата-Сум. Если бы у вас была тряпка для чистки'
Дважды щёлкните, чтобы очистить."
"This shield will not display emblem if you are not representing this guild.
Double-click to imbue another shield's stats into this appearance (one-time ability).","Этот щит не будет отображать инсигнию, если вы не представляете эту гильдию.
Дважды щёлкните, чтобы вживить в этот облик характеристики другого щита (одноразовое действие)."
"This weapon box contains unique weapon skins, dragonite ore
This weathered logbook details the endeavors and demise of an Iron Legion warband. A refugee in the Black Citadel might want it back.,
This will change the appearance of your mount and unlock this mount skin for all characters on your account. Mounts must be unlocked before mount skins can be applied.,'Это изменит внешний вид вашего скакуна и откроет этот образ скакуна для всех персонажей вашей учетной записи. Скакуны должны быть разблокированы, прежде чем можно будет применить образы скакунов.'
This will replace the appearance of any back item and unlock the skin in your account wardrobe.This backpack skin has no stats of its own.,Это заменит внешний вид любого предмета для спины и откроет облик в гардеробе вашей учетной записи.Этот облик ранца не имеет собственных характеристик.
This will replace the appearance of any helm of any weight class and unlock the skin in your account wardrobe.","Эта коробка с оружием содержит уникальные облики оружия, руду драконита
Этот потрепанный журнал описывает деяния и гибель отряда Железного легиона. Беженец в Чёрной Цитадели может захотеть его вернуть.,
Это изменит внешний вид вашего скакуна и откроет этот образ скакуна для всех персонажей вашей учётной записи. Скакуны должны быть разблокированы, прежде чем можно будет применить образы скакунов.,'Это изменит внешний вид вашего скакуна и откроет этот образ скакуна для всех персонажей вашей учётной записи. Скакуны должны быть разблокированы, прежде чем можно будет применить образы скакунов.'
Это заменит внешний вид любого предмета для рюкзака и откроет облик в гардеробе вашей учётной записи.Этот облик рюкзака не имеет собственных характеристик.,Это заменит внешний вид любого предмета для рюкзака и откроет облик в гардеробе вашей учётной записи.Этот облик рюкзака не имеет собственных характеристик.
Это заменит внешний вид любого шлема любого класса брони и откроет облик в гардеробе вашей учётной записи."
"This will replace the appearance of one back item of any weight class and unlock the skin in your account wardrobe.
<c=@flavor>The Ascalon Vanguard fought and died with honor defending their people.</c>","Это заменит внешний вид одного предмета для спины любого класса веса и откроет облик в вашем гардеробе учётной записи.
<c=@flavor>Аскалонский авангард сражался и погиб с честью, защищая свой народ.</c>"
Tiefland-Süßwasserfisch,Тифландская пресноводная рыба
Trop de créatures de ce type à proximité.,Слишком много существ этого типа поблизости.
Tröstet den genesenden Welpen in der Tundra.,Утешьте выздоравливающего щенка в тундре.
"Twisted Watchwork[pl:""Twisted Watchworks""]
","Искажённые часовые механизмы
"
Unheimlich heimlich,Жутко секретно.
"Unten, wo Baumstämme fallen und Frösche gesammelt werden.","Внизу, где падают бревна и собираются лягушки."
"Use %num2% combo skill[s].

<c=@reminder>Combo skills are performed by using a skill marked as a combo finisher while inside a combo field generated by another ability. Check the tooltips for your weapon and utility skills to find potential combinations!</c>","Используйте %num2% [комбо-навык|комбо-навыка|комбо-навыков].

<c=@reminder>Комбо-навыки выполняются при использовании навыка, помеченного как завершающий удар комбо, находясь в зоне комбо, созданной другим умением. Проверьте подсказки для вашего оружия и вспомогательных навыков, чтобы найти возможные комбинации!</c>"
"Use %num2% elite skill[s].

<c=@reminder>Elite skills are powerful abilities assigned to the last slot of your skill bar.</c>","Используйте %num2% [элитное умение|элитных умения|элитных умений].

<c=@reminder>Элитные умения — это мощные способности, которые назначаются последнему слоту панели умений.</c>"
"Use in the Mystic Forge with an Agony Infusion, an Ascended Ring
Can be bought inside the Fractals of the Mists once you have trained Agony Channeler in the Fractal Attunement Mastery line.","Используйте в Mystic Forge вместе с инфузией агонии и вознесённым кольцом.
Можно купить в Сотрясённых Безднах после изучения «Настройщик агонии» в ветке мастерства «Сотрясённые Бездны»."
"Used for crafting ascended gear with the Grieving (+Power, +Condition Damage, +Ferocity, +Precision) stat combo.

Can be found at the same location as elegy mosaics.","Используется для создания брони и оружия со статами «Скорбящий» (+Сила, +Урон от состояния, +Свирепость, +Точность).

Можно найти там же, где и элегические мозаики."
"Used in the crafting of Janthir Wilds legendary items.

Purchased from Janthir Syntri Renown Heart vendors, or purchased from the Trading Post.","Используется при создании легендарных предметов Джантрских диколов.

Покупается у торговцев Сердца Джантрского Синтри или в Trading Post."
"Used in the crafting of Janthir Wilds legendary items.

Purchased from Lowland Shore renown heart vendors or from the Trading Post.

<c=#Warning>Purchase limit is shared with the non-discounted Shards of Lowland Shore from this vendor.</c>","Используется при создании легендарных предметов Диких Земель Джантира.

Приобретается у продавцов заданий местности Низменной Долины или в Trading Post.

<c=#Warning>Лимит покупок совпадает с лимитом на осколки Низменной Долины без скидки у этого продавца.</c>"
"Used in the crafting of Janthir Wilds legendary items.

Purchased from the Mistburned Barrens renown heart vendor, or purchased from the Trading Post.","Используется при создании легендарных предметов Джантирских дикополей. 

Покупается у торговца из сердца известности Пылающих степей или в Trading Post."
"Used to chop down all saplings.

Gathers from all nearby saplings when logging.","Используется для рубки всех саженцев.

Собирает все ближайшие саженцы при вырубке."
"Used to chop down all saplings.

Rewards Volatile Magic on each swing in addition to logging results.","Используется для вырубки всех саженцев.

Даёт нестабильную магию каждым взмахом в дополнение к результатам заготовки древесины."
"Used to craft larger slot bags, boxes, and packs.
<c=@Flavor>Elonians have made great advances by repurposing older magics.</c>","Используется для создания сумок, коробок и ранцев с большим количеством слотов.
<c=@Flavor>Элонцы добились больших успехов, перепрофилируя старую магию.</c>"
"Used to craft the legendary scepter precursor Tlehco.
Combine in the Mystic Forge with Mystic Runestones, a Gift of Energy, and a Gift of the Mists to create the Gift of Xiuquatl.","Используется для создания прекурсора легендарного скипетра Тлехко.
Совместите в Mystic Forge с мистическими руническими камнями, Даром энергии и Даром Туманов, чтобы создать Дар Сиуакатля."
"Used to craft the legendary scepter precursor Tlehco.,
Combine in the Mystic Forge with Mystic Runestones, a Gift of Energy
Used to craft the legendary shield Shooshadoo.,
Used to craft the legendary sword the Shining Blade.,
Used to craft the legendary torch Flames of War.,
Used to craft the legendary torch precursor Liturgy.","Используется для создания легендарного предшественника скипетра Тлеко.,
Соедините в Mystic Forge с Таинственными руническими камнями, Даром энергии
Используется для создания легендарного щита Шушаду.,
Используется для создания легендарного меча Shining Blade.,
Используется для создания легендарного факела Пламя войны.,
Используется для создания легендарного предшественника факела Литургия."
"Used to create a Gift of Shadowstones.

Purchased from the renown heart vendor in Pilgrim's Rest in Eternity's Garden.","Используется для создания Дары Теневых камней.

Куплено у торговца за добрую славу в Покое Пилигрима в Саду вечности."
"Used to create a Gift of the Elders and a Gift of the Seas.

Acquired by completing the Visions of Eternity launch story the first time. Purchased from Visions of Eternity map vendors afterward.","Используется для создания Дары Старейшин и Дары Морей.

Получено за первое прохождение сюжета запуска «Видений вечности». Впоследствии можно купить у торговцев на карте «Видения вечности»."
"Used to gather all plants.

Gathering completes 50%% faster.","Используется для сбора всех растений.

Сбор ресурсов завершается на 50%% быстрее."
"Used to gather all plants.

Grants a chance to receive bonus harvesting materials in addition to your gathering results. Material types are determined by your character level and location in the world.","Используется для сбора всех растений.

Даёт шанс получить дополнительные материалы для сбора в дополнение к результатам сбора. Типы материалов определяются уровнем вашего персонажа и местоположением в мире."
"Used to gather all plants.

Grants a chance to receive bonus ores in addition to your gathering results. Material types are determined by your character level and location in the world.","Используется для сбора всех растений.

Даёт шанс получить дополнительные руды вместе с результатами сбора. Типы материалов определяются уровнем вашего персонажа и местоположением в мире."
"Used to gather all plants.

Grants a small chance to receive a bonus crafting material after gathering in addition to your gathering results.","Используется для сбора всех растений.

Даёт небольшой шанс получить бонусный материал для ремесла после сбора, кроме результатов сбора."
"Using this will unlock all weight classes of this skin.
An upgraded version of this can be crafted using recipes purchased throughout the Crystal Desert.","Использование откроет все классы веса этого облика.
Улучшенную версию можно создать с помощью рецептов, купленных в Crystal Desert."
Valharantha,Valharantha
Verirrte Himmelsschuppe,Заблудшая небесная чешуйка
Verlorene Abzeichen,Утерянные знаки отличия
Vermoderte Archangelica,Vermoderte Archangelica
"View %num1%/%num2% vista[s] in Ruins of Orr or Frostgorge Sound.

<c=@reminder>Vistas are scenic locations that show the world from a new perspective, and they are marked with a red triangle icon on the map.</c>","Осмотрите %num1%/%num2% [панораму|панорамы|панорам] в Руинах Орра или Фростгорж-Саунде.

<c=@reminder>Панорамы — это живописные места, откуда открывается новый вид на мир; они отмечены красным треугольным значком на карте.</c>"
"View %num1%/%num2% vista[s] in Sparkfly Fen, Mount Maelstrom, Iron Marches, Fireheart Rise, or Timberline Falls.

<c=@reminder>Vistas are scenic locations that show the world from a new perspective, and they are marked with a red triangle icon on the map.</c>","Осмотрите %num1%/%num2% [вид|вида|видов] в Топких Болотах, на горе Мальстрём, в Железных Топях, в Огненной Долине или у Timberline Falls.

<c=@reminder>Виды — это живописные места, с которых открывается новый вид на мир. На карте они отмечены красным треугольным значком.</c>"
"Vision and visions, ended together in time...

Note: Completion of this achievement requires completion of the Riding Skyscales achievement.","Видения и прозрения, объединенные временем…

Примечание: для получения этого достижения необходимо выполнить достижение «Укрощение небесных ящеров»."
Voces silenciadas,Умолкнувшие голоса
Von Delverunner,Фон Дельвуннер
Vous avez %num1% partisan(s),У вас есть %num1% сторонник(ов)
Vous devenez un bonhomme de neige grawl pendant 5 min.,Вы становитесь снеговиком граул на 5 мин.
Weitere,Другие
"What is time to one who transcends it?

Note: Completion of this achievement requires completion of the Riding Skyscales achievement.","Что значит время для того, кто превзошёл его?

Примечание: для получения этого достижения необходимо выполнить достижение «Укрощение небесных ящеров»."
Widerstand,Сопротивляемость
"You are resting in the homestead. If you rest for 4 hours, you will become Well Rested and earn bonus experience. The amount of bonus experience depends on your Homesteading Mastery level.

If you are already Well Rested, any elapsed time will be returned to you when you leave the homestead unless you log out.","Вы отдыхаете в своём усадьбе. Если отдохнуть здесь 4 часа, вы почувствуете себя бодрым и получите дополнительный опыт. Количество бонусного опыта зависит от вашего уровня владения навыком «Домоводство».

Если у вас уже есть эффект «Отдохнувший», то при выходе из дома вам будет возвращено прошедшее время, если только вы не выйдите из учётной записи."
Zerschmetterndes Ausweichen,Сокрушительное уклонение
Zuckerkürbis,Цукеркюрбис
[F]Aldeana rescatada,[F]Спасена жительница деревни.
