english,translate
"%str1%%str2%Schwere ""Wahrer Blick""-Stiefel%str3%%str4%","%str1%%str2%Schwere ""Wahrer Blick""-Stiefel%str3%%str4%"
"%str1%, you are a proven friend of Michotl. Your efforts have helped our village and we offer our heartfelt thanks. Please come visit us again. You are welcome here any time.

—Huelic","%str1%, вы — проверенный друг Мичотль. Ваши усилия помогли нашей деревне, и мы приносим вам нашу сердечную благодарность. Пожалуйста, приходите к нам снова. Мы будем рады видеть вас в любое время.

—Huelic"
"%str1%: Es ist gut, dass Ihr uns aufgesucht habt.","Хорошо, что вы нас навестили %str1%."
"%str1%: Meine Verwandten scheinen Euch zu mögen, und ich kann mir gut vorstellen warum.","Мои родственники, кажется, вас любят, и я понимаю почему %str1%."
"+10%% Outgoing Healing
+30 Expertise
+10%% Karma
+5%% All Experience Gained
+20%% Magic Find
+20%% Gold Find
+10%% WXP Gained","+10 %% Исходящее лечение
+30 Экспертизы
+10 %% Кармы
+5 %% Получаемого опыта
+20 %% Шанса найти магические предметы
+20 %% Шанса найти золото
+10 %% Получаемого опыта для развития"
"+10%% Outgoing Healing
+40 to All Attributes
+10%% Karma
+5%% All Experience Gained
+20%% Magic Find
+20%% Gold Find
+10%% WXP Gained","+10 %% Исходящее лечение
+40 ко всем характеристикам
+10 %% Кармы
+5 %% к получаемому опыту
+20 %% к шансу найти магические предметы
+20 %% к шансу найти золото
+10 %% к получаемому опыту мира"
"+25 Power
+25 Ferocity
+12 Precision
+12 Vitality","+25 силы
+25 ярости
+12 точности
+12 к жизненной силе"
"-10%% Incoming Damage
+60 Condition Damage
+50 Expertise
+10%% Karma
+5%% All Experience Gained
+20%% Magic Find
+20%% Gold Find
+10%% WXP Gained","-10%% входящий урон
+60 урона от состояний
+50 мастерство
+10%% карма
+5%% ко всему получаемому опыту
+20%% шанс найти магические предметы
+20%% шанс найти золото
+10%% получаемый опыт за события"
"-10%% Incoming Damage
+60 Power
+50 Ferocity
+10%% Karma
+5%% All Experience Gained
+20%% Magic Find
+20%% Gold Find
+10%% WXP Gained","-10%% входящий урон
+60 силы
+50 ярости
+10%% кармы
+5%% ко всему получаемому опыту
+20%% шанс найти магические предметы
+20%% шанс найти золото
+10%% опыта за прохождение событий"
"-10%% Incoming Damage
+60 Power
+50 Precision
+10%% Karma
+5%% All Experience Gained
+20%% Magic Find
+20%% Gold Find
+10%% WXP Gained","-10%% Урон от входящих атак
+60 Силы
+50 Точности
+10%% Кармы
+5%% ко всему получаемому опыту
+20%% к шансу найти магические предметы
+20%% к шансу найти золото
+10%% к получаемому опыту мира"
"-15%% Incoming Condition Duration
+45 to All Attributes
+1%% All Experience Gained","-15%% Длительность активных эффектов снижена
+45 ко всем характеристикам
+1%% Получаемый опыт увеличен"
"-20%% Incoming Condition Duration
+50 Concentration
+40 Power
+10%% Karma
+5%% All Experience Gained
+20%% Magic Find
+20%% Gold Find
+10%% WXP Gained","-20%% Длительность входящих эффектов
+50 Концентрация
+40 Сила
+10%% Карма
+5%% Ко всем получаемым очкам опыта
+20%% Шанс найти магические предметы
+20%% Шанс найти золото
+10%% Получаемые очки WXP"
"66%% Chance to Steal Life on Critical Hit
+50 Power
+40 Ferocity
+10%% Karma
+5%% All Experience Gained
+20%% Magic Find
+20%% Gold Find
+10%% WXP Gained","66%% шанс украсть здоровье при критическом ударе
+50 силы
+40 ярости
+10%% кармы
+5%% ко всему получаемому опыту
+20%% к шансу получения магических предметов
+20%% к шансу найти золото
+10%% очков опыта"
"66%% Chance to Steal Life on Critical Hit
+50 Power
+40 Precision
+10%% Karma
+5%% All Experience Gained
+20%% Magic Find
+20%% Gold Find
+10%% WXP Gained","66%% Шанс украсть жизнь при критическом ударе  
+50 Мощи  
+40 Точности  
+10%% Кармы  
+5%% Всего опыта получено  
+20%% Магического поиска  
+20%% Золотого поиска  
+10%% Получаемых WXP"
"66%% Chance to Steal Life on Critical Hit
+80 Expertise
+60 Condition Damage
+10%% Karma
+5%% All Experience Gained
+20%% Magic Find
+20%% Gold Find
+10%% WXP Gained","66%% шанс украсть здоровье при критическом ударе
+80 к мастерству
+60 урона от состояний
+10%% кармы
+5%% ко всему получаемому опыту
+20%% к шансу нахождения магических предметов
+20%% к шансу найти золото
+10%% очков опыта"
"<c=@flavor>""Quaggan do work, quaggan get paid. Quaggan is told this is how the world works.""
—Loonaloo</c>","<c=@flavor>Квагган работает, квагган получает плату. Кваггану говорят, что так устроен мир.  
—Луналу</c>"
"<c=@flavor>""Such things we could learn!""
—Keadin</c>","<c=@flavor>«Мы могли бы многому научиться!»
— Кеадин</c>"
"<c=@flavor>""With a hero like you around, the Flame Legion doesn't stand a chance.""
—Corva Sharpclaw</c>","<c=@flavor>«С таким героем, как ты, рядом у Flame Legion нет шансов».
—Corva Sharpclaw</c>"
"<c=@flavor>""You can read between the lines. More harnesses than dolyaks."",
—Warmaster Jofast</c>","<c=@flavor>«Вы умеете читать между строк. Больше упряжи, чем дольяков».
—Warmaster Jofast</c>"
"<c=@flavor>A forbidden city. A forbidden love.</c>,
'Found in Lion''s Arch.'","<c=@flavor>Запретный город. Запретная любовь.</c>,
'Найдено во Львиной Арке.'"
"<c=@flavor>Doppelklicken, um eine accountgebundene Belohnung auszuwählen.</c>","<c=@flavor>Дважды щёлкните, чтобы выбрать привязанную к учётной записи награду.</c>"
"<c=@flavor>This weapon is used to craft the legendary greatsword Sunrise.,
Combine this weapon in the Mystic Forge with:,Соедините это оружие в Мистической кузнице с:
• 1 Gift of Sunrise,
• 1 Gift of Mastery,
• 1 Gift of Fortune</c>","<c=@flavor>Это оружие используется для создания легендарного двуручного меча «Восход».,
Соедините это оружие в Мистической кузнице с:,Соедините это оружие в Мистической кузнице с:
• 1 Дар Восхода,
• 1 Дар Мастерства,
• 1 Дар Удачи</c>"
?Motin!,? Мотин!
?Ojo!,?Ойо!
"A book of homestead decoration recipes needed to craft benches, chairs
A book of homestead decoration recipes needed to craft books.,'Книга рецептов украшений для усадьбы, необходимых для создания книг.'
A book of homestead decoration recipes needed to craft cushions.,'Книга рецептов украшений для усадьбы, необходимых для создания подушек.'
A book of homestead decoration recipes needed to craft guild arena items.,'Книга рецептов украшений для усадьбы, необходимых для создания предметов гильдейской арены.'
A book of homestead decoration recipes needed to craft hedge mazes.,'Книга рецептов украшений для усадьбы, необходимых для создания живых изгородей-лабиринтов.'
A book of homestead decoration recipes needed to craft lights.,'Книга рецептов украшений для усадьбы, необходимых для создания светильников.'
A book of homestead decoration recipes needed to craft lion statues.,'Книга рецептов украшений для усадьбы, необходимых для создания статуй львов.'
A book of homestead decoration recipes needed to craft miscellaneous items.,'Книга рецептов украшений для усадьбы, необходимых для создания прочих предметов.'
A book of homestead decoration recipes needed to craft objects from Amnytas.","Книга рецептов украшений для усадьбы, необходимых для создания скамеек, стульев
Книга рецептов украшений для усадьбы, необходимых для создания книг.,'Книга рецептов украшений для усадьбы, необходимых для создания книг.'
Книга рецептов украшений для усадьбы, необходимых для создания подушек.,'Книга рецептов украшений для усадьбы, необходимых для создания подушек.'
Книга рецептов украшений для усадьбы, необходимых для создания предметов гильдейской арены.,'Книга рецептов украшений для усадьбы, необходимых для создания предметов гильдейской арены.'
Книга рецептов украшений для усадьбы, необходимых для создания живых изгородей-лабиринтов.,'Книга рецептов украшений для усадьбы, необходимых для создания живых изгородей-лабиринтов.'
Книга рецептов украшений для усадьбы, необходимых для создания светильников.,'Книга рецептов украшений для усадьбы, необходимых для создания светильников.'
Книга рецептов украшений для усадьбы, необходимых для создания статуй львов.,'Книга рецептов украшений для усадьбы, необходимых для создания статуй львов.'
Книга рецептов украшений для усадьбы, необходимых для создания прочих предметов.,'Книга рецептов украшений для усадьбы, необходимых для создания прочих предметов.'
Книга рецептов украшений для усадьбы, необходимых для создания предметов из Амнитаса."
"A device for stabilizing unstable magic rifts.,
Double-click to equip.","Устройство для стабилизации нестабильных магических разрывов.
Дважды щёлкните, чтобы экипировать."
"A gift used to create legendary weapons.,'Подарок, используемый для создания легендарного оружия.'
Acquired from fully exploring all Central Tyrian maps.","Подарок, используемый для создания легендарного оружия.
Получается при полном исследовании всех карт Центрального Тирии."
"A gift used to create legendary weapons.,'Подарок, используемый для создания легендарного оружия.'
Purchased from dungeon vendors for 500 Tales of Dungeon Delving.","Подарок, используемый для создания легендарного оружия.
Приобретено у торговцев в подземельях за 500 Сказаний о подземельях."
"A gift used to create the legendary staff The Bifrost.,
Made by combining these items in the Mystic Forge:,
• 1 Gift of Energy,
• 1 Gift of Color,• 1 Дар цвета
• 100 Icy Runestones,
• 1 Superior Sigil of Nullification","Дар, используемый для создания легендарного посоха «Бифрост».,
Создаётся путём объединения этих предметов в Мистической кузнице:,
• 1 Дар энергии,
• 1 Дар цвета,• 1 Дар цвета,
• 100 Ледяных рунных камней,
• 1 высший сигил обнуления"
"A humming emanates from this orb. It could be amplified with an additional source of Chaotic Radiation.
Double-click to show.","От этой сферы исходит гул. Его можно усилить дополнительным источником хаотического излучения.
Дважды щёлкните, чтобы показать."
"A map to your hidden tiger den.
Double-click to read.","Карта к вашему тайному тигриному логову.
Дважды щёлкните, чтобы прочитать."
"A skyscale's strength is strongly tied to the amount of care it receives as a hatchling.
Combine 1 Blue Skyscale Hatchling with 2 Gray Skyscale Hatchlings and 4 Unidentified Dyes in the Mystic Forge to create a Green Skyscale Hatchling.","Сила скайскейла напрямую зависит от того, сколько заботы он получает в детстве.
Соедините 1 голубого детёныша скайскейла с 2 серыми детёнышами скайскейла и 4 неопознанными красками в Mystic Forge, чтобы создать зелёного детёныша скайскейла."
"A skyscale's strength is strongly tied to the amount of care it receives as a hatchling.
Combine 1 Gold, 1 Red, and 1 White Skyscale Hatchling with 20 Unidentified Dyes in the Mystic Forge to create an Ember Skyscale Hatchling.","Сила скайскейла напрямую зависит от того, сколько заботы он получает в детстве.
Соедините 1 золотого, 1 красного и 1 белого детёныша скайскейла с 20 неопознанными красками в Mystic Forge, чтобы создать огненного детёныша скайскейла."
"A sliver of potential solidified from the Mists.,
Use 12 petals to crystalize a Teal Bloom.,
<c=@reminder>May be sold to vendors.</c>","Осколок потенциала, затвердевший из Туманов.,
Используйте 12 лепестков, чтобы кристаллизовать бирюзовый цветок.,
<c=@reminder>Можно продать торговцам.</c>"
"Acquired by completing the Eternity's Garden Mastery achievement.
Trade to alliance field quartermasters in Castora for a Forge Guard's Cuirass.","Получается за выполнение достижения «Мастерство Сада вечности».
Обменяйте у полевых интендантов альянса в Касторе на кирасу стража горна."
"Acquired occasionally from jumping puzzles in Starlit Weald.
Trade to alliance field quartermasters in Castora for a pair of Extremis Boots.","Иногда выпадает за головоломки-прыгалки в Starlit Weald.
Обменяйте у полевых интендантов альянса в Касторе на сапоги «Экстремис»."
"Acquired occasionally from the Hammerhart Rumble! world boss event in Shipwreck Strand.,
'Trade to alliance field quartermasters in Castora for a Restless Captain''s Coat.'","Получается изредка от мирового босса «Грохот Молотобойца!» в локации Shipwreck Strand.,
'Обменяйте у полевых интендантов альянса в Касторе на Куртка Беспокойного капитана.'"
"Activate a memory crystal while riding on your skyscale.

<c=@Reminder>Hint: Somewhere near the Mordant Crescent Great Hall in the Domain of Istan.</c>","Активируйте кристалл памяти, находясь на вашем скайскейле.

<c=@Reminder>Подсказка: Где-то возле Великого зала Едкого Полумесяца в Domain of Istan.</c>"
"Activate this to unlock the ability to use a glider. 

With access to Guild Wars 2: Heart of Thorns, you can further improve your gliding abilities.","Активируйте эту опцию, чтобы получить возможность использовать планер.

Приобретя дополнение Guild Wars 2: Сердце Терний, вы сможете улучшить свои умения полёта."
Amie Sylvari,Ами Сильвари
"An esoteric artifact of a bygone age, it was originally designed to transfer essence past emotional blockages via constant and gradual microtransmutations.

It was shattered and discarded when someone asked the inventor, ""Why don't you just tell them how you feel instead?""","Это эзотерический артефакт давно ушедшей эпохи, изначально созданный для передачи сущности сквозь эмоциональные барьеры посредством постоянных и постепенных микротрансмутаций.

Его разбили и выбросили, когда кто-то спросил изобретателя: «Почему бы тебе просто не сказать им о своих чувствах?»"
Apparence[s] de dague norn,[Облик|Облика|Обликов] норнского кинжала
"Applenook's never looked better, thanks to you. The other day I was strolling through my corn field and couldn't believe the difference. You've done great things for us, thank you.

—Milton Book","Applenook ещё никогда не выглядел лучше, спасибо вам. На днях я прогуливался по своему кукурузному полю и не мог поверить в разницу. Вы сделали для нас великие дела, спасибо.

—Milton Book"
"Arina ,
892 Snow 0XV1,
Obscure","Арина ,
892 Снег 0XV1,
Неизвестный"
Ballon zum Kronpavillon,Воздушный шар до Королевского павильона
"Based on my findings, I believe uttering the following seer enchantments will help reground the steward's arcane tuning devices and sever the Inquest interference.  
  
If the steward has become irate, perform the following spell:  
*Sonno Lieve Frusto*  
  
If the steward has become confused, perform the following spell:  
*Lieve Frusto Sonno*","Основываясь на моих исследованиях, я полагаю, что произнесение следующих заклинаний провидца поможет восстановить связь аркановых устройств смотрителя и прервать вмешательство Инквеста.
  
Если распорядитель рассердился, произнесите следующее заклинание:
*Сонно Лив Фрусто*
  
Если распорядитель сбился с толку, произнесите следующее заклинание:
*Lieve Frusto Sonno*"
Besiegt 10 Gegner in der Janthir-Region,Победите 10 врагов в регионе Янтхир
"Branded pods are not edible.

Story Instance: Legacy","Брендированные капсулы нельзя есть.

Сюжетный инстанс: Наследие"
"Can be attained from the Forging Steel vision.
Trade to Berghild in Eye of the North for a helm.","Достаётся из видения «Forging Steel».
Обменяйте у Бергильд в Оке Севера на шлем."
"Can be attained from the Fraenir of Jormag in the Raven Sanctum.
Trade to Berghild in Eye of the North for gloves.","Достаётся с Фраенира Йормага в Святилище Ворона.
Обменяйте у Бергильд в Оке Севера на перчатки."
"Can be used in the Mystic Forge in place of Twilight to add the greatsword Eternity to your Legendary Armory.
<c=@warning>If you have two instances of Eternity unlocked in the armory, please contact Customer Support.</c>","Можно использовать в Mystic Forge вместо «Twilight», чтобы добавить двуручный меч «Eternity» в Легендарный арсенал.
<c=@warning>Если в арсенале открыты два экземпляра «Eternity», обратитесь в службу поддержки.</c>"
"Can contain gossamer and silk scraps.
Purchase from renown region karma merchants across the Crystal Desert with trade contracts.
Find trade contracts in chests and lost supplies.","Может содержать лоскуты паутинной ткани и шёлка.
Покупается за торговые контракты у торговцев кармы в регионах сердец почёта по всей Crystal Desert.
Торговые контракты находятся в сундуках и потерянных припасах."
"Can contain ingots of steel, platinum
Purchase from renown region karma merchants across the Crystal Desert with trade contracts.,Покупайте у торговцев кармы в регионах известности по всей Пустыне Хрусталя за торговые контракты.
Find trade contracts in chests and lost supplies.","Может содержать слитки стали или платины.
Покупайте у торговцев кармы в регионах известности по всей Пустыне Хрусталя за торговые контракты.
Находите торговые контракты в сундуках и потерянных припасах."
"Can contain linen and cotton scraps.,
Purchase from renown region karma merchants across the Crystal Desert with trade contracts.,Покупайте у торговцев кармы в регионах известности по всей Пустыне Хрусталя за торговые контракты.
Find trade contracts in chests and lost supplies.","Может содержать льняные и хлопковые лоскуты.,
Покупайте у торговцев кармы в регионах известности по всей Пустыне Хрусталя за торговые контракты.
Ищите торговые контракты в сундуках и потерянных припасах."
"Can harvest Ancient, Elder, and all lesser woods.
Gain snowflakes when gathering.","Рубит древнюю, старую и всю более простую древесину.
При сборе даёт снежинки."
"Can harvest Orichalcum, Mithril
Gain snowflakes when gathering.","Позволяет добывать орихалк и мифрил
При сборе даёт снежинки."
"Can harvest Orichalcum, Mithril, and all lesser metals.
Gain snowflakes when gathering.","Добывает орихалк, мифрил и все более простые металлы.
При сборе даёт снежинки."
"Canthan pendant that exclusively contains End of Dragons attribute combos.
<c=@flavor>These jade pendants found their way into the Mists shortly after Cantha reopened its borders.</c>","Кантанский кулон только с наборами характеристик из «Конца драконов».
<c=@flavor>Эти нефритовые кулоны попали в Туманы вскоре после того, как Кантха вновь открыла границы.</c>"
"Collect 100 Misty Cape Scraps.
Misty Cape Scraps are awarded from Strike Missions, Daily Strike achievements, and Weekly Emissary Chests in Eye of the North.","Соберите 100 обрывков туманной мантии.
Осколки туманной накидки можно получить за выполнение заданий в режиме «Удар», ежедневные достижения режима «Удар» и еженедельные сундуки эмиссара в локации «Глаз Севера»."
"Combine 25 Tales of Adventure, a Gift of Bones, a Memory of Bearkin's Victories, and a Memory of Bearkin Hunts to create a Gift of Recollector of Memories.

This item is acquired from the Klobjarne Geirr: Raid or Convergence Victories achievement.","Объедините 25 Сказаний о приключениях, Gift of Bones, Память о победах медвежьего народа и Память об охоте медвежьего народа, чтобы создать Дар собирателя воспоминаний.

Этот предмет получается за достижение «Klobjarne Geirr: победы в рейдах или схождениях»."
"Combine a Binding of the Dragon, a Draconic Tribute, a Salmon of Knowledge Backpack, and an Askur Camping Cookout Backpack (or the remnants of either) in the Mystic Forge to create the legendary precursor Orrax Contained.

Rewarded from completing the achievement Unknown Nightmares: Experiments in the Shadows.","Объедините Связку дракона, Драконью дань, Рюкзак «Лосось знаний» и рюкзак «Пикник в лагере Аскура» (или остатки любого из них) в Mystic Forge, чтобы создать легендарный прекурсор «Заточённый Орракс».

Награда за прохождение достижения «Неведомые кошмары: Эксперименты во тьме»."
"Combine a Gift of Embracing Refuge, a Gift of Condensed Might, a Gift of Condensed Magic, and 38 Mystic Clovers in the Mystic Forge to create the Gift of the Homesteader.

Created in the Mystic Forge by combining:
• 250 Refined Metal
• 250 Refined Fiber
• 250 Refined Wood
• 250 Shards of the Homestead","Объедините Gift of Embracing Refuge, Дар концентрированной мощи, Дар концентрированной магии и 38 мистических трилистников в Mystic Forge, чтобы создать Gift of the Homesteader.

Создаётся в Mystic Forge путём объединения:
• 250 Очищенного металла
• 250 Очищенного волокна
• 250 Очищенной древесины
• 250 Осколков дома"
"Combine a Gift of Janthir Wilds, a Gift of the Homesteader, a Gift of Klobjarne Geirr, and Nyr Hrammr in the Mystic Forge to create the legendary spear Klobjarne Geirr.

Created in the Mystic Forge by combining:
• 1 Gift of Embracing Refuge
• 1 Gift of Condensed Might
• 1 Gift of Condensed Magic
• 38 Mystic Clovers","Объедините Gift of Janthir Wilds, Gift of the Homesteader, Дар Клобьярне Гейрра и Нюр Храммр в Mystic Forge, чтобы создать легендарное копьё Klobjarne Geirr.

Создаётся в Mystic Forge путём объединения:
• 1 Дара объятий убежища
• 1 Дара концентрированной мощи
• 1 Дара концентрированной магии
• 38 Мистических трилистников"
"Combine a Gift of Janthir Wilds, a Gift of the Homesteader, a Gift of Klobjarne Geirr, and Nyr Hrammr to create the legendary spear Klobjarne Geirr.

Created in the Mystic Forge by combining:
• 1 Gift of Recollector of Memories
• 100 Mystic Runestones 
• 1 Gift of the Mists
• 1 Gift of Research","Объедините Gift of Janthir Wilds, Gift of the Homesteader, Дар Клобьярне Гейрра и Нюр Храммр, чтобы создать легендарное копьё Klobjarne Geirr.

Создаётся в Mystic Forge путём объединения:
• 1 Дара собирателя воспоминаний
• 100 Мистических рунических камней
• 1 Дара туманов
• 1 Дара исследований"
"Combine a Gift of Recollector of Memories, 100 Mystic Runestones
Created in the Mystic Forge by combining:,
• 25 Tales of Adventure ,• 25 рассказов о приключениях
• 1 Gift of Bones ,
'• 1 Memory of Bearkin''s Hunts',
'• 1 Memory of Bearkin''s Victories'","Объедините Дар Воспоминателя Воспоминаний, 100 мистических рун
Создаётся в Мистической кузнице путём объединения:,
• 25 Сказаний о приключениях ,• 25 рассказов о приключениях
• 1 Дар костей ,
'• 1 Воспоминание об охотах Медвежьего рода',
'• 1 Воспоминание о победах Медвежьего рода'"
"Combine a Gift of the Mistburned Isles, a Gift of Shadows, a Gift of the Feast, and Orrax Contained in the Mystic Forge to create the legendary backpack and glider Orrax Manifested.

Created in the Mystic Forge by combining:
• 1 Gift of the Mursaat Ruins
• 1 Gift of Janthir Wanderlust
• 250 Mursaat Runestones
• 250 Mystic Runestones","Объедините Дар Опалённых Туманом островов, Gift of Shadows, Дар пира и «Заточённого Орракса» в Mystic Forge, чтобы создать легендарный рюкзак и планер «Явленного Орракса».

Создаётся в Mystic Forge путём объединения:
• 1 Gift of the Mursaat Ruins
• 1 Дар странствий Джантира
• 250 рунических камней мурсаатов
• 250 Мистических рунических камней"
"Combine a Gift of the Survivors, Gift of the People
Purchased from the Foothold Bivouac renown heart vendor in Starlit Weald in exchange for:,
• 1 Gift of the Tides,
• 1 Bloodstone Shard,
• 1 Gift of Research,
• 1 Gift of the Mists","Соедините «Gift of the Survivors», «Gift of the People»
Купить у торговца за сердечную признательность в лагере «Футхолд Бивуак» в Starlit Weald в обмен на:
• 1 «Gift of the Tides»,
• 1 Bloodstone Shard,
• 1 «Gift of Research»,
• 1 «Дар туманов»"
"Combine a Gift of the Survivors, a Gift of the People
Created by combining the following in the Mystic Forge:,
• A Gift of Adventure,
• A Gift of the Seas,
• A Bloodstone Shard,
• 250 Obsidian Shards","Объедините «Gift of the Survivors», «Gift of the People»
Создается путем комбинирования в Mystic Forge:
• «Дара приключений»,
• «Дара морей»,
• Осколка кровавого камня,
• 250 Obsidian Shards"
"Combine in the Mystic Forge a Gift of Sharpened Tip, a Gift of Metal, a Standing Stones Timepiece (or Remnant), and any weight of the Bearkin War Helm (or Remnant) to create Nyr Hrammr. 
Remnants can be bought from renown heart vendors if you lost the items.

Created in the Mystic Forge by combining:
• 6 Deldrimor Steel Spear Heads
• 6 Large Spiritwood Hafts
• 6 Vision Crystals
• 1 Memory of Bearkin's Adversaries","Объедините в Mystic Forge Gift of Sharpened Tip, Дар металла, Часы стоячих камней (или их остаток) и Боевой шлем медвежьего народа любого весового класса (или его остаток), чтобы создать Нюр Храммр.
Остатки можно купить у торговцев сердец почёта, если вы потеряли предметы.

Создаётся в Mystic Forge путём объединения:
• 6 наконечников копий из делдриморской стали
• 6 больших древок из духодрева
• 6 кристаллов видения
• 1 Память о противниках медвежьего народа"
"Combine in the Mystic Forge with Meaty Plant Food, Bloodstone Dust, and Thick Leather Sections to create a Package of Ley Line Dusted Plant Food.

<c=@flavor>This dust crackles and pops with magical energy.</c>","Соедините в Mystic Forge с Мясным растительным кормом, Пылью кровавого камня и Толстыми кожаными отрезками, чтобы создать Упаковку растительного корма с лей-пылью.

<c=@flavor>Эта пыль потрескивает и искрится магической энергией.</c>"
"Combine in the Mystic Forge with a Clay Pot, Bloodstone Dust, and Foxfire Clusters to create a Mists Infused Clay Pot.

<c=@flavor>A stone taken from the Mists, steeped in its power.</c>","Соедините в Mystic Forge с Глиняным горшком, Кровавой каменной пылью и Сгустками лисьего огня, чтобы создать Пропитанный туманом глиняный горшок.

<c=@flavor>Камень, взятый из Туманов, пропитанный их силой.</c>"
"Combine in the Mystic Forge with a Heat Stone, Bloodstone Bricks, and a +5 Agony Infusion to create a Destroyer Heated Stone.

<c=@flavor>A steaming hot stone from the core of a powerful Destroyer.</c>","Соедините в Mystic Forge с Камнем тепла, Кровавыми каменными кирпичами и +5 Инфузией агонии, чтобы создать Разогретый камень Разрушителя.

<c=@flavor>Парящий горячий камень из ядра могущественного Разрушителя.</c>"
"Combine this weapon in the Mystic Forge with:
• 1 Gift of The Flameseeker Prophecies
• 1 Gift of Mastery
• 1 Gift of Fortune</c>","Соедините это оружие в Mystic Forge с:
• 1 Gift of The Flameseeker Prophecies
• 1 Gift of Mastery
• 1 Gift of Fortune</c>"
"Combine this weapon in the Mystic Forge with:
• 1 Gift of Twilight
• 1 Gift of Mastery
• 1 Gift of Fortune</c>","Соедините это оружие в Mystic Forge с:
• 1 Gift of Twilight
• 1 Gift of Mastery
• 1 Gift of Fortune</c>"
"Complete 10 events for the Mist Wardens in Melandru's Lost Domain.
Required to gain access to the Mist Warden quartermaster.","Выполните 10 заданий для Стражей Туманов в Затерянном Домене Меландру.
Необходимо для получения доступа к торговцу «Страж Туманов»."
"Complete 10 events for the Olmakhan in the Underworld.
Required to gain access to the Olmakhan quartermaster.","Выполните 10 заданий для Олмакхана в Подземном мире.
Необходимо для получения доступа к квартальному снабженцу Олмахана."
"Complete events in Domain of Vabbi. Group events will grant more progress.

Earn bonus progress by defacing Joko during the ""Avoid detection and help cadets paint the great Palawa Joko monument"" event.","Выполняйте задания в Домене Вабби. За выполнение групповых заданий прогресс будет увеличиваться быстрее.

Получите дополнительный прогресс за осквернение изображения Джоко во время события «Избегайте обнаружения и помогите кадетам раскрасить великий памятник Палаве Джоко»."
"Complete events in Jahai Bluffs. Group events will award more progress.

Earn bonus progress by completing the ""Stop 'Joko' from recruiting the Awakened"" event.","Выполняйте задания в Ущелье Джахаи. За выполнение групповых заданий начисляется больше очков прогресса.

Получите дополнительный прогресс за выполнение события «Остановите Джоко от вербовки пробужденных»."
"Consumed automatically when acquired. Grants a small amount of volatile magic.<br>Traditional Olmakhan song. <c=@flavor>""May the sun shine on all our tomorrows, once this storm passes...""</c>
","Автоматически уничтожается при получении. Даёт небольшое количество нестабильной магии. <br>Традиционная песня олмаханцев. <c=@flavor>«Пусть солнце осветит все наши будущие дни, когда эта буря утихнет...»</c>
"
"Contains 5000 Karma.,
<c=@flavor>Thank you for all of your support over the years!</c>","Содержит 5000 кармы.,
<c=@flavor>Спасибо за вашу поддержку на протяжении многих лет!</c>"
"Contains an Executioner Outfit, which is usable in combat
Outfits are full sets of clothing that hide other armor. This will not change individual armor pieces, and you will still receive your current armor stats.","Содержит наряд палача, который можно использовать в бою
Наряды — это полные комплекты одежды, скрывающие другую броню. Это не изменит отдельные части брони, и вы по-прежнему будете получать текущие характеристики брони."
"Contains loot useful in exploring Auric Basin.,'«Содержит добычу, полезную при исследовании Золотой Чаши.'
Double-click to open.","Содержит добычу, полезную при исследовании Золотой Чаши.
Дважды щёлкните, чтобы открыть."
"Contains: ,
• Mini Spooky Raptor,
• Mini Spooky Skimmer,
• Mini Spooky Springer,
• Mini Spooky Jackal,
• Mini Spooky Griffon","Содержит: ,
• Мини-жуткий раптор,
• Мини-жуткий скиммер,
• Мини-жуткий спрингер,
• Мини-жуткий шакал,
• Мини-жуткий грифон"
"Craft %num2% item[s].

<c=@reminder>Items can be crafted at crafting stations in cities and guild halls once you've been trained by an appropriate master craftsman. Crafting uses the crafting materials you collect from gathering nodes and defeated enemies as you explore the world.</c>","Создай %num2% предмет[|ов|а].

<c=@reminder>Предметы можно создавать на специальных станциях в городах и гильдейских залах, после того как вас обучил соответствующий мастер-ремесленник. Для создания используются материалы, которые вы собираете с ресурсов и добываете у побежденных врагов во время исследования мира.</c>"
"Created by imbuing a Superior Rune of Scavenging at the Tamini Place of Power in Queensdale.,«Создано путём вливания высшей руны мародёрства в Месте силы Тамини в Квинсдейле.
This item only has value as part of a collection.","Создано путём вливания высшей руны мародёрства в Месте силы Тамини в Квинсдейле.,«Создано путём вливания высшей руны мародёрства в Месте силы Тамини в Квинсдейле.
Этот предмет имеет ценность только как часть коллекции."
Cri déséquilibrant,Дисбалансирующий крик
"Crystalline formations of dragon magic, veined with blue.
Emissaries in the Eye of the North have interest in these.,
Obtained from Priority Strikes or by combining shards.","Кристаллические образования драконьей магии, пронизанные голубым.
Эмиссары в Оке Севера заинтересованы в них.,
Получено из приоритетных ударов или комбинированием осколков."
"Das Ergebnis eines kleinen Wunsches, während eine kleine Sternschnuppe fiel.","Результат маленького желания, загаданного во время падения маленькой падающей звезды."
"Daytona Jaque,
982 Bloom 0XX1,
Unsworn","Дейтона Джак,
982 Блум 0XX1,
Неприсягнувший"
"Decima fesseln, indem Ihr die Kette Eurer Kriegsklaue um die Felsen und Bäume im Umkreis wickelt","Сковать Дециму, обмотав цепь вашего боевого когтя вокруг скал и деревьев поблизости."
Der Preis erhöht sich mit jedem Kauf.,Der Preis erhöht sich mit jedem Kauf.
Diese Skins ersetzen das Erscheinungsbild Eurer Ausrüstung und haben keine eigenen Werte.,Эти облики заменяют внешний вид вашего снаряжения и не имеют собственных характеристик.
"Discover %num2% point[s] of interest in Queensdale, Metrica Province, Caledon Forest, Wayfarer Foothills, or the Plains of Ashford.

<c=@reminder>Points of interest are special locations marked by name in the world, indicated by a square icon on the map. </c>","Откройте %num2% [интересное место|интересных места|интересных мест] в Квинсдейле, Metrica Province, Caledon Forest, Wayfarer Foothills или Plains of Ashford.

<c=@reminder>Интересные места — это особые локации, отмеченные на карте квадратным значком и выделенные названием. </c>"
"Discreetly bring this to Agent Cavus while investigating the warehouse near Vehtendi Academy.
Event Item","Незаметно передайте это агенту Кавусу во время расследования склада возле Академии Вехтенди.
Предмет для события."
"Double-click to bind this glyph to your account.

Grants a 33%% chance to gain an extra strike while gathering.","Дважды щёлкните, чтобы привязать этот глиф к своей учётной записи.

Даёт 33%% шанс получить дополнительный удар при сборе ресурсов."
"Double-click to bind this glyph to your account.,
Gathering completes 50% faster.","Дважды щёлкните, чтобы привязать этот глиф к вашей учётной записи.
Сбор ресурсов происходит на 50% быстрее."
"Double-click to bind this glyph to your account.,
Increases movement speed by 100% for 5 seconds after gathering completes.","Дважды щёлкните, чтобы привязать этот глиф к вашей учётной записи.,
Увеличивает скорость передвижения на 100% на 5 секунд после завершения сбора."
"Double-click to bind this glyph to your account.,
Replaces gathering results with materials used in higher-level crafting recipes. Material types are determined by the type of node gathered from. Mithril ore, elder wood
Double-click to bind this glyph to your account.","Дважды щёлкните, чтобы привязать этот глиф к вашей учётной записи.,
Заменяет результаты сбора на материалы, используемые в рецептах крафта более высокого уровня. Типы материалов определяются типом собранного узла. Мифриловая руда, древняя древесина
Дважды щёлкните, чтобы привязать этот глиф к вашей учётной записи."
"Double-click to bind this glyph to your account.,
Rewards bonus karma while gathering, in addition to the gathering results.","Дважды щёлкните, чтобы привязать этот глиф к учётной записи.,
Награждает бонусной кармой при сборе ресурсов в дополнение к результатам сбора."
"Double-click to feed to a Mysterious Seedling.,
<c=@flavor>Purified with Sacred Glacial Water to keep a wild plant well behaved while it matures.<c>","Дважды щёлкните, чтобы скормить Таинственному Саженцу.,
<c=@flavor>Очищено Священной Ледниковой Водой, чтобы дикое растение вело себя хорошо, пока созревает.<c>"
"Double-click to gain a Hylek Poison Pot.
<c=@flavor>""Hylek tribes know how to make good poisons. We should learn something about pot making though.""<br>—Potatlan</c>","Дважды щёлкните, чтобы получить склянку с ядом хилек.
<c=@flavor>«Племена хилек умеют делать хорошее оружие. Нам тоже стоит научиться готовить зелья».<br> — Потатлан.</c>"
"Double-click to gain a Stormcaller Weapon Box, Dragonite Ore
Double-click to gain a Sylvari Seed Pod.","Дважды щёлкните, чтобы получить коробку с оружием Штормового зова, руду драконита
Дважды щёлкните, чтобы получить стручок семян сильвари."
"Double-click to gain a Turret.,
'<c=@flavor>""It''s amazing the wonders that hide inside the hard shell of a seed.""
—Qoetl</c>'","Дважды щёлкните, чтобы получить турель.,
'<c=@flavor>""Удивительно, какие чудеса скрываются внутри твёрдой скорлупы семени.""
—Кветль</c>'"
"Double-click to gain a choice of High Legion weapons, plus Dragonite Ore
Double-click to gain a depleted power crystal,'Дважды щелкните, чтобы получить истощенный кристалл силы'
Double-click to gain a drake egg.,'Дважды щелкните, чтобы получить яйцо дракона.'
Double-click to gain a drake egg.","Дважды щёлкните, чтобы получить выбор оружия Высшего Легиона, а также руду драконита
Дважды щёлкните, чтобы получить истощенный кристалл силы,'Дважды щёлкните, чтобы получить истощенный кристалл силы'
Дважды щёлкните, чтобы получить яйцо дракона.,'Дважды щёлкните, чтобы получить яйцо дракона.'
Дважды щёлкните, чтобы получить яйцо дракона."
"Double-click to gain a rock.
<c=@flavor>""You throw them. It's fun.""<br>—Flannum</c>","Дважды щёлкните, чтобы получить камень.
<c=@flavor>«Вы их бросаете. Это весело».<br> — Фланнум</c>"
"Double-click to open.,
Choose a first-generation weapon, trinket
Double-click to open.","Дважды щёлкните, чтобы открыть.,
Выберите оружие первого поколения, аксессуар
Дважды щёлкните, чтобы открыть."
"Double-click to open.,
Contains 100 assorted totems, scales
Double-click to open.","Дважды щёлкните, чтобы открыть.,
Содержит 100 разнообразных тотемов, чешуй
Дважды щёлкните, чтобы открыть."
"Double-click to open.,
Contains 100 assorted vials of blood.,Содержит 100 различных склянок с кровью.
<c=@flavor>""I suppose it makes sense. They are the Blood Legion.""</c>","Дважды щёлкните, чтобы открыть.,
Содержит 100 различных склянок с кровью.,Содержит 100 различных склянок с кровью.
<c=@flavor>""Полагаю, это имеет смысл. Они — Кровавый легион"".</c>"
"Double-click to open.,
Contains 25 assorted molten materials.,
'<c=@flavor>Fire. It''s a box of fire. Because the Flame Legion loves fire.</c>'","Дважды щёлкните, чтобы открыть.,
Содержит 25 различных расплавленных материалов.,
«<c=@flavor>Огонь. Это коробка с огнём. Потому что Flame Legion любит огонь.</c>»"
"Double-click to open.,
Contains materials from Skywatch Archipelago.","Дважды щёлкните, чтобы открыть.
Содержит материалы из Архипелага Небесного Дозора."""""
"Double-click to pick a recipe for Spearmarshal Coats. Can be learned by armorsmiths, leatherworkers
Purchase these recipes from renown merchants in Elona after learning the base recipes from the story.","Дважды щёлкните, чтобы выбрать рецепт для курток маршала копья. Могут выучить броненосцы и кожевники.
Купите эти рецепты у известных торговцев в Элоне после изучения базовых рецептов из сюжета."
"Double-click to pick a recipe for Spearmarshal Gloves. Can be learned by armorsmiths, leatherworkers
Purchase these recipes from renown merchants in Elona after learning the base recipes from the story.","Дважды щёлкните, чтобы выбрать рецепт перчаток маршала копья. Могут изучить бронекузнецы и кожевники.
Купите эти рецепты у известных торговцев в Элоне после изучения базовых рецептов из сюжета."
"Double-click to pick a recipe for Spearmarshal Helms. Can be learned by armorsmiths, leatherworkers
Purchase these recipes from renown merchants in Elona after learning the base recipes from the story.","Дважды щёлкните, чтобы выбрать рецепт шлемов копьёмаршала. Могут изучить броненосцы, кожевники
Купите эти рецепты у известных торговцев в Элоне после изучения базовых рецептов из сюжета."
"Double-click to shine on a Cultivated Shoot.,
<c=@flavor>With a hefty helping of luck, this lamp should get the most stubborn of plants to grow toward its light.</c>","Дважды щёлкните, чтобы осветить возделанный росток.,
<c=@flavor>С изрядной долей везения эта лампа заставит даже самые упрямые растения тянуться к её свету.</c>"
"Double-click to summon this mini to follow you around. Only one mini may be in use at a time.,
Combine Mini Gift Skritt, Candy Canes
Double-click to summon this mini to follow you around. Only one mini may be in use at a time.","Дважды щёлкните, чтобы призвать этого мини-питомца, который будет следовать за вами. Одновременно может использоваться только один мини-питомец.,
Объедините Мини-подарок Скритта, леденцы
Дважды щёлкните, чтобы призвать этого мини-питомца, который будет следовать за вами. Одновременно может использоваться только один мини-питомец."
"Double-click to warm your Pet Plantling.,
'<c=@flavor>Special care should be taken with this hot stone if you don''t want to get burned.</c>'","Дважды щёлкните, чтобы согреть ваше растение-питомца.,
'<c=@flavor>С этим горячим камнем следует обращаться осторожно, если вы не хотите обжечься.</c>'"
"EXECUTE_DATALOG_PRINTOUT

>Inquest activity at the Rata Primus installation will be put on hold for the foreseeable future. This is unfortunate, as I was just beginning to determine how my portal technology could be miniaturized for personal use. 

>I backed up some data locally, but Gorrik insisted I create external fail-safe backups. That worked, of course, but it did not help that I had stored them all within Rata Primus itself. So when Rata Primus was overrun by Awakened and we were forced to evacuate, that complicated matters significantly. I am at the very least confident that my encryption algorithm cannot be broken without severely impacting the onboard data.

>And when the time came, I felt it more important to download Gorrik's scarab plague data and everything that existed regarding research into Kralkatorrik. Saving all civilization is perhaps more important than my portal technology. Also, I could probably replicate my findings and do so in a more performant manner starting once again from scratch.

EXECUTE_WAIT_ACTION

>Taimi...thinks I look beautiful.

>...

>I'm glad we're working together again.","ВЫПОЛНИТЬ_ВЫВОД_ДАННЫХ

>Деятельность Инквеста на установке Rata Primus будет приостановлена на неопределенный срок. Это досадно, так как я только начал определять, как можно миниатюризировать мою портальную технологию для личного использования.

>Я сделал локальную резервную копию некоторых данных, но Горрик настоял на создании внешних отказоустойчивых копий. Это сработало, конечно, но не помогло то, что я хранил их все внутри самой Рата Примус. Поэтому, когда Рата Примус была захвачена Пробужденными и нас вынудили эвакуироваться, это значительно усложнило ситуацию. Я, по крайней мере, уверен, что мой алгоритм шифрования невозможно взломать без серьёзного повреждения бортовых данных.

>И когда пришло время, я счел более важным загрузить данные Горрика о чуме скарабеев и все, что существовало относительно исследований Кралькаторрика. Спасение всей цивилизации, возможно, важнее моей портальной технологии. Кроме того, я, вероятно, смогу воспроизвести свои находки и сделать это более производительным способом, начав с нуля.

ВЫПОЛНИТЬ_ОЖИДАНИЕ_ДЕЙСТВИЯ

>Тайми... считает, что я выгляжу красиво.

>...

>Я рад, что мы снова работаем вместе."
"Each coin is worth five lives inside the Super Adventure Box activity.

Visit Moto at Rata Sum to take part in the Super Adventure Box, a light-hearted adventure game presented in classic-console gaming style.","Каждая монета стоит пять жизней в режиме «Коробка суперприключений».

Посетите Мото в Рата-Суме, чтобы принять участие в «Коробке суперприключений» — беззаботной приключенческой игре в стиле классических консолей."
"Earn experience to level up this character to level 30.

<c=@reminder>Experience can be earned by defeating enemies, contributing to events and renown hearts, completing story chapters, and crafting items.</c>","Получайте опыт, чтобы повысить уровень этого персонажа до 30-го.

<c=@reminder>Опыт можно получить за победу над врагами, участие в событиях и выполнении заданий, прохождение сюжетных глав и создание предметов.</c>"
"Earn experience to level up this character to level 50.

<c=@reminder>Experience can be earned by defeating enemies, contributing to events and renown hearts, completing story chapters, and crafting items.</c>","Получайте опыт, чтобы повысить уровень этого персонажа до 50-го.

<c=@reminder>Опыт можно получить за победу над врагами, участие в событиях и выполнении заданий, прохождение сюжетных глав и создание предметов.</c>"
"Earn experience to level up this character to level 70.

<c=@reminder>Experience can be earned by defeating enemies, contributing to events and renown hearts, completing story chapters, and crafting items.</c>","Получайте опыт, чтобы повысить уровень этого персонажа до 70-го.

<c=@reminder>Опыт можно получить за победу над врагами, участие в событиях и выполнении заданий на получение репутации, прохождение сюжетных глав и создание предметов.</c>"
"Ears up, soldier,
I heard about your work with the grawl—well done. They may be little more than a pack of feral goofballs, but they know how to fight. My people used to skirmish with them every chance we got, and they usually held their own, so it'll be good to have them with us against the dragons.
I'd write off their village as an acceptable loss if I were you. An army needs soldiers: you can worry about homes after the war's been won.
Some of the members of Destiny's Edge are still trying to salvage something out of that fiasco in Lion's Arch, but for now, I'm staying out of it. I'd rather focus on problems that can actually be solved, and don't involve a lot of tiny hairless freaks whining at each other.
Make the Legions proud. I'll be watching.
—Rytlock","Слушай, солдат,
Я слышал о твоей работе с граул — отлично справился. Возможно, они не более чем стая диких болванов, но они умеют воевать. Мой народ часто стыкался с ними при любой возможности, и они обычно держались неплохо, так что хорошо, что они с нами против драконов.
На твоём месте я бы списал их деревню как допустимые потери. Армии нужны солдаты: о домах можно беспокоиться после победы в войне.
Некоторые члены Края Судьбы всё ещё пытаются что-то спасти из того фиаско в Львином Архиве, но пока я держусь в стороне. Я предпочитаю сосредоточиться на проблемах, которые действительно можно решить, и которые не включают кучу мелких безволосых уродов, ноющих друг на друга.
Сделай Легионы гордыми. Я буду наблюдать.
— Райтлок"
"Eastern Ward:
There's no location too secure for a karka.","Восточный район:
Для карки нет неподходящего места."
"Ein Buch mit Rezepten zur Dekoration der Heimstatt, die zur Herstellung von ""Welt gegen Welt""-Gegenständen benötigt werden.","Книга с рецептами для украшения жилища, необходимых для создания предметов «Мир против Мира»."
Einer der Haie ist weggeschwommen. Man sollte ihn vielleicht verfolgen.,"Одна из акул уплыла. Возможно, стоит последовать за ней."
Eisbrut-Saga-Belohnungspfad (WvW),"Награда за прохождение сюжетной линии ""Сага о Ледоклыках"" (PvP)"
El Salvador,Эль-Сальвадор
"Eliminate any hidden forces along the way to Eventide's March.

Enemy Strength","Устраните любые скрытые силы на пути к Маршу Ивенида.

Сила врага"
"Emercadani onese,  
Maladretti Sidony icnatare,  
Isgarren, in soltira maereca,  
Solu in Amnytas.

Survesa Tyria, pervescimi vindicare,  
Famira jus ladattire,  
Posira jus surifiate, percresa jus escaletri,  
Aera etrona odi te icnatare. 

Chi ad portesa stacare,  
Chi damrecus est onia costedi,  
Suvara terrona stani,  
Vrigalanate, sempi escivicume.

Isgarren, fatira, frustriame clamarite,  
Tirsu in passivrea suplicazione covate,  
Pontese caeluma purtibe.  
Potistanu aera soltira infinictu fenera?

Cima senescalis omrina vectese iretasa,  
Caelu grava ium non ampri occruse.  
Sec locatire Sidony,  
Sec scritima aes, sec faede.","Эмеркадани, один из вас.
Маладретти Сидонари,
Исгаррен, в солтирской маэреке.
Солу в Амнитесе.

Исследуй Тирию, чтобы отомстить.
Фамира просит тебя помочь.
Позира, пусть твои шаги будут быстрыми, а твой меч – острым.
Я не понимаю твой язык.

Кто умеет, тот и отвязывает.
Чи дамрекус есть ония костеди.
Сувара террона стани.
Вригаланате, полубоги-воины.

Исгаррен, извини, но я не понимаю, о чем ты говоришь.
Тырсу в пассивной молитве колыхается.
Пожалуйста, не трогайте небесные сферы.
Потеряна ли сила бесконечного феникса?

Симона Сенискалис, омнира-вектеса, иретаса.
Каэлу не смог найти подходящий камень для гравировки.
Ищите Сидони.
Секрет скрыт, секрет найден."
"Emperor Bitgaram has officially been crowned and is no longer the ""Acting Emperor"" of Cantha.

Minister Zal and Jimin were finally able to breach Raisu Palace, and inside they...found Kyobok dead. Killed by the Risen that overran the palace after the flood. The empress, their youngest, and their oldest were also found inside. Lady Mishil died clawing at the door, trying to escape.
I wasn't there, but Jimin was shaken to his core upon his arrival back at the recycling facility. I've never seen him so pale. So...scared.

Apparently, the Risen presence is so potent within the palace walls, the excavation group barely crossed through the threshold. They confirmed the bodies in the throne room but didn't dare go any farther inside. They heard...things. Screaming. Mumbling. None of which sounded human. They left the bodies of the dead inside, fearful of what they might turn into.

We might try to reclaim the palace at a later date, but...we're not ready for that. Not when so many still need to find a roof to sleep under. Food to eat.

Minister Doh Taelin, Ministry of Archives, 1730 CC","Император Битгарам официально коронован и больше не является «Исполняющим обязанности императора» Кантхи.

Министру Залу и Джимину наконец удалось проникнуть во дворец Райсу, и внутри они... нашли Кёбока мёртвым. Убит Восставшими, которые наводнили дворец после наводнения. Императрица, их младший и старший также были найдены внутри. Леди Мишил умерла, царапая дверь, пытаясь выбраться.
Меня там не было, но Джимин был потрясён до глубины души, когда вернулся на перерабатывающий завод. Я никогда не видел его таким бледным. Таким... испуганным.

По-видимому, присутствие Восставших настолько сильно внутри стен дворца, что группа раскопок едва пересекла порог. Они подтвердили наличие тел в тронном зале, но не осмелились зайти дальше внутрь. Они слышали... вещи. Крики. Бормотание. Ни одно из них не звучало по-человечески. Они оставили тела мёртвых внутри, опасаясь того, во что они могут превратиться.

Мы, возможно, попытаемся вернуть дворец позже, но... мы не готовы к этому. Не сейчас, когда так много людей всё ещё нуждаются в крыше над головой. Еде.

Министр Doh Taelin, Ministry of Archives, 1730 КК"
"Enclosed is your yield from our ongoing expedition. Another shipment will be sent tomorrow. Remember, you can always change the location your team is gathering from at the Black Lion Expedition Board.

—Black Lion Expeditions Team","В приложении — ваша доля с нашей текущей экспедиции. Следующая партия будет отправлена завтра. Помните: место, где собирает ваша команда, всегда можно изменить на Доске экспедиций Black Lion.

—Команда экспедиций Black Lion"
"Entry 13
Overheard some news at the Serrated Blade Tavern today. Zhaitan's bit the dust. Sounds like the old boss was there to shoot him out of the sky with Destiny's Edge. It's been so long since they've stomped these grounds with their warband. I'm sure it's only a matter of time before they come around here to celebrate.

Entry 24
Been chafing in this Ash uniform for some time now. It's ""clear"" to many that I'm still Blood, no matter what the boss thought. There's always another angle with Ash. Always secrets. Subterfuge is fine and all, but sometimes the solution is just a big fireball to the face. Like that Mordrem outbreak up by Scalecatch. There's no trickety-trick there. Only raw power puts rogue gods and Elder Dragons in their place.

Entry 48
The legionnaire and I got in a bit of a scrap last night. Tried to tell them that the boss wasn't coming back. That's after we learned about the new Elder Dragon, Aurene, and her ""champion."" I've seen the Brand and dusted dozens of Branded. Who cares if Kralkatorrik's gone? What's to stop this one from taking his place?
Rumor has it the old boss was invited to the big celebration in the Blood Legion homelands. I guess Imperator Ruinbringer has a hell of speech planned. I might go. Maybe I'll finally get some answers.

Entry 54
A few of us from the warband agree: Imperator Ruinbringer's plan is risky, but bold. Nothing more dangerous than what the old boss would've done. I'd heard about some norn ""cub"" cracking that infamous tooth with a magic bow. But now Bangar has it. We have the power to change things now. And there's leverage in power. We can bring Jormag to heel.
The Shiverpeak nights are cold, but my fire is warm, and so is the company. Going to try and get a few winks in before dawn.","Запись 13
Сегодня в таверне «Зубчатый клинок» услышал новости. Зайтан отправился к праотцам. Похоже, прежний командир был там и сбил его с неба вместе с «Краем Судьбы». Прошло уже много времени с тех пор, как они ступали по этим землям со своим отрядом. Уверен, это лишь вопрос времени, когда они придут сюда праздновать.

Запись 24
Меня уже давно раздражает эта форма Аска. Многим «ясно», что я всё ещё Кровь, что бы ни думал командир. У Аска всегда есть другой угол. Всегда секреты. Скрытность — это хорошо, но иногда решение — это просто большой огненный шар в лицо. Как та вспышка Мордрем у Чешуелова. Там нет никаких хитростей. Только грубая сила ставит на место взбунтовавшихся богов и Старших Драконов.

Запись 48
Прошлой ночью мы с легионером немного повздорили. Я пытался сказать им, что командир не вернётся. Это после того, как мы узнали о новом Старшем Драконе, Аурене, и её «чемпионе». Я видел Скверну и прикончил десятки Проклятых. Какая разница, что Кралькаторрик мёртв? Что помешает этому занять его место?
Ходят слухи, что прежнего командира пригласили на большое празднование в землях Кровавого легиона. Думаю, Император Руиноприносящий подготовил чертовски хорошую речь. Я, возможно, пойду. Может, наконец получу ответы.

Запись 54
Некоторые из нас в отряде согласны: план Императора Руиноприносящего рискованный, но смелый. Ничего опаснее того, что сделал бы прежний командир. Я слышал о каком-то норнском «детёныше», который расколол тот пресловутый клык магическим луком. Но теперь он у Бангара. Теперь у нас есть сила, чтобы изменить всё. А в силе — рычаги. Мы сможем поставить Йормага на колени.
Ночи в Ледяных Пиках холодны, но мой огонь тёпел, и компания тоже. Попробую вздремнуть до рассвета."
"Entry 892:
Well, the golems we sent out have confirmed my suspicions: the thinning of the air is not from some pollutant. We are floating in the sky. I've restricted everyone to the city for now, until I can get a better assessment of the situation. Better to keep as few citizens as possible aware of our predicament, so as not to cause a panic.  
  
Entry 893:
I've developed several hypotheses for what might have happened to create this...unique situation. The popular rumor around the city is that it's my doing; a trial run gone wrong. I wish that were the case—it would be a blessing. Instead, I suspect the truth will be much less pleasant.  

Entry 894:
My testable hypotheses have all failed. That's good, in a way; some of them would have been catastrophic if they were true. But it leaves troubling questions that I'm unable to resolve. Further study will be required, but until I can determine what's really going on, the people need to be kept calm.","Запись 892:
Что ж, отправленные нами големы подтвердили мои подозрения: разрежение воздуха вызвано не каким-то загрязнителем. Мы парим в небе. Пока я ограничил передвижение всех в городе, пока не смогу лучше оценить ситуацию. Лучше держать как можно меньше граждан в неведении о нашем положении, чтобы не вызывать панику.

Запись 893:
Я разработал несколько гипотез о том, что могло привести к этой... уникальной ситуации. В городе ходят слухи, что это моих рук дело; неудачный пробный запуск. Я бы хотел, чтобы это было так — это было бы благословением. Вместо этого я подозреваю, что правда будет гораздо менее приятной.

Запись 894:
Все мои проверяемые гипотезы провалились. В некотором смысле это хорошо; некоторые из них были бы катастрофическими, если бы оказались правдой. Но это оставляет тревожные вопросы, на которые я не могу найти ответы. Потребуется дальнейшее изучение, но пока я не смогу определить, что на самом деле происходит, людей нужно успокаивать."
"Erkundet Janthir, um diese Orte zu finden und Beherrschungspunkte zu verdienen.","Исследуйте Джантир, чтобы найти эти места и заработать очки мастерства."
Ertragreicher Zeitvertreib,Прибыльное времяпрепровождение
Erudito,Эрудит
"Every day we draw closer and closer to the corruption. I can feel its dark power lick at my lips, tempting me closer and closer...

Ankka has decided that I am a ""vital"" asset in their efforts. There could have been a world in which we worked with her and the Aetherblades, rather than against them, in our mutual efforts to change the tides of history... But I fear it is almost time to cut her down. Given the hysteria that has emerged all throughout the nation, I will be recognized as a savior—a god! And I will relish every moment of it.

Ignorant rats. All of them.","С каждым днем мы все ближе и ближе к порче. Я чувствую, как её тёмная сила лижет мои губы, искушая меня все ближе и ближе...

Анкка решила, что я «жизненно важный» актив в их усилиях. Мог бы быть мир, в котором мы работали с ней и Эфироклинками, а не против них, в наших общих усилиях изменить ход истории... Но я боюсь, что почти пришло время срубить её. Учитывая истерию, охватившую всю страну, меня признают спасителем — богом! И я буду наслаждаться каждым моментом этого.

Невежественные крысы. Все они."
Exploratorin,Исследовательница
Fangschrecken-Pose,"Поза ""Клыкастый ужас"""
Fantasma,Фантозма
Fashion Template %num1%,Шаблон моды %num1%
Feldnotizen aus Janthir: Trollhöhle,Полевые заметки из Джантира: пещера троллей
"Fesselt Greer, indem Ihr die Kette Eurer Kriegsklaue um die Felsen und Bäume im Umkreis wickelt.","Сковывайте Грира, обматывая цепь вашего боевого когтя вокруг скал и деревьев поблизости."
"Few have joined us, but we will be strong with the numbers we have.  A Forge Colossus has been exhumed, and several scouts have returned with plundered research. Our scholars are reconstructing the old texts to find a way to stop the stone affliction.

My movement has become burdensome. The stone has progressed to my shoulder, making it difficult to wield an axe. If I can't fight, I may as well hurl myself into fire. Any fate would be better than this.","Немногие присоединились к нам, но мы будем сильны с теми числами, что у нас есть. Кузнечный колосс был эксгумирован, и несколько разведчиков вернулись с награбленными исследованиями. Наши учёные восстанавливают древние тексты, чтобы найти способ остановить каменное проклятие.

Мои движения стали обременительными. Камень добрался до моего плеча, из-за чего трудно владеть топором. Если я не могу сражаться, я могу просто броситься в огонь. Любая участь будет лучше этой."
"Filled with all the nutrients a growing springer needs! Double-click to feed this to your springer.

Gives bonus Mastery experience once per day.","Содержит все питательные вещества, необходимые растущему спрингеру! Дважды щёлкните, чтобы накормить этим вашего спрингера.

Даёт бонусный опыт мастерства раз в день."
"Find others to fight back against the dragon threat across Tyria!
Guild Wars 2: Path of Fire expansion and the Living World episode ""Champions"" are required to launch this content and earn achievements from it.","Найдите союзников и вместе сражайтесь против угрозы драконов по всей Тирии!
Для запуска этого контента и получения достижений необходимо приобрести дополнение Guild Wars 2: Путь Огня и пройти эпизод «Чемпионы» из цикла «Живая история»."
"Find others to help you explore Drizzlewood Coast!
The Guild Wars 2: Path of Fire™ expansion and the Living World episode ""No Quarter"" are required to access this map.","Найдите других игроков, чтобы вместе исследовать побережье Дризлвуда!
Для доступа к этой карте необходимо приобрести дополнение Guild Wars 2: Путь Огня и пройти эпизод «No Quarter» из серии Живого мира."
"Find others to help you explore Eternity's Garden.
The Guild Wars 2: Visions of Eternity expansion is required to access this map.","Найдите других игроков, чтобы вместе исследовать Eternity's Garden.
Для доступа к этой карте необходимо установить дополнение Guild Wars 2: Видения Вечности."
"Find others to help you explore Grothmar Valley!
The Guild Wars 2: Path of Fire™ expansion and the Living World episode ""Bound by Blood"" are required to access this map.","Найдите других игроков, чтобы вместе исследовать Гротмарскую долину!
Для доступа к этой карте необходимо приобрести дополнение Guild Wars 2: Путь Огня и пройти эпизод «Bound by Blood» из серии Живого мира."
"Find others to help you explore Lowland Shore.
Requires the Guild Wars 2: Janthir Wilds expansion to access this map.","Найдите других игроков, чтобы вместе исследовать Низменное побережье.
Для доступа к этой карте требуется дополнение Guild Wars 2: Янтарные дикие земли."
"Find others to help you explore Seitung Province.
Requires Guild Wars 2: End of Dragons expansion to access this map.","Найдите других игроков, чтобы вместе исследовать провинцию Сэйтунг.
Для доступа к этой карте требуется дополнение Guild Wars 2: Конец Драконов."
"Find others to help you explore Starlit Weald.
The Guild Wars 2: Visions of Eternity expansion is required to access this map.","Найдите других игроков, чтобы вместе исследовать Звёздную Рощу.
Для доступа к этой карте необходимо расширение Guild Wars 2: Видения Вечности."
"Find others to help you hunt Kryptis and complete Convergences.
The Guild Wars 2: Secrets of the Obscure expansion is required to access Convergences.","Найдите других игроков, чтобы вместе охотиться на Криптиса и выполнять задачи «Схождение».
Для доступа к схождениям необходимо приобрести дополнение Guild Wars 2: Secrets of the Obscure."
"Find others to help you reactivate the ancient pylons and defend the city of Tarir!
Requires Guild Wars 2: Heart of Thorns expansion to access this map.","Найдите союзников, чтобы вместе с вами реактивировать древние пилоны и защитить город Тарир!
Для доступа к этой карте требуется дополнение Guild Wars 2: Сердце Терний."
"Find others to help you take the fight to Mordremoth!
Requires Guild Wars 2: Heart of Thorns expansion to access this map.","Найдите союзников, чтобы вместе сразиться с Мордремотом!
Для доступа к этой карте требуется дополнение Guild Wars 2: Сердце Терний."
Findet Blutstein-Geister im Schlittergürtel.,Findet Blutstein-Geister im Schlittergürtel.
Findet das Versteck des Einsiedler-Fischers nahe der Landestelle im Turbulenten Meer.,Findet das Versteck des Einsiedler-Fischers nahe der Landestelle im Turbulenten Meer.
Fonctionnalité,Функциональность
"For generations, the dredge were a race enslaved, driven to serve the tyrannical Stone Summit in their never-ending lust for wealth and power. While many across Tyria desired to see these poor souls freed from their burden, none had the courage to act.

Until now.

Follow our beloved and revered savior, Palawa Joko, as he continues his grand work throughout this broken world, bringing order from turmoil and freedom to those oppressed!

Read in awe as he singlehandedly battles the mechanical monstrosity known as the Iron Forgeman, humiliating the cowardly Stone Summit once and for all. 

Will Joko succeed? Could the great and eternal Palawa Joko fail? To write as such would be blasphemy, but one can never know the truth without reading this fascinating tale!","На протяжении поколений дредж были порабощённой расой, вынужденной служить тираническому Каменному Вершине в их ненасытной жажде богатства и власти. Хотя многие по всей Тайрии желали увидеть освобождение этих бедных душ от их бремени, никто не осмелился действовать.

До сих пор.

Следуйте за нашим любимым и почитаемым спасителем, Палавой Джоко, пока он продолжает свою великую работу в этом разбитом мире, принося порядок из хаоса и свободу угнетённым!

Читайте с трепетом, как он в одиночку сражается с механическим чудовищем, известным как Железный Кузнец, раз и навсегда унижая трусливый Каменный Вершина.

Удастся ли Джоко? Может ли великий и вечный Palawa Joko потерпеть неудачу? Написать так было бы богохульством, но нельзя узнать правду, не прочитав эту захватывающую историю!"
"For nearly one hundred years following our flight, we lived the lives we had so often dreamed of, free of persecution by the Flame Legion.

As we traveled south and built the society that would one day be called Olmakhan, we were forced to question many of the age-old norms of charr society. We were starting from nothing, and in a foreign, hostile landscape no less. To survive, there would need to be changes.

There would be no sense of superiority over the land. This was the core dictum of the Olmakhan: peace with nature, so that we might thrive beyond mere survival. Only a thorough understanding of our new environment would allow us to remain here, to build villages, farms, and families.

For nearly one hundred years we strove to achieve this ideal. It was then that nature sent us our first true test of resolve: a cataclysm beyond our northern horizon that shook the seafloor, and the Great Flood that made an archipelago of our new homeland.

In single moment, it seemed that all we'd built was lost. Many of our tribe were claimed by nature that day, but none truly despaired. Our culture had been forged in struggle and tempered by hardship, and our commitment to our Olmakhan family shone like steel in the sun once the waters receded. We rebuilt, and we thrived again.

Recent times have brought hints of a troubled, larger world that threatens to wash away our peace. First came the spread of the cruel little ones across these islands, with their stone and crystal wonders that defy gravity and their unnatural creations brought to life with unfamiliar magics. 

Then came the great iron sky-whale, breathing smog and flame as it crashed into the soft sands of our shoreline. Its metal shell protects our elder council as they meet to plan our response to the threat of the Inquest, and we've begun to fortify our structures with its iron skeleton.

Nature has presented us with new challenges, and if we must adapt to survive these trials, we will.","Почти сто лет после нашего бегства мы жили той жизнью, о которой так часто мечтали, — свободной от гонений Flame Legion.

Уходя на юг и строя общество, которому суждено было назваться Олмахан, мы были вынуждены подвергнуть сомнению многие вековые устои чаррского общества. Мы начинали с нуля — и притом в чужом, враждебном краю. Чтобы выжить, нужны были перемены.

Не будет никакого превосходства над землёй. Таков стержневой завет Олмахан: мир с природой, дабы мы могли не просто выживать, а процветать. Лишь доскональное понимание новой среды позволило бы нам остаться здесь, строить деревни, фермы и семьи.

Почти сто лет мы стремились к этому идеалу. И тогда природа послала нам первое настоящее испытание воли: катаклизм за северным горизонтом, сотрясший морское дно, и Всемирный потоп, превративший нашу новую родину в архипелаг.

Казалось, в единый миг всё построенное нами погибло. В тот день природа забрала многих из племени, но никто не впал в истинное отчаяние. Наша культура была выкована в борьбе и закалена лишениями, и наша преданность семье Олмахан засияла, как сталь на солнце, едва схлынули воды. Мы отстроились — и снова расцвели.

Недавние времена принесли приметы неспокойного большого мира, грозящего смыть наш покой. Сначала по этим островам расползлись жестокие малыши со своими каменными и хрустальными чудесами, что попирают земное притяжение, и противоестественными созданиями, оживлёнными незнакомой магией.

Затем явился громадный железный небесный кит, дыша смогом и пламенем, и рухнул в мягкие пески нашего берега. Его металлический панцирь укрывает совет наших старейшин, когда те собираются обдумать ответ на угрозу Инквеста, а мы начали укреплять свои постройки его железным скелетом.

Природа поставила перед нами новые испытания, и если ради того, чтобы пережить их, нужно меняться — мы изменимся."
"Forgive my suspicion when you first came to us. I should have known to trust the wisdom of our elders, and in Nature's providence. Return to Athloma when you can, and know that you will be among friends when you do.
—Malor","Прости мои подозрения, когда ты впервые пришёл к нам. Мне следовало довериться мудрости наших старейшин и провидению Природы. Возвращайся к Атломе, когда сможешь, и знай, что среди друзей ты будешь.
—Малор"
"Friend,

I'm writing to explicitly thank you for doing such a commendable job acting as my instrument of havoc and destruction in the Aquanarium Hydropost. I, for one, had a good laugh. Keep up the good work.

—Creator Zee, Order of Whispers","Друг,

Я пишу, чтобы выразить тебе искреннюю благодарность за то, что ты так похвально справился с ролью моего орудия хаоса и разрушения на Гидропосте Акванариума. Лично я от души посмеялся. Продолжай в том же духе.

—Creator Zee, Order of Whispers"
"From the mind of Malomedies, master astronomer and mathematician, comes the ultimate collection of tips, tools, and tricks for stargazers new and old alike! Piecing together a lifetime's worth of research, Malomedies's students offer a rare glimpse into their master's brilliance through easy-to-digest lessons and dictums.

Are you a budding apprentice? A seasoned master? This collection has something for everyone.

Discover which materials are most appropriate in sun-viewing telescope lens filters, marvel at Malomedies's simple schema for interpreting binary and trinary star system alignments, and much more!","Из разума Маломедия, великого астронома и математика, вышла величайшая коллекция советов, инструментов и трюков для звездочётов, как новичков, так и бывалых! Собрав воедино исследования целой жизни, ученики Маломедия предлагают редкую возможность заглянуть в гениальность своего мастера через лёгкие для усвоения уроки и наставления.

Вы начинающий ученик? Или опытный мастер? В этой коллекции найдётся что-то для каждого.

Узнайте, какие материалы лучше всего подходят для фильтров линз телескопов для наблюдения за солнцем, восхититесь простой схемой Маломедия для интерпретации расположения двойных и тройных звёздных систем и многое другое!"
Fuerzas especiales,Специальные войска
"Gabe[pl:""Gaben""] von Klobjarne Geirr",Габе фон Клобьярне Гейрр
"Gain 10 seconds of swiftness when gathering.
33%% chance at extra resources when gathering.","Получайте 10 секунд быстроты при сборе.
33%% шанс получить дополнительные ресурсы при сборе."
"Gain 100 Toughness When Health Is above 90%%
+2%% to All Attributes
+10%% Experience from Kills","Получите 100 единиц стойкости, когда уровень здоровья превышает 90%%.
+2%% ко всем характеристикам.
+10%% опыта за убийства."
"Gain 120 Condition Damage When Health above 90%%
+10%% Experience from Kills","+120 к урону от состояний, пока здоровье выше 90%%
+10%% опыта за убийства"
"Gain 200 Condition Damage When Health Is above 90%%
+10%% Experience from Kills","+200 к урону от состояний, пока здоровье выше 90%%
+10%% опыта за убийства"
"Gain Concentration Equal to 2%% of Your Precision
Gain Concentration Equal to 2%% of Your Healing Power
+10%% Experience from Kills","Концентрация, равная 2%% вашей Точности
Концентрация, равная 2%% вашей Силы исцеления
+10%% опыта за убийства"
"Gain Concentration Equal to 2%% of Your Precision
Gain Concentration Equal to 4%% of Your Healing Power
+10%% Experience from Kills","Концентрация, равная 2%% вашей Точности
Концентрация, равная 4%% вашей Силы исцеления
+10%% опыта за убийства"
"Gain Concentration Equal to 2%% of Your Vitality
Gain Concentration Equal to 2%% of Your Toughness","Концентрация, равная 2%% вашей Живучести
Концентрация, равная 2%% вашей Стойкости"
"Gain Condition Damage Equal to 3%% of Your Power
Gain Condition Damage Equal to 3%% of Your Precision
+10%% Experience from Kills","Урон от состояний, равный 3%% вашей Силы
Урон от состояний, равный 3%% вашей Точности
+10%% опыта за убийства"
"Gain Condition Damage Equal to 3%% of Your Toughness
Gain Expertise Equal to 3%% of Your Toughness
+10%% Experience from Kills","Урон от состояний, равный 3%% вашей Стойкости
Экспертиза, равная 3%% вашей Стойкости
+10%% опыта за убийства"
"Gain Condition Damage Equal to 6%% of Your Healing Power
Gain Condition Damage Equal to 8%% of Your Concentration
+10%% Experience from Kills","Урон от состояний, равный 6%% вашей Силы исцеления
Урон от состояний, равный 8%% вашей Концентрации
+10%% опыта за убийства"
"Gain Condition Damage Equal to 8%% of Your Concentration
Gain Concentration Equal to 3%% of Your Precision
+10%% Experience from Kills","Урон от состояний, равный 8%% вашей Концентрации
Концентрация, равная 3%% вашей Точности
+10%% опыта за убийства"
"Gain Health Every Second
+100 Concentration
+70 Expertise
+10%% Karma
+5%% All Experience Gained
+20%% Magic Find
+20%% Gold Find
+10%% WXP Gained","Восстановление здоровья каждую секунду
+100 к Концентрации
+70 к Экспертизе
+10%% кармы
+5%% ко всему получаемому опыту
+20%% к поиску магии
+20%% к поиску золота
+10%% к получаемому мировому опыту"
"Gain Health Every Second
+100 Concentration
+70 Toughness
+10%% Karma
+5%% All Experience Gained
+20%% Magic Find
+20%% Gold Find
+10%% WXP Gained","Восстановление здоровья каждую секунду
+100 к Концентрации
+70 к Стойкости
+10%% кармы
+5%% ко всему получаемому опыту
+20%% к поиску магии
+20%% к поиску золота
+10%% к получаемому мировому опыту"
"Gain Health Every Second
+100 Expertise
+70 Condition Damage
+10%% Karma
+5%% All Experience Gained
+20%% Magic Find
+20%% Gold Find
+10%% WXP Gained","Восстановление здоровья каждую секунду
+100 к Экспертизе
+70 к урону от состояний
+10%% кармы
+5%% ко всему получаемому опыту
+20%% к поиску магии
+20%% к поиску золота
+10%% к получаемому мировому опыту"
"Gain Health Every Second
+45 to All Attributes
+10%% Karma
+5%% All Experience Gained
+20%% Magic Find
+20%% Gold Find
+10%% WXP Gained","Восстановление здоровья каждую секунду
+45 ко всем атрибутам
+10%% кармы
+5%% ко всему получаемому опыту
+20%% к поиску магии
+20%% к поиску золота
+10%% к получаемому мировому опыту"
"Gain Health Every Second
+50 Concentration
+40 Power
+10%% Karma
+5%% All Experience Gained
+20%% Magic Find
+20%% Gold Find
+10%% WXP Gained","Восстанавливает здоровье каждую секунду
+50 концентрации
+40 силы
+10%% кармы
+5%% ко всему получаемому опыту
+20%% шанса найти магические предметы
+20%% шанса найти золото
+10%% опыта мира"
"Gain Health Every Second
+60 Vitality
+10%% Experience from Kills","Восстановление здоровья каждую секунду
+60 к Живучести
+10%% опыта за убийства"
"Gain Health Every Second
+70 Vitality
+10%% Experience from Kills
+10%% Karma","Восстановление здоровья каждую секунду
+70 к Живучести
+10%% опыта за убийства
+10%% кармы"
"Gain Power Equal to 2%% of Your Vitality
Gain Power Equal to 2%% of Your Toughness","Сила, равная 2%% вашей Живучести
Сила, равная 2%% вашей Стойкости"
"Gates sealed

Fortresses secured

Something wrong

thoughts thin

burning

ash

summit","Врата запечатаны

Крепости укреплены

Что-то не так

мысли тускнеют

горение

пепел

вершина"
"Gather %num2% material[s] with a logging axe in Sparkfly Fen, Mount Maelstrom, the Iron Marches, Fireheart Rise, or Timberline Falls.

<c=@reminder>Resource nodes are clumps of ore, saplings, and plants that can be gathered using gathering tools. Nodes can be found by exploring the world.</c>","Собирайте %num2% [материал|материала|материалов] с помощью лесорубного топора в Болотистой низине, на горе Мальстрём, в Железных Топях, Огненной возвышенности или у Водопадных скал.

<c=@reminder>Ресурсные узлы — это скопления руды, саженцы и растения, которые можно собирать с помощью инструментов для сбора ресурсов. Узлы можно найти, исследуя мир.</c>"
"Gefertigt aus 50 Phiolen Blut, 50 Phiolen dickem Blut, 250 Phiolen wirkungsvollem Blut und 100 Phiolen kraftvollem Blut.","Изготовлено из 50 фиалов крови, 50 фиалов густой крови, 250 фиалов действенной крови и 100 фиалов мощной крови."
Gefunden!,Найдено!
Gegengift,Противоядие
Geister-Jagd,Охота за призраками
Generationskonflikt,Конфликт поколений
Gezeiten-Heck,Гезитен-Хек
"Gives one standalone homestead decoration of Orrax Contained.,Даёт одно отдельное украшение жилища «Орракс заточён».
This homestead decoration cannot be crafted.","Даёт одно отдельное украшение усадьбы «Орракс заточён».
Это украшение усадьбы нельзя создать."
"Gixx, you're free to send a couple of your hungry book eaters to Janthir. If you've got anyone familiar with titan history, best send them along too. Alliance will cover their research fees.   
  
Councillor Ludo","Гикс, можешь отправить пару своих голодных пожирателей книг в Джантир. Если знаешь кого-то, кто разбирается в истории титанов, лучше отправь их тоже. Альянс покроет их исследовательские расходы. 
  
Советник Лудо"
"Gixx—I'm glad your tour of our library and archive was beneficial! It's a joy bringing more curious eyes into our halls.  
  
I prodded the ol' curator into giving me a little more information on the Foundry of Failed Creations, per your request. He was a little shy about sharing too much detail, but I have confirmed a few of your thoughts: so long as the soul flame at the pit of the foundry is still lit, new titans can still be forged. Given our visitors, Isgarren assumes that the foundry has either remained active or was recently relit. Certainly, the exterior realms are brimming with souls following the dragon cycle and Kryptis... But perhaps we'll focus on the foundry while you focus on the titans.   
  
Please let me know if you need anything else.   
  
—Lyhr","Гикс — рад, что твой визит в нашу библиотеку и архив оказался полезным! Всегда приятно видеть, как новые любопытные взгляды заглядывают в наши залы.

Я поднажал на старого куратора, чтобы он поделился со мной ещё немного информацией о Кузнице Неудачных Творений по твоей просьбе. Он немного стеснялся раскрывать слишком много деталей, но я подтвердил несколько твоих догадок: пока пламя души на дне кузницы ещё горит, можно ковать новых титанов. Учитывая наших посетителей, Исгаррен предполагает, что кузница либо оставалась активной, либо была недавно зажжена вновь. Конечно, внешние миры переполнены душами после драконьего цикла и криптисов... Но, возможно, мы сосредоточимся на кузнице, пока ты занимаешься титанами.

Пожалуйста, дай мне знать, если тебе понадобится что-то ещё.

— Лайр"
Glyzinien-Speer jetzt erhältlich!,Копьё глициний теперь доступно!
"Grants a moderate amount of karma.
<c=@Flavor>The Elon River School of Painting flourished until an ill-fated salon questioned official narratives.</c>","Даёт умеренное количество кармы.
<c=@Flavor>Школа живописи при реке Элон процветала, пока злополучный салон не поставил под сомнение официальную точку зрения.</c>"
"Grants a moderate amount of karma.,
<c=@Flavor>Considered an incredible act of faith, the blindfolded pilgrimage is rarely undertaken in these times. </c>","Даёт умеренное количество кармы.,
<c=@Flavor>Считаясь невероятным актом веры, паломничество с завязанными глазами редко предпринимается в наши дни. </c>"
"Grants a small amount of karma.
<c=@Flavor>Official portraiture is expensive and highly scrutinized, but artists skilled enough to depict Joko flatteringly are accorded great respect.</c>","Даёт небольшое количество кармы.
<c=@Flavor>Официальные портреты стоят дорого и подвергаются тщательному контролю, но художники, достаточно талантливые, чтобы выгодно изобразить Джоко, пользуются большим уважением.</c>"
"Grants a small amount of karma.
<c=@Flavor>These things never work, but that hasn't stopped people from trying.</c>","Даёт небольшое количество кармы.
<c=@Flavor>Эти штуки никогда не работают, но это не останавливает людей от попыток.</c>"
"Grants a small amount of karma.
<c=@Flavor>This collection of Joko's teachings seems of dubious value.</c>","Даёт небольшое количество кармы.
<c=@Flavor>Это собрание учений Джоко кажется сомнительной ценности.</c>"
"Grants a small amount of karma.,«Дает небольшое количество кармы.»
<c=@Flavor>These are much crunchier than the non-golden version, and decidedly less delicious.</c>","Даёт небольшое количество кармы.,«Даёт небольшое количество кармы».
<c=@Flavor>Они намного более хрустящие, чем незолотая версия, и определённо менее вкусные.</c>"
"Grants a tiny amount of Crystal Desert Mastery experience.

<c=@Flavor>Formerly traded across Elona, but banned under Palawa Joko. These are still valued by collectors, scholars, and thieves.</c>","Даёт крошечное количество опыта мастерства Пустыни Кристалла.

<c=@Flavor>Ранее продавались по всей Элоне, но были запрещены при Палаве Джоко. Они все ещё ценятся коллекционерами, учёными и ворами.</c>"
"Grants a tiny amount of karma.
<c=@Flavor>In exchange for fresh djinn artifacts, the nobles will gladly part with some barely smudged treasures.</c>","Даёт крошечное количество кармы.
<c=@Flavor>В обмен на свежие артефакты джиннов дворяне с радостью расстанутся с некоторыми едва испачканными сокровищами.</c>"
"Grants a tiny amount of karma.
<c=@Flavor>Stories of life back home, even when it's not your home, can warm the heart and restore hope when things are grim.</c>","Даёт крошечное количество кармы.
<c=@Flavor>Рассказы о жизни на родине, даже если это не ваш дом, могут согреть сердце и вернуть надежду, когда все мрачно.</c>"
"Grants a tiny amount of karma.,Дарует крошечное количество кармы.
<c=@Flavor>Ingenious construction causes this basket to provide the fishing village with a steady supply of delicious food for themselves and their raptors.</c>","Дарует крошечное количество кармы.
<c=@Flavor>Гениальная конструкция позволяет этой корзине снабжать рыбацкую деревню постоянным запасом вкусной еды для них и их ящеров.</c>"
"Grants one character level if below level 80 or one spirit shard if level 80.
Only usable in PvE and WvW.","Даёт один уровень персонажа, если ниже 80-го, или один осколок духа, если 80-й.
Используется только в PvE и WvW."
"Grants progress toward the Significant Otter achievement. If the achievement is complete, reveals a vision of Otter.
<c=@flavor>The norn may have fled these lands, but their memories remain.</c>","Даёт прогресс в достижении «Significant Otter». Если достижение завершено, открывает видение Выдры.
<c=@flavor>Норны могли покинуть эти земли, но их воспоминания остались.</c>"
"Grants swiftness when applied. Applies offensive boons upon entering combat.
+150 Power
+150 Condition Damage","Дарует быстроту при применении. Накладывает наступательные благословения при входе в бой.
+150 к силе
+150 к урону от состояний"
"Grants the following benefits for 2 hours:
• +50%% Magic Find
• +50%% Chance to Achieve Critical Success When Crafting
• +33%% Chance to Gain an Extra Gathering Strike
• Gain 10 Seconds of Swiftness after Gathering
• Summon a Black Lion Merchant If Your Inventory Is Full after Gathering (20-Minute Internal Cooldown)","Даёт следующие преимущества на 2 часа:
• +50%% поиска магии
• +50%% шанс критического успеха при крафте
• +33%% шанс дополнительного удара при сборе
• 10 секунд быстроты после сбора
• призыв торговца «Black Lion», если инвентарь полон после сбора (внутренняя перезарядка 20 мин.)"
"Grants you a bundle item that has 10 charges of red-, blue-, green-, and yellow-colored fireworks and a one-time Dragon Finale firework that grants a 50%% Magic Find boost to all nearby allies.
<c=@flavor>""Fortune favors the bold!""</c>","Даёт предмет, содержащий 10 зарядов красных, синих, зелёных и жёлтых фейерверков, а также один уникальный фейерверк «Драконий финал», который дарует всем находящимся рядом союзникам бонус к шансу выпадения магических предметов в размере 50%%.
<c=@flavor>«Удача сопутствует смелым!»</c>"
"Grants you a bundle item that has 10 charges of red-, blue-, green-, and yellow-colored fireworks and a one-time finale firework that grants a 50%% magic-find boost to all nearby allies.
<c=@flavor>""No tricks—just treats and colors that can't be beat.""</c>","Даёт предмет-связку с 10 зарядами красных, синих, зелёных и жёлтых фейерверков и одноразовым финальным фейерверком, который даёт всем союзникам поблизости 50%% к поиску магии.
<c=@flavor>«Никаких страстей — только сласти и непревзойдённые цвета».</c>"
"Greetings,

Your deeds in the Forsaken Thicket are well known. It has come to my attention that you have assembled a very remarkable set of armor, and I would like to offer my expertise to help improve it to make a truly legendary creation.

If you are interested, come talk to me in Lion's Arch.","Приветствую,

Твои деяния в Забытой Чаще широко известны. До меня дошло, что ты собрал весьма примечательный комплект брони, и я хотел бы предложить своё умение, чтобы улучшить его до поистине легендарного творения.

Если тебе это интересно, приходи ко мне в Lion's Arch."
"Greetings, 

You have my gratitude, %str1%. While our battle with the ghosts is one without end, but your performance has inspired my soldiers to keep fighting. I have no doubt you'll achieve excellence in all your endeavors. 

— Fyra Redtail","Приветствую,

Ты заслужил мою благодарность, %str1%. Пусть наша битва с призраками не имеет конца, твои дела вдохновили моих солдат сражаться дальше. Не сомневаюсь, ты достигнешь совершенства во всех своих начинаниях.

— Fyra Redtail"
"Greetings, %str1%,

I'm sending a young explorer named Campbell to investigate the strange activities at Fort Salma. I know you were at the battle that claimed the lives of so many Seraph. All my other explorers are tied up with missions or preparing to leave with the Pact. I need someone I can trust to ensure Campbell's safety. Will you return to Fort Salma and meet her there? 

Your efforts on my behalf are appreciated.

—Ela Makkay","Приветствую, %str1%,

Я отправляю юную исследовательницу по имени Кэмпбелл разузнать о странных делах в Форте Сальма. Знаю, ты был в том сражении, что унесло жизни стольких Серафимов. Все прочие мои исследователи заняты заданиями или готовятся выступить с Пактом. Мне нужен кто-то, кому я могу доверить безопасность Кэмпбелл. Вернёшься ли ты в Форт Сальма и встретишь её там?

Я признательна тебе за труды ради меня.

—Эла Маккей"
"Greetings, Traveler! Hail, Seeker of Legends!

It has been brought to my attention that you have attained the rank of Revered Antiquarian and are now ready to begin the long and difficult journey to crafting a legendary weapon! Congratulations!

When you are ready to begin on this momentous mission, come see me. I can be found by the crafting stations near Trader's Forum in Lion's Arch. I look forward to seeing you.

Yours legendarily,
Grandmaster Craftsman Hobbs","Приветствую, путник! Славься, Искатель Легенд!

До меня дошло, что ты достиг ранга Почитаемого Антиквара и теперь готов начать долгий и трудный путь к созданию легендарного оружия! Поздравляю!

Когда будешь готов приступить к этому великому делу, приходи ко мне. Меня можно найти у ремесленных станков близ Торгового Форума в Lion's Arch. Буду рад тебя видеть.

Легендарно твой,
Гроссмейстер-ремесленник Хоббс"
"Greetings, Traveler, 

Good work exploring all of Ashford. You nearly got your tail kicked, but we're confident you'll go on to do better next time. 

You've got the makings of a great explorer. 

—Tyrian Explorers Society","Приветствую, путник,

Славно ты исследовал весь Эшфорд. Тебе едва не надрали хвост, но мы уверены, что в следующий раз выйдёт лучше.

В тебе есть задатки великого исследователя.

—Общество тирийских исследователей"
"Greetings, Wayfinder,

You departed during the assault on Bava Nisos with participation remaining. Please find enclosed some of the rewards you missed. Thank you for your aid.","Приветствую, Путеводная Звезда,

Ты покинул штурм Бавы Нисос, когда участие ещё продолжалось. Прилагаю часть наград, которых ты не получил. Благодарим за помощь."
"Greetings, Wayfinder. I hope you have found some time for recuperation between your adventures.

The Astral Ward's prolonged expedition to the wilds of Janthir has resulted in a large influx of new recordkeeping for the Wizard's Vault and new reports of the unknown to investigate. As one of our foremost representatives in the area, I believe you may have the opportunity to pursue a specific tale from deep in the area.

Local stories, backed up by eyewitness accounts from recent Ward and Tyrian Alliance scouting groups, tell of an isolated forest spirit flickering in and out of existence in the outskirts of Bava Nisos. Although access to this region is novel to us, 'woodland wisp' sightings are not unusual in the greater Janthir region and similar, but the particularly erratic behavior suggests that this may be some new corruption of the local spiritual cycle.

This field operation has been filed with the records name ""Wayward Wisp."" I'd like to request your help—in return, you will be eligible to take ownership of any recovered artifacts or magics at or below the level we classify as ""locally threatening."" Please rendezvous with Field Archivist Cierle in Mistburned Barrens at your earliest opportunity.

—Vivienne","Приветствую, искатель пути. Надеюсь, между приключениями вы нашли время для передышки.

Затянувшаяся экспедиция Astral Ward в дебри Janthir обернулась большим наплывом новых записей для Сундука Волшебника и новых донесений о неведомом, которые надо расследовать. Как один из наших виднейших представителей в этих краях, вы, полагаю, можете иметь возможность разобраться в одной особой байке из глубины региона.

Местные предания, подкреплённые свидетельствами очевидцев из недавних разведгрупп Стражи и Tyrian Alliance, повествуют об уединённом лесном духе, что мерцает, появляясь и исчезая, на окраинах Bava Nisos. Хотя доступ в этот регион для нас нов, появления «лесных огоньков» не редкость в большем регионе Janthir и подобных ему, но особо беспорядочное поведение наводит на мысль, что это, возможно, некая новая порча местного духовного цикла.

Эта полевая операция занесена в записи под названием «Заблудший огонёк». Я хотела бы попросить вашей помощи — взамен вы получите право забрать себе любые извлечённые артефакты или магию уровня не выше того, что мы относим к «местно опасному». Прошу вас встретиться с полевой архивисткой Cierle в Mistburned Barrens при первой же возможности.

—Vivienne"
"Greetings, Wayfinder. I trust your time at sea hasn't treated you too poorly.  
  
The Astral Ward's expedition to Castora has resulted in a large influx of recordkeeping for the Wizard's Vault and new issues to investigate. A developing situation is beyond the means of our scouts, so I would like to recruit your capable hands to the task.  
  
Ward and Tyrian Alliance scholars believe the Castoran coral reefs are a vital part of the local arcane ecosystem, potentially cultivated by the island's original residents. However, the latest reporting suggests local Inquest experiments may be targeting this critical system.  
  
This field operation has been filed under the name ""Castoran Coral."" In return for your assistance, you will be eligible to take ownership of any recovered artifacts or magic at or below the level we classify as ""locally threatening."" Please rendezvous with Field Archivist Cierle in Shipwreck Strand at your earliest opportunity if you wish to participate.  
  
—Vivienne","Приветствия, Путеводитель. Надеюсь, ваше время в море не было слишком суровым.  
  
Экспедиция Astral Ward на Кастору привела к большому притоку записей для Хранилища Чародея и новых вопросов для расследования. Развивающаяся ситуация выходит за рамки возможностей наших разведчиков, поэтому я хотел бы привлечь ваши умелые руки к этой задаче.  
  
Учёные Дозора и Tyrian Alliance полагают, что коралловые рифы Касторы являются жизненно важной частью местной магической экосистемы, возможно, культивированной коренными жителями острова. Однако последние сообщения указывают на то, что местные эксперименты Исследовательского союза могут быть направлены против этой критической системы.  
  
Эта полевая операция зарегистрирована под именем «Касторский коралл». Взамен на вашу помощь вы сможете получить право собственности на любые найденные артефакты или магию, которые мы классифицируем как «представляющие локальную угрозу» или ниже. Пожалуйста, встретьтесь с полевым архивариусом Сирль на Берегу Кораблекрушений при первой возможности, если вы хотите участвовать.  
  
— Вивьен"
"Greetings, friend,

Now is a time of joy and terror for all of Tyria. Brewed from ingredients that include Kryta's finest pumpkins, Mad King's Pumpkin Porter delivers a preferable alternative to the trickster spirits tormenting Lion's Arch. This brew hits all the right notes for a pumpkin beer. Medium-bodied and easy to drink, enjoy the lightly spiced flavors that dance across your tongue. 

Good health and a glass for your thirst,

—Desch Metz,
Master Brewer, Eldvin Monastery","Приветствую, друг,

Ныне для всей Тирии время радости и ужаса. Сваренный из отборнейших тыкв Крайты, «Тыквенный портер Безумного короля» — куда более приятная замена духам-проказникам, что терзают Lion's Arch. Этот напиток берёт все нужные ноты тыквенного пива. Средней плотности и лёгкий для питья, он радует слегка пряными вкусами, что пляшут на языке.

Доброго здравия и полного бокала,

—Деш Метц,
Мастер-пивовар, монастырь Элдвин"
"Greetings.

As the manager and proprietor of the esteemed Black Lion Trading Company, I intend to use my executive knowledge to bring the citizens of Lion's Arch an organized leadership, and to forge a trade agreement with Zephyr Sanctum. Your support helps me blaze trails in this competition. I'll be working with the Zephyrites in their sanctum, and I encourage you to join me. Together, we can show them that Lion's Arch is a worthy business partner.

—Captain Evon Gnashblade","Приветствую.

Как управляющий и владелец почтенной Black Lion Trading Company, я намерен применить свои руководящие познания, чтобы дать жителям Lion's Arch слаженное правление и заключить торговое соглашение со Святилищем Зефира. Твоя поддержка помогает мне прокладывать путь в этом состязании. Я буду работать с зефиритами в их святилище и призываю тебя присоединиться ко мне. Вместе мы покажем им, что Lion's Arch — достойный деловой партнёр.

—Капитан Эвон Гнэшблейд"
Greifen-Meister Istan: Gold,Грейфен-Майстер Истан: Золото
Grupo,Группа
"Guild Wars 2: Janthir Wilds<br>
Buy Now","Guild Wars 2: Дикие земли Джантира<br>
Купить сейчас"
Hablar,Говорить
Hacker-Angriff,Хакерская атака
"Hail, Forger of Legends!

New and exciting recipes have been discovered. Come see me, and you can learn how to craft your next legendary weapon!

Yours in legend,
Grandmaster Craftsman Hobbs","Приветствую, Кузнец Легенд!

Были открыты новые и захватывающие рецепты. Приходи ко мне, и ты сможешь научиться создавать своё следующее легендарное оружие!

С уважением,
Великий Мастер Хоббс"
"Hail, O Penultimate Creator!

I am delighted to hear of your prowess and power, and of your progress in attaining the necessary precursor to create your legendary weapon. You have strode the lands of Tyria like a giant, battled its fell beasts, and succeeded where so many have turned aside. Congratulations! Go see Miyani, who holds the recipes necessary for your final steps in creating your legendary weapon! She will be expecting you.

Do not falter! Success is within your grasp!

Yours,
Grandmaster Craftsman Hobbs","Приветствую, о Предпоследний Создатель!

Я рад слышать о твоём мастерстве и силе, а также о твоём прогрессе в получении необходимого предшественника для создания легендарного оружия. Ты прошёл по землям Тирии как гигант, сражался с её злыми зверями и преуспел там, где многие отступили. Поздравляю! Ступай к Мияни, которая хранит рецепты, необходимые для твоих последних шагов по созданию легендарного оружия! Она будет ждать тебя.

Не падай духом! Успех уже в твоих руках!

С уважением,
Великий Мастер-Ремесленник Хоббс"
"Hail, mighty hero!

Destiny's Edge was a guild of legend, and it saddens me to hear they no longer wish to be together. However, I have heard through my sources that Eir Stegalkin has made a bee-line for the Catacombs beneath old Ascalon. I don't know why she is going to that haunted ruin, as it is swamped with human ghosts, victims of the Foefire. More importantly, the Catacombs are in the heart of Ashford, which is now Charr territory, and Rytlock will not be happy with this particular norn tromping through his territory.

Thought you might be interested,

 Your Herald","Приветствую, могучий герой!

Судьба Края была легендарной гильдией, и мне грустно слышать, что они больше не хотят быть вместе. Однако, из моих источников я узнал, что Эйр Стегалкин направилась прямиком в Катакомбы под Старым Аскалоном. Я не знаю, зачем она идет в эти проклятые руины, кишащие призраками людей, жертв Огненного Потока. Что важнее, Катакомбы находятся в сердце Эшфорда, который теперь является территорией чарров, и Райтлок будет не рад этой конкретной норн, топчущейся по его землям.

Подумал, тебе может быть интересно,

Твой Глашатай"
"Hail, mighty hero!
 
I hope that you are well! The neighborhood is buzzing with excitement about you! I've had word that there will be a party celebrating the charr/human peace negotiations in Queensdale. The reception will be at the Manor of Lord Caudecus, overlooking the shire of Beetletun, and will be attended by diplomats from all the major races. Captain Logan Thackeray is concerned for the safety of Queen Jennah, who will be attending, and will need support. A hero of your merit should attend the soiree and offer what help you can.
 
Thanks,
 
Your Herald
 
PS – We understand that Zojja will be attending as well as part of the asura delegation, but we don't know why. She is always a wild card, so be cautious.","Приветствую, могучий герой!
 
Надеюсь, у тебя всё хорошо! В округе все бурно обсуждают тебя! Мне сообщили, что в Квинсдейле будет праздник в честь переговоров о мире между чаррами и людьми. Приём состоится в поместье лорда Кодекуса, с видом на графство Битлтун, и на нём будут присутствовать дипломаты всех основных рас. Капитан Логан Таккери обеспокоен безопасностью королевы Дженны, которая будет присутствовать, и ему понадобится поддержка. Герой твоего уровня должен посетить это торжество и предложить посильную помощь.
 
Спасибо,
 
Твой Глашатай
 
P.S. – Нам известно, что Зойя тоже будет присутствовать в составе делегации асуров, но мы не знаем, зачем. Она всегда тёмная лошадка, так что будь осторожен."
"Halloween draws near. The insanity is rising, so be on the alert for changes all over Tyria. The Durmand Priory is scrambling to respond to reports of increasing paranormal activity in Queensdale, Kessex Hills, and Gendarran Fields. People have seen Lunatic Courtiers in Kryta for the first time in over two centuries, so excitement abounds! 

The Priory has set up camps in Queensdale, Metrica Province, the Plains of Ashford, Caledon Forest, and Wayfarer Foothills to use as bases of operations to respond to the lunacy. They're keeping an eye on suspicious individuals who have shown up around the festivities there and are taking people away to play dangerous games.

Magister Tassi's search for Mad King Thorn's history is causing folks to travel farther abroad as six additional ghosts appear to tell their tales. Other Priory scholars are upset by rumors of people visiting the Mad Realm. Could it be that the Mad King's demesne has opened its doors?

—Captain Tokk","Хэллоуин приближается. Безумие нарастает, так что будьте начеку — по всей Тирии происходят изменения. Дурмандский Приорат в спешке реагирует на сообщения о растущей паранормальной активности в Квинсдейле, Кессекс-Хиллз и Gendarran Fields. Люди впервые за более чем два столетия увидели Безумных придворных в Крайте, так что воодушевление бьёт через край! 

Приорат разбил лагеря в Квинсдейле, Метрической провинции, Plains of Ashford, Caledon Forest и Wayfarer Foothills, чтобы использовать их в качестве оперативных баз для борьбы с безумием. Они следят за подозрительными личностями, которые появились на празднованиях и уводят людей играть в опасные игры.

Поиски магистра Тэсси истории Безумного короля Торна заставляют людей путешествовать дальше, так как появилось шесть дополнительных призраков, рассказывающих свои истории. Другие учёные Приората встревожены слухами о том, что люди посещают Безумное королевство. Неужели владения Безумного короля открыли свои двери?

—Captain Tokk"
Handwerksstufen erreichen I,Достижение уровней мастерства I
"Hanuku once protected the depths of the sea throughout Dragon's End. Luxon tradition continues to honor the beast each year during the Convocation.

This plaque was placed by the Ministry of Archives to improve education efforts following the collapse of the Ministry of Purity.","Хануку когда-то защищал глубины моря у Окончания Дракона. Традиция Луксов продолжает чтить зверя каждый год во время Созыва.

Эта табличка была установлена Министерством Архивов для улучшения образовательных усилий после краха Ministry of Purity."
"Have this item in your inventory when traveling to Lion's Arch. 
This item can be created in the Mystic Forge by combining the following items:
• 1 Essence of the Grove
• 2 Mystic Keystone Crystals
• 7 Piles of Mystic Dust
• 50 Mystic Coins

The first three components are drops from Mystic Chests. Mystic Chests are made in the Mystic Forge by combing the following items:
• 1 Essence of Halloween
• 250 Cured Thick Leather Squares
• 250 Cured Thick Leather Squares
• 250 Cured Thick Leather Squares","Держите этот предмет в инвентаре при путешествии в Lion's Arch.
Этот предмет можно создать в Mystic Forge, соединив следующее:
• 1 эссенцию Рощи
• 2 мистических краеугольных кристалла
• 7 горстей мистической пыли
• 50 мистических монет

Первые три составляющие выпадают из мистических сундуков. Мистические сундуки делаются в Mystic Forge соединением следующего:
• 1 эссенции Хэллоуина


• 250 квадратов дублёной толстой кожи• 250 квадратов дублёной толстой кожи• 250 квадратов дублёной толстой кожи"
Heilung,Исцеление
"Helft einem Kodan-Jäger im Schroffen Oberland, eine Kriegsklaue aufzuspüren.",Помогите охотнику-кодану в Суровых нагорьях выследить боевую лапу.
"Hello!

We're sending you the Banners of Dynastic Reckoning item, as we believe an in-game issue may have prevented you from receiving it. The item was intended to be awarded for your completion of the story epilogue Small Victory and is part of a collection called Raise the Banners: Amnoon Arbitrator.

Please enjoy the item, and good luck!","Здравствуйте!

Мы высылаем вам предмет «Знамёна династического воздаяния», так как считаем, что внутриигровая неполадка могла помешать вам его получить. Предмет должен был выдаваться за прохождение сюжетного эпилога «Малая победа» и входит в коллекцию «Поднять знамёна: арбитр Амнуна».

Пользуйтесь предметом, и удачи!"
"Hello, %str1%,

You've made quite a name for yourself around Butcher's Block. In fact, among some, your name is now synonymous with meat. And that's a high honor, indeed. 

— Lakor Grizzlemouth","Привет, %str1%,

Ты изрядно прославился в округе Мясницкой Колоды. Более того, у некоторых твоё имя теперь синоним мяса. А это, право, высокая честь.

— Лакор Гризлмаут"
"Hello, Wayfinder,

Valiant Aria and I are making our way southwest to a cave inhabited by some local trolls. She knows of a few who've engaged with the wisps and may have more information for us. Come join us when you have time.","Здравствуйте, Путеводитель!

Мы с Доблестной Арией направляемся на юго-запад, в пещеру, где обитают местные тролли. Она знает нескольких, кто общался с духами, и у них может быть дополнительная информация. Присоединяйтесь к нам, когда будет время."
"Helping us seal the rifts to Nayos is the most important thing you can be doing to help Amnytas face the threats of this war. You are providing hope to us, Wayfinder. More than I think you realize.

Strength is more than who can conjure the greatest fireball or topple the biggest monster... Strength is our bond. The Kryptis would like to see that bond shattered.

Here, take this as a symbol of my appreciation. Think of it as a symbol of our bond.

Keep working on your spellcraft,
Vanak","Помогать нам запечатывать разломы в Найос — самое важное, что ты можешь сделать, чтобы Амнитас выстоял против угроз этой войны. Ты даёшь нам надежду, Путеводная Звезда. Больше, чем тебе кажется.

Сила — это не только тот, кто вызовет самый большой огненный шар или свалит самое крупное чудовище... Сила — это наши узы. Криптисы хотели бы увидеть эти узы разорванными.

Вот, прими это как знак моей признательности. Считай это знаком наших уз.

Продолжай оттачивать чародейство,
Ванак"
Herbsthauch sollte im Moor Torf stechen und braucht mehr Speere.,Herbsthauch sollte im Moor Torf stechen und braucht mehr Speere.
"Hero of Shaemoor,

By the Will and Command of Queen Jennah of Kryta, you are hereby formally summoned to attend the royal presence. When you are ready, you are welcome to visit her throne room in Divinity's Reach. Until next we meet, may the Six Gods watch over you in all things.

—Countess Anise","Герой Шеймура,

Волей и повелением королевы Дженны Крайтанской ты настоящим официально призываешься предстать пред королевской особой. Когда будешь готов, милости просим в её тронный зал в Divinity's Reach. До новой встречи да хранят тебя Шестеро богов во всех делах.

—Графиня Энис"
"Hero,

For a time, the flow of the Mists supports your growth as one of Tyria's defenders. While this persists, your adventures will grant you further experience and richer rewards—take advantage of the opportunity to train and prepare yourself for the trials to come.

I, too, will reinforce your path while I am able. Meet me in your homeland, and—should you prove yourself with a simple task—I will grant you a weapon to support your journey to the pinnacles of valor.

—Mist Stranger","Герой,

На время течение Туманов поддерживает твой рост как одного из защитников Тирии. Пока это длится, твои приключения дадут больше опыта и щедрее награды — воспользуйся возможностью потренироваться и подготовиться к грядущим испытаниям.

Я тоже укреплю твой путь, покуда могу. Встреться со мной на своей родине, и — если проявишь себя в простом деле — я вручу тебе оружие в помощь твоему пути к вершинам доблести.

—Незнакомец из Туманов"
"Hero, there is a disturbance in the Mists. A memory of a battle long past has resurfaced and begins to reinforce its reality.

Journey to the Eye of the North and utilize the scrying pool to relive your confrontation with the Twisted Marionette. Destroy it, and reduce it once more to scrap metal and failed ambition.","Герой, в Туманах смута. Всплыло воспоминание о давней битве и начинает утверждать себя как явь.

Отправляйся в Око Севера и через гадальный пруд переживи заново своё столкновение с Искажённой Марионеткой. Уничтожь её и вновь обрати в металлолом и несбывшиеся замыслы."
"Hey, Boss, 

I got to talking with one of your allies in the Astral Ward, Frode. That made me think it's time I should take care of some unfinished business.

After the war between the dragons, I needed a lot of time to pick myself back up. Got a lot of good advice from you and the shamans to not spend all my time looking backward. We did what we had to do, and the world's finally at peace. Well, mostly.

But it's not fixed for everyone yet, and I realized there's still a chance for some of the people who got hurt. Jormag planned to deep-freeze Tyria so we'd all sit tight and awaken in the next age, right? Even now, the people they got to are still stuck in that magic ice—but that's a problem we can tackle, I'm thinking.

Meet up with me in Hoelbrak. I'm not the best at letters, anyway.

—Braham","Привет, Босс,

Я разговорился с одним из твоих союзников из Astral Ward, Фроде. Это навело меня на мысль, что пора заняться кое-какими незавершёнными делами.

После войны драконов мне понадобилось много времени, чтобы прийти в себя. Я получил от тебя и шаманов много хороших советов не проводить всё время, оглядываясь назад. Мы сделали то, что должны были, и мир наконец-то в мире. Ну, по большей части.

Но не для всех всё ещё налажено, и я понял, что у некоторых пострадавших всё ещё есть шанс. Йормаг планировал заморозить Тайрию, чтобы мы все сидели смирно и пробудились в следующую эпоху, верно? Даже сейчас те, кого они затронули, всё ещё застряли в этом магическом льду — но я думаю, это проблема, с которой мы можем справиться.

Встретимся в Хоэлбраке. Я всё равно не мастер писать письма.

— Брэхем"
"Hey, Slayer! I've got more trouble than I can handle on my caravan delivery routes, and Eir Stegalkin said I should talk to you. I need some serious muscle to help me get where I'm going, and I reckon the Slayer of Issormir has what it takes. Up for a challenge? Come see me, and I'll make it worth your while.
—Ferghen the Tracker","Эй, Победитель! У меня на караванных маршрутах бед больше, чем я тяну, и Эйр Стегалкин посоветовала обратиться к тебе. Мне нужна серьёзная сила, чтобы добраться куда надо, и, думаю, у Победителя Иссормира она есть. Готов к вызову? Загляни ко мне, и я щедро отблагодарю.
—Ferghen the Tracker"
"Hey, friends,

Enjoying the peace and quiet lately? Me neither. What in the world do people DO?

If you've been missing my company lately (you know who you are!), meet me at the Red Duck Teahouse for food and drinks. I already ordered lots of sushi. And some good food, too.

—Rama

PS: Sorry for the generic invite, but there are a lot of you, and paperwork isn't my thing anymore—I'm retired.","Эй, друзья,

Наслаждаетесь тишиной и покоем в последнее время? Я тоже нет. Чем вообще люди ЗАНИМАЮТСЯ?

Если вам не хватало моего общества (вы знаете, о ком я!), приходите в чайную «Красная Утка» на еду и напитки. Я уже заказал кучу суши. И нормальной еды тоже.

—Рама

P.S. Простите за общее приглашение, но вас много, а бумажная работа больше не по мне — я на пенсии."
"Hi there! I hate writing letters, so I'll get straight to the point. You've been a great help at the skimmer ranch, and I think you've earned their trust enough to have a skimmer of your own.

Come find me when you're free, and I'll sell you a skimmer saddle.

—Ardra","Привет! Не люблю писать письма, так что сразу к делу. Ты здорово помог на ранчо скиммеров, и, думаю, ты заслужил их доверие настолько, чтобы завести своего скиммера.

Найди меня, когда будешь свободен, и я продам тебе седло скиммера.

—Ардра"
"Hi,

I wanted to thank you for helping us salvage treasure out here. The undead cause trouble wherever they go, and having someone to help deal with them makes a huge difference.

—Admiral Clarinda Demard","Привет,

Хотел поблагодарить вас за помощь в спасении сокровищ здесь. Нежить создаёт проблемы везде, где появляется, и помощь в борьбе с ними имеет огромное значение.

—Адмирал Кларинда Демард"
Hiermit wird das Aussehen Eures Reittiers verändert und der Reittier-Skin wird für alle Charaktere Eures Accounts freigeschaltet.,Hiermit wird das Aussehen Eures Reittiers verändert und der Reittier-Skin wird für alle Charaktere Eures Accounts freigeschaltet.
"Hypothesis: High Kryptis and Low Kryptis possess differing internal biological systems resulting in the High Kryptis's increased size and strength.  
  
Principals: Research Lead Simma (Natural), Research Assistant Toft (Knowledge)  
  
Methodology: Comparison of Kryptis biological systems via autopsy of varied High and Low specimens, employing a team of cross-bastion volunteers participating in corpse acquisition, dismemberment, organ processing, and analysis.  
  
Findings: We discovered no disparities among similar/related species in High/Low Kryptis biological systems aside from standard deviations related to overall structure or musculature.  
  
Conclusion: Hypothesis unsupported.  
  
Research in progress (tentative; pending further autopsies, interrogations, and exploration):  
  
—Part II: Feeding Patterns, Dietary Habits, and Their Relation to Kryptis Stature  
—Part III: The Effect of Cultural and Societal Factors on Kryptis Size and Strength  
—Part IV: The Impact of Lineage and Pedigree on Kryptis Power Potential","Гипотеза: у Высших криптис и Низших криптис различные внутренние биологические системы, что обуславливает увеличенные размеры и силу Высших криптис.

Ответственные: руководитель исследования Simma (Природа), ассистент исследования Toft (Знание)

Методология: сравнение биологических систем криптис путём вскрытия различных Высших и Низших образцов силами команды межбастионных добровольцев, участвующих в добыче трупов, расчленении, обработке органов и анализе.

Результаты: мы не обнаружили расхождений среди схожих/родственных видов в биологических системах Высших/Низших криптис, помимо стандартных отклонений, связанных с общей структурой или мускулатурой.

Вывод: гипотеза не подтверждена.

Исследование в процессе (предварительно; ожидает дальнейших вскрытий, допросов и изысканий):

—Часть II: Модели питания, пищевые привычки и их связь со статью криптис
—Часть III: Влияние культурных и общественных факторов на размер и силу криптис
—Часть IV: Влияние происхождения и родословной на потенциал мощи криптис"
"I am Koss Dejarin, Sunspear and protector of Elona. Many writers have tried to chronicle my journey from nobleman to warrior to simple farmer, but none of them has been me. And so it was that I set out to remedy this, taking up the pen in lieu of the spear to set the record straight once and for all.

Perhaps you've heard of my relationship with corsairs throughout Elona, and the sacrifices I've had to make to keep their swords from our throats. Perhaps you've heard of how my father disowned me for joining the Sunspears. Perhaps you've heard of my adventures with the Tyrian hero and the final fall of Abaddon.

Or perhaps you've heard none of these things. Regardless of where you stand, I assure you that this autobiography is the final word on my life, and the only side of my story worth believing.","Я — Косс Дежарин, Копьё Солнца и защитник Элоны. Многие писатели пытались описать мой путь от дворянина до воина и простого фермера, но никто из них не был мной. И вот я решил исправить это, взявшись за перо вместо копья, чтобы раз и навсегда установить истину.

Возможно, вы слышали о моих отношениях с корсарами по всей Элоне и о жертвах, на которые мне пришлось пойти, чтобы их мечи не были у наших глоток. Возможно, вы слышали, как мой отец отрёкся от меня за вступление в Копья Солнца. Возможно, вы слышали о моих приключениях с тирийским героем и окончательном падении Аббадона.

Или, возможно, вы не слышали ничего из этого. Как бы то ни было, уверяю вас, эта автобиография — последнее слово о моей жизни и единственная сторона моей истории, которой стоит верить."
"I can feel Raven's presence so strongly here in Bjora Marches. Like he's fighting Jormag and the Sons of Svanir's stranglehold on the region. He wants to help. I don't think it's a coincidence Almorra and I discovered these ancient Raven lenses in Darkrime Delves right around the time the fraenir arrived.

I don't know how or when these lenses were created, but it's clear they're very old. Several centuries, at least. They seem to react to the Raven shrines scattered around the wilds, revealing passageways and providing protection from the cold. The other day, the lens I was carrying even showed me an echo from the recent past, involving a norn patrol. I think it was teaching me how to use it.

I have theories about these lenses I'll never be able to prove. The things it can do—protect, teach, reveal—lead me to believe Raven bestowed them on our ancestors to defend against attackers. Maybe even Jormag specifically. I think that's why they're making an appearance again now. Raven wants us to fight back. To take down the fraenir and free the region. And as long as we have Almorra, I know we can do it.","Я так сильно чувствую присутствие Ворона здесь, в Бьора-Марке. Словно он борется с удушающей хваткой Йормага и Сыновей Сванира в этом регионе. Он хочет помочь. Не думаю, что это совпадение, что Альморра и я обнаружили эти древние линзы Ворона в Тёмных Глубинах как раз в то время, когда прибыл фраенир.

Я не знаю, как и когда были созданы эти линзы, но ясно, что они очень старые. Как минимум несколько столетий. Они, кажется, реагируют на святилища Ворона, разбросанные по диким землям, открывая проходы и защищая от холода. На днях линза, которую я носил, даже показала мне эхо недавнего прошлого с участием норнского патруля. Думаю, она учила меня, как ею пользоваться.

У меня есть теории об этих линзах, которые я никогда не смогу доказать. То, что они могут делать — защищать, учить, открывать — приводит меня к мысли, что Ворон даровал их нашим предкам для защиты от врагов. Возможно, даже специально от Йормага. Думаю, поэтому они снова появляются сейчас. Ворон хочет, чтобы мы дали отпор. Сразили фраенира и освободили регион. И пока с нами Альморра, я знаю, что мы сможем это сделать."
"I had no predictions or expectations for Janthir beyond legend and Saul's writings, but the storms are ferocious and the climate is unforgiving. It makes me yearn for a mighty fire in the manor as plates of meat are carried to me on shimmering trays... Fantasies, of course, but I must allow myself to dream something sweet, should indulgence escape my new lifestyle. What a shame that would be.  
  
I'm not sure what Saul found in Janthir, but the Unseen Ones spoke to him here. The real golden ones and not some graven images that spill falsehoods... Saul wrote of treasures, magic, and weapons. Places only seen by those lucky enough to be chosen by our true gods.  If I follow his path, then perhaps whatever we find here is the advantage I am owed. The queen's face, laced with guilt as she hands me her crown, is my guiding star.  
  
---  
  
My company is meager—ten soldiers and Valette. The latter, unfortunately, is displeased with the weather. Her expectations of enlightenment are romantic. Which is fine; keeping her passionate and motivated must remain a priority in my planning, but the others look at her with judgment. That does not help.  
  
I am pleased that my followers came when called. Ulrich tells me that Xera is tightening her loyalty while I ""hide in shadow,"" but nobody will take my status. Those here with me in Janthir see that truth. Hopefully our discoveries will be fruitful in affirming my place on the golden path as confessor. And with my enemies dead.","У меня не было предсказаний или ожиданий относительно Джантира, кроме легенд и записей Саула, но бури здесь свирепы, а климат безжалостен. Это заставляет меня тосковать по огромному огню в особняке, когда мне на мерцающих подносах несут тарелки с мясом... Фантазии, конечно, но я должен позволить себе мечтать о чем-то сладком, если потворство ускользает от моего нового образа жизни. Какой позор это был бы.  
  
Я не уверен, что Саул нашёл в Джантире, но Невидимые говорили с ним здесь. Настоящие золотые, а не какие-то вырезанные изображения, изрекающие ложь... Саул писал о сокровищах, магии и оружии. Места, которые видят только те, кому повезло быть избранными нашими истинными богами. Если я последую его пути, то, возможно, все, что мы здесь найдём, станет преимуществом, которое мне причитается. Лицо королевы, искаженное виной, когда она вручает мне свою корону, — моя путеводная звезда.  
  
---  
  
Моя свита невелика — десять солдат и Валетта. Последняя, к сожалению, недовольна погодой. Её ожидания просветления романтичны. Это нормально; сохранение её страсти и мотивации должно оставаться приоритетом в моем планировании, но остальные смотрят на неё с осуждением. Это не помогает.  
  
Я рад, что мои последователи пришли, когда их позвали. Ульрих говорит мне, что Ксера укрепляет свою лояльность, пока я «прячусь в тени», но никто не отнимет моего статуса. Те, кто здесь со мной в Джантире, видят эту правду. Надеюсь, наши открытия будут плодотворными в утверждении моего места на золотом пути как исповедника. И с моими врагами мёртвыми."
"I heard that the naga were once peaceful and had a place in Cantha... After the Jade Wind, they wanted revenge for what happened to their home. Violence aside, can you really blame them for that? I can't say it's all that different from us... Primordus drove us out of our homes so I get it, in a way. Violence shouldn't be the answer, but after seeing what Rata Novus could've been? I'd probably have some words for that giant lump of molten poop, if he weren't dead.  

The tengu were once hunted down by the Ministry of Purity, but they still found a way to contribute to Canthan society. If the naga worked together with the survivors, maybe things could get better for them. Here I go, getting attached to ""what could've been."" ...Though it does make me wonder, where are these people and creatures going to go when the Kryptis situation calms down? We can't just punt them back into the Mists...","Я слышал, что наги когда-то были мирными и имели место в Канте... После Нефритового Ветра они хотели отомстить за то, что случилось с их домом. Несмотря на насилие, можно ли их за это винить? Не могу сказать, что это сильно отличается от нас... Примордус выгнал нас из наших домов, так что я в некотором роде понимаю. Насилие не должно быть ответом, но после того, как увидел, чем могла бы стать Rata Novus? Я бы, наверное, сказал пару слов этому гигантскому комку расплавленного дерьма, если бы он не был мёртв.  

Тэнгу когда-то преследовало Ministry of Purity, но они всё равно нашли способ внести вклад в кантанское общество. Если бы наги работали вместе с выжившими, возможно, для них всё могло бы быть лучше. Вот я и привязался к «тому, что могло бы быть». ...Хотя это заставляет меня задуматься, куда пойдут эти люди и существа, когда ситуация с криптис успокоится? Мы не можем просто вышвырнуть их обратно в Бездну..."
"I know it should be Woomulla writing this, but I just wanted to say thank you. We've been struggling against the Svanir for quite some time now. Woomulla was starting to give up hope before you showed up. Those griffons mean everything to her. Seeing her smile again means that you've rekindled her hope. Thank you.
— Eagle Flight","Я знаю, что это должно писать Вумулла, но я просто хотел сказать спасибо. Мы уже довольно долго боремся со Сваниром. Вумулла начала терять надежду, прежде чем вы появились. Эти грифоны значат для неё всё. Видеть её снова улыбающейся означает, что вы возродили её надежду. Спасибо.
— Орлиный Полёт"
"I mean it. Without you, things would've gone south fast. We made it back to Hoelbrak in one piece, mostly. As for the losses...we'll talk about that another time, but things would've been a lot worse if we hadn't gotten to Cragstead when we did. Thank you, my friend. Thank you.

The Vigil are here, and they're starting to figure out what's going on with the dredge and Flame Legion. They've collected a bunch of intel on Molten Alliance-crafted weapons... They've got labs down in the mines. I'm guessing that's where they took the prisoners, too.

Anyway, I'll let you know when I find out where they're holed up so we can track them down. I hope you still want to come with me. So, may Wolf have your back.

Braham Eirsson","Я серьёзно. Без тебя всё пошло бы прахом. Мы вернулись в Хоэлбрейк целыми, в основном. Что касается потерь... поговорим об этом в другой раз, но было бы гораздо хуже, если бы мы не добрались до Крэгстеда вовремя. Спасибо, друг мой. Спасибо.

Вот и Дозор, они начинают разбираться, что происходит с дредж и Flame Legion. Они собрали кучу разведданных об оружии, созданном Расплавленным Альянсом... У них лаборатории в шахтах. Полагаю, туда же увели пленников.

В любом случае, я дам тебе знать, когда выясню, где они засели, чтобы мы могли их выследить. Надеюсь, ты всё ещё хочешь пойти со мной. Пусть Волк хранит твою спину.

Брэм Эйрссон"
"I wonder if Lyhr can remember anything about his home. I know, I know...forgetting is a necessary consequence. But it's so permanent. Dagda described it to me as ""making room for your new consciousness,"" and that the old you is just put on a lower shelf. It doesn't totally stifle the old you, it just makes it harder to access. Eventually, though...you forget it all. You're reaching for thoughts that are barely there.  

He's certainly in shock. Heartbroken, even. It's almost a little frantic, the way he stomps around. As if he's looking for something that isn't here. Or someone, maybe... I wonder if he even knows who or what he searches for.  

When I think on it, there are some things I wish I could forget... Though, I'd never want to forget Plikk's Petri Dish Delight. Eating while I snooped on the Inquest lab, just across the platform. It was a different time back then.","Интересно, помнит ли Лир что-нибудь о своём доме. Я знаю, знаю... забывание — это необходимое следствие. Но это так необратимо. Дагда описала это как «освобождение места для вашего нового сознания» и что старая личность просто убирается на нижнюю полку. Это не полностью заглушает старую личность, просто делает её труднодоступной. Однако со временем... вы забываете всё. Вы тянетесь к мыслям, которых едва ли можно коснуться.  

Он определённо в шоке. Даже с разбитым сердцем. Он топает почти лихорадочно. Как будто ищет что-то, чего здесь нет. Или кого-то, возможно... Интересно, знает ли он сам, кого или что ищет.  

Когда я думаю об этом, есть вещи, которые я хотел бы забыть... Хотя я никогда не хотел бы забыть «Восторг чашки Петри» Пликка. Есть, пока я шпионил за лабораторией Инквеста, прямо через платформу. Тогда были другие времена."
"I'm still impressed that you infiltrated the Nightmare Court. It takes a special kind of sneak to pull that off. My heart aches when I think about the terrible, terrorizing abuse they heap on the innocent. If they'd infected those poor souls with nightmare, it would have brought suffering to the entire region. You have our thanks.<br>
—Alarin","Я до сих пор поражаюсь тому, как тебе удалось внедриться в Nightmare Court. Для этого нужно обладать особым талантом к скрытности. У меня сердце сжимается от мысли о том ужасном и жестоком обращении, которому они подвергают невинных. Если бы они заразили этих несчастных кошмаром, это принесло бы страдания всему региону. Мы благодарим тебя.<br>
— Алари"
"I've found something really interesting with the dragon liver! Use this item, and come to my lab! Use the portal in Rata Sum to get here quickly!

—Taimi","Я нашёл кое-что очень интересное в драконьей печени! Используй этот предмет и приходи в мою лабораторию! Используй портал в Рата Саме, чтобы быстро добраться сюда!

— Тайми"
"I've started piecing together a decent history of this Gavril. Before Saul's arrival, Gavril was just a settlement of poor bastards who were pushed to the edge of society. Former criminals that couldn't survive in Ascalon, they took their families elsewhere and built a new home for themselves as far as they could walk. At least they knew their value, cast aside with the rest of our debris... But I do feel pity for them. Surely the common citizens of Divinity's Reach will meet a similar fate if Jennah continues to live a life of naivety. This is why I must correct her—all of them.  
  
Gavril's inhabitants were blessed by Saul. Goodness knows they'd probably rot without him in such an unforgiving land. I have deciphered that when Saul was pulled back to his divine operation, he left some of his most devout in charge. I can't imagine how blessed they felt. The village blossomed in ways it wouldn't otherwise. And the cost to them... Well, I applaud the creativity. Blood in exchange for eternal light is a modest offering.  
  
I'm still unsure of what Saul discovered here, but pages continue to turn. There is one feeling that I can't shake, and it's that Gavril and Saul's history is fated to be a parallel to myself and Kryta. This is a message from the highest order.","Я начал собирать воедино достойную историю этого Гаврила. До прибытия Саула Гаврил был просто поселением бедолаг, оттеснённых на край общества. Бывшие преступники, которые не могли выжить в Аскалоне, увели свои семьи в другие места и построили себе новый дом так далеко, как только могли дойти. По крайней мере, они знали себе цену, отброшенные вместе с остальным нашим мусором... Но мне всё же жаль их. Несомненно, простых граждан Божественного Удела постигнет та же участь, если Дженна продолжит жить в наивности. Вот почему я должен исправить её — всех их.  
  
Обитатели Гаврила были благословлены Саулом. Боги знают, они бы, вероятно, сгнили без него в такой негостеприимной земле. Я расшифровал, что, когда Саул был отозван к своей божественной миссии, он оставил вместо себя самых преданных. Я не могу представить, насколько благословенными они себя чувствовали. Деревня расцвела так, как иначе не смогла бы. И какова была цена для них... Что ж, я аплодирую изобретательности. Кровь в обмен на вечный свет — скромное подношение.  
  
Я всё ещё не уверен, что именно Саул обнаружил здесь, но страницы продолжают переворачиваться. Есть одно чувство, от которого я не могу избавиться: история Гаврила и Саула, похоже, суждено стать параллелью к моей собственной истории и истории Крайты. Это послание высшего порядка."
"If you're new to Guild Wars 2—or could use a refresher—we've created a new player guide to help with those first steps into the world of Tyria. Click the button below to read it on our official website!

Happy adventuring,

The Guild Wars 2 Team","Если вы новичок в Guild Wars 2 — или хотите освежить знания — мы создали руководство для новых игроков, которое поможет сделать первые шаги в мире Тирии. Нажмите кнопку ниже, чтобы прочитать его на нашем официальном сайте!

Счастливых приключений,

Команда Guild Wars 2"
"In Dragon's End, gain 10 seconds of might, fury, and swiftness when entering and exiting combat. 5%% increase to health, kill experience, and outgoing damage.

Each stack of this effect will grant access to a bonus chest at the end of the Dragon's End's meta-event.","В локации «Dragon's End» при входе и выходе из боя получайте 10 секунд мощи, ярости и быстроты. Увеличивается на 5%% здоровье, опыт за убийства и исходящий урон.

Каждый стак этого эффекта даёт доступ к дополнительному сундуку в конце мета-события «Конец Дракона»."
"Ingredient
Dropped by Undersea Wurms.
<c=@flavor>Quite dangerous if not harvested carefully.<c>","Ингредиент
Выпадает с подводных червей.
<c=@flavor>Довольно опасно, если собирать неосторожно.<c>"
"Ingredient,
Dropped by risen Orrians.,Выпадает с восставших оррианцев.
<c=@flavor>Caution: Sometimes found attached to risen Orrians.<c>","Ингредиент,
Выпадает с восставших оррианцев.,
<c=@flavor>Внимание: Иногда встречается на восставших оррианцах.<c>"
Invencible,Неуязвимый
"Isgarren,  
  
I have some good news, and I have some odd news.  
  
The good news: we have confirmed the absence of any further titan activity on the scale of Ura, Greer, and Decima across Janthir Syntri and Lowland Shore.  
  
The odd news: this has not fixed anything.  
  
Lest you misunderstand, the situation is no longer deteriorating. We've seen some improvement in the vitality of regional flora and fauna. Narcisse informs me the salmon are ""floppier than ever."" But, given all we know, I would expect rather more recovery progress...and far fewer titanspawn.  
  
The titans' defeat at the hand of the wayfinder should have brought about a more robust shift in the environment. After injury or illness, the body rights itself once more to equilibrium. However, our readings do not support projections of an upward recovery trend in Janthiri wildlife (and my researchers assure me it is not a byproduct of faulty equipment this time). Scouts continue to report titanspawn sightings across the isles, and Mistburned populations remain troublingly steady in number.  
  
In a word: enervation. If I were to guess, I'd say vital energies required for the land to recover are being drained or redirected, somehow. A side effect of the bloodstone fallout in Syntri? It does seem unlikely based on what we know, but nothing can be ruled out where nasty little cultists are involved.  
  
We shall continue to, as they say, ""hold down the fort"" in your absence as we endeavor to uncover the root of this quandary.  
  
Though, knowing the wayfinder, I suspect whatever's causing it will find you first.  
  
Enjoy the haunted ruins!  
  
—Zizel","Isgarren,

У меня есть хорошие новости, и есть странные новости.

Хорошие: мы подтвердили отсутствие какой-либо дальнейшей активности титанов масштаба Ura, Greer и Decima по всему Janthir Syntri и Lowland Shore.

Странные: это ничего не исправило.

Чтобы ты не понял превратно — положение больше не ухудшается. Мы отметили некоторое улучшение жизнеспособности местной флоры и фауны. Narcisse сообщает, что лосось «резвее прежнего». Но, зная всё, что мы знаем, я ожидал бы куда большего восстановления... и куда меньше порождений титанов.

Поражение титанов от руки искателя пути должно было принести более основательную перемену в среде. После раны или болезни тело вновь приходит к равновесию. Однако наши показания не подтверждают прогнозов о восходящем тренде восстановления среди дикой природы Janthir (и мои исследователи заверяют, что на сей раз это не следствие неисправного оборудования). Разведчики продолжают докладывать о появлениях порождений титанов по всем островам, а численность обожжённых Туманом остаётся тревожно устойчивой.

Одним словом: истощение. Если бы мне пришлось гадать, я бы сказал, что жизненные энергии, необходимые земле для восстановления, каким-то образом вытягиваются или перенаправляются. Побочный эффект осадков кровавого камня в Syntri? По тому, что мы знаем, это кажется маловероятным, но там, где замешаны мерзкие маленькие культисты, исключать нельзя ничего.

Мы, как говорится, «удержим форт» в твоё отсутствие, стараясь докопаться до корня этой загадки.

Хотя, зная искателя пути, подозреваю, что причина всего этого отыщет тебя первой.

Наслаждайся руинами с призраками!

—Zizel"
"Istan stinks of death and deception only to those who fail to see...

Note: Completion of this achievement requires completion of the Riding Skyscales achievements.","Истан пропитан запахом смерти и обмана лишь для тех, кто не способен увидеть…

Примечание: для получения этого достижения необходимо выполнить достижения «Укрощение небесных ящеров»."
"It ate, and ate, and ate, and ate

And gained a heap of dolyak weight.

Dolyaks are tender when round and fat.

Every Elonian hydra agrees with that.

When the caravan was ready to go

The very full dolyak went much too slow.","Он ел, и ел, и ел, и ел

И дьяка вес нагулять сумел.

Дольяк нежен, когда кругл и жирён.

С этим согласна любая элонская гидра, вон.

Когда караван был готов идти

Объевшийся дольяк еле полз в пути."
"It is a mistake that many make to say that hunters are damaging nature. After all, are we not part of nature? When we tracked a deer by endurance alone, claiming it only when exhaustion overtook it, with nothing but our bare hands, were we not part of nature then? Why then would a bow of wood and animal sinew make us unnatural?  
  
The hunt is not about the desecration of nature but the celebration of our history and our traditions. So long as we do not overhunt or act cruelly in taking our prey, we are not doing a dishonorable thing. We are a part of the same cycle as our prey, and it's best we never forget that.","Многие ошибаются, говоря, что охотники губят природу. В конце концов, разве мы не часть природы? Когда мы выслеживали оленя одной лишь выносливостью, беря его лишь тогда, когда его настигало изнеможение, с одними голыми руками, — разве не были мы тогда частью природы? Отчего же лук из дерева и звериных жил делает нас неестественными?  
  
Охота — не осквернение природы, а прославление нашей истории и наших традиций. Пока мы не перебиваем зверя без меры и не жестоки, беря добычу, мы не творим ничего бесчестного. Мы часть того же круговорота, что и наша добыча, и лучше нам никогда об этом не забывать."
"It is done.

We have purged this place of unbelievers. Every last one of the unfaithful...gone. Only three of us remain now... Ulrich, Judge, and I. It was not easy... Some of those among the fallen were friends. Once.

But they refused our vision. They wished to give up on our chosen mission. To doubt the undying will of Caudecus, even after the noble sacrifice he made for us. They learned the penalty for such abhorrent betrayal. For disloyalty. And now, you who reads of our cause know the price of misgiving.

With this journal, I leave behind the badge earned by passing my test, along with the others in my cohort of initiates. To accompany it...another surprise, should any of our former allies try to find us in this place we once considered sanctuary. 

The old ways are dead. We three shall now go forth to chart the future of the White Mantle. Upon our return, you will know the price for that future has been paid in our blood. We will come with cleansing fire.

You have been warned.","Свершилось.

Мы очистили это место от неверующих. Каждый из неверных... ушёл. Теперь осталось только трое из нас... Ульрих, Судья и я. Это было нелегко... Некоторые из павших были друзьями. Когда-то.

Но они отвергли наше видение. Они хотели отказаться от нашей избранной миссии. Усомниться в бессмертной воле Каудекуса, даже после благородной жертвы, которую он принёс ради нас. Они узнали цену такого отвратительного предательства. За нелояльность. И теперь ты, читающий о нашем деле, знаешь цену сомнениям.

С этим дневником я оставляю значок, полученный за прохождение моего испытания, вместе с другими из моей когорты посвящённых. В придачу... ещё один сюрприз, если кто-то из наших бывших союзников попытается найти нас в этом месте, которое мы когда-то считали убежищем.

Старые пути мертвы. Мы трое теперь отправимся вперёд, чтобы проложить будущее Белого Плаща. По нашему возвращении вы узнаете, что цена за это будущее уплачена нашей кровью. Мы придём с очищающим огнём.

Вы предупреждены."
"It is done. Komalie has opened. Was any of it worth it?  
  
Some prepare for battle. I will wait for death.","Свершилось. Комали открылась. Стоило ли оно того?

Некоторые готовятся к битве. Я буду ждать смерти."
"It's amazing that despite their own creation turning against them, the people of Kaineng are still surviving! Of course, it's likely the only way they're surviving is through the shared knowledge of the Speakers and the Kestrels who, even in this reality, continue to fight back. I think that says a lot about their morals; so strong, they transcend from reality to reality. And, well, they're gonna need it fighting against the Kryptis.  

It's impressive that they're able to run patrols inside of the city to gain information on the construct's movements, but it's upsetting that the only way these two groups worked together is by uniting against a common foe... I should be used to it. The same happened with the Elder Dragons, after all.  

Now that the Elder Dragon of the ocean is gone, maybe the world can catch a break. I'd love to see Rata Sum undergo some big changes. That place needs one heck of a system reboot.","Удивительно, что, несмотря на то, что их собственное творение обернулось против них, жители Кайнэнга всё ещё выживают! Конечно, скорее всего, они выживают только благодаря общим знаниям Говорящих и Ястребов, которые даже в этой реальности продолжают бороться. Думаю, это многое говорит об их морали: она настолько сильна, что выходит за рамки одной реальности. И, к тому же, она им понадобится в борьбе против Криптисов.

Впечатляет, что они могут проводить патрули внутри города, чтобы получать информацию о передвижениях конструкции, но печально, что эти две группы объединились только ради борьбы с общим врагом... Я уже должна была привыкнуть к этому. В конце концов, то же самое произошло и со Старшими Драконами.

Теперь, когда Старшего Дракона океана больше нет, возможно, миру удастся немного передохнуть. Мне бы хотелось увидеть, как Rata Sum претерпит какие-то большие изменения. Этому месту просто необходима масштабная перезагрузка системы."
"It's been five years, and the icy sting of that lake never left my cheeks. I haven't written. I've barely spoken.  
  
Arina is training with the elders. I avoid her otherwise; she reminds me of Ragna, and I don't want her to think of her father as a hollow replacement. She's young; she'll find others to look to. Others with stronger minds.  
  
I think I may leave this place. I think they'd understand, if they knew. I just hope Arina's young enough to forget. And it turns my gut to twisting knots and bile that I can't be the father she needs, but... All I see—whether my eyes are open or not—is his face. Sejm. My friend. His blood rolling across the ice.   
  
Wurm abandoned us. I don't know if I belong here anymore.","Прошло пять лет, но ледяной холод того озера так и не покинул моих щёк. Я не писал. Я почти не говорил.

Арина тренируется со старейшинами. Я избегаю её в остальное время; она напоминает мне о Рагне, и я не хочу, чтобы она считала своего отца пустой заменой. Она молода; она найдёт других, на кого равняться. Других с более сильным духом.

Думаю, я, возможно, покину это место. Думаю, они бы поняли, если бы знали. Я лишь надеюсь, что Арина достаточно молода, чтобы забыть. И меня скручивает узлом и тошнит от того, что я не могу быть тем отцом, который ей нужен, но... Всё, что я вижу — с открытыми глазами или закрытыми — это его лицо. Сейма. Моего друга. Его кровь, растекающаяся по льду.

Червь покинул нас. Я не знаю, моё ли это место больше."
"It's nice to know that there are still people willing to help complete strangers. Because of your invaluable aid, I can continue my research into the tomb of Saul D'Alessio. I'm positive that what I find in there will make Tyria a better place.

—Durmand Priory Explorer Ket","Приятно знать, что ещё есть люди, готовые помочь совершенно незнакомцам. Благодаря вашей неоценимой помощи я могу продолжить свои исследования гробницы Саула Д'Алессио. Я уверен, что то, что я там найду, сделает Тирию лучше.

— Исследователь Ордена Дурмана Кет"
Janthir-Meeresfisch,Янтарь-морская рыба
"Keane,  
  
Been a long time, my dear. I really hope that smile of yours is as blinding as I remember. The queen sends you and Leonie her best.  
  
While I wish I wrote on mundane terms, we have another favor to ask of you. On behalf of Her Majesty the Queen and the founding members of the Tyrian Alliance, we'd like to formally request use of your organization's headquarters for our forthcoming summit. I think you can guess the details, especially after the demon attacks.  
  
Given our members' importance, we're seeking an establishment located in neutral territory to hold our inaugural meet. You know better than most how fragile trust can be when the negotiation table has a dagger sticking out of it, but despite the circumstances, the air is quite temperate this time. No daggers, either.  
  
The first summit could be tense, but I can assure you that the building will withstand the event just fine. Maybe I jumped the fence a little quickly, but I've already spoken to Magnus about securing the Lionguard in anticipation. They'll be stationed outside at all times, which should be far less daunting to the locals than eighty guardsmen from twelve different standing armies. The city's security will be heightened that day, just to be safe.  
  
We've come a long way since the treaties, Dougal. I'm not known to daydream, but I wouldn't let Her Majesty hold council with a room full of ulterior motives and competing personalities if I didn't think the risk was worth the reward. I've woken up too many mornings dreading news of more death and destruction. I'm tired of it. Thankfully, everyone else is, too.  
  
When Cre— *The paragraph swirls before your eyes, dispersing like dye in water. Must be some sort of mesmer illusion. Whatever it says, this last part is for Dougal's eyes only.*  
  
I look forward to a prompt and positive response.  
  
—Countess Anise","Киан,  
  
Прошло много времени, моя дорогая. Я очень надеюсь, что твоя улыбка по-прежнему ослепительна, как я помню. Королева передает тебе и Леони наилучшие пожелания.  
  
Хотя я бы хотела писать по более обыденным причинам, у нас есть ещё одна просьба к тебе. От имени Её Величества Королевы и основателей Tyrian Alliance мы официально просим разрешения использовать штаб-квартиру вашей организации для предстоящего саммита. Думаю, ты можешь догадаться о деталях, особенно после атак демонов.  
  
Учитывая важность наших членов, мы ищем учреждение, расположенное на нейтральной территории, для проведения нашей первой встречи. Ты лучше других знаешь, насколько хрупким может быть доверие, когда в стол переговоров воткнут кинжал, но, несмотря на обстоятельства, атмосфера на этот раз довольно спокойная. Кинжалов тоже нет.  
  
Первый саммит может быть напряжённым, но я могу заверить тебя, что здание выдержит это мероприятие без проблем. Возможно, я немного поспешила, но уже поговорила с Магнусом о привлечении Львиной Стражи на всякий случай. Они будут постоянно находиться снаружи, что должно быть гораздо менее пугающим для местных жителей, чем восемьдесят стражников из двенадцати разных армий. Безопасность города в тот день будет усилена, на всякий случай.  
  
Мы прошли долгий путь с тех пор, как заключались договоры, Дугла. Я не известна тем, что предаюсь мечтам, но я бы не позволила Её Величеству проводить совет с комнатой, полной скрытых мотивов и конкурирующих личностей, если бы не считала, что риск стоит награды. Я слишком много раз просыпалась по утрам, с тревогой ожидая новостей о новых смертях и разрушениях. Я устала от этого. К счастью, все остальные тоже.  
  
Когда Кре— *Параграф кружится перед глазами, рассеиваясь, как краска в воде. Должно быть, какая-то иллюзия месмеров. Что бы там ни было, эта последняя часть предназначена только для глаз Дугала.*  
  
С нетерпением жду скорого и положительного ответа.  
  
—Графиня Аниз"
"Kiel's been pushing to build up the air defenses around Lion's Arch, but the rest of the Captain's Council won't get on board. They say Scarlet isn't their problem—that she wouldn't strike the Arch again so soon after Dragon Bash, or that they've already withstood one of her attacks and don't need additional resources to withstand another.

They're wrong on all counts, but there's no more time to convince them. We know Lion's Arch is Scarlet's next target. We have to be prepared for whatever she has in store...especially since the city government won't be.

I've sent word to Rox and Braham, and they'll be ready to make a stand when Scarlet strikes. So will I, as will Kasmeer... Although after the Tower of Nightmares, I'm not exactly eager to expose her to that kind of danger again, no matter how exhilarating she finds it.

We'll all be waiting when you're ready. Also, let me say again how critical your help was in puzzling this whole mess out. If you ever want to consider a career change, you'd make an excellent detective.

—Marjory Delaqua","Кил настаивает на укреплении воздушной обороны Lion's Arch, но остальные члены Капитанского Совета не поддерживают её. Они говорят, что Скарлетт — не их проблема, что она не станет снова атаковать Шпиль так скоро после Драконьего Празднества, или что они уже выдержали одну её атаку и не нуждаются в дополнительных ресурсах для отражения другой.

Они ошибаются по всем пунктам, но у нас больше нет времени их переубеждать. Мы знаем, что Lion's Arch — следующая цель Скарлетт. Мы должны быть готовы к тому, что она задумала... особенно учитывая, что городские власти не будут готовы.

Я отправила весточку Рокс и Браму, и они будут готовы дать отпор, когда Скарлетт нанесёт удар. Как и я, и Казмир... Хотя после Tower of Nightmares я не горю желанием снова подвергать её такой опасности, как бы захватывающе это для неё ни было.

Мы все будем ждать, когда ты будешь готов. И ещё раз повторю: твоя помощь была неоценима в распутывании всей этой неразберихи. Если когда-нибудь захочешь сменить профессию, из тебя выйдёт отличный детектив.

— Marjory Delaqua"
"Knut writes with dire news of the north, and our latest arrivals only spell misery for what may be afoot at Saldistead. Fear lingers in their eyes, but none wish to speak of what's happened. They barely speak at all. Children without parents. Wolves scared and shaking. Ragna is too burdened with a great, unknowable sadness to rise and speak with them, and I fear that as a former priestess of Wolf she's the only one capable. For now, they linger at our fires and eat our food. Knut will send rations when he's able, but we're all uncomfortable. My wife is miserable.    
  
Sejm tells me that Wurm calls us north; I have not heard this call. I haven't heard Wurm since the snow was deep enough to cover my boots. As soon as the refugees have settled, I expect we'll be traveling before spring after all. I fear what we may find.","Кнут пишет о тревожных новостях с севера, и наши последние прибывшие не сулят ничего хорошего тому, что может твориться у Салдистеда. Страх застыл в их глазах, но никто не хочет говорить о случившемся. Они вообще едва разговаривают. Дети без родителей. Волки, напуганные и дрожащие. Рагна слишком отягощена великой, непознаваемой печалью, чтобы подняться и поговорить с ними, и я боюсь, что как бывшая жрица Волка она единственная, кто на это способен. Пока они греются у наших костров и едят нашу еду. Кнут пришлёт припасы, когда сможет, но всем нам не по себе. Моя жена несчастна.    
  
Сейм говорит мне, что Змей зовёт на север; я не слышал этого зова. Я не слышал Змея с тех пор, как снег был достаточно глубоким, чтобы покрыть мои сапоги. Как только беженцы устроятся, я ожидаю, что мы всё же отправимся в путь до весны. Боюсь, что мы можем найти."
Kräuter sammeln,Сбор трав
"Lady Vavrinec,  
  
It is with a heavy heart and as much empathy as I can squeeze onto this page that I inform you that my wife, your oldest daughter, died in the attack on Lion's Arch. I...I tried to get to her in time, to get her out, but when I arrived at the bay she was already gone. They told me that a wave caused by the drill swept her and her crew right in. No one could reach them in time, there was too much destruction. I have yet to recover the body...  
  
I'm writing to you from a camp just outside of the city, but I'm going back in. Not just to find our beloved girl, my sweet Orla, but to fight back against this. To take back what is ours, and to establish peace that was taken from us. For Orla. For the lives that were taken. For the city that was destroyed.  
  
Whatever happens next, just know that I loved your daughter. I know our love wasn't an easy thing to accept, but in the Pale Tree's name...her death will not go without justice. 

Be safe. We don't know what comes in the days ahead.
Secondborn Bothain","Леди Вавринец,  
  
С тяжёлым сердцем и с таким сочувствием, какое только могу вместить на этой странице, сообщаю вам, что моя жена, ваша старшая дочь, погибла при нападении на Львиный Коготь. Я... я пытался добраться до неё вовремя, вытащить её, но когда я прибыл в бухту, её уже не было. Мне сказали, что волна, вызванная буром, смыла её и её команду внутрь. Никто не успел к ним вовремя, разрушения были слишком велики. Я ещё не смог найти тело...  
  
Я пишу вам из лагеря за городом, но я возвращаюсь обратно. Не только чтобы найти нашу любимую девочку, мою милую Орлу, но и чтобы дать отпор. Чтобы вернуть то, что принадлежит нам, и восстановить мир, который у нас отняли. Ради Орлы. Ради тех жизней, что были отняты. Ради города, что был разрушен.  
  
Что бы ни случилось дальше, просто знайте: я любил вашу дочь. Я знаю, что нашу любовь было нелегко принять, но клянусь Древом Бледным — её смерть не останется безнаказанной. 

Берегите себя. Мы не знаем, что нас ждёт в грядущие дни.
Второрождённый Ботэйн"
"Launch gathered energy that explodes on impact, damaging and burning foes.

Turtle movement replenishes energy. Sprint and Slide generate bonus energy.","Запустите накопленную энергию, которая взрывается при попадании, нанося урон и поджигая врагов.

Движение черепахи восполняет энергию. Спринт и Скольжение дают бонусную энергию."
"Learn to dive underwater with the skimmer.

If you also have the Skimming the Depths Skimmer Mount Mastery trained, this also increases the base ground speed of the skimmer and grants 3 seconds of stealth when entering or exiting water. (30s cooldown)","Научитесь нырять под воду на скиммере.

Если также обучено мастерство ездового скиммера «Скольжение по глубинам», это также увеличивает базовую наземную скорость скиммера и даёт 3 секунды невидимости при входе или выходе из воды. (30 сек. перезарядка)"
Lest die Titanen-Geschichtsbücher in Sammlersruh.,Пусть книги истории титанов покоятся в Саммлерсру.
"Let the burden of bitterness,
The curse of Sidony be lifted,
Isgarren, in joyous company,
Together in Castora.

Servant of Tyria, he forgoes perfection,
May his reputation be restored,
His position freely given, his perception sharpened,
This eternal grudge lifts from him.

Who stands at the gate,
Who volunteers to watch over all,
Standing above the ground,
Watching, ever waiting.

Isgarren, the father, rejoices,
Back straightened by determination,
The weight of the sky he will carry.
This solitude ceased, finite.

The seer of all stands conquered,
The heavy sky shall oppress him no more.
So speaks Minna,
So it is written, so it will be done.","Пусть бремя горечи,
Проклятие Сидони будет снято,
Исгаррен, в радостной компании,
Вместе в Касторе.

Слуга Тирии, он отказывается от совершенства,
Да будет восстановлена его репутация,
Его положение добровольно отдано, его восприятие обострено,
Эта вечная обида снимается с него.

Кто стоит у ворот,
Кто добровольно наблюдает за всеми,
Стоя над землей,
Наблюдая, вечно ожидая.

Исгаррен, отец, радуется,
Спина выпрямлена решимостью,
Он понесет тяжесть неба.
Это одиночество прекратилось, конечно.

Провидец всего побежден,
Тяжёлое небо больше не будет угнетать его.
Так говорит Минна,
Так написано, так и будет сделано."
"Let the burden of bitterness,
The curse of Sidony befall,
Isgarren, in solitary sorrow,
Alone in his tower.

Enslaved to Tyria, he claims perfection,
May his reputation be blighted,
His position stolen, his perception blinded,
This eternal grudge befalls him.

Who stands at the gate,
Who is doomed to watch over all,
Standing above the ground,
Watching, ever waiting.

Isgarren, the father, cries in vain,
Back bent in passive supplication,
The weight of the sky he will carry.
This solitude remains, endless,

Lest the seer of all itself should end,
The heavy sky will oppress him so long as he remains.
So speaks Sidony,
So it is written, so it will be done.","Пусть бремя горечи,
Проклятие Сидони падет,
Исгаррен, в одинокой печали,
Один в своей башне.

Порабощенный Тирией, он претендует на совершенство,
Да будет запятнана его репутация,
Его положение украдено, его восприятие ослеплено,
Эта вечная обида падает на него.

Кто стоит у ворот,
Кто обречен наблюдать за всеми,
Стоя над землей,
Наблюдая, вечно ожидая.

Исгаррен, отец, плачет напрасно,
Спина согнута в пассивной мольбе,
Он понесет тяжесть неба.
Это одиночество остается, бесконечное,

Пока сам провидец всего не закончится,
Тяжёлое небо будет угнетать его, пока он остается.
Так говорит Сидони,
Так написано, так и будет сделано."
Leyenda despiadada,Безжалостная легенда
"Liebevoll ausgebrütet.<br>Kombiniert in der Mystischen Schmiede 2 rot-weiße Kuckuck-Junge und 1 blaues Kuckuck-Junges mit 12 nicht identifizierten Farben, um ein weißes Kuckuck-Junges zu erschaffen.","Высижено с любовью.<br>Смешайте в Таинственной кузнице 2 красно-белых птенцов кукушки и 1 синего птенца кукушки с 12 неопознанными красителями, чтобы создать белого птенца кукушки."
"Light and comfortable, these shorts are perfect for warm weather.

Town clothes cannot be worn while in combat.","Лёгкие и удобные, эти шорты идеально подходят для тёплой погоды.

Городскую одежду нельзя носить во время боя."
"Listen to all of the exchanges between Aurene and Soo-Won in Dragon's End. 

Only one exchange can be heard for each time the Battle for the Jade Sea meta-event is completed.","Послушайте все реплики Аурене и Су-Вон в «Конце Дракона».

За время прохождения мета-события «Битва за Нефритовое море» можно услышать только одну реплику."
"Located in Crystal Oasis,
• Quick Travel to All Cities,
• Crafting Stations,
• Bank and Guild Bank Access,
• Mystic Forge,
• Merchants,
• And more! All within easy reach, for those who enjoy the ultimate convenience.","Расположен в Кристальном оазисе,
• Быстрое путешествие во все города,
• Станции ремесла,
• Доступ к банку и банку гильдии,
• Mystic Forge,
• Торговцы,
• И многое другое! Всё в пределах лёгкой досягаемости для тех, кто ценит максимальное удобство."
"Locked.

Click to unlock additional bag slots using gems.","Заблокировано.

Нажмите, чтобы разблокировать дополнительные слоты сумок за самоцветы."
"Locked.

Click to unlock additional bank tabs using gems.","Заблокировано.

Нажмите, чтобы разблокировать дополнительные вкладки банка за самоцветы."
"Lose a Condition on Successful Evade <c=@reminder>(Cooldown: 10 Seconds)</c>
+70 Toughness
+1%% All Experience Gained","Снятие состояния при успешном уклонении <c=@reminder>(Восстановление: 10 секунд)</c>
+70 к Стойкости
+1%% ко всему получаемому опыту"
"Lovingly crafted in the authentic New Kaineng style, now with fresh, local braised gnarled boar!  
  
INGREDIENTS:  
- Pork 
- Herbs  
- Noodles  
- Cabbage","С любовью приготовлено в аутентичном стиле Нового Каиненга, теперь со свежей местной тушёной корявой свининой!  
  
ИНГРЕДИЕНТЫ:  
- Свинина  
- Травы  
- Лапша  
- Капуста"
"Luka Tomasdottir

Be quiet.

Please.

Stop.

You don't listen to me anymore. It's like I'm talking to a wall. Words won't do. I've screamed at you for so long that I have no voice. There are no more words. I will never speak again. So I write, hoping you will read these words and leave me alone.

Day after day you speak to me. At first, I thought you were Aiding Thunder. Even when the kodan outside the village said he was gone.

Actually, no—they only said his voice wasn't his own. I thought maybe he was still out there. I thought the warriors of Still Waters Speaking had rashly exiled one of their own in an act of paranoid delusion. Surely the same kodan I met in Frostgorge Sound, the kodan I shared stories with by the fire in Safewatch Vale, could not have turned to madness so easily.

So I followed the voice. His voice. I followed it west, across the lake where Svanir was turned.

The voice asked me if I wanted to see Aiding Thunder again. Asked me if I wanted to learn the secrets of the kodan.

I said yes. Raven's eyes, I said yes. I didn't even stop to ask why Aiding Thunder's voice would ask such things of me. I didn't stop to think.

Aiding Thunder emerged from the passage leading down into the frozen lake. He told me to follow him, and we journeyed through the valley unhindered. The creatures that had nipped at my heels not hours before were now granting safe passage. I thought that was strange, to be sure, but I paid it no mind. Perhaps they feared the mighty kodan that was guiding me. Perhaps they had just feasted on some other unfortunate creature, and I was spared simply by a lack of appetite.

The kodan took me to these ruins and told me everything I'd ever wanted to know. Not just about the kodan, but about every race in Tyria. The Mists. All that was past, and all that is present. I had asked for knowledge, and I received it. I received so much that I was forced to stop writing as my hands bled.

But the voice continued to speak. I looked up and Aiding Thunder was gone. The voice remained. The voice began to change. It was no longer Aiding Thunder's.

It was yours.

Jormag. I beg of you. Stop whispering to me.

I can listen no longer.","Лука Томасдоттир

Замолчи.

Пожалуйста.

Прекрати.

Ты больше меня не слушаешь. Как будто я говорю со стеной. Слова не помогают. Я так долго кричала на тебя, что потеряла голос. Больше нет слов. Я больше никогда не заговорю. Поэтому я пишу, надеясь, что ты прочитаешь эти слова и оставишь меня в покое.

День за днём ты говоришь со мной. Сначала я думала, что ты — Помогающий Гром. Даже когда кодан за пределами деревни сказал, что его не стало.

На самом деле нет — они лишь сказали, что его голос не был его собственным. Я подумала, может, он всё ещё там. Я думала, что воины Говорящих Тихих Вод опрометчиво изгнали одного из своих в приступе параноидального бреда. Неужели тот же кодан, которого я встретила в Frostgorge Sound, кодан, с которым я делилась историями у костра в Долине Безопасной Стражи, мог так легко впасть в безумие?

И я последовала за голосом. Его голосом. Я последовала на запад, через озеро, где обратился Сванир.

Голос спросил меня, хочу ли я снова увидеть Помогающего Грома. Спросил, хочу ли я узнать секреты кодана.

Я сказала «да». Глаза Ворона, я сказала «да». Я даже не остановилась спросить, почему голос Помогающего Грома просит меня о таком. Я не остановилась подумать.

Помогающий Гром вышёл из прохода, ведущего вниз, к замёрзшему озеру. Он велел мне следовать за ним, и мы беспрепятственно прошли через долину. Существа, которые кусали меня за пятки всего несколько часов назад, теперь давали безопасный проход. Я подумала, что это странно, конечно, но не придала значения. Возможно, они боялись могучего кодана, который вёл меня. Возможно, они только что полакомились каким-то другим несчастным существом, и меня пощадили просто из-за отсутствия аппетита.

Кодан привёл меня к этим руинам и рассказал всё, что я когда-либо хотела знать. Не только о кодане, но и о каждой расе в Тирии. О Тумане. Всё, что было в прошлом, и всё, что есть в настоящем. Я просила знаний, и я их получила. Я получила так много, что была вынуждена прекратить писать, когда мои руки начали кровоточить.

Но голос продолжал говорить. Я подняла взгляд, и Помогающий Гром исчез. Голос остался. Голос начал меняться. Он больше не был голосом Помогающего Грома.

Он стал твоим.

Йормаг. Я умоляю тебя. Перестань шептать мне.

Я больше не могу слушать."
"Made by combining these items in the Mystic Forge:
• 1 Bloodstone Shard
• 250 Obsidian Shards
• 1 Gift of Exploration
• 1 Gift of Battle","Создаётся соединением этих предметов в Mystic Forge:
• 1 Bloodstone Shard
• 250 Obsidian Shards
• 1 Gift of Exploration
• 1 Gift of Battle"
"Made by combining these items in the Mystic Forge:
• 1 Gift of Energy
• 1 Eel Statue
• 100 Icy Runestones
• 1 Superior Sigil of Venom","Создаётся соединением этих предметов в Mystic Forge:
• 1 Gift of Energy
• 1 Eel Statue
• 100 Icy Runestones
• 1 Superior Sigil of Venom"
"Made by combining these items in the Mystic Forge:
• 1 Gift of Metal
• 1 Gift of Lightning
• 100 Icy Runestones
• 1 Superior Sigil of Air","Создаётся соединением этих предметов в Mystic Forge:
• 1 Gift of Metal
• 1 Gift of Lightning
• 100 Icy Runestones
• 1 Superior Sigil of Air"
"Magister,

Rumors from Lion's Arch are running rampant. The Priory has heard of the fall of Claw Island, and of your bravery there. Already, a contingent of Explorers are speaking with the Commodore to ensure that citizens can evacuate; it seems we must plan for the worst. I need you to assemble with the others at the Durmand Memorial in Lion's Arch.

The knowledge to defeat the Elder Dragons is out there. It must exist...and we must find it.

—Steward Gixx","Магистр,

Слухи из Lion's Arch распространяются повсюду. Приорат слышал о падении Когтистого Острова и о твоей храбрости там. Уже группа Исследователей ведёт переговоры с Коммодором, чтобы обеспечить эвакуацию граждан; похоже, мы должны готовиться к худшему. Мне нужно, чтобы ты собрался с остальными у Мемориала Дурманда в Lion's Arch.

Знания, необходимые для победы над Старшими Драконами, существуют. Они должны быть... и мы должны их найти.

—Управляющий Гикс"
"Manifest flames that damage enemies on an interval.<br>
<c=@reminder>Activating this ability destroys other active <c=@abilitytype>Willbender Flames</c> effects.","Создать пламя, наносящее урон врагам с интервалом.<br>
<c=@reminder>Активация этой способности уничтожает другие активные эффекты <c=@abilitytype>Пламени Правоведа</c>."
"Many, many thanks for taking a stand against the grawl menace. Only the vigilance of brave adventurers like you that makes survival in this area possible. 

—Etta","Огромное-преогромное спасибо за то, что выступили против угрозы граулов. Только бдительность таких отважных искателей приключений, как вы, делает выживание в этом районе возможным.

— Этта"
Marea helada,Ледяное прилив
"Maximum member limit has been reached.
Talk to a guild registrar to apply for a larger guild.","Достигнут максимальный лимит участников.
Поговорите с регистратором гильдии, чтобы подать заявку на увеличение гильдии."
"Maybe...this is an ideal version of Maguuma. One without Mordremoth. One that Eir didn't die in. One that...I didn't die in. The old me, at least.  

I'm still here though. I'm still breathing, even if I'm not the same person. But, the more that I think about it...maybe it's for the best. I was so angry back then... It feels weird so say that I'm better now. I'm not, but I'm getting there.  

A light in the darkness, I have the best possible distraction: the Kryptis. I don't have time to mourn. We can only act, and well... It's not good. Dagda's struggling, Isgarren seems...off. Mabon's about ready to do something severe. Maybe we'll see each other again soon. I don't know if I'm ready.","Может быть... это идеальная версия Магуумы. Та, где нет Мордремота. Та, где Эйр не погибла. Та, где... не погиб я. По крайней мере, прежний я.  

Но я все ещё здесь. Я все ещё дышу, даже если я не тот же человек. Но чем больше я об этом думаю... может, это к лучшему. Я был так зол тогда... Странно говорить, что я сейчас лучше. Я не лучше, но я приближаюсь к этому.  

Свет во тьме, у меня есть лучшее отвлечение: Криптис. У меня нет времени скорбеть. Мы можем только действовать, и, ну... это не хорошо. Дагда борется, Исгаррен кажется... не в себе. Мейбон вот-вот сделает что-то серьёзное. Может, мы скоро увидимся снова. Не знаю, готов ли я."
Mazmorras descubiertas,Открытые подземелья
"Mine %num2% ore with a mining pick from resource nodes in Dredgehaunt Cliffs, Harathi Hinterlands, or Blazeridge Steppes.

<c=@reminder>Resource nodes are clumps of ore, saplings, and plants that can be gathered using gathering tools. Nodes can be found by exploring the world.</c>","Добывайте %num2% руду с помощью кирки на ресурсных точках в Dredgehaunt Cliffs, Харатийских Загорьях или Равнинах Блейзерридж.

<c=@reminder>Ресурсные точки — это скопления руды, саженцы и растения, которые можно собирать с помощью инструментов для сбора ресурсов. Точки можно найти, исследуя мир.</c>"
"Mongoose,  

The situation is grim and growing more dire by the moment. Our predictions were far below what we've been seeing from the readings of astral fluctuations. Priorities have changed. I need you to relocate immediately. Take your team to the region southwest of Cornucopian Fields. Trust only yourselves. We will get through this.  
 
—F","Мангуст,  

Ситуация мрачная и с каждым мгновением становится всё хуже. Наши прогнозы оказались далеки от того, что мы видим по показателям астральных колебаний. Приоритеты изменились. Мне нужно, чтобы ты немедленно передислоцировался. Возьми свою команду в регион к юго-западу от Кукурузных Полей. Доверяйте только себе. Мы справимся.  
 
—Ф"
"Motivation: %str1%
Increases effectiveness of chants.","Побуждение: %str1%
Повышает действенность песнопений."
Musikalisch meisterhaft,Музыкально безупречно.
"My friend,

On behalf of Carys, thank you for all you did to help us. Our wounds are healed, and the time we spent in your garden has been among the happiest of our lives. However, this morning something wondrous occurred—Carys and I both felt the Call. We have been summoned by the Dream, and where it will lead, we can only guess. We must go where it guides us. Before we left, I wanted to thank you once more for your kindness. I hope that we will meet again soon.

—Tegwen","Друг мой,

От имени Карис благодарю тебя за всё, что ты сделал, чтобы нам помочь. Наши раны исцелены, а время, проведённое в твоём саду, было одним из счастливейших в нашей жизни. Однако нынче утром случилось нечто дивное: мы с Карис оба ощутили Зов. Нас призвал Сон, и куда он приведёт — нам остаётся лишь гадать. Мы должны идти туда, куда он направляет. Перед уходом хотел ещё раз поблагодарить тебя за доброту. Надеюсь, мы скоро свидимся.

—Тегвен"
"My friend,

Word is spreading that you're quickly making yourself invaluable to your Order. I'm pleased to see you're having so much success outside Kryta. I've heard that Rytlock and Eir have been investigating the Ascalonean catacombs. Zojja still fights for Snaff's legacy, while Caithe roams the Caledon Forest, keeping her own counsel. Perhaps this whole thing was a mistake. I've spent some time considering what to do about Destiny's Edge, and to be honest, I'm not sure the situation can be salvaged. I made a choice to save Jennah; a choice I don't regret. So long as she needs me, I have to be there for her. 

If you need me, I will be attending a party at Legate Minister Caudecus's estate near Beetletun. The Queen may be in danger from that old spider, and I don't intend to allow him to succeed in stealing her throne.

—Logan","Мой друг,

Распространяется слух, что ты быстро становишься незаменимым для своего Ордена. Я рад видеть, что у тебя так много успехов за пределами Крайты. Я слышал, что Ритлок и Эйр исследуют Аскалонские катакомбы. Зойя все ещё борется за наследие Снаффа, в то время как Кейт бродит по Caledon Forest, следуя своим собственным советам. Возможно, все это было ошибкой. Я потратил некоторое время, обдумывая, что делать с «Краем Судьбы», и, честно говоря, я не уверен, что ситуацию можно спасти. Я сделал выбор спасти Дженну; выбор, о котором не жалею. Пока она нуждается во мне, я должен быть рядом с ней.

Если я тебе понадоблюсь, я буду на вечеринке в поместье легата-министра Кодекуса недалеко от Битлтауна. Королева может быть в опасности от этого старого паука, и я не намерен позволить ему украсть её трон.

—Логан"
"My initial forays into the field have resulted in little usable information. As a result, I've been tasked with gathering intelligence deep in Kryptis territory, just outside Heitor's Gate. An Astral Ward patrol will escort me as far as they dare, and from there I will make my way toward the fortress to gather information on the comings and goings of Heitor's forces.  
  
I am terrified. But I am determined to serve the ward to the best of my ability.  
  
—Operative Selly","Мои первые вылазки в поле дали мало пригодных сведений. Поэтому мне поручили собирать разведданные в глубине земель криптис, прямо у Врат Хейтора. Патруль Astral Ward проводит меня настолько далеко, насколько отважится, а оттуда я двинусь к крепости, чтобы собрать сведения о передвижениях сил Хейтора.

Мне страшно. Но я полна решимости служить страже как только смогу.

—Оперативница Селли"
"My mom said that you had to burn our crops to kill bugs and that you saved us. My friends and I made cakes and tea to celebrate and we saved you one. It's kind of imaginary because we didn't have any flour, but if you close your eyes it tastes delicious!

Thank you,
Debbie

P.S. Mom says that mail is expensive but that I can send you appreciation cakes anytime by giving them to Clanmarshal Sana. Check with her and get free cakes!","Мама сказала, что тебе пришлось сжечь наши посевы, чтобы убить жуков, и что ты нас спас. Мы с друзьями напекли пирогов и заварили чай, чтобы отпраздновать, и один пирог оставили тебе. Он вроде как воображаемый, потому что муки у нас не было, но если закрыть глаза — на вкус восхитительно!

Спасибо,
ДеббиР.

S. Мама говорит, что почта дорогая, но я могу присылать тебе благодарственные пироги в любое время, отдавая их клан-маршалу Сане. Загляни к ней и получи бесплатные пироги!"
Métamorphose de nodule de lapis,Метаморфоза лазуритового узла
"Name: Ceara
Student Status: Former
Sponsor: Cultural Exchange Program 

Academic Record(s):

College of Dynamics
Status: INCOMPLETE
Notes: Evidence of cheating found during final examination(s), see file on Pexa. Ceara refused proper academic trial. Transferred to the College of Statics in 1315 AE under academic probation.    

College of Statics 
Status: Honorary Degree Awarded 1316 AE
Notes: Did not attend required course day(s) or complete lab residency but did pass all final examination(s) with high scores. 

College of Synergetics
Status: Complete, Degree Awarded 1317 AE
Notes: Ceara completed her basic degree in Synergetics after defending her thesis before the Arcane Council. Winner of the Omadd Award, earning her a five-year tenure as Headmaster Omadd's lead lab assistant.","Имя: Сиара
Статус студента: Бывший
Спонсор: Программа культурного обмена

Академические записи:

Колледж Динамики
Статус: НЕ ЗАВЕРШЕНО
Примечания: Обнаружены доказательства списывания во время выпускного(ых) экзамена(ов), см. дело о Пексе. Сиара отказалась от надлежащего академического разбирательства. Переведена в Колледж Статики в 1315 г. ВЭ с испытательным сроком.

Колледж Статики
Статус: Присуждена почётная степень в 1316 г. ВЭ
Примечания: Не посещала обязательные учебные дни и не завершила лабораторную практику, но сдала все выпускные экзамены с высокими баллами.

Колледж Синеретики
Статус: Завершено, степень присуждена в 1317 г. ВЭ
Примечания: Сиара завершила базовое обучение по Синеретике после защиты диссертации перед Арканным Советом. Победительница премии Омэдда, получившая пятилетнюю должность ведущего лабораторного ассистента главы Омэдда."
Naufragados,Науфрагированные
"Network error. The inability to connect to Guild Wars 2 may be caused by Internet routing issues or a server network failure.

If the problem persists, please visit our support website.","Сетевая ошибка. Невозможность подключения к Guild Wars 2 может быть вызвана проблемами с интернет-маршрутизацией или сбоем серверной сети.

Если проблема не устранена, посетите наш сайт поддержки."
"New character limit exceeded. 

Please wait a few minutes and try again.","Превышен лимит новых персонажей.

Пожалуйста, подождите несколько минут и попробуйте снова."
"New orders, Crusader: we've got grawl worshipping a dragon minion north of Hoelbrak, and they have to stop. I don't care what random thing those primates pray to, but they're making our mutual enemy stronger. One of their so-called shamans recently left the tribe, so we'll start with him. Meet me at the included coordinates and we'll see what this ""shaman"" has to say. I'll be waiting.
—Warmaster Forgal Kernsson","Новые приказы, Крестоносец: у нас есть граулы, поклоняющиеся драконьему миньону к северу от Хоэлбрака, и они должны прекратить. Мне всё равно, чему эти приматы молятся, но они делают нашего общего врага сильнее. Один из их так называемых шаманов недавно покинул племя, так что начнём с него. Встреть меня по указанным координатам, и мы посмотрим, что скажет этот «шаман». Я буду ждать.
—Военачальник Forgal Kernsson"
Niemand,Никто
"Now Available: Fashion Templates!

Check out your Hero panel and navigate to the new Fashion tab! Inside this tab, you will see the wardrobe, where you can now use templates to set and easily switch between different styles.

With the addition of Fashion Templates, transmutation charges will now be used to save your different templates instead of individual armor pieces. Play around and see the changes yourself with these 20 free transmutation charges!

Check the blog post online to learn more about this change.

Thanks for playing Guild Wars 2!","Теперь доступны: Шаблоны стиля!

Откройте панель героя и перейдите на новую вкладку «Стиль»! Внутри этой вкладки вы увидите гардероб, где теперь можно использовать шаблоны для настройки и быстрого переключения между разными образами.

С добавлением шаблонов стиля заряды трансмутации теперь будут использоваться для сохранения ваших шаблонов, а не отдельных частей брони. Поэкспериментируйте и оцените изменения сами с помощью этих 20 бесплатных зарядов трансмутации!

Прочитайте статью в блоге онлайн, чтобы узнать больше об этом изменении.

Спасибо, что играете в Guild Wars 2!"
"Now that you've reached level 15, enjoy this free World vs. World XP Booster with our compliments as you take part in warfare on an epic scale!
To access WvW, press [lbracket]B[rbracket] and select which world you wish to enter, or hop through the asura gates in Lion's Arch that lead to the WvW borderlands. We'll see you on the battlefield!","Теперь, когда вы достигли 15-го уровня, примите этот бесплатный ускоритель опыта «WvW» в качестве нашего комплимента, пока вы участвуете в войне эпического масштаба!
Чтобы попасть в WvW, нажмите [lbracket]B[rbracket] и выберите мир, в который хотите войти, или пройдите через асурийские врата во Львином Архиве, ведущие в пограничные земли WvW. Увидимся на поле боя!"
"Now that you've reached level 20, enjoy this free PvP Glory Booster with our compliments as you take part in player-versus-player combat!
To access PvP, click the crossed-swords icon in the upper-left corner of the screen. Then click ""Go to the Heart of the Mists"" and complete the PvP tutorial. Once the tutorial is complete, you will be able to access the Arenas and Game Browser tabs, which will allow you to join actual matches. We'll see you in the Mists!","Теперь, когда вы достигли 20-го уровня, примите этот бесплатный ускоритель славы PvP в качестве нашего комплимента, пока вы участвуете в сражениях PvP!
Чтобы попасть в PvP, нажмите на иконку скрещённых мечей в левом верхнем углу экрана. Затем нажмите «Отправиться в Сердце Туманов» и пройдите обучение PvP. После завершения обучения вы сможете получить доступ к вкладкам «Арены» и «Браузер игр», которые позволят вам присоединиться к реальным матчам. Увидимся в Туманах!"
"Obtained by fighting enemies with the Essence of Resilience and picking up their essence, which grants might, health, and swiftness.

Build 30 stacks to gain 33%% damage reduction from conditions from enemies with the Essence of Valor for 30 minutes.","Получается в бою с врагами, обладающими сущностью стойкости, и при подборе их сущности, которая даёт мощь, здоровье и быстроту.

Накопите 30 единиц, чтобы получить уменьшение урона от состояний на 33%% от врагов, обладающих сущностью доблести, на 30 минут."
"Obtained by fighting enemies with the Essence of Resilience and picking up their essence, which grants might, health, and swiftness.

Build 30 stacks to gain increased magic find and bonus rewards, and a 60%% damage reduction from conditions from enemies with the Essence of Valor for 30 minutes.","Получается в бою с врагами, обладающими сущностью стойкости, и при подборе их сущности, которая даёт мощь, здоровье и быстроту.

Накопите 30 стаков, чтобы получить повышенный шанс выпадения магических предметов и дополнительные награды, а также снижение урона от состояний на 60%% от врагов с сущностью доблести на 30 минут."
"Once upon a time, there was a teeny-tiny village. The village was ruled by an evil sorcerer named Sumac. Sumac was a cruel and vile leader, and he ruled the little village from the safety of his cabin far in the woods—tucked out of sight. Shhhhh!

One day, a benevolent witch named Lychnis found herself in the village. She knew very well of Sumac's cruelty and thirst, but the villagers were ignorant. Happy, even. They danced in the town square, and the smells of freshly baked pies and bread lingered in the air. But it was only a matter of time before the streets were painted scarlet. She feared for the people of that little village.

Lychnis decided to take measures into her own hands. She reached out to the king of the land, pleading with him to aid her in defeating the cruel sorcerer of the forest. The king denied her call to action and sent the witch on her way.","Жили-были в одной крошечной деревушке. Деревней правил злой колдун по имени Сумах. Сумах был жестоким и подлым правителем, и он управлял маленькой деревней из безопасности своей хижины в глубине леса — спрятанной с глаз долой. Тсс!

Однажды в деревне оказалась добрая ведьма по имени Лихнис. Она хорошо знала о жестокости и жажде Сумаха, но жители были невежественны. Даже счастливы. Они танцевали на городской площади, и в воздухе витал запах свежеиспечённых пирогов и хлеба. Но это было лишь вопросом времени, когда улицы окрасятся в алый цвет. Она боялась за людей этой маленькой деревни.

Лихнис решила взять дело в свои руки. Она обратилась к королю этих земель, умоляя его помочь ей победить жестокого колдуна из леса. Король отказал ей в призыве к действию и отослал ведьму прочь."
"One wrong move and this will crumble to pieces.,
This item only has value as part of the Missing Brood collection.","Одно неверное движение — и это рассыплется на кусочки.,
Этот предмет имеет ценность только как часть коллекции «Missing Brood»."
"Open to choose a new weapon skin to unlock for your account.,
<c=@Flavor>A gift from a friend, in hope that you will carry on our struggle.</c>","Откройте, чтобы выбрать новый облик оружия для разблокировки на вашей учётной записи.,
<c=@Flavor>Подарок от друга в надежде, что вы продолжите нашу борьбу.</c>"
"Original Music Written (and soon to be performed!) by the Strand Band  
  
Each member of the band has made their own snippet of a song. We've recorded it below. For new learners, the numbers correlate to the notes your trumpet can produce.  
  
Sander: 1 3 5 2 7  
  
Daisy: 5 6 3 2 4  
  
Gealan: 3 8 4 6 1  
  
If this music is found, bring it to the members of the Strand Band and let's jam! We're always hanging out on the beach west of town!","Оригинальная музыка, написанная (и скоро исполняемая!) группой «Странд».
  
Каждый участник группы сочинил свою часть мелодии. Мы записали её ниже. Для начинающих: цифры соответствуют нотам, которые можно извлечь на трубе.
  
Сандер: 1 3 5 2 7
  
Дейзи: 5 6 3 2 4
  
Геалан: 3 8 4 6 1
  
Если найдёте эту музыку, принесите её участникам группы «Strand Band», и давайте вместе поиграем! Мы обычно тусуемся на пляже к западу от города!"
Oscuridad obligada omnipresente,Неизбежная всепоглощающая тьма
"Otho's voyage to retrieve the keystone was successful. At least, what he was able to salvage of it.  
  
While Manikaz's efforts to open the gate and secure our escape from this prison have been fine, we now look to the keystone for answers... Hope, albeit subtle, builds in the city.","Путешествие Ото за ключевым камнем увенчалось успехом. По крайней мере, то, что ему удалось спасти.  
  
Хотя усилия Маниказа по открытию врат и обеспечению нашего побега из этой тюрьмы были хороши, теперь мы ищем ответы в ключевом камне... Надежда, хоть и едва заметная, растет в городе."
"Our signature Wavehawk cocktail offers a sophisticated blend of flavors for the discerning Castoran. You're greeted with aromas of driftwood and bewilderflower. The palette matches the nose but adds a distinct, complex note of vanilla, jungle floor, and a hint of gunpowder residue. Medium bodied, with a dry, sea-spray finish. Limit 2 per customer.
    
Ingredients:  
- Peated Whiskey
- Bitters
- Citrus  
- Bourbon","Наш фирменный коктейль «Волна сокола» предлагает изысканное сочетание вкусов для взыскательного касторанца. Вас встречают ароматы плавника и диковинного цветка. Вкус соответствует аромату, но добавляет отчётливую сложную нотку ванили, лесной подстилки и лёгкий оттенок порохового нагара. Средней полноты, с сухим послевкусием морских брызг. Не более 2 на покупателя.
    
Ингредиенты:
- Торфяной виски
- Биттер
- Цитрус
- Бурбон"
"Overall progress: %num1%/%num2%
Tiers completed: %num3%/%num4%

Click to see achievement.","Общий прогресс: %num1%/%num2%
Уровней завершено: %num3%/%num4%

Нажмите, чтобы увидеть достижение."
"P is for Praise. Do that every day.

R is for Raze, if parents disobey.

A is for Army. Joko has a few.

I is for Iberu, Joko's number two.

S is for Sunspear. Turn them all in!

E is for Eternal Monarch, who always will win.","П — это похвала. Так делай каждый день.

Р — это разор, коль родители в тревоге.

А — это армия. У Джоко их полно.

Й — это Йору, его правая рука.

С — это списоносцы. Всех их заберите!

Е — Вечный Монарх — победит он всегда!"
"Partnering with and flying your skyscale is a dance that requires the utmost care. As your instructor will surely share with you, success requires patience, concentration, and—most critically—pure willpower. Before you take flight in the skies above the archipelago, commit these five principles to heart:  
  
1. Keep this manual on your person at all times.   
  
2. Use gentle motions and movements when directing your skyscale. There is no need to sever a scale from the noble beast's body because the need to turn slipped your mind.  
   
3. Observe all posted height restrictions and flying debris warnings.  
  
4. While accelerating might be fun, braking could save your life. You can tell your skyscale to slow down by—  
  
*The rest of the manual appears to have been torn out by an animal.*","Взаимодействие с скайскейлом и полёт на нём — это танец, требующий величайшей осторожности. Как ваш наставник наверняка вам поведает, для успеха нужны терпение, сосредоточенность и — что важнее всего — чистая сила воли. Прежде чем взмыть в небеса над архипелагом, впитайте эти пять принципов:

1. Всегда держите это руководство при себе.

2. Направляя своего скайскейла, используйте мягкие движения. Нет нужды срывать чешуйку с тела благородного зверя лишь потому, что вы забыли о необходимости повернуть.

3. Соблюдайте все вывешенные ограничения по высоте и предупреждения о летящих обломках.

4. Хотя ускоряться может быть весело, торможение может спасти вам жизнь. Приказать скайскейлу замедлиться можно —

*Похоже, остальная часть руководства вырвана каким-то животным.*"
"Peacemaker Report—Supplement to PM-XE-AA01,02  
Agent: Peacemaker Ninn  
Security Level: Arcane Council

Following up on the destruction of stolen portal systems, agents have reported critically decreased but nonzero continued attacks by Awakened forces. Further investigation corroborated these reports; the Awakened arrive via unstable portals in a reduced regular cadence.

Comparisons against archived golem scans indicate that the Awakened observed have significant degradation consistent with extraplanar overexposure. Left unopposed, they degenerate after a period of minutes into undifferentiated material.

Site research on a previously unattacked location allowed recovery of non-Awakened material from the original portal systems. Analysis (see attached data) lead to the following conclusions: the observed Awakened forces were those in transit immediately prior to the facility's destruction. The collapse of portal integrity, in the absence of a stable endpoint, caused a phenomena inversion, obliterating the Awakened and trapping their remnants in an interstitial state. See related studies attached [lbracket]clearance check[rbracket].

The current attacks are created by this Mist-based repetition phenomenon, similar to the research submitted by [lbracket]clearance check[rbracket]. The attacks do not represent a new strategy on the part of Awakened command and do not pose tactical or political challenge to existing Peacemaker forces in their areas. The repetition phenomenon will decay until attacks cease in approximately [lbracket]clearance check[rbracket] years.

Recommend: Continued diligence in affected areas. Recommend: Using opportunity presented by consistent Awakened force composition to improve training and automated efficiency in local defense forces. Recommend: [lbracket]clearance check[rbracket].","Отчёт Миротворца — дополнение к PM-XE-AA01,02
Агент: Peacemaker Ninn
Уровень допуска: Арканный совет

Вслед за уничтожением украденных портальных систем агенты сообщили о критически снизившихся, но не прекратившихся атаках Пробуждённых сил. Дальнейшее расследование подтвердило эти сообщения; Пробуждённые прибывают через нестабильные порталы с уменьшенной регулярностью.

Сравнение с архивными сканами големов показывает, что наблюдаемые Пробуждённые имеют значительную деградацию, соответствующую внеплановому воздействию. Если им не препятствовать, они через несколько минут вырождаются в недифференцированный материал.

Исследование на месте ранее не атакованной локации позволило извлечь не-Пробуждённый материал из оригинальных портальных систем. Анализ (см. приложенные данные) приводит к следующим выводам: наблюдаемые силы Пробуждённых находились в процессе перемещения непосредственно перед уничтожением объекта. Разрушение целостности портала при отсутствии стабильной конечной точки вызвало инверсию явлений, уничтожив Пробуждённых и заточив их остатки в промежуточном состоянии. См. приложенные исследования [lbracket]проверка допуска[rbracket].

Текущие атаки созданы этим повторяющимся феноменом Туманов, аналогичным исследованиям, представленным [lbracket]проверка допуска[rbracket]. Атаки не представляют собой новую стратегию со стороны командования Пробуждённых и не создают тактической или политической угрозы существующим силам Миротворцев в их зонах. Повторяющийся феномен будет затухать, пока атаки не прекратятся примерно через [lbracket]проверка допуска[rbracket] лет.

Рекомендация: Продолжать бдительность в пострадавших районах. Рекомендация: Использовать возможность, предоставленную стабильным составом сил Пробуждённых, для улучшения обучения и автоматизации эффективности местных сил обороны. Рекомендация: [lbracket]проверка допуска[rbracket]."
"People are talking about you. Chefs, mostly. They're saying you're some kind of rising culinary superstar. I know talent when I taste it, so why don't you cook me a Chef's Tasting Platter and I'll give you my professional opinion. With my help, you can attain greatness!
I'll be waiting near your home. Chop chop!

—Seimur","Люди говорят о тебе. В основном повара. Они говорят, что ты восходящая кулинарная суперзвезда. Я узнаю талант, когда пробую его, так почему бы тебе не приготовить мне «Тарелку дегустации шеф-повара», и я дам тебе свое профессиональное мнение. С моей помощью ты сможешь достичь величия!
Я буду ждать тебя возле твоего дома. Живо!

—Сеймур"
"Player,

You've chosen to destroy an important quest item from your inventory that is required for certain steps in the Commander without a Cause story chapter of Guild Wars 2: Secrets of the Obscure. If you replay this chapter and are unable to continue due to missing this item, you can reacquire it from Taimi's work desk in the Eye of the North.

Thank you, and happy playing!

—ArenaNet","Игрок,

Вы решили уничтожить важный предмет из инвентаря, необходимый для выполнения некоторых этапов сюжетной главы «Командир без причины» в дополнении Guild Wars 2: Secrets of the Obscure. Если вы повторно пройдёте эту главу и не сможете продолжить из-за отсутствия этого предмета, вы можете получить его снова на рабочем столе Тайми в локации «Eye of the North».

Спасибо и приятной игры!

—ArenaNet"
Polychromatische Wämser,Полихроматические куртки
"Poor Project Selection:  
  
When our vessel crashed, I presumed we had all the evidence required to evaluate this coral worthy of a wide berth. Instead, after rescuing Arch Researcher Tunsi, I'm getting dragged along after his latest obsession. Meanwhile, the rest of our team seems to resent my calls for greater caution. Left to their own devices, I worry they'd tear me apart for sport and scholarship.  
   
Castora contains such a wondrous myriad of flora and fauna, each presenting prime opportunities for weaponization. The local crustaceans alone have such novel adaptations and potential for improvement! Laser crabs! To my intellect, it seems so obvious.  
  
But no. Tunsi insists upon weaponizing the volatile coral that surrounds the entirety of Castora. Already our tests reveal uncomfortable signs of low-grade sentience. Analysis of recent exposure subjects suggests this coral may well even have a capacity for violence. Perhaps even vengeance. If I was not so anxious, I might admire it. Still, I worry what ruin our research may leave in its wake.","Неудачный выбор проекта:  
  
Когда наше судно потерпело крушение, я полагал, что у нас есть все доказательства, чтобы оценить этот коралл как заслуживающий широкой дистанции. Вместо этого, после спасения Главного исследователя Тунси, меня тащат за его последней одержимостью. Тем временем, остальная часть нашей команды, похоже, недовольна моими призывами к большей осторожности. Предоставленные сами себе, я боюсь, они разорвут меня на части ради забавы и науки.  
  
Кастора содержит такое удивительное множество флоры и фауны, каждая из которых представляет отличные возможности для вооружения. Одни только местные ракообразные имеют такие новые адаптации и потенциал для улучшения! Крабы-лазеры! Для моего интеллекта это кажется таким очевидным.  
  
Но нет. Тунси настаивает на вооружении нестабильного коралла, который окружает всю Кастору. Наши тесты уже выявляют тревожные признаки зачаточной разумности. Анализ недавно подвергшихся воздействию субъектов позволяет предположить, что этот коралл вполне может обладать способностью к насилию. Возможно, даже к мести. Если бы я не был так встревожен, я мог бы восхищаться им. Тем не менее, я беспокоюсь, какие разрушения может оставить после себя наше исследование."
"Preeda,

This is your final warning: stop.

You may think you fall into an invisible hierarchy that cannot be dethroned, but you are as mortal as I. If you do not stop interfering with our operations, we will be forced to act.","Прида,

Это моё последнее предупреждение: остановись.

Ты можешь думать, что принадлежишь к невидимой иерархии, которую нельзя свергнуть, но ты так же смертна, как и я. Если ты не прекратишь вмешиваться в наши операции, мы будем вынуждены действовать."
"Priory scholars have informed me of your triumph over the marionette that appeared near our monastery. The Durmand Priory owes you a debt once again, Commander. Without your help, Scarlet Briar's monstrosity seemed impossible to confront. Now it is beaten, and badly so... Should it return, we have the means and knowledge to put a permanent end to it.

More importantly, we have pieced together data recovered from Scarlet's mechanical minions and made a remarkable discovery: the location of a concealed lair, hidden in the caves underneath the Priory itself.

A Priory dangerous artifacts investigation and containment team is being assembled as you read this, but in light of your own contributions I have attached coordinates to the lair entrance, should you wish to make your own survey of the premises.

—Steward Gixx","Учёные Приората сообщили мне о вашей победе над марионеткой, появившейся возле нашего монастыря. Дурмандский Приорат снова в долгу перед вами, Командир. Без вашей помощи чудовище Скарлет Брайер казалось невозможным одолеть. Теперь оно повержено, и жестоко... Если оно вернётся, у нас есть средства и знания, чтобы покончить с ним навсегда.

Что важнее, мы собрали воедино данные, извлечённые из механических прислужников Скарлет, и сделали поразительное открытие: местоположение скрытого логова, спрятанного в пещерах под самим Приоратом.

Пока вы читаете это, собирается группа Приората по расследованию и сдерживанию опасных артефактов, но учитывая ваш вклад, я приложил координаты входа в логово, если вы пожелаете провести собственный осмотр помещений.

—Стюард Гикс"
"Private Property of P.I. Joko

DO NOT TOUCH

Dear Diary,

Allow me to catch you up: Everyone in Kryta is an idiot and I hate it here.

There's a twit of a princeling who can't seem to stop pulling the wings off of flies. Over and over—does he expect a different result? I'm sure he was dropped on his overly round head as a babe. Repeatedly.

It's not as if the flies that survive have the capacity to spread rumors about his cruelty. What could possibly be the point of going back to that well? So shortsighted. So wasteful. So UNINSPIRED.

Today, in the spirit of magnanimity, I pointed out a few creatures that might survive torture and be of use afterward. The coddled simpleton is surrounded by servants, ready to suffer and to even thank him for the attentions.

To my utter horror he responded by engaging me in a contest of puns. It was atrocious and I couldn't extricate myself quickly enough for comfort.

(...I may have actually met him in battle for several volleys. But that's between you and me. It's so boring here!)

I will be overjoyed when this ordeal of Mother's diplomatic tours comes to an end.

Yours,

Iggy","Личная собственность П.И. Джоко

НЕ ТРОГАТЬ

Дорогой дневник,

Позволь ввести тебя в курс дела: все в Крайте — идиоты, и я ненавижу это место.

Есть тут один принчик-придурок, который никак не может перестать отрывать мухам крылья. Снова и снова — он ожидает другого результата? Уверен, в младенчестве его роняли на его чрезмерно круглую голову. Неоднократно.

Не то чтобы выжившие мухи способны распускать слухи о его жестокости. Какой вообще смысл возвращаться к этому источнику? Так недальновидно. Так расточительно. Так НЕВДОХНОВЛЕННО.

Сегодня, в духе великодушия, я указал ему на пару существ, которые могли бы пережить пытки и впоследствии пригодиться. Изнеженный простак окружен слугами, готовыми страдать и даже благодарить его за внимание.

К моему полному ужасу, он ответил, втянув меня в состязание в каламбурах. Это было ужасно, и я не мог выпутаться достаточно быстро для моего же спокойствия.

(...возможно, я даже встретился с ним в битве на несколько залпов. Но это между нами. Здесь так скучно!)

Я буду вне себя от радости, когда этот дипломатический тур Матери подойдёт к концу.

Искренне твой,

Игги"
"Project Omega: Preliminary Combat Report  
by Head Researcher Skala, based on data gathered by Overseer Kuda  
  
The three remaining subjects of Project Omega—now designated Omega Team—had their first field test in a real combat scenario where real-time data was collected both from external readings, taken in the field by Overseer Kuda herself, as well as from the subcutaneous sensors embedded within the subjects.  
  
**Findings**  
Initial readings indicate that all three members of Omega Team have continued to show marked improvement in physical, mental, and magical power and prowess. In some instances, such improvement has created unforeseen incidences of recklessness or acute episodes of excessive displays of their newfound abilities. Of particular note, the male subjects, Plokk and Zipp, appear to be more adversely impacted by these episodes than the sole female subject, Naati, though none are unaffected.   
  
**Recommendations**  
Further study seems warranted before sending the members of Omega Team into the field again. At the very least, they should not enter combat not without adequate support from this research krewe. Overseer Kuda has taken a more direct hand in their deployment, however. Consequently, Omega Team has failed to report in for routine observation and training and appear to be accompanying her in a more supportive capacity than this researcher believes is prudent. My recommendation is that they be reassigned to Supra Fortis for further study and monitoring in a controlled setting.","Проект «Омега»: Предварительный боевой отчёт  
Главный исследователь Скала, на основе данных, собранных надзирательницей Кудой  
  
Три оставшихся субъекта Проекта «Омега» — теперь обозначенные как Команда Омега — прошли первое полевое испытание в реальном боевом сценарии, где данные в реальном времени собирались как с внешних показаний, снятых в полевых условиях самой надзирательницей Кудой, так и с подкожных датчиков, встроенных в субъектов.  
  
**Результаты**  
Первоначальные показания указывают на то, что все три члена Команды Омега продолжают демонстрировать заметное улучшение физической, умственной и магической силы и мастерства. В некоторых случаях такое улучшение привело к непредвиденным случаям безрассудства или острым эпизодам чрезмерной демонстрации их новых способностей. Особого внимания заслуживает то, что субъекты мужского пола, Плокк и Зипп, по-видимому, более подвержены негативному влиянию этих эпизодов, чем единственный субъект женского пола, Наати, хотя никто не остаётся незатронутым.  
  
**Рекомендации**  
Дальнейшее изучение представляется оправданным, прежде чем снова отправлять членов Команды Омега в поле. По крайней мере, они не должны вступать в бой без адекватной поддержки со стороны этого исследовательского креве. Однако надзирательница Куда взяла более прямое участие в их развёртывании. В результате Команда Омега не явилась на плановое наблюдение и тренировки и, по-видимому, сопровождает её в более вспомогательной роли, чем, по мнению этого исследователя, было бы благоразумно. Моя рекомендация — перевести их в Супра Фортис для дальнейшего изучения и наблюдения в контролируемых условиях."
"Purchase the Oneiros-Spun Armor set from the Wizard's Tower Outfitter.
Unlocking one skin's weight unlocks the other weights' skins.","Приобретите комплект брони «Ткань сновидений» у торговца в Башне магов.
Разблокировка одного варианта внешнего вида разблокирует и другие варианты для этой же модели."
"PvP Equipment

Click to view standard equipment.
Standard equipment only provides benefits while outside of PvP game modes.
Weapons are displayed in both views.","Экипировка PvP

Нажмите, чтобы просмотреть стандартную экипировку.
Стандартная экипировка действует только вне режимов PvP.
Оружие отображается в обоих видах."
"Race to the finish and destroy as many targets as you can within the time limit. 

Destroy targets by dashing through them or by using your skyscale's Fireball skill (requires Fireball Mastery). Use both options together to get the highest score!

Restore Fireball ammo by flying through checkpoints and power-ups.","Гонка до финиша: уничтожьте как можно больше целей за отведенное время.

Уничтожайте цели, проносясь сквозь них или используя умение «Огненный шар» небесной ящерицы (требуется мастерство «Огненный шар»). Используйте оба варианта вместе, чтобы набрать максимум очков!

Восстанавливайте боезапас «Огненного шара», пролетая через контрольные точки и усилители."
"Ramses claims that the beacon near our camp is part of a sort of security system that was used at some point in the past, before Heitor arrived and completely barricaded access to the fortress. Apparently the Kryptis had little fear of attack, as I hear it is not a particularly powerful weapon and has remained unused for some time—ignored by Heitor, and possibly scorned by Ignaxious. I suppose when one is able to create seemingly impregnable magical barrier defenses on a grand scale, such defenses become obsolete.  
  
—Researcher Selly","Рамсес утверждает, что маяк возле нашего лагеря — часть некой системы безопасности, которая использовалась в прошлом, до того как Хейтор прибыл и полностью заблокировал доступ к крепости. По-видимому, криптиды мало боялись нападений, так как, по слухам, это не особенно мощное оружие и долгое время оставалось без дела — проигнорированное Хейтором и, возможно, презираемое Игнаксиусом. Полагаю, когда кто-то способен создавать, казалось бы, неприступные магические барьерные защиты в огромных масштабах, такие средства обороны устаревают.  
  
—Исследователь Сэлли"
"Rather than allow myself to sit by a stream and mourn the lost... Push to my feet, I must. The most earnest homage I can pay to my fallen comrades is to move forward in our pursuit against the strangers. ""Eyes to the horizon,"" she always urged. Windstruck would hate to see me on my rump with teary eyes.  
  
The bearkin have long developed a salve to combat various illnesses; honey, dandelions, spruce resin, celery, and crushed cabbage will eliminate a number of ailments to the body and earth. This concoction has served as a good foundation in our efforts here, given some of the components' soothing of anxiety. A few more herbs and a bit of salt from the bay and we've been able to make it properly ingestible—though, savory it is not. The riled journeykin gag at the taste, so I advise priming the medicine with some sort of meat. For smaller or more wild creatures that are not used to interacting with the bearkin or outsiders, we should subdue them before administering the remedy to prevent undue stress. I'll see if anyone can help me with this exploration.  
  
Progress has been a steady wade through springtime currents, but each step brings us closer to an antidote. My soul may heal after.","Вместо того чтобы позволить себе сидеть у ручья и оплакивать павших... Я должен встать на ноги. Самая искренняя дань уважения, которую я могу воздать павшим товарищам, — это двигаться вперёд в нашей погоне за чужаками. «Взгляд на горизонт», — всегда призывала она. Ветроудар ненавидела бы видеть меня на заднице с заплаканными глазами.

Медведелюди давно разработали мазь для борьбы с различными болезнями; мёд, одуванчики, еловая смола, сельдерей и толчёная капуста устраняют множество недугов тела и земли. Это снадобье послужило хорошей основой в наших усилиях здесь, учитывая, что некоторые компоненты успокаивают тревогу. Ещё несколько трав и немного соли из залива — и мы смогли сделать его пригодным для приёма внутрь, хотя на вкус оно не из приятных. Взбудораженные странники морщатся от вкуса, поэтому я советую запивать лекарство каким-нибудь мясом. Для более мелких или диких существ, не привыкших к взаимодействию с медведелюдьми или чужаками, мы должны усмирять их перед введением средства, чтобы избежать лишнего стресса. Посмотрю, сможет ли кто-нибудь помочь мне с этим исследованием.

Прогресс идёт медленно, как брод по весенним течениям, но каждый шаг приближает нас к противоядию. Возможно, моя душа исцелится после этого."
"Raven has seen you tending to his flock. He is pleased and impressed with your faith! Come back any time so that I may grant you the fruits of Raven's blessing. 

—Shaman Sigrytha, Raven Shaman","Ворон видел, как ты заботишься о его стае. Он доволен и впечатлён твоей верой! Возвращайся в любое время, чтобы я мог даровать тебе плоды благословения Ворона. 

—Shaman Sigrytha, Raven Shaman"
Recommended Players: %num1%,Рекомендуемые игроки: %num1%
Recompensas,Награды
Recuerdos desperdigados,Рассеянные воспоминания
Recursividad fractal: Capitana Mai Trin,Фрактальная рекурсия: капитан Май Трин.
"Reminder to everyone that Beans is NOT to be fed between scheduled mealtimes. No excuses—she's beginning to look more seal than journeykin these days.  
  
(I caught six of you sneaking her cuts of fresh salmon the other afternoon. That includes you, Claw Alder, don't think I didn't notice.)  
  
—Barbed Vale","Напоминание всем, что Бинс НЕЛЬЗЯ кормить между запланированными приёмами пищи. Никаких оправданий — в последнее время она больше похожа на тюленя, чем на вьючного зверя.  
  
(Я поймал шестерых из вас, тайком скармливающих ей куски свежего лосося на днях днём. Это касается и тебя, Коготь Ольдер, не думай, что я не заметил.)  
  
— Шипастая Долина"
"Remove conditions on yourself, then fire projectiles that inflict conditions at random enemies within your radius, based on the number of conditions removed. 

<c=@abilitytype>Resonance.</c> If Legendary Demon Stance is equipped, the maximum number of projectiles is always fired regardless of conditions removed, and all projectiles are fired at the closest enemy instead.","Снимает состояния с себя, затем выпускает снаряды, накладывающие состояния на случайных врагов в радиусе, в зависимости от количества снятых состояний. 

<c=@abilitytype>Резонанс.</c> Если экипирована стойка «Легендарный демон», всегда выпускается максимальное количество снарядов независимо от снятых состояний, и все снаряды направляются на ближайшего врага."
Remplace l'aspect d'un objet de dos de n'importe quel type et ajoute l'apparence à votre garde-robe de compte.Cette apparence d'objet de dos n'a pas de statistiques propres.,Заменяет вид предмета для спины любого типа и добавляет вид в ваш гардероб учётной записи. Этот вид предмета для спины не имеет собственных характеристик.
"Requires Guild Wars 2: End of Dragons.

Jump on a skiff and hit the water! Maybe you'll catch a fish or two along the way.","Требуется дополнение Guild Wars 2: Конец Драконов.

Запрыгивайте на скольз и отправляйтесь в плавание! Возможно, по пути вам повезёт, и вы поймаете пару рыбок."
"Requires Guild Wars 2: Heart of Thorns. 
Gliders can only be used in designated areas of the world.","Требуется дополнение Guild Wars 2: Сердце Бездны.
Планерами можно пользоваться только в специально отведенных областях мира."
"Requires Guild Wars 2: Path of Fire.
Mounts can only be used in designated areas of the world.","Требуется дополнение Guild Wars 2: Путь Огня.
Верховые ездовые животные могут использоваться только в специально отведённых областях мира."
"Requires completion of these achievements to purchase:
• This Far, No Further 
• Some Must Fight, That All May Be Free","Требуется завершение этих достижений для покупки:
• Дальше некуда
• Кто-то должен сражаться, чтобы все были свободны"
Respetos presentados,Выражаем почтение.
Restablecer predeterminados,Восстановить настройки по умолчанию
"Revered friend, %str1%. I wanted you to know that I've written an epic ballad about your deeds. Kani likes to brag about how the two of you taught the grawl to choose their gods more carefully. Should you find the time to visit me, I would like to give you a memento of your exploits.

—Skaald Fearin","Почитаемый друг, %str1%. Хочу сообщить, что я сочинил эпическую балладу о твоих подвигах. Кани любит хвастаться, как вы вдвоём научили граулов тщательнее выбирать богов. Если найдёшь время навестить меня, я хотел бы вручить тебе сувенир на память о твоих приключениях.

— Скальд Феарин"
"Risen creatures display a wide variety of behaviors that most experts would classify as ""hostile,"" both to natural Elonian wildlife and to seasoned explorers alike. This volume contains a distillation of firsthand discoveries and experiments devoted to unraveling the mysteries of this corruption and the methods used to neutralize it.

Using observational logs from Kamma's countless hours within the United Arcanist Lab, readers will get an inside look at the most minute details of her fascinating study on Risen behavior and anatomy.

This fourth edition printing contains a special foreword by an anonymous testing associate Kamma recruited during her experiments on Risen tissue.","Восставшие существа демонстрируют широкий спектр поведения, который большинство экспертов классифицировали бы как ""враждебное"" как по отношению к естественной элонской фауне, так и к опытным исследователям. Этот том содержит выжимку из первооткрытий и экспериментов, посвященных разгадке тайн этого разложения и методов, используемых для его нейтрализации.

Используя журналы наблюдений Каммы за бесчисленные часы, проведенные в Объединенной лаборатории арканистов, читатели получат возможность заглянуть в мельчайшие детали её увлекательного исследования поведения и анатомии восставших.

Это четвертое издание содержит специальное предисловие от анонимного ассистента по тестированию, которого Камма привлекла во время своих экспериментов с тканью восставших."
"S,  
  
This is the last letter I wanted to write, and I'm certain it'll never find its way to you... I just wanted to surprise you, S. I wanted to live and grow old with you, but I don't think I'm ever getting out of this chamber. My tomb. The Unseen Ones—these foul, awful beings that we worshipped—they're going to sacrifice me next, after all we did for them.  
  
Just before we were brought here, I found you a ring, and I'd stashed it in my pocket. They never took it from me when we arrived, which surprised me. It belonged to one of the villagers, before the twins... Before they killed all of them. I found it in the pile of trinkets that they kept. Is that awful of me, after all we did to those people? Is my desperation so cruel? It's not like it matters anyway. The Unseen Ones brought me to this chamber and locked me inside. I'm alone in here, and I'm...I'm not getting out. Whenever I sleep, I hear whispers. When I wake up, I feel weaker. I don't know what kind of torture this is, but the subtlety is maddening. They left me paper to write and a little bit of food to eat... It's as if they don't want me to die, not yet, but they do want me to suffer.  
  
Just before they put me in here, I managed to hide your ring under a bush while their backs were turned—just outside of the gate to the lakeside holding facility. Was it west of here? My memory worsens by the hour. The room feels smaller... And while writing this... There's just no way you'll find my letter. In fact, I hope you don't. I can only hope now that your death is kinder than mine. I hope you never see this place.  
  
Knowing what I know now... Instead of burying the ring, I should've placed it near the wall where we last kissed. We crossed that very spot while they escorted me to my fate. Do you remember that day, S? When they brought us all to the lake and let us swim and bathe? It was as if they wanted us to feel joy, albeit briefly, so that our suffering would feel all the worse... Gods, have mercy. Forgive us.  
  
Even if I die here...I'll always wait for you. I just wish we had more time. I hope your death... I just don't want you to feel any pain.  
  
—V","S,

Это последнее письмо, которое мне хотелось написать, и я уверен, что оно никогда до тебя не доберётся... Я лишь хотел сделать тебе сюрприз, S. Хотел жить и состариться с тобой, но, кажется, из этой камеры мне уже не выйти. Из моей гробницы. Незримые — эти мерзкие, чудовищные существа, которым мы поклонялись, — следующим принесут в жертву меня. После всего, что мы для них сделали.

Перед самым тем, как нас привели сюда, я нашёл для тебя кольцо и припрятал его в кармане. Его у меня не отобрали по прибытии, что меня удивило. Оно принадлежало кому-то из деревенских — до того, как близнецы... До того, как их всех перебили. Я нашёл его в груде безделушек, которую они хранили. Ужасно ли это с моей стороны — после всего, что мы сделали тем людям? Настолько ли жестоко моё отчаяние? Всё равно это уже неважно. Незримые привели меня в эту камеру и заперли внутри. Я здесь один, и я... я не выберусь. Стоит мне уснуть — я слышу шёпоты. Просыпаюсь — и чувствую себя слабее. Не знаю, что это за пытка, но её вкрадчивость сводит с ума. Мне оставили бумагу для письма и немного еды... Будто они не хотят, чтобы я умер — пока что, — но хотят, чтобы я страдал.

Перед тем как меня сюда поместили, я успел спрятать твоё кольцо под кустом, пока они отвернулись, — сразу за воротами приозёрной тюрьмы. К западу отсюда? Память слабеет с каждым часом. Комната будто становится меньше... И пока я это пишу... Тебе ведь ни за что не найти моего письма. По правде, я и надеюсь, что не найдёшь. Мне остаётся лишь надеяться, что твоя смерть будет добрее моей. Надеюсь, ты никогда не увидишь этого места.

Зная то, что знаю теперь... Вместо того чтобы зарывать кольцо, надо было оставить его у стены, где мы целовались в последний раз. Мы прошли ровно то место, когда меня вели навстречу судьбе. Помнишь тот день, S? Когда нас всех привели к озеру и позволили поплавать и омыться? Будто они хотели, чтобы мы почувствовали радость — пусть ненадолго, — чтобы наши страдания стали ещё горше... Боги, смилуйтесь. Простите нас.

Даже если я умру здесь... я всегда буду ждать тебя. Жаль лишь, что нам не хватило времени. Надеюсь, твоя смерть... Я просто не хочу, чтобы тебе было больно.

—V"
"Salutations,

A trip through the centaur homeland is no small feat. Safe havens are few and far between, and yet you pressed boldly onward into the heart of danger. Bravo!

—Tyrian Explorers Society","Приветствую,

Путешествие через родину кентавров — дело нешуточное. Безопасных пристанищ мало и они далеко друг от друга, и всё же вы дерзко шли вперёд, в самое сердце опасности. Браво!

—Tyrian Explorers Society"
"Salvage Item,
'<c=@flavor>Chunks of metal used by the tortured spirits of Balthazar''s Forged army.</c>'","Предмет для утилизации,
'<c=@flavor>Кусочки металла, используемые истерзанными духами армии Кованого Бальтазара.</c>'"
"Savant (or whatever your current rank is—you keep moving up so fast it's hard to keep track),
I've been watching your progress since you left to join your order, and I continue to be impressed. Nice work recruiting the quaggan—blubbery, soft-headed babble-mouths can be problematic (remind me to tell you about the one I know named Logan), but it sounds like you handled it with aplomb.
Don't let losing their village weigh you down. If it weren't for you, they wouldn't be alive and so having a home wouldn't matter. At least this way there's enough of them left to rebuild.
I'm about to walk into what could be an exciting new development, but it could also be a total waste of my time. Logan (the aforementioned babblemouth) may be there, as it involves Krytan royalty. I just hope I can keep him from making a skritt smorgasbord of the entire thing.
Keep up the good work,
—Zojja","Савант (или как там твой текущий ранг — ты так быстро поднимаешься, что за тобой не угнаться),
Я слежу за твоими успехами с тех пор, как ты ушёл в свой орден, и ты продолжаешь меня впечатлять. Отличная работа с вербовкой квагганов — пухлые, мягкотелые болтуны могут быть проблемой (напомни мне рассказать тебе об одном таком, по имени Логан), но, судя по всему, ты справился с этим блестяще.
Не позволяй потере их деревни тяготить тебя. Если бы не ты, они бы не выжили, и тогда дом не имел бы значения. По крайней мере, теперь их осталось достаточно, чтобы отстроиться заново.
Я собираюсь ввязаться в то, что может оказаться захватывающим поворотом, а может — пустой тратой времени. Логан (вышеупомянутый болтун) может быть там, так как это касается крайтанской знати. Надеюсь только, что мне удастся помешать ему превратить всё это в скриттовский шведский стол.
Продолжай в том же духе,
—Зойя"
"Save 35%% when you buy everything you need for the big day in one package.

Appearance skins override the look of your equipment and have no stats of their own.","Сэкономьте 35%% при покупке всего необходимого для большого дня в одном пакете.

Облики внешности переопределяют вид вашего снаряжения и не имеют собственных характеристик."
"Save big when you buy this collection of legacy Guild Wars outfits!

Appearance skins override the look of your equipment and have no stats of their own.","Сэкономьте крупно при покупке этой коллекции классических нарядов Guild Wars!

Облики внешности переопределяют вид вашего снаряжения и не имеют собственных характеристик."
"Scenario: Multipoint Rift-Based Amnytas Incursion  
  
Response Op Designation: Mosaic Wrath  
  
Defensive/counteroffensive deployment of magically charged sentient amalgamation requiring multiple arrayed summoners in staged coordination.  
  
Primary risk factor(s): Magic consumption requires years or decades of siphoning; defenselessness of multiple critical ward members.  
  
Comment: Too much time, too much magic, leaves us vulnerable. And I'd need every ounce of power Lyhr could muster. Absolute last resort. —Dagda","Сценарий: Многоточечное вторжение в Амнитас через разломы  
  
Обозначение операции: Мозаичный Гнев  
  
Оборонительное/контрнаступательное развёртывание магически заряженного разумного амальгама, требующее множества выстроенных призывателей в поэтапной координации.  
  
Основной фактор(ы) риска: Потребление магии требует лет или десятилетий высасывания; беззащитность нескольких критически важных членов Дозора.  
  
Комментарий: Слишком много времени, слишком много магии, делает нас уязвимыми. И мне понадобится каждая капля силы, которую Лайр сможет собрать. Абсолютное последнее средство. —Дагда"
Schnitzereijagd,Охота за резными фигурками
Schweberochen-Suche,Поиск мант
"Search the area and match the lost Kryptis to their guardians before time runs out.

Keep an eye out for swiftspike plants, and get near them for a boost!","Обыщите местность и сопоставьте потерянных криптисов с их стражами до истечения времени.

Следите за растениями быстрого шипа и подходите к ним для ускорения!"
Serviert einem Kodan seine Bestellung: Basiliskenschüssel,Подать кодану его заказ: «Василисковая чаша»
Serviert einem Kodan seine Bestellung: Trollhappen,Подает кодану его заказ: тролльи кусочки
Shiny King M'takk,Shiny King M'takk
"Slayer of Issormir—Commander.

I am Skarti, son of Knut Whitebear.

You're not inexperienced when it comes to facing unknown threats. None of us are anymore; not really. When those demons arrived, they brought something even the Elder Dragons couldn't get to last for longer than a bonfire on a cold night: peace. Or at least, conversations about peace.

You've been invited to the Tyrian Alliance. I'll give you the details. Meet with me in Hoelbrak and we'll get to it.

—Skarti Knutsson

PS. On a personal note, I haven't had the space to thank you for all you've done for our people. I look forward to meeting with you.","Убийца Иссормира — Командующий.

Я Скарти, сын Кнута Белого Медведя.

Ты не новичок в столкновении с неизвестными угрозами. Никто из нас уже не новичок; по правде говоря. Когда те демоны явились, они принесли то, чего даже Старшие Драконы не могли добиться дольше, чем костёр холодной ночью: мир. Или, по крайней мере, разговоры о мире.

Тебя пригласили в Tyrian Alliance. Я предоставлю тебе подробности. Встреть меня в Хельбрэке, и мы приступим.

— Скарти Кнутссон

P.S. Лично я не имел возможности поблагодарить тебя за всё, что ты сделал для нашего народа. Жду встречи с тобой."
"Slayer,
Glad to hear you're still fighting the good fight with your order. Congratulations on recruiting the grawl. I've had my run-ins with them, like everyone else in Hoelbrak, but I know they'll be valuable allies against the dragons.
Don't dwell on losing the grawl village—homes can be rebuilt. The important thing is that you saved lives and secured their help.
I'm still trying to salvage Destiny's Edge, but it's a long, hard road. I won't give up, however: Tyria still needs heroes, and even I don't expect you to do all that needs doing by yourself. I'll keep trying and let you know if and when they come around.
May the Spirits guide you,
—Eir","Убийца,
Рада слышать, что ты продолжаешь доблестно сражаться со своим орденом. Поздравляю с вербовкой граул. У меня были с ними стычки, как и у всех в Хоэлбрейке, но я знаю, что они станут ценными союзниками в борьбе с драконами.
Не зацикливайся на потере деревни граул — дома можно отстроить заново. Важно то, что ты спас жизни и заручился их помощью.
Я всё ещё пытаюсь спасти Край Судьбы, но это долгий и трудный путь. Однако я не сдамся: Тирии всё ещё нужны герои, и даже я не жду, что ты справишься со всем в одиночку. Я продолжу попытки и дам знать, если и когда они одумаются.
Да направят тебя Духи,
— Эйр"
"Slayer,
Glad to hear you're still fighting the good fight with your order. Congratulations on recruiting the ogres. Most rangers I know (myself included) are impressed by their control over their pets, so I know they'll be valuable allies against the dragons.
Don't dwell on losing the ogre kraal—homes can be rebuilt. The important thing is that you saved lives and secured their help.
I'm still trying to salvage Destiny's Edge, but it's a long, hard road. I won't give up, however: Tyria still needs heroes, and even I don't expect you to do all that needs doing by yourself. I'll keep trying and let you know if and when they come around.
May the Spirits guide you,
—Eir","Убийца,
Рада слышать, что ты продолжаешь доблестно сражаться со своим орденом. Поздравляю с вербовкой огров. Большинство известных мне рейнджеров (включая меня) впечатлены их контролем над питомцами, так что я знаю, что они станут ценными союзниками в борьбе с драконами.
Не зацикливайся на потере крааля огров — дома можно отстроить заново. Важно то, что ты спас жизни и заручился их помощью.
Я всё ещё пытаюсь спасти Край Судьбы, но это долгий и трудный путь. Однако я не сдамся: Тирии всё ещё нужны герои, и даже я не жду, что ты справишься со всем в одиночку. Я продолжу попытки и дам знать, если и когда они одумаются.
Да направят тебя Духи,
— Эйр"
"Sold by Miyani in Lion's Arch.
<c=@flavor>Zommoros loves crystals.</c>","Продаётся Мияни в Lion's Arch.
<c=@flavor>Зомморос любит кристаллы.</c>"
"Some skills will create a combo field on the ground when used. Use a combo finisher inside this field to add powerful additional effects to your attack!

Skill descriptions will tell you if your skill creates a combo field or can perform a combo finisher.","Некоторые навыки создают комбо-поле на земле при использовании. Используйте комбо-финишер внутри этого поля, чтобы добавить мощные дополнительные эффекты к вашей атаке!

Описания навыков сообщат вам, создает ли ваш навык комбо-поле или может выполнить комбо-финишер."
"Souvenir tooth taken from a ""Big lizard! Saurian!""

This item only has value as part of the Missing Brood collection.","Зуб-сувенир, взятый у «Большой ящерицы! Сауриана!»

Этот предмет имеет ценность только как часть коллекции «Пропавшая стая»."
"Souvenir tooth taken from a ""Big lizard! Saurian!"",
This item only has value as part of the Missing Brood collection.","Сувенирный зуб, взятый у «Большой ящерицы! Заврианина!»,
Этот предмет имеет ценность только как часть коллекции «Missing Brood»."
Spanisch,Испанский
"Speak with Frode during or after Secrets of the Obscure chapter 3, Mother of Stars.

Players can also unlock this achievement by purchasing the Weaponmaster Training Document in WvW from the Heroics Notary vendor.","Поговорите с Фроде во время или после третьей главы «Secrets of the Obscure», «Мать Звёзд».

Игроки также могут получить это достижение, купив «Учебник по владению оружием» в PvP у торговца «Героические заслуги»."
"Spicy with a hint of sweetness, like Mayor Osborne himself.

Ingredients:  
- Cinnamon
- Rum
- Citrus","Острое с оттенком сладости, как сам мэр Осборн.

Ингредиенты:
- Корица
- Ром
- Цитрусовые"
Sprecht mit der Abtei-Archivarin Hellie bei Sammlersruh auf Janthir Syntri.,Поговорите с архивариусом аббатства Хелли у Приюта Собирателя на Джантир Синтри.
"Spring Sales<br>
Up to 75%% off Expansions<br>
Buy Now","Весенние распродажи<br>
Скидки до 75%% на дополнения<br>
Купить сейчас"
"Story Instance: Scion & Champion

Hint: A veteran ogre appears each time a crystal reaches a 50%% charge.","Сюжетный инстанс: «Преемник и чемпион»

Подсказка: Каждый раз, когда заряд кристалла достигает 50 %%, появляется ветеран-огр."
"Subdue Sergeant Walters, who is hallucinating a centaur attack.

Sergeant Walters","Подавить сержанта Уолтерса, который галлюцинирует атаку кентавров.

Сержант Уолтерс"
"Successfully complete a Convergence within Mount Balrior with challenge mode active and Ura chosen as the final boss to log your completion time.

Scoring is based on completion time under or equal to target time.","Успешно завершите Схождение в горе Балриор с активным режимом испытания и Ура, выбранной в качестве финального босса, чтобы записать время завершения.

Оценка основывается на времени завершения, равном или меньшем целевого времени."
Supply: %num1%,Снабжение: %num1%
"Surprisingly,' newborn skimmer pups don''t need any parental care after birth.
Combine 1 Black and 2 Orange Mini Skimmer Pups with 12 Unidentified Dyes in the Mystic Forge to create a Mini Gold Skimmer Pup.'","Удивительно, но новорожденные детеныши скиммеров не нуждаются в родительской заботе после рождения.
Соедините 1 чёрного и 2 оранжевых мини-детеныша скиммера с 12 неопознанными красками в Mystic Forge, чтобы создать мини-золотого детеныша скиммера."
"Surprisingly,' newborn skimmer pups don''t need any parental care after birth.
Combine 1 Purple and 2 White Mini Skimmer Pups with 12 Unidentified Dyes in the Mystic Forge to create a Mini Silver Skimmer Pup.'","Удивительно, но новорождённые детёныши скатов не нуждаются в родительской заботе после рождения.
Соедините 1 фиолетового и 2 белых мини-детёныша ската с 12 неопознанными красками в Mystic Forge, чтобы создать мини-детёныша серебряного ската.'"
"Surveillance order signed by Minister Li Ha-Eung.

Madam Joon is the owner of Xunlai Jade, formerly known as the Xunlai Guild. She shares a blood relation to the current emperor of Cantha, Empress Ihn. The valuation of Xunlai Jade's assets are estimated to be about 3 billion gold across all holdings in Shing Jea, New Kaineng, and the Jade Sea.

The company was investigated last year for illegal dumping of dangerous or hazardous materials in Echovald, but the case was closed when Madam Joon settled with the Imperial Court for an undisclosed amount. Neither Joon nor Xunlai Jade have been officially indicted with any charges.","Приказ о наблюдении, подписанный министром Ли Ха-Ыном.

Госпожа Джун владеет компанией «Сюньлай Нефрит», ранее известной как Гильдия Сюньлай. Она состоит в кровном родстве с нынешним императором Канты, императрицей Ин. Стоимость активов «Сюньлай Нефрит» оценивается примерно в 3 миллиарда золотых по всем владениям в Шинг Джеа, Новом Кайнинге и Нефритовом море.

В прошлом году компанию расследовали за незаконный сброс опасных или вредных материалов в Эховальде, но дело было закрыто после того, как госпожа Джун урегулировала вопрос с Императорским судом на нераскрытую сумму. Ни Джун, ни «Сюньлай Нефрит» не были официально обвинены в каких-либо нарушениях."
"Survivalist stashes can be interacted with while in combat and have a shorter cooldown once interacted with.

Lucky Shield now restores all health when it activates.","Тайники выживальщика можно использовать в бою, и после взаимодействия у них будет более короткое время восстановления.

«Счастливый щит» теперь восстанавливает все здоровье при активации."
"THE CFL AND LEVIATHAN PRODUCTIONS PRESENT...

The grudge match of the year between:

_Narkissa ""The Flame"" Diakos_ 

And...

**Ione Storm**

Who will claim the Belt of Archemorus? You'll have to show up to find out!","CFL И LEVIATHAN PRODUCTIONS ПРЕДСТАВЛЯЮТ...

Матч-реванш года между:

_Наркиссой «Пламя» Диакос_

И...

**Ионой Шторм**

Кто заберёт Пояс Археморуса? Придётся явиться, чтобы узнать!"
"TO: Commander %str1%

I'm writing to inform you that, at the behest of the Pale Tree, I will be attending the summit you are arranging to discuss Mordremoth. I'm deeply curious to discover what the world leaders will say about the idea of combining efforts. I know we could use the additional firepower. With it, maybe we'll lose fewer people than we did when we fought Zhaitan.

I foresee that my presence will cause a bit of a stir and that the attendees will want a report on the Pact's plans. If you could meet with me in the Grove, prior to the gathering, I will fill you in so you can relay the information to the attendees. If you manage to convince the leaders to work together, it will be an enormous victory. 

I look forward to seeing you again. I have some things to tell you about the Pact and our plans for Mordremoth. 

—Trahearne","КОМАНДУЮЩЕМУ: %str1%

Я пишу, чтобы сообщить, что по просьбе Pale Tree я буду присутствовать на саммите, который вы организуете для обсуждения Мордремота. Мне очень интересно узнать, что мировые лидеры скажут об идее объединения усилий. Я знаю, что мы могли бы использовать дополнительную огневую мощь. С ней, возможно, мы потеряем меньше людей, чем когда сражались с Зайтаном.

Я предвижу, что моё присутствие вызовет некоторый переполох и что участники захотят получить отчёт о планах Пакта. Если вы сможете встретиться со мной в Роще до начала собрания, я введу вас в курс дела, чтобы вы могли передать информацию участникам. Если вам удастся убедить лидеров работать вместе, это будет огромная победа.

С нетерпением жду новой встречи. Мне нужно кое-что рассказать вам о Пакте и наших планах насчёт Мордремота.

—Траэрн"
Tableau des scores,Таблица результатов
"Tatyanna isn't mad—we all heard it this time. It told us where to find the gate.  
  
Perhaps it is the Unseen Ones that guide us, but we will venture inside tomorrow. We will complete Caudecus's mission and the world will see. They will all see.  
  
*A dark-brown stain is splashed across the bottom of the page. The rest of the script is illegible.*","Татьяна не сошла с ума — все мы слышали это на этот раз. Оно сказало нам, где найти врата.  
  
Возможно, это Невидимые направляют нас, но завтра мы отправимся внутрь. Мы выполним миссию Кодекса, и мир увидит. Они все увидят.  
  
*Тёмно-коричневое пятно разлито по нижней части страницы. Остальная часть текста неразборчива.*"
"Thank you for saving our lives and our livelihood. Good fortune, and may your raptor carry you far on your journey.

—Aksim","Спасибо, что спасли наши жизни и наше пропитание. Удачи, и пусть ваш раптор унесет вас далеко в вашем путешествии.

—Аксим"
"Thank you for your aiding the Makali community, %str1%.

Life is difficult out here on the edge of the Crystal Desert, but having an outlander volunteer their time to protect and aid our nomad friends is inspiring to all of us at the outpost. You are welcome back here anytime. Good fortune.

—Nuri, Cavalier Scout","Спасибо за помощь общине Макали, %str1%.

Жизнь здесь, на краю Crystal Desert, трудна, но то, что чужеземец добровольно тратит своё время на защиту и помощь нашим друзьям-кочевникам, вдохновляет всех нас на заставе. Тебе всегда рады здесь. Удачи.

—Нури, кавалерийский разведчик"
"Thank you for your purchase.
You may need to restart your client in order to receive full benefits.","Спасибо за покупку.
Возможно, вам потребуется перезапустить клиент, чтобы получить все преимущества в полном объёме."
"Thanks for your help, %str1%. Now I can actually walk through my barn without getting a face full of spiderweb. If you're ever looking for something to do, you're welcome at my ranch.

—Tolona Ironrustler","Спасибо за помощь, %str1%. Теперь я могу спокойно пройти через свой амбар, не получив лицом полную паутину. Если тебе когда-нибудь понадобится занятие, милости прошу на моё ранчо.

—Толона Железнонравая"
"Thanks to you, I managed to catch a whole bucket of crawfish today! That may not seem like much, but between the drakes and the skale, my brother and I have fallen on hard times. 

Now, thanks to your efforts, everything's turning out just fine! You're a real hero in my book. 

—Fisher Travis","Благодаря вам я сегодня поймал целое ведро раков! Возможно, это не так уж много, но из-за драконов и скалов мы с братом переживали трудные времена. 

Теперь, благодаря вашим усилиям, все налаживается! Вы настоящий герой в моих глазах. 

— Рыбак Трэвис"
"The Consortium invites you to visit our asura gate near Fort Marriner to experience the spectacular scenery and awe-inspiring adventure of its newest attraction: Fractals of the Mists! Re-live the greatest and most exciting moments from Tyria's past as you test your strength, speed, and skill against some of the most formidable opponents from the annals of history. All this and more is waiting for you in the Fractals of the Mists!

(WARNING: some fractals may cause injury, psychic trauma, blindness, or death. By entering this asura gate, you officially waive any and all rights to pursue legal damages against the Consortium. Participate at your own risk.)

—The Consortium PR and Legal Defense Team","Консорциум приглашает вас посетить наши асура-врата возле форта Марринер, чтобы насладиться захватывающими пейзажами и дух захватывающим приключением в новейшей достопримечательности: Осколки Бездны! Переживите величайшие и самые захватывающие моменты из прошлого Тирии, проверяя свою силу, скорость и мастерство против самых грозных противников из анналов истории. Всё это и многое другое ждёт вас в Осколках Бездны!

(ПРЕДУПРЕЖДЕНИЕ: некоторые осколки могут причинить травмы, психические травмы, слепоту или смерть. Входя в эти асура-врата, вы официально отказываетесь от любых прав на судебное преследование Консорциума. Участвуйте на свой страх и риск.)

— Отдел PR и юридической защиты Консорциума"
"The Evolution of Norn/Human Diplomacy in the Drizzlewood Coast

As the gatherings of the figurehead Olaf Olafson rose in popularity amongst Drizzlewood Coast residents, a group of immigrants in the area also found their interests piqued: human settlers. Much like their norn counterparts, these humans found themselves flocking to Olafson's farmstead to partake in the merriment and general gaiety of the events. These gatherings, though attended for lighthearted pleasure, eventually manifested into a sort of peace summit between the two races. Though they were not without a minor brouhaha or two (see: The Great Drunken Debauchery of Sven Liefson), these celebrations served as a strong foundation for peaceful norn/human relations well into the modern day.","Эволюция дипломатии норнов и людей на Побережье Мороси

По мере того как собрания символической фигуры Олафа Олафсона набирали популярность среди жителей Побережья Мороси, группа иммигрантов в этом районе также заинтересовалась: люди-поселенцы. Подобно своим собратьям-норнам, эти люди стекались на ферму Олафсона, чтобы принять участие в веселье и общем ликовании этих событий. Эти собрания, хотя и посещались ради легкомысленного удовольствия, в итоге превратились в своего рода мирный саммит между двумя расами. Хотя не обошлось и без пары мелких скандалов (см.: Грандиозная пьяная вакханалия Свена Лифсона), эти празднества послужили прочной основой для мирных отношений между норнами и людьми вплоть до наших дней."
"The Foulbear ogres expanded into Hautclaire Vale as opportunists, hoping to use the charr withdrawl as a chance for a quick land grab. Not so easy with people like you around, though, is it? Ha! They're still trying to wedge their way in, but now that I see how difficult we can make it for them, I doubt they'll keep at it much longer. Thank you.

—Vanguard Scout Holt","Огры Зловонного Медведя вторглись в долину О-Клер как оппортунисты, надеясь воспользоваться отступлением чарров и быстро захватить земли. Однако с такими, как вы, это оказалось не так просто, верно? Ха! Они всё ещё пытаются пробиться, но теперь, видя, сколько трудностей мы можем им создать, сомневаюсь, что они продержатся долго. Спасибо.

—Разведчик передового отряда Холт"
"The Huangs are getting nervous. We've been hiding in their barn now for seven months, and Ministry officials have been close to discovering us at least a dozen times. I could barely get Jiki into the straw last time. He doesn't understand why we have to do this. I had to hold his beak tight to keep him quiet.

***

The Huangs heard a rumor of a group of ""Kestrels"" who will take tengu to a place of safety here in Cantha. Once a month they stop nearby to collect refugees. I don't know how I'll convince Mother, or how I'll keep the fledglings quiet, but I have to try...

***

We've been on the road three days now. We're never quiet enough for the Kestrel, Xiri. He's stern and humorless. Jiki gets in trouble constantly—I have to remind him to listen to the Kestrel, to move deliberately, to look for the spaces others won't think to. We can't get caught.

***

We had to leave Mother behind. She just couldn't do the things Xiri asks. Her body is old, frail, and her mind too inflexible. She told me I had to go, to keep the fledglings safe. I will miss her. I've lost so many—my father, my Hiori—but my first duty is to my fledglings.

***

We arrived at our destination—a Kurzick ruin in Echovald. At first I didn't think anyone was here, and then I looked the way the Kestrel taught us, to see what we might not normally think to, and I realized there were dozens of tengu, more than a hundred, scattered around, living in the quiet places. Xiri told me this was our home now, as long as we wanted, and his stern demeanor broke, and he told us he was proud of us, Jiki especially, who is almost a shadow now.","Хуаны нервничают. Мы прячемся в их амбаре уже семь месяцев, и чиновники Министерства едва не обнаружили нас не меньше дюжины раз. В прошлый раз я едва успел запихнуть Джики в солому. Он не понимает, зачем мы это делаем. Мне пришлось крепко зажать ему клюв, чтобы он замолчал.

***

Хуаны прослышали о группе «Пустельг», которые переправляют тенгу в безопасное место здесь, в Канте. Раз в месяц они останавливаются поблизости, чтобы забрать беженцев. Не знаю, как я убежу Мать или как заставлю птенцов молчать, но я должен попытаться...

***

Мы уже три дня в пути. Мы никогда не бываем достаточно тихи для Пустельги, Ксири. Он суров и лишен чувства юмора. Джики постоянно попадает в неприятности — я должен напоминать ему слушаться Пустельгу, двигаться обдуманно, искать места, куда другим не придёт в голову заглянуть. Нас не должны поймать.

***

Нам пришлось оставить Мать. Она просто не могла делать то, что требовал Ксири. Её тело старо и немощно, а разум слишком негибок. Она сказала, что я должен идти, чтобы защитить птенцов. Я буду скучать по ней. Я потерял так многих — моего отца, мою Хиори — но мой первый долг — перед моими птенцами.

***

Мы прибыли в пункт назначения — руины курзиков в Эховальде. Сначала я думал, что здесь никого нет, но потом я посмотрел так, как учила Пустельга, чтобы увидеть то, что обычно не приходит в голову, и понял, что здесь десятки тенгу, больше сотни, рассредоточенных по округе, живущих в тихих местах. Ксири сказал мне, что теперь это наш дом, насколько мы захотим, и его суровая маска спала, и он сказал, что гордится нами, особенно Джики, который теперь почти тень."
"The Lionguard have regrouped, and we are ready. With our allies from the Vigil, Durmand Priory, and the Order of Whispers, we will storm Lion's Arch, establish rally positions, cut down Scarlet's forces, and take the fight to Scarlet herself.

After a year of suffering, invasion, and death at her hands, we have Scarlet right where we want her. Come to Lion's Arch with your rage and your best weapons. Show no mercy to Scarlet and her damned followers. Today begins a battle that will be sung about for years to come. Fight alongside me as we take back our city and wipe Scarlet off the face of Tyria forever.

To battle!

—Captain Magnus the Bloody-Handed","Львиная стража перегруппировалась, и мы готовы. Вместе с нашими союзниками из Дозора, Дурмандского Приората и Order of Whispers мы ворвёмся в Lion's Arch, создадим опорные пункты, уничтожим силы Скарлетт и сразимся с самой Скарлетт.

После года страданий, вторжений и смертей от её рук, Скарлетт именно там, где мы хотим её видеть. Приходите в Lion's Arch со своей яростью и лучшим оружием. Не проявляйте пощады к Скарлетт и её проклятым последователям. Сегодня начинается битва, о которой будут слагать песни долгие годы. Сражайтесь рядом со мной, чтобы вернуть наш город и стереть Скарлетт с лица Тирии навсегда.

В бой!

—Капитан Магнус Кровавая Рука"
"The Nectar of Divine Perception contains a blend of organic extracts fused with naturally occurring Castoran magic. Its consumption is only for the purpose of communicating with the will of the Shelterer, and thus its ingredients—refined to exacting proportions—will be known only to the acting adherent and a few carefully chosen acolytes.  
  
For most ritual participants, consuming the nectar results in hard-to-interpret visions, often perceived as aggressive in nature. When consumed in precise concert with the adherent at the Congregation of the Shelterer, a Sheltered One, most often the adherent, might, on rare occasion, be granted a vision of, or communication with, a spiritual manifestation of Shelterer Thornbloom himself.  
  
The interpretation of these visions can be challenging, and it is not recommended that any but the most dedicated of us attempt to discern the meanings behind the visions granted us by the nectar of divine perception.  
  
However, all are welcome to participate in the ritual—even the unsheltered, should they so choose. What better way to spread the good word of Shelterer Thornbloom then to give any who ask a chance (small as it might be) to communicate with him directly, after all?","Нектар божественного восприятия содержит смесь органических экстрактов, соединённых с естественной магией Кастора. Его употребление предназначено только для общения с волей Укрывателя, и поэтому его ингредиенты, доведённые до точных пропорций, будут известны только действующему приверженцу и нескольким тщательно отобранным аколитам. 
  
Для большинства участников ритуала употребление нектара приводит к трудно интерпретируемым видениям, часто воспринимаемым как агрессивные. При точном совместном употреблении с приверженцем на Собрании Укрывателя Укрытый, чаще всего приверженец, в редких случаях может получить видение или общение с духовным проявлением самого Укрывателя Тернблума. 
  
Интерпретация этих видений может быть сложной, и не рекомендуется, чтобы кто-либо, кроме самых преданных из нас, пытался разгадать смысл видений, дарованных нам нектаром божественного восприятия. 
  
Однако все желающие могут участвовать в ритуале — даже неукрытые, если они того пожелают. В конце концов, какой лучший способ распространить добрую весть об Укрывателе Тернблуме, чем дать каждому, кто просит, шанс (пусть и небольшой) напрямую пообщаться с ним?"
"The New Horizons Supply Drop
Use this to sign your account up for weekly New Horizons Supply Drops. Receive the first drop immediately and three more between now and September 17.

First Drop:
New Horizons Mount Select License, a choice of one Desert Racer, Distant Lands, Istani Isles, or Exotic Breeds mount select license or a New Horizons Mount Adoption License, 2 Knife Tail Gang Hunting Bonds, and an Endless Ocean Weapon Select Box. 
Second Drop:
Black Lion Outfit Voucher, Victorious Dye Kit, 5 Black Lion Statuettes, a Mini Green Raptor Hatchling, Mini Yellow Jackal Pup, Mini Red Griffon Hatchling, Mini Brown Springer Kit, Mini Blue Skimmer Pup, and Mini Gray Skyscale Hatchling.
Third Drop:
2 Black Lion Miniature Claim Tickets, a Black Lion Backpack and Glider Voucher, Communal Boost Bonfire, 2 Heroic Boosters, and 2 Guaranteed Wardrobe Unlocks.
Fourth Drop:
1 Black Lion Weapon Ticket, 1 Golden Black Lion Chest Key, and 5 Black Lion Chest Keys.","Еженедельная поставка «New Horizons»
Используйте эту возможность, чтобы подписаться на еженедельную рассылку «Новые горизонты». Получите первую поставку немедленно и ещё три в течение следующего времени до 17 сентября.

Первая поставка:
Лицензия на выбор маунта «Новые горизонты» (на выбор один из вариантов: Desert Racer, Distant Lands, Istani Isles или Exotic Breeds) или лицензия на усыновление маунта «Новые горизонты», 2 охотничьих жетона банды «Клинковые хвосты» и коробка с оружием «Бесконечный океан».
Вторая поставка:
Купон на комплект снаряжения Чёрного льва, набор красок «Триумфатор», 5 статуэток Чёрного льва, миниатюрный зелёный птерактиль, миниатюрный жёлтый шакал, миниатюрный красный гриф, миниатюрный коричневый детёныш спрингера, миниатюрный синий скиммер и миниатюрный серый скайскейл.
Третья поставка:
2 купона на получение миниатюр Чёрного льва, купон на рюкзак и планер Чёрного льва, общественный костёр усиления, 2 героических усилителя и 2 гарантированных разблокировки предметов гардероба.
Четвёртая поставка:
1 билет на оружие Чёрного льва, 1 золотой ключ от сундука Чёрного льва и 5 ключей от сундука Чёрного льва."
"The Pact is the lifeblood of Tyria right now. Without their unity, we have no chance against the dragons. You have helped our cause, and for that, we thank you.

—Captain Harold","Пакт — это жизненная сила Тирии прямо сейчас. Без их единства у нас нет шансов против драконов. Вы помогли нашему делу, и за это мы вас благодарим.

—Captain Harold"
"The backpack of a new member of the Vigil.
<c=@flavor>""Mordremoth may have devastated the Pact Fleet, but our spirit remains strong.""</c> 
—Laranthir","Рюкзак нового члена Дозора.
<c=@flavor>«Мордремот, возможно, уничтожил флот Пакта, но наш дух остаётся сильным».</c> 
—Ларантир"
"The bat wing is well preserved.
<c=@flavor>The wing smells a little funky and tingles with a feeling that reminds you of the Mystic Forge.</c>","Крыло летучей мыши хорошо сохранилось.
<c=@flavor>От крыла исходит странный запах, и прикосновение к нему вызывает ощущение, напоминающее о Mystic Forge.</c>"
"The lowland kodan took the original music culture of the kodan and splintered in a wildly different direction. I could spend a lifetime writing books about this!
—Chief Melodist Flac","Низменные кодан переняли изначальную музыкальную культуру своего народа, но развили её в совершенно ином направлении. Я мог бы посвятить этому всю свою жизнь и написать целую серию книг!
—Главный мелодист Флак"
"This adds a Black Lion Expedition Board to your home instance, which can be used to collect exotic resources from across Tyria and the Mists. 
Expedition options include the following:,
• Skywatch Archipelago,• Архипелаг Небокрай
• Amyntas,
• Inner Nayos,
• Rifts","Это добавляет доску экспедиций «Чёрного льва» в ваше домашнее убежище, которую можно использовать для сбора экзотических ресурсов по всей Тирии и Туманным землям. 
Варианты экспедиций включают следующее:,
• Архипелаг Небокрай,• Архипелаг Небокрай
• Аминтас,
• Внутренний Найос,
• Разломы"
"This adds a Black Lion Expedition Board to your home instance, which can be used to collect exotic resources from across Tyria. 
Expedition locations include the following:
• Dry Top and the Silverwastes
• Bloodstone Fen
• Ember Bay
• Bitterfrost Frontier
• Lake Doric
• Draconis Mons
• Siren's Landing","Это добавляет доску экспедиций «Black Lion» в ваш домашний экземпляр, которую можно использовать для сбора экзотических ресурсов по всей Тирии. 
Места экспедиций включают следующее:
• Сухая вершина и Серебряные пустоши
• Bloodstone Fen
• Ember Bay
• Граница Горького мороза
• Lake Doric
• Гора Драконис
• Пристань Сирены"
"This adds a Black Lion Expedition Board to your home instance, which can be used to collect exotic resources from across Tyria. 
Expedition options include the following:
• Seitung Province
• The Echovald Wilds
• New Kaineng City
• Dragon's End
• Fishing","Это добавляет доску экспедиций «Black Lion» в ваш домашний инстанс, которую можно использовать для сбора экзотических ресурсов по всей Тирии.
Варианты экспедиций включают следующее:
• Провинция Сейтун
• The Echovald Wilds
• Нью-Кайненг
• Dragon's End
• Рыбалка"
"This adds a Black Lion Hunters Board to your home instance, which can be used to collect fine crafting materials.
Collectible materials include:,
• Bones,
• Claws,
• Dust,
• Fangs,
• Scales,
• Totems,
• Venom Sacs,
• Vials of Blood","Это добавляет доску охотников Black Lion в ваш домашний экземпляр, которую можно использовать для сбора тонких материалов для крафта.
Собираемые материалы включают:
• Кости,
• Когти,
• Пыль,
• Клыки,
• Чешуя,
• Тотемы,
• Мешки с ядом,
• Склянки с кровью"
"This adds a Black Lion Industry Board to your home instance. The board can be used to collect basic crafting materials of your choice. Each delivery has a small chance of containing surplus goods.
Resource types include the following:
• Cloth Scraps
• Leather Sections
• Metal Ore
• Wood Logs
• Jewels","Добавляет в ваш домашний инстанс Доску промышленности «Black Lion». С её помощью можно получать базовые ремесленные материалы на выбор. Каждая поставка имеет небольшой шанс содержать излишки товара.
Виды ресурсов:
• Лоскуты ткани
• Куски кожи
• Металлическая руда
• Брёвна
• Самоцветы"
"This coded message must be of some importance. Bring it to Shining Blade Officer Ralan in Divinity's Reach.
Double-click to view his location.","Это закодированное сообщение, должно быть, имеет важность. Отнесите его офицеру Сияющего Клинка Ралану в Divinity's Reach.
Дважды щёлкните, чтобы увидеть его местоположение."
"This collection can be a useful reference for crafting the precursor backpack, Orrax Contained.

Completion of this achievement will also award a homestead decoration.","Эта коллекция может служить полезным справочником при создании рюкзака-предшественника «Орракс в контейнере».

За выполнение этого достижения также будет предоставлен предмет декора для вашего дома."
"This contains a matching backpack and glider set.,
Double-click to unpack.","Содержит подходящий набор из рюкзака и планера.
Дважды щёлкните, чтобы распаковать."
"This enormous goblet, stained with countless shades of ale
This equipment can hold an additional upgrade.,Это снаряжение может вместить дополнительное улучшение.
This equipment can hold an additional upgrade. Unequip this backpack to use it as a crafting ingredient. Using this as a crafting ingredient will destroy any upgrades held within.,'Это снаряжение может вместить дополнительное улучшение. Снимите этот рюкзак, чтобы использовать его как ингредиент для крафта. Использование его как ингредиента уничтожит все улучшения внутри.'
This equipment goes under armor and can hold an additional upgrade.,Это снаряжение надевается под броню и может вместить дополнительное улучшение.
This fancifully decorated holoscepter has been repurposed for combat use and no longer interests cats.,Этот причудливо украшенный голоскипетр был переделан для боя и больше не интересует кошек.
This fish has been preserved through smoking and was given to you by the Priory arcanist.","Этот огромный кубок, испачканный бесчисленными оттенками эля
Это снаряжение может вместить дополнительное улучшение.,Это снаряжение может вместить дополнительное улучшение.
Это снаряжение может вместить дополнительное улучшение. Снимите этот рюкзак, чтобы использовать его как ингредиент для крафта. Использование его как ингредиента уничтожит все улучшения внутри.,'Это снаряжение может вместить дополнительное улучшение. Снимите этот рюкзак, чтобы использовать его как ингредиент для крафта. Использование его как ингредиента уничтожит все улучшения внутри.'
Это снаряжение надевается под броню и может вместить дополнительное улучшение.,Это снаряжение надевается под броню и может вместить дополнительное улучшение.
Этот причудливо украшенный голоскипетр был переделан для боя и больше не интересует кошек.,Этот причудливо украшенный голоскипетр был переделан для боя и больше не интересует кошек.
Эта рыба была сохранена с помощью копчения и была подарена вам арканистом Приората."
"This full set of heavy armor skins can replace the appearance of heavy armor pieces, once per slot. The skins will also be unlocked in your account wardrobe.

Skins have no stats of their own.
Can only be used by characters who wear heavy armor.","Этот полный набор обликов для тяжёлой брони может заменять внешний вид элементов тяжёлой брони, по одному на слот. Облики также будут разблокированы в вашем гардеробе.

Облики сами по себе не дают бонусов к характеристикам.
Могут использоваться только персонажами, носящими тяжёлую броню."
"This gift can be given to orphans around the city of Divinity's Reach.
<c=@flavor>""In these days of giving, remember the orphans. A small gift given will bring great joy.""</c>—Queen Jennah","Этот подарок можно передать сиротам в городе Divinity's Reach.
<c=@flavor>«В эти дни дарения не забудьте о сиротах. Небольшой подарок принесет им огромную радость», — Queen Jennah.</c>"
"This item has no value outside of a collection and can freely be sold to merchants.
<c=@Flavor>The flag of Amnoon pays homage to its naval history.</c>","Этот предмет не имеет ценности вне коллекции и может быть свободно продан торговцам.
<c=@Flavor>Флаг Амнуна отдает дань уважения его морской истории.</c>"
"This item was gifted to you for taking the time to appreciate the culture of the Itzel.,
This item is automatically consumed upon receiving it, and its only purpose is as part of a collection.","Этот предмет был подарен вам за то, что вы уделили время, чтобы оценить культуру ицель.,
Этот предмет автоматически потребляется при получении, и его единственная цель — быть частью коллекции."
"This pass provides temporary access to the Armistice Bastion, a neutral ground in the never-ending Mist War.
• Quick Travel to All Cities
• Access to WvW Maps and Team Chat
• Crafting Stations
• Bank and Guild-Bank Access
• Mystic Forge
• Merchants
• And more! All within easy reach, for those who enjoy the ultimate convenience.","Этот пропуск предоставляет временный доступ к Бастиону перемирия, нейтральной территории в бесконечной Войне туманов.
• Быстрое перемещение во все города
• Доступ к картам WvW и командному чату
• Станции ремесла
• Доступ к банку и банку гильдии
• Mystic Forge
• Торговцы
• И многое другое! Всё в пределах лёгкой досягаемости для тех, кто ценит максимальное удобство."
"This pass provides temporary access to the Thousand Seas Pavilion, a beautiful isle adrift in the Mists.
• Quick Travel to All Cities and a Variety of Fishing Locations
• Scenic and Convenient Fishing and Boating Opportunities
• Crafting Stations
• Bank and Guild Bank Access
• Mystic Forge
• Merchants
• And more! All within easy reach, for those who enjoy the ultimate convenience.","Этот пропуск предоставляет временный доступ к Павильону тысячи морей, прекрасному острову, дрейфующему в Туманах.
• Быстрое перемещение во все города и в различные места для рыбалки
• Живописные и удобные возможности для рыбалки и катания на лодках
• Станции ремесла
• Доступ к банку и банку гильдии
• Mystic Forge
• Торговцы
• И многое другое! Всё в пределах лёгкой досягаемости для тех, кто ценит максимальное удобство."
"This powerful cluster of foxfire still needs a catalyst to fully unlock its growth potential.
Double-click to show.","Этому мощному скоплению лисьего огня всё ещё нужен катализатор, чтобы полностью раскрыть свой потенциал роста.
Дважды щёлкните, чтобы показать."
"This regional weapon box contains unique skins, dragonite ore
'This relic appears to be in better shape than most others you''ve found.',
This residue lies dormant. It could be imbued at a strong phantasmal energy source.","Эта региональная коробка с оружием содержит уникальные облики, руду драконита
'Этот артефакт, похоже, в лучшем состоянии, чем большинство других, которые вы нашли.',
Этот остаток находится в спячке. Его можно пропитать в мощном источнике фантомной энергии."
"This seems like a very literal interpretation of what Albax asked you to find.

This item is automatically consumed upon receiving it, and its only purpose is as part of a collection.","Похоже, это очень буквальная интерпретация того, что Албакс просил вас найти.

Этот предмет автоматически расходуется при получении, и его единственная цель — быть частью коллекции."
"This staff will not display emblem if you are not representing this guild.
Double-click to imbue another staff's stats into this appearance (one-time ability).","Этот посох не будет отображать инсигнию, если вы не представляете эту гильдию.
Дважды щёлкните, чтобы вживить в этот облик характеристики другого посоха (одноразовое действие)."
"This stone is attuned to ley-line energy. Carrying it will indicate when a Ley-Line Anomaly appears.
Double-click to get a reading.","Этот камень настроен на энергию лей-линий. Ношение его будет указывать на появление Аномалии лей-линий.
Дважды щёлкните, чтобы получить показания."
"This strange, mist-wreathed box contains valuable loot. It will require a Mist-Hardened Lockbox Key to open.

Mist-Hardened Lockbox Keys can be purchased from Dugan in WvW maps.","Эта странная, окутанная туманом коробка содержит ценную добычу. Чтобы её открыть, понадобится ключ от укреплённого Туманом ларца.

Закалённые в тумане ключи-коробки можно приобрести у Дугана на картах WvW."
"This water is warm and murky. It could be purified, but only at its source.
Double-click to show.","Эта вода тёплая и мутная. Её можно очистить, но только у источника.
Дважды щёлкните, чтобы показать."
"This will replace the appearance of one longbow and unlock the skin in your account wardrobe.

This longbow skin has no stats of its own.","Этот предмет заменит внешний вид одного длинного лука и добавит его в ваш гардероб.

У этого облика для длинного лука нет собственных характеристик."
Tier: %num1%,Уровень: %num1%
"Tips and tricks for training your tiger, by Cymbel.
Double-click to access your tiger den.","Советы и хитрости по дрессировке тигра от Симбела.
Дважды щёлкните, чтобы открыть логово тигра."
Turnier der Legenden,Турнир легенд
"Unlock %num2% pieces of the Titanplate armor set by crafting them or purchasing them from the Trading Post and binding them to you.
Unlocking one weight's skin unlocks the other weights' skins.","Создайте или приобретите в торговом центре и привяжите к себе %num2% предметов комплекта брони «Титан».
Разблокировка одного варианта внешнего вида для веса разблокирует варианты внешнего вида для всех остальных весов."
"Unlock Gobblers and Exchanges from different modes of acquisition. The Wizard's Gobbler uses this achievement to allow you to access most of these respective items.

You may have to travel to Lion's Arch to update progress by doing the following:
• Having the item in your inventory
• Having the associated achievement completed","Разблокируйте «Пожирателей» и «Обмены», полученные разными способами. «Пожиратель волшебника» использует это достижение, чтобы предоставить вам доступ к большинству соответствующих предметов.

Возможно, вам потребуется отправиться в Lion's Arch, чтобы обновить прогресс, выполнив следующие действия:
• Предмет находится в вашем инвентаре.
• Соответствующее достижение выполнено"
Ununterbrochen Himmlisches hegen,Непрерывно поддерживать небесную благодать.
"Upon purchase, equips Vlast Avenger, a rifle that does extra damage to Vlast's enemies.
<c=@Flavor>Crafted by Lucius Anvilblade. Honed Slivers by Adisa. Vengeance by Vlast.</c>","При покупке экипирует Мстителя Власта — винтовку, наносящую дополнительный урон врагам Власта.
<c=@Flavor>Создано Люциусом Наковальней. Заточенные осколки — Адисой. Возмездие — Властом.</c>"
"Use a healing skill %num2% time[s].

<c=@reminder>Healing skills are located on the sixth skill slot of every character's skill bar.</c>","Используйте навык лечения %num2% [раз|раза|раз].

<c=@reminder>Навыки лечения находятся на шестой ячейке панели умений у каждого персонажа.</c>"
"Use a salvage kit to salvage %num2% item[s].

<c=@reminder>Some items you'll find will be salvageable. Use a salvage kit to break them down into crafting materials.</c>","Используйте набор для разборки, чтобы разобрать %num2% [предмет|предмета|предметов].

<c=@reminder>Некоторые предметы можно разобрать на компоненты для крафта. Используйте набор для разборки, чтобы получить из них материалы.</c>"
"Use this item to select your choice of key.,
Select from Zephyrite Lockpicks, Bandit Skeleton Keys
'Use this item to teleport to a party member''s location.'","Используйте этот предмет, чтобы выбрать ключ.,
Выберите из отмычек Зефиритов, скелетных ключей Бандитов
'Используйте этот предмет, чтобы телепортироваться к местоположению члена группы.'"
"Use this item to teleport to a party member's location.

Ten-minute cooldown. Can only be used by characters level 10 or greater.","Используйте этот предмет, чтобы телепортироваться к месту нахождения члена группы.

Время перезарядки: 10 минут. Может использоваться только персонажами 10-го уровня и выше."
"Use this ticket to select your choice of any outfit released up to and including the Queensdale Academy Outfit.

Anniversary gifts and Black Lion exclusives not included.","Используйте этот билет, чтобы выбрать любой костюм, выпущенный до и включая костюм Академии Квинсдейл.

Подарки ко Дню рождения и эксклюзивы Black Lion не включены."
"Used in crafting armor in the Crystal Desert.

<c=@flavor>Whatever energy animated this metal remains in some small, malevolent form.</c>","Используется в создании брони в Crystal Desert.

<c=@flavor>Какая-то энергия, одушевлявшая этот металл, всё ещё сохраняется в малой, злобной форме.</c>"
"Used in the Mystic Forge to create the Gift of Relics. Used for the legendary relic.

A Mystic Facet is made by combining these items in the Mystic Forge:
• 1 Relic
• 250 Piles of Lucent Crystal 
• 250 Piles of Lucent Crystal
• 250 Piles of Lucent Crystal","Используется в Mystic Forge для создания Дара Реликвий. Используется для легендарной реликвии.

Mystic Facet создаётся путём объединения этих предметов в Mystic Forge:
• 1 реликвия
• 250 Стопок светлого кристалла
• 250 Стопок светлого кристалла
• 250 Стопок светлого кристалла"
"Used in the crafting of Janthir Wilds legendary items.

Purchased from a Bava Nisos vendor or from the Trading Post.","Используется в создании Легендарных предметов Пустошей Джантира.

Приобретается у торговца Бава-Нисос или в Trading Post."
"Used to chop down all saplings.

Gathering completes 50%% faster.","Используется для вырубки всех саженцев.

Сбор ресурсов происходит на 50%% быстрее."
"Used to chop down all saplings.

Grants a 33%% chance to gain an extra strike while gathering.","Используется для вырубки всех саженцев.

Даёт 33%% шанс получить дополнительный удар при сборе ресурсов."
"Used to chop down all saplings.

Grants a chance to receive bonus cloth scraps in addition to your gathering results. Material types are determined by your character level and location in the world.","Используется для вырубки всех саженцев.

Даёт шанс получить дополнительные лоскуты ткани в дополнение к результатам сбора. Типы материалов определяются уровнем вашего персонажа и местоположением в мире."
"Used to chop down all saplings. Rewards unbound magic on each swing in addition to logging results. Unlimited use.

<c=@Reminder>This item can be exchanged for an updated version at the Black Lion Exchange Specialist.</c>","Используется для вырубки всех саженцев. Даёт несвязанную магию с каждым ударом в дополнение к результатам рубки. Неограниченное использование.

<c=@Reminder>Этот предмет можно обменять на обновлённую версию у специалиста по обмену в «Black Lion».</c>"
"Used to chop down all saplings. Rewards unbound magic on each swing in addition to logging results. Unlimited use.,
<c=@Reminder>This item can be exchanged for an updated version at the Black Lion Exchange Specialist.</c>","Используется для вырубки всех саженцев. Даёт несвязанную магию с каждым ударом в дополнение к результатам рубки. Неограниченное использование.,
<c=@Reminder>Этот предмет можно обменять на обновлённую версию у специалиста по обмену «Black Lion».</c>"
"Used to craft the legendary greatsword precursor Exitare.
Combine in the Mystic Forge with Mystic Runestones, a Gift of Metal, and a Gift of the Mists to create the Gift of Exordium.","Используется для создания предшественника легендарного двуручного меча «Exitare».
Соедините в Mystic Forge с Мистическими рунами, Даром металла и Даром Туманов, чтобы создать Дар Экзордиума."
"Used to craft the legendary hammer precursor Might of Arah.
Combine in the Mystic Forge with Mystic Runestones, a Gift of Metal , and a Gift of the Mists to create the Gift of Arah.","Используется для создания предшественника легендарного молота Могущество Араха.
Соедините в Mystic Forge с Мистическими руническими камнями, Даром Металла, и Даром Туманов, чтобы создать Дар Араха."
"Used to craft the legendary longbow precursor Spero.
Combine in the Mystic Forge with Mystic Runestones, a Gift of Wood, and a Gift of the Mists to create the Gift of Pharus.","Используется для создания прекурсора легендарного длинного лука Сперо.
Соедините в Mystic Forge с Мистическими Рунами, Даром дерева и Даром Туманов, чтобы создать Дар Фаруса."
"Used to craft the legendary-sword precursor, Save the Queen.
Combine in the Mystic Forge with Mystic Runestones, a Gift of Metal, and a Gift of the Mists to create the Gift of the Blade.","Используется для создания предшественника легендарного меча «Спаси Королеву».
Соедините в Mystic Forge с Мистическими Рунами, Даром Металла и Даром Туманов, чтобы создать Дар Клинка."
"Used to create a Gift of the Survivors.

Earned by fully exploring Shipwreck Strand. Additional copies can be purchased from Visions of Eternity map vendors.","Используется для создания Подарка выживших.

Получается при полном исследовании обломков берега. Дополнительные копии можно купить у торговцев на карте Видений Вечности."
"Used to create a Gift of the Survivors.,
Earned by completing the Shipwreck Strand Mastery achievement.,Получено за выполнение достижения «Мастерство Кораблекрушения».
Additional copies can be purchased from Visions of Eternity vendors afterward.","Используется для создания Дара выживших.
Получено за выполнение достижения «Мастерство Кораблекрушения».
Дополнительные копии можно приобрести у торговцев «Видения вечности»."
"Used to detect and dig up chunks of Brandstone that fall on Istan. 
Costs 3 Volatile Magic per 5-minute charge.","Используется для обнаружения и извлечения кусков огненного камня, падающих на Истан.
Требует 3 единицы нестабильной магии за 5 минут использования."
"Used to gather all plants.

Grants a chance to receive bonus leather scraps in addition to your gathering results. Material types are determined by your character level and location in the world.","Используется для сбора всех растений.

Даёт шанс получить дополнительные тряпки из кожи в дополнение к результатам сбора. Типы материалов определяются уровнем вашего персонажа и местоположением в мире."
"Used to mine all metals.

33%% chance to complete gathering instantly.","Используется для добычи всех металлов.

33%% шанс мгновенно завершить сбор."
"Used to mine all metals.

Gathers from all nearby ore deposits when mining.","Используется для добычи всех металлов.

Собирает ресурсы со всех близлежащих месторождений при добыче."
"Used to mine all metals.

Grants a 33%% chance to gain an extra strike while gathering.","Используется для добычи всех металлов.

Даёт 33%% шанс получить дополнительный удар при сборе ресурсов."
"Used to mine all metals.

Grants a chance to receive a bonus crafting material on each swing in addition to your gathering results.","Используется для добычи всех металлов.

Даёт шанс получить бонусный материал для ремесла при каждом ударе, кроме результатов сбора."
"Used to mine all metals.

Grants a chance to receive bonus harvesting materials in addition to your gathering results. Material types are determined by your character level and location in the world.","Используется для добычи всех металлов.

Даёт шанс получить дополнительные материалы для сбора в дополнение к результатам сбора. Типы материалов определяются уровнем вашего персонажа и местоположением в мире."
"Used to mine all metals.

Grants a chance to receive bonus ores in addition to your gathering results. Material types are determined by your character level and location in the world.","Используется для добычи всех металлов.

Даёт шанс получить бонусные руды в дополнение к результатам собирательства. Типы материалов определяются уровнем вашего персонажа и местоположением в мире."
"Used to mine all metals.

Increases movement speed by 100%% for 5 seconds after gathering completes.","Используется для добычи всех металлов.

Увеличивает скорость передвижения на 100%% в течение 5 секунд после завершения сбора."
"Used to mine all metals. Rewards unbound magic on each swing in addition to mining results. Unlimited use.

<c=@Reminder>This item can be exchanged for an upgraded version at the Black Lion Exchange Specialist.</c>","Используется для добычи всех металлов. Даёт несвязанную магию с каждым ударом в дополнение к результатам добычи. Неограниченное использование.

<c=@Reminder>Этот предмет можно обменять на улучшенную версию у специалиста по обмену в «Black Lion».</c>"
"Used to mine all metals.,
Replaces gathering results with ores used in higher-level crafting recipes. Material types are determined by the type of node gathered from. Mithril ore can be improved a limited number of times each day.","Используется для добычи всех металлов.,
Заменяет результаты сбора на руду, используемую в рецептах крафта более высокого уровня. Типы материалов определяются типом узла, с которого производится сбор. Мифриловую руду можно улучшать ограниченное количество раз в день."
Verabschiedet Euch von Farrah.,Попрощайтесь с Фаррой.
Verzierte Bärlingsklaue,Verzierte Bärlingsklaue
Verängstigtes Kodan-Bärchen,Verängstigtes Kodan-Bärchen
Vielfältige Pfahlwurzeln,Многообразные стержнекорни
"View %num1%/%num2% vista[s].

<c=@reminder>Vistas are scenic locations that show the world from a new perspective, and they are marked with a red triangle icon on the map.</c>","Осмотр %num1%/%num2% [вида|видов|видов].

<c=@reminder>Виды — это живописные места, с которых открывается новый вид на мир. На карте они отмечены красным треугольным значком.</c>"
Waldgeborener Späher-Kuckuck,Лесной разведчик-кукушка
Wasserfall-Jagd,Водопадная охота
"When purchased, gain a stack of a Lowland Kodan Expertise and increase its duration by 4 hours
1: +10%% Experience,
2: +10%% Karma,
3: +10%% Gold,3: +10%% золота
4: Gain additional unique map material from kodan caches,
'5: Gain fury when directly striking an enemy with the warclaw''s Battle Maul',
6: Gain more collectable coins from kodan caches,
7: +5%% Damage vs. titanspawn","При покупке получает стек «Знания кодан из низин» и увеличивает его длительность на 4 часа
1: +10%% опыта,
2: +10%% кармы,
3: +10%% золота,3: +10%% золота
4: Получение дополнительного уникального материала карты из тайников кодан,
5: Получение ярости при прямом ударе по врагу боевой булавой боевого когтя,
6: Получение большего количества монет для сбора из тайников кодан,
7: +5%% урона по порождениям титанов"
"While in Bjora Marches:
Earn extra Essence of Resilience on qualifying kills.
No more than once every 60 seconds, applies vulnerability to your target when you land a critical hit.

<c=@Reminder>Obtained by completing the Raven Sanctum's trials.</c>
<c=@Flavor>""We try so hard to do the right thing. We heal, we protect our people, we preserve stability. But we cannot control how the winds of fate may shift, and a tight grip can sometimes hurt more than it helps.""</c>","Находясь в Бьорнских маршах:
Получайте дополнительную Эссенцию Стойкости за выполнение определенных условий убийства.
Не чаще одного раза каждые 60 секунд наносит уязвимость цели при критическом ударе.

<c=@Reminder>Получается за прохождение испытаний Равен Санктум.</c>
<c=@Flavor>«Мы так стараемся поступать правильно. Мы исцеляем, мы защищаем наш народ, мы сохраняем стабильность. Но мы не можем контролировать, как изменятся ветры судьбы, и иногда слишком сильная хватка может причинить больше вреда, чем пользы».</c>"
"Word reached me of some trouble in Dry Top. Prosperity was just attacked. I'm heading there to check on Taimi. Let's meet up and see if the kid's okay. Wolf guide you.

—Braham","До меня дошли слухи о неприятностях в Dry Top. Prosperity только что подвергся нападению. Я направляюсь туда, чтобы проверить Taimi. Давай встретимся и убедимся, что с девчонкой всё в порядке. Пусть Wolf ведёт тебя.

—Брейхам"
"WvW WXP is now account bound! Enter a map with each character to have its WXP added to your account.

—ArenaNet Staff","Теперь очки опыта для PvP (WvW) привязаны к учётной записи! Чтобы добавить их в свою учётную запись, зайдите на карту с каждым персонажем.

—Сотрудник ArenaNet"
Wärmende Sonne kümmert sich um vertriebene Tiere im Wald und verlangt nach einem Beschützer.,Тёплое солнце заботится о вытесненных животных в лесу и требует защитника.
"You can now purchase components necessary for the creation of Heart of Thorns legendary weapons from Grandmaster Craftsman Hobbs in Lion's Arch.
Additionally, you can purchase Mystic Runestones from Miyani and Mystic Forge attendants for the creation of legendary equipment from expansions.","Теперь вы можете приобрести компоненты, необходимые для создания легендарного оружия Сердца Терний, у Grandmaster Craftsman Hobbs в Lion's Arch.
Кроме того, вы можете приобрести Mystic Runestones у Miyani и помощников Mystic Forge для создания легендарного снаряжения из дополнений."
"You're as tactful as ever, %str1%. The Molten Alliance has scattered—they're disorganized and panicking and won't bother us again any time soon. Unfortunately, we still have no viable theories as to why the two forces coalesced. I'll continue to examine the subject from Rata Sum. In the meantime, you should use this respite to rejuvenate yourself at the celebratory bonfires. It's your efforts in the field that demoralized the invaders.

—Zojja","Вы, как всегда, тактичны, %str1%. Molten Alliance рассеялся — они дезорганизованы и в панике, и в ближайшее время нас не побеспокоят. К сожалению, у нас всё ещё нет жизнеспособных теорий о том, почему эти две силы объединились. Я продолжу изучать этот вопрос из Рата Сума. А пока вы можете использовать эту передышку, чтобы восстановить силы у праздничных костров. Именно ваши усилия на поле боя деморализовали захватчиков.

—Зоджа"
"Your enemies greatly outnumber your forces. Be careful out there!
+50%% Participation
+20%% Magic Find
+25%% World Experience
Take no armor damage on death.
Being killed by the enemy team will not grant War Score.","Ваши враги значительно превосходят вас числом. Будьте осторожны!
+50%% Участие
+20%% Шанс выпадения магических предметов
+25%% Опыт в мире
Не получайте урон от брони при смерти.
Смерть от рук вражеской команды не приносит очков войны."
Zappelschwanz,Заппельшванц
Zone riche en ressources,"Зона, богатая ресурсами"
[F]Tourelle mitrailleuse,[F]Пулеметная турель
[M]Pilier de glace,[M]Ледяной столб
täglich,ежедневно
