english,translate
"Double-click to open.
Choose a song from the Guild Wars 2: End of Dragons soundtrack to auto-unlock for your jukebox in your home instance and homestead.

Occasionally obtained from End of Dragons open-world content.","Двойной щелчок, чтобы открыть.
Выберите композицию из саундтрека Guild Wars 2: Закат драконов, чтобы автоматически разблокировать её для своего музыкального автомата в личном инстансе и на домашнем участке.

Иногда можно получить в открытом мире Заката драконов."
"Double-click to open.
Choose a song from the Guild Wars 2: Heart of Thorns soundtrack to auto-unlock for your jukebox in your home instance and homestead.","Двойной щелчок для открытия.
Выберите композицию из саундтрека Guild Wars 2: Сердце Терний, чтобы автоматически разблокировать её для музыкальной шкатулки в вашем личном инстансе и доме."
"Double-click to open.
Choose a song from the Guild Wars 2: Icebrood Saga soundtrack to auto-unlock for your jukebox in your home instance and homestead.","Двойной щелчок, чтобы открыть.
Выберите композицию из саундтрека Guild Wars 2: Icebrood Saga, чтобы автоматически разблокировать её для музыкальной шкатулки в вашем личном инстансе и доме."
"Double-click to open.
Choose a song from the Guild Wars 2: Janthir Wilds soundtrack to auto-unlock for your jukebox in your home instance and homestead.

Occasionally obtained from Janthir Wilds open-world content.","Двойной щелчок, чтобы открыть.
Выберите композицию из саундтрека Guild Wars 2: Janthir Wilds, чтобы автоматически разблокировать её для своего музыкального автомата в личном инстансе и на домашнем участке.

Иногда можно получить в открытом мире Janthir Wilds."
"Double-click to open.
Choose a song from the Guild Wars 2: Living World Season 2 soundtrack to auto-unlock for your jukebox in your home instance and homestead.","Дважды щелкните, чтобы открыть.
Выберите композицию из саундтрека Guild Wars 2: Living World Season 2, чтобы автоматически разблокировать её для музыкальной шкатулки в вашей личной инстанции и доме."
"Double-click to open.
Choose a song from the Guild Wars 2: Living World Season 3 soundtrack to auto-unlock for your jukebox in your home instance and homestead.","Двойной щелчок, чтобы открыть.
Выберите композицию из саундтрека Guild Wars 2: Living World Season 3, чтобы автоматически разблокировать её для музыкальной шкатулки в вашем личном инстансе и доме."
"Double-click to open.
Choose a song from the Guild Wars 2: Living World Season 4 soundtrack to auto-unlock for your jukebox in your home instance and homestead.","Двойной щелчок, чтобы открыть.
Выберите композицию из саундтрека Guild Wars 2: Living World Season 4, чтобы автоматически разблокировать её для музыкальной шкатулки в вашем личном инстансе и доме."
"Double-click to open.
Choose a song from the Guild Wars 2: Path of Fire soundtrack to auto-unlock for your jukebox in your home instance and homestead.","Дважды щёлкните, чтобы открыть.
Выберите композицию из саундтрека Guild Wars 2: Тропа Огня, чтобы автоматически разблокировать её для вашего музыкального автомата в личном инстансе и поместье."
"Double-click to open.
Choose a song from the Guild Wars 2: Secrets of the Obscure soundtrack to auto-unlock for your jukebox in your home instance and homestead.

Occasionally obtained from Secrets of the Obscure open-world content.","Двойной щелчок для открытия.
Выберите композицию из саундтрека Guild Wars 2: Secrets of the Obscure, чтобы автоматически разблокировать её для музыкального автомата в вашей персональной инстанции и доме.

Иногда можно получить из материалов открытого мира Secrets of the Obscure."
"Double-click to open.
Choose a song from the Metal Legion's concert soundtrack to auto-unlock for your jukebox in your home instance and homestead.

Rarely obtained from the open-world event A Concert for the Ages in Grothmar Valley.","Дважды щёлкните, чтобы открыть.
Выберите песню из концертного саундтрека Металлической Легии, чтобы автоматически разблокировать её для вашего музыкального автомата в вашей персональной инстанции и на домашнем участке.

Редко можно получить во время мирового события «Концерт Веков» в долине Гротмар."
"Double-click to open.
Choose a song from the Super Adventure Box soundtrack to auto-unlock for your jukebox in your home instance and homestead.","Двойной щелчок, чтобы открыть.
Выберите композицию из саундтрека Super Adventure Box, чтобы автоматически разблокировать её для музыкальной шкатулки в вашем личном инстансе и доме."
"Double-click to open.
Choose a Stormcaller weapon. It will be bound to you.","Дважды щелкните, чтобы открыть.
Выберите оружие ""Зов бури"". Оно будет привязано к вам."
"Double-click to open.
Choose a Volcanic Stormcaller weapon. It will be bound to you.","Дважды щелкните, чтобы открыть.
Выберите вулканическое оружие ""Зов бури"". Оно будет привязано к вам."
"Double-click to open.
Choose a weapon from the Abomination weapon set.","Дважды щелкните, чтобы открыть.
Выберите оружие из набора оружия Мерзости."
"Double-click to open.
Choose a weight class of Bearkin War Helm.

<c=@flavor>The chosen helm is used for crafting Janthir Wilds legendary items. You must select a weight to use it in the Mystic Forge. Remnants can be purchased from renown heart vendors in Janthir Syntri.</c>","Двойной щелчок для открытия.
Выберите класс веса шлема Беркина.

<c=@flavor>Выбранный шлем используется для создания легендарных предметов Джантира. Вы должны выбрать вес для использования его в Мистической кузне. Остатки можно приобрести у торговцев заданий местности в Джантир Синтри.</c>"
"Double-click to open.
Choose a weight class of Polychromatic armor. (This will unlock the skin on all weights.)","Дважды щелкните, чтобы открыть.
Выберите класс веса полихроматической брони. (Это разблокирует облик для всех весов.)"
"Double-click to open.
Choose a weight class of Rift Hunter armor.","Дважды щелкните, чтобы открыть.
Выберите класс веса брони Охотника за разломами."
"Double-click to open.
Choose a weight class of Visage of Nourys.","Дважды щелкните, чтобы открыть.
Выберите класс веса Личины Нурис."
"Double-click to open.
Choose a weight class of Woad armor.","Дважды щелкните, чтобы открыть.
Выберите класс веса брони Вада."
"Double-click to open.
Choose a weight class of Woodland Kodan Boots. (This will unlock the skin for all weights.)","Дважды щелкните, чтобы открыть.
Выберите класс веса Лесных сапог кодана. (Это разблокирует облик для всех весов.)"
"Double-click to open.
Choose a weight class of Woodland Kodan leather gloves.","Дважды щелкните, чтобы открыть.
Выберите класс веса Лесных кожаных перчаток кодана."
"Double-click to open.
Choose a weight class of Woodland Kodan Leather Shoulders.","Дважды щелкните, чтобы открыть.
Выберите класс веса Лесных кожаных наплечников кодана."
"Double-click to open.
Choose a weight of Ancient Canthan armor to unlock in your wardrobe.","Дважды щелкните, чтобы открыть.
Выберите вес древней кантанской брони для разблокировки в вашем гардеробе."
"Double-click to open.
Choose an Abyssal Fractal weapon. It will be bound to you.","Дважды щелкните, чтобы открыть.
Выберите оружие Бездонного Фрактала. Оно будет привязано к вам."
"Double-click to open.
Choose an account bound weapon from the Industrial Tools weapon set.","Дважды щелкните, чтобы открыть.
Выберите оружие из набора «Промышленные инструменты», привязанное к учетной записи."
"Double-click to open.
Choose an account bound weapon from the Seer Enchanted weapon set.","Дважды щелкните, чтобы открыть.
Выберите оружие из набора «Зачарованное провидца», привязанное к учетной записи."
"Double-click to open.
Choose an account bound weapon from the Strelitzia Crystallinum weapon set.","Дважды щелкните, чтобы открыть.
Выберите оружие из набора «Стрелиция кристаллинум», привязанное к учетной записи."
"Double-click to open.
Choose an account-bound Alliance Field Operative's Boots.","Дважды щелкните, чтобы открыть.
Выберите привязанные к учетной записи сапоги полевого оперативника Альянса."
"Double-click to open.
Choose an account-bound Alliance Field Operative's Coat.","Дважды щелкните, чтобы открыть.
Выберите привязанный к учетной записи мундир полевого оперативника Альянса."
"Double-click to open.
Choose an account-bound Alliance Field Operative's Gloves.","Дважды щелкните, чтобы открыть.
Выберите привязанные к учетной записи перчатки полевого оперативника Альянса."
"Double-click to open.
Choose an account-bound Alliance Field Operative's Helmet.","Дважды щелкните, чтобы открыть.
Выберите привязанный к учетной записи шлем полевого оперативника Альянса."
"Double-click to open.
Choose an account-bound Alliance Field Operative's Leggings.","Дважды щелкните, чтобы открыть.
Выберите привязанные к учетной записи поножи полевого оперативника Альянса."
"Double-click to open.
Choose an account-bound Alliance Field Operative's Mantle.","Дважды щелкните, чтобы открыть.
Выберите привязанную к учетной записи накидку полевого оперативника Альянса."
"Double-click to open.
Choose an account-bound form of the Morph-o-Matic.","Дважды щелкните, чтобы открыть.
Выберите привязанную к учетной записи форму Морф-о-матика."
"Double-click to open.
Choose an account-bound weapon from the Chromatic Resin weapon set.","Дважды щелкните, чтобы открыть.
Выберите привязанное к учетной записи оружие из набора «Хроматическая смола»."
"Double-click to open.
Choose any weight of Blood Legion Soldier Helm.
Items can only be worn by charr.","Дважды щелкните, чтобы открыть.
Выберите шлем солдата Кровавого Легиона любого веса.
Предметы могут носить только чары."
"Double-click to open.
Choose any weight of Charr War Mask.
Items can only be worn by charr.","Дважды щелкните, чтобы открыть.
Выберите боевую маску чаров любого веса.
Предметы могут носить только чары."
"Double-click to open.
Choose from a subset of first-generation weapons or backpieces to be placed in your legendary armory.",
"Double-click to open.
Contains 100 assorted claws.","Дважды щелкните, чтобы открыть.
Содержит 100 различных когтей."
"Double-click to open.
Contains 100 assorted fangs, claws, venom sacs, and vials of blood.","Дважды щелкните, чтобы открыть.
Содержит 100 различных клыков, когтей, ядовитых мешков и флаконов с кровью."
"Double-click to open.
Contains 100 assorted pieces of ore and wood.","Дважды щелкните, чтобы открыть.
Содержит 100 различных кусков руды и дерева."
"Double-click to open.
Contains 100 assorted pieces of ore.","Дважды щелкните, чтобы открыть.
Содержит 100 различных кусков руды."
"Double-click to open.
Contains 100 assorted piles of dust.
<c=@flavor>When you think about it, shouldn't it just be one pile in there?</c>","Дважды щелкните, чтобы открыть.
Содержит 100 различных кучек пыли.
<c=@flavor>Если подумать, разве там не должна быть всего одна кучка?</c>"
"Double-click to open.
Contains 100 assorted scraps of cloth and sections of leather.","Дважды щелкните, чтобы открыть.
Содержит 100 различных лоскутов ткани и отрезков кожи."
"Double-click to open.
Contains 100 assorted scraps of cloth.","Дважды щелкните, чтобы открыть.
Содержит 100 различных лоскутов ткани."
"Double-click to open.
Contains 100 assorted sections of leather.","Дважды щелкните, чтобы открыть.
Содержит 100 различных отрезков кожи."
"Double-click to open.
Contains 100 assorted totems, scales, piles of dust, and pieces of bone.","Дважды щелкните, чтобы открыть.
Содержит 100 различных тотемов, чешуек, кучек пыли и кусочков костей."
"Double-click to open.
Contains 100 assorted venom sacs.
<c=@flavor>For medicinal purposes, obviously. Nobody could possibly need to make this much poison.</c>","Дважды щелкните, чтобы открыть.
Содержит 100 различных ядовитых мешков.
<c=@flavor>Очевидно, в медицинских целях. Никому не может понадобиться столько яда.</c>"
"Double-click to open.
Contains 100 assorted vials of blood.
<c=@flavor>""I suppose it makes sense. They are the Blood Legion.""</c>","Дважды щелкните, чтобы открыть.
Содержит 100 различных флаконов с кровью.
<c=@flavor>""Полагаю, это имеет смысл. Они же Кровавый Легион.""</c>"
"Double-click to open.
Contains 100 assorted wooden logs.","Дважды щелкните, чтобы открыть.
Содержит 100 различных деревянных бревен."
"Double-click to open.
Contains 25 assorted charged materials.","Дважды щелкните, чтобы открыть.
Содержит 25 различных заряженных материалов."
"Double-click to open.
Contains 25 assorted corrupt materials.","Дважды щелкните, чтобы открыть.
Содержит 25 различных испорченных материалов."
"Double-click to open.
Contains 25 assorted crystal materials.","Дважды щелкните, чтобы открыть.
Содержит 25 различных кристаллических материалов."
"Double-click to open.
Contains 25 assorted glacial materials.","Дважды щелкните, чтобы открыть.
Содержит 25 различных ледниковых материалов."
"Double-click to open.
Contains 25 assorted molten materials.
<c=@flavor>Fire. It's a box of fire. Because the Flame Legion loves fire.</c>","Дважды щелкните, чтобы открыть.
Содержит 25 различных расплавленных материалов.
<c=@flavor>Огонь. Это коробка с огнём. Потому что Легион Пламени обожает огонь.</c>"
"Double-click to open.
Contains 25 assorted onyx materials.","Дважды щелкните, чтобы открыть.
Содержит 25 различных ониксовых материалов."
"Double-click to open.
Contains 50 Dragonite Ore, 50 Empyreal Fragments, 2 Mystic Clovers, 8 Obsidian Shards, and a choice of valuable items from the Ash Legion.","Дважды щелкните, чтобы открыть.
Содержит 50 руды драконита, 50 эмпирейных фрагментов, 2 мистических клевера, 8 обсидиановых осколков и выбор ценных предметов из Легиона Теней."
"Double-click to open.
Contains 50 Dragonite Ore, 50 Empyreal Fragments, 2 Mystic Clovers, 8 Obsidian Shards, and a choice of valuable items from the Blood Legion.","Дважды щелкните, чтобы открыть.
Содержит 50 руды драконита, 50 эмпирейных фрагментов, 2 мистических клевера, 8 обсидиановых осколков и выбор ценных предметов из Кровавого Легиона."
"Double-click to open.
Contains 50 Dragonite Ore, 50 Empyreal Fragments, 2 Mystic Clovers, 8 Obsidian Shards, and a choice of valuable items from the Dominion.","Дважды щелкните, чтобы открыть.
Содержит 50 руды драконита, 50 эмпирейных фрагментов, 2 мистических клевера, 8 обсидиановых осколков и выбор ценных предметов из Доминиона."
"Double-click to open.
Contains 50 Dragonite Ore, 50 Empyreal Fragments, 2 Mystic Clovers, 8 Obsidian Shards, and a choice of valuable items from the Flame legion.","Дважды щелкните, чтобы открыть.
Содержит 50 руды драконита, 50 эмпирейных фрагментов, 2 мистических клевера, 8 обсидиановых осколков и выбор ценных предметов из Легиона Пламени."
"Double-click to open.
Contains 50 Dragonite Ore, 50 Empyreal Fragments, 2 Mystic Clovers, 8 Obsidian Shards, and a choice of valuable items from the Frost Legion.","Дважды щелкните, чтобы открыть.
Содержит 50 руды драконита, 50 эмпирейных фрагментов, 2 мистических клевера, 8 обсидиановых осколков и выбор ценных предметов из Легиона Мороза."
"Double-click to open.
Contains 50 Dragonite Ore, 50 Empyreal Fragments, 2 Mystic Clovers, 8 Obsidian Shards, and a choice of valuable items from the Iron Legion.","Дважды щелкните, чтобы открыть.
Содержит 50 руды драконита, 50 эмпирейных фрагментов, 2 мистических клевера, 8 обсидиановых осколков и выбор ценных предметов из Железного Легиона."
"Double-click to open.
Contains a choice of Charged Stormcaller recipes (dagger, pistol, short bow, sword, staff, scepter, focus, or torch), crafting material coffers, enemy intel, or charr salvage.","Дважды щелкните, чтобы открыть.
Содержит выбор рецептов «Заряженный заклинатель бурь» (кинжал, пистолет, короткий лук, меч, посох, скипетр, фокус или факел), сундуки с материалами для крафта, разведданные врага или утиль чарров."
"Double-click to open.
Contains a choice of Charged Stormcaller weapon recipes (axe, greatsword, hammer, longbow, mace, rifle, shield, or warhorn), crafting material coffers, mission documents, or charr salvage.","Дважды щелкните, чтобы открыть.
Содержит выбор рецептов оружия «Заряженный заклинатель бурь» (топор, большой меч, молот, длинный лук, булава, винтовка, щит или рог), сундуки с материалами для крафта, документы миссии или утиль чарров."
"Double-click to open.
Contains a choice of Stormcaller weapon recipes (axe, greatsword, longbow, or warhorn), crafting material coffers, mission documents, or charr salvage.","Дважды щелкните, чтобы открыть.
Содержит выбор рецептов оружия «Заклинатель бурь» (топор, большой меч, длинный лук или рог), сундуки с материалами для крафта, документы миссии или утиль чарров."
"Double-click to open.
Contains a choice of Stormcaller weapon recipes (dagger, pistol, short bow, or sword), crafting material coffers, mission documents, or charr salvage.","Дважды щелкните, чтобы открыть.
Содержит выбор рецептов оружия «Заклинатель бурь» (кинжал, пистолет, короткий лук или меч), сундуки с материалами для крафта, документы миссии или утиль чарров."
"Double-click to open.
Contains a choice of Stormcaller weapon recipes (focus, scepter, staff, or torch), crafting material coffers, mission documents, or charr salvage.","Дважды щелкните, чтобы открыть.
Содержит выбор рецептов оружия «Заклинатель бурь» (фокус, скипетр, посох или факел), сундуки с материалами для крафта, документы миссии или утиль чарров."
"Double-click to open.
Contains a choice of Stormcaller weapon recipes (hammer, mace, rifle, or shield), crafting material coffers, mission documents, or charr salvage.","Дважды щелкните, чтобы открыть.
Содержит выбор рецептов оружия «Заклинатель бурь» (молот, булава, винтовка или щит), сундуки с материалами для крафта, документы миссии или утиль чарров."
"Double-click to open.
Contains a Pristine Fractal Relic, 2 +1 Agony Infusions, a Fractal Encryption Key, 3 Resonating Slivers, and a chance for rare items.
Bonus rewards with the Agony Channeler or Recursive Resourcing mastery.","Дважды щелкните, чтобы открыть.
Содержит нетронутую фрактальную реликвию, 2 +1 агонизирующих инфузии, ключ шифрования фракталов, 3 резонирующих осколка и шанс получить редкие предметы.
Бонусные награды с мастерством «Канал агонии» или «Рекурсивное извлечение ресурсов»."
"Double-click to open.
Contains a Pristine Fractal Relic, 2 +1 Agony Infusions, a Fractal Encryption Key, 4 Resonating Slivers, and a chance for rare items.
Bonus rewards with the Agony Channeler or Recursive Resourcing mastery.","Дважды щелкните, чтобы открыть.
Содержит нетронутую фрактальную реликвию, 2 +1 агонизирующих инфузии, ключ шифрования фракталов, 4 резонирующих осколка и шанс получить редкие предметы.
Бонусные награды с мастерством «Канал агонии» или «Рекурсивное извлечение ресурсов»."
"Double-click to open.
Contains a Pristine Fractal Relic, 2 +1 Agony Infusions, a Large Mist Mobility Potion, 3 Fractal Encryptions, and a Fractal Research Page.
Bonus rewards with the Agony Channeler or Recursive Resourcing Mastery.","Дважды щелкните, чтобы открыть.
Содержит нетронутую фрактальную реликвию, 2 +1 агонизирующих инфузии, большое зелье туманной мобильности, 3 фрактальных шифрования и страницу фрактальных исследований.
Бонусные награды с мастерством «Канал агонии» или «Рекурсивное извлечение ресурсов»."
"Double-click to open.
Contains a Pristine Fractal Relic, 2 +1 Agony Infusions, a Large Mist Offensive Potion, 3 Fractal Encryptions, and a Fractal Research Page.
Bonus rewards with the Agony Channeler or Recursive Resourcing Mastery.","Дважды щелкните, чтобы открыть.
Содержит нетронутую фрактальную реликвию, 2 +1 агонизирующих инфузии, большое зелье туманного наступления, 3 фрактальных шифрования и страницу фрактальных исследований.
Бонусные награды с мастерством «Канал агонии» или «Рекурсивное извлечение ресурсов»."
"Double-click to open.
Contains a Pristine Fractal Relic, a +1 Agony Infusion, a Fractal Encryption Key, 2 Resonating Slivers, and a chance for rare items.
Bonus rewards with the Agony Channeler or Recursive Resourcing Mastery.","Дважды щелкните, чтобы открыть.
Содержит нетронутую фрактальную реликвию, +1 агонизирующую инфузию, ключ шифрования фракталов, 2 резонирующих осколка и шанс получить редкие предметы.
Бонусные награды с мастерством «Канал агонии» или «Рекурсивное извлечение ресурсов»."
"Double-click to open.
Contains a Pristine Fractal Relic, a +1 Agony Infusion, a Fractal Encryption Key, a Resonating Sliver, and a chance for rare items.
Bonus rewards with the Agony Channeler or Recursive Resourcing mastery.","Дважды щелкните, чтобы открыть.
Содержит нетронутую фрактальную реликвию, +1 агонизирующую инфузию, ключ шифрования фракталов, резонирующий осколок и шанс получить редкие предметы.
Бонусные награды с мастерством «Канал агонии» или «Рекурсивное извлечение ресурсов»."
"Double-click to open.
Contains a Pristine Fractal Relic, a +1 Agony Infusion, a Large Mist Defensive Potion, 2 Fractal Encryptions, and a Fractal Research Page.
Bonus rewards with the Agony Channeler or the Recursive Resourcing Mastery.","Дважды щелкните, чтобы открыть.
Содержит нетронутую фрактальную реликвию, +1 агонизирующую инфузию, большое зелье туманной защиты, 2 фрактальных шифрования и страницу фрактальных исследований.
Бонусные награды с мастерством «Канал агонии» или «Рекурсивное извлечение ресурсов»."
"Double-click to open.
Contains a Pristine Fractal Relic, a +1 Agony Infusion, a Writ of Experience, two Fractal Encryption Keys, and a chance for rare items.
Bonus rewards with the Agony Channeler or the Recursive Resourcing mastery.","Дважды щелкните, чтобы открыть.
Содержит нетронутый фрактальный реликт, +1 агонизирующее зачарование, свиток опыта, два ключа для шифрования фракталов и шанс на редкие предметы.
Бонусные награды с мастерством «Канал агонии» или «Рекурсивное ресурсоснабжение»."
"Double-click to open.
Contains a Wintersday Gift Tree node for your home instance along with a special star item.","Дважды щелкните, чтобы открыть.
Содержит узел Древа подарков Зимнего дня для вашего домашнего экземпляра, а также особый предмет-звезду."
"Double-click to open.
Contains bonus loot from Strike Mission: Cold War.","Дважды щелкните, чтобы открыть.
Содержит бонусную добычу из рейда «Холодная война»."
"Double-click to open.
Contains loot from creatures.
<c=@reminder>Affected by magic-find bonuses.</c>","Дважды щелкните, чтобы открыть.
Содержит добычу с существ.
<c=@reminder>Зависит от бонусов к поиску магии.</c>"
"Double-click to open.
Contains materials from Amnytas.",
"Double-click to open.
Contains materials from Castora.","Дважды щелкните, чтобы открыть.
Содержит материалы от Касторы."
"Double-click to open.
Contains materials from Inner Nayos.","Дважды щелкните, чтобы открыть.
Содержит материалы из Внутреннего Найоса."
"Double-click to open.
Contains materials from Janthir.","Дважды щелкните, чтобы открыть.
Содержит материалы из Джантира."
"Double-click to open.
Contains materials from Skywatch Archipelago.",
"Double-click to open.
Contains materials gathered by the Crystal Bloom.","Дважды щелкните, чтобы открыть.
Содержит материалы, собранные Кристальным Цветком."
"Double-click to open.
Contains materials gathered by the Deldrimor dwarves.","Дважды щелкните, чтобы открыть.
Содержит материалы, собранные дварфами Дельдримора."
"Double-click to open.
Contains materials gathered by the Ebon Vanguard.","Дважды щелкните, чтобы открыть.
Содержит материалы, собранные Эбеновым Авангардом."
"Double-click to open.
Contains materials gathered by the Exalted.","Дважды щелкните, чтобы открыть.
Содержит материалы, собранные Возвышенными."
"Double-click to open.
Contains materials gathered by the kodan.","Дважды щелкните, чтобы открыть.
Содержит материалы, собранные коданами."
"Double-click to open.
Contains materials gathered by the Olmakhan.","Дважды щелкните, чтобы открыть.
Содержит материалы, собранные Олмакханами."
"Double-click to open.
Contains materials gathered by the skritt.","Дважды щелкните, чтобы открыть.
Содержит материалы, собранные скриттами."
"Double-click to open.
Contains materials gathered by the tengu.","Дважды щелкните, чтобы открыть.
Содержит материалы, собранные тенгу."
"Double-click to open.
Contains materials gathered from Dragon's End.","Дважды щелкните, чтобы открыть.
Содержит материалы, собранные в Драконьем Пределе."
"Double-click to open.
Contains materials gathered from Echovald Wilds.","Дважды щелкните, чтобы открыть.
Содержит материалы, собранные в Эховальдских Пустошах."
"Double-click to open.
Contains materials gathered from New Kaineng City.","Дважды щелкните, чтобы открыть.
Содержит материалы, собранные в Новом Кайненге."
"Double-click to open.
Contains materials gathered from Seitung Province.","Дважды щелкните, чтобы открыть.
Содержит материалы, собранные в провинции Сейтун."
"Double-click to open.
Contains unique survey rewards acquired by completing the lane's survey with high participation.","Дважды щелкните, чтобы открыть.
Содержит уникальные награды за разведку, полученные за завершение разведки линии с высоким участием."
"Double-click to open.
Earned by winning rounds of Dragon Ball.
Contains 1 Token of the Dragon Ball Champion, 5 Little Lucky Envelopes, and rare gear.",
"Double-click to open.
The weapons in this box unlock a journey to acquire multiple versions of their appearances.","Дважды щелкните, чтобы открыть.
Оружие в этом сундуке открывает путешествие для получения нескольких версий их обликов."
"Double-click to open.
This set contains the Fiery Blade Axe skin and Icy Blade Axe skin.","Дважды щелкните, чтобы открыть.
Этот набор содержит облик Огненного лезвия топора и облик Ледяного лезвия топора."
"Double-click to open. 

Contains a Legendary Insight, a boss token used to obtain guild or homestead decorations, and a piece of exotic gear.",
Double-click to open. <c=@flavor>Finders keepers!</c>,"Дважды щелкните, чтобы открыть. <c=@flavor>Кто нашел, того и вещь!</c>"
"Double-click to open. Choose an account-bound weight class of the Visage of Nourys. (This item cannot be sold.)

<c=@flavor>""Look at the big spender with all this stardust! Rich.""</c>","Дважды щелкните, чтобы открыть. Выберите привязанный к учетной записи класс веса личины Нурис. (Этот предмет нельзя продать.)

<c=@flavor>«Ишь, транжира, сколько звездной пыли! Богач.»</c>"
Double-click to open. Contains 1 Drop of Liquid Karma and 10 Unbound Magic.,Двойной щелчок для открытия. Содержит 1 каплю жидкой кармы и 10 Едких зелий.
"Double-click to open. Contains 1 Empyreal Star, 1 Dragonite Ingot, and 1 Bloodstone Brick.","Дважды щелкните, чтобы открыть. Содержит 1 небесную звезду, 1 слиток драконита и 1 кирпич кровавого камня."
Double-click to open. Contains 1 laurel.,"Дважды щелкните, чтобы открыть. Содержит 1 лавр."
"Double-click to open. Contains 1 Mystic Coin, a Resonating Sliver, and a Writ of Experience.","Дважды щелкните, чтобы открыть. Содержит 1 мистическую монету, резонирующий осколок и свиток опыта."
"Double-click to open. Contains 1 of the following: Mystic Forge Stone, Black Lion Chest Key, Transmutation Charge, Box of Fun, Merchant Express, Bank Access Express, Black Lion Salvage Kit, Trading Post Express, Instant Repair Canister, or Revive Orb.","Дважды щелкните, чтобы открыть. Содержит 1 из следующего: камень Таинственной кузницы, ключ от сундука Черного льва, заряд трансмутации, коробка веселья, торговый экспресс, экспресс доступа к банку, набор для разбора Черного льва, экспресс доставки Торговой гильдии, мгновенный ремонтный баллончик или сфера возрождения."
"Double-click to open. Contains 1 Sip of Liquid Karma, 1 Blood Ruby, 25 Unbound Magic, and 1 Scrap of Maguuma Mastery (Autoconsume).","Дважды щелкните, чтобы открыть. Содержит 1 глоток жидкой кармы, 1 кровавый рубин, 25 несвязанной магии и 1 обрывок мастерства Магуумы (автопотребление)."
"Double-click to open. Contains 1 Sip of Liquid Karma, 1 Branded Mass, 25 Volatile Magic, and 1 Scrap of Desert Mastery (Autoconsume).","Дважды щелкните, чтобы открыть. Содержит 1 глоток жидкой кармы, 1 клейменую массу, 25 нестабильной магии и 1 обрывок мастерства Пустыни (автопотребление)."
"Double-click to open. Contains 1 Sip of Liquid Karma, 1 Difluorite Crystal, 25 Volatile Magic, and 1 Scrap of Desert Mastery (Autoconsume).","Дважды щелкните, чтобы открыть. Содержит 1 глоток жидкой кармы, 1 кристалл дифторита, 25 нестабильной магии и 1 обрывок мастерства Пустыни (автопотребление)."
"Double-click to open. Contains 1 Sip of Liquid Karma, 1 Fire Orchid blossom, 25 Unbound Magic, and 1 Scrap of Maguuma Mastery (Autoconsume).","Дважды щелкните, чтобы открыть. Содержит 1 глоток жидкой кармы, 1 цветок огненной орхидеи, 25 несвязанной магии и 1 обрывок мастерства Магуумы (автопотребление)."
"Double-click to open. Contains 1 Sip of Liquid Karma, 1 Hatched Chili, 25 Volatile Magic, and 1 Scrap of Icebrood Saga Mastery (Autoconsume).","Дважды щелкните, чтобы открыть. Содержит 1 глоток жидкой кармы, 1 вылупленный перец, 25 нестабильной магии и 1 обрывок мастерства Саги о Ледяных Потоках (автопотребление)."
"Double-click to open. Contains 1 Sip of Liquid Karma, 1 Imperial Favor, and 1 Scrap of End of Dragons Mastery (Autoconsume).","Дважды щелкните, чтобы открыть. Содержит 1 глоток жидкой кармы, 1 имперскую благосклонность и 1 обрывок мастерства Заката Драконов (автопотребление)."
"Double-click to open. Contains 1 Sip of Liquid Karma, 1 Inscribed Shard, 25 Volatile Magic, and 1 Scrap of Desert Mastery (Autoconsume).","Дважды щелкните, чтобы открыть. Содержит 1 глоток жидкой кармы, 1 исписанный осколок, 25 нестабильной магии и 1 обрывок мастерства Пустыни (автопотребление)."
"Double-click to open. Contains 1 Sip of Liquid Karma, 1 Jade Shard, 25 Unbound Magic, and 1 Scrap of Maguuma Mastery (Autoconsume).","Дважды щелкните, чтобы открыть. Содержит 1 глоток жидкой кармы, 1 осколок нефрита, 25 несвязанной магии и 1 обрывок мастерства Магуумы (автопотребление)."
"Double-click to open. Contains 1 Sip of Liquid Karma, 1 Lump of Mistonium, 25 Volatile Magic, and 1 Scrap of Desert Mastery (Autoconsume).","Дважды щелкните, чтобы открыть. Содержит 1 глоток жидкой кармы, 1 комок мистония, 25 нестабильной магии и 1 обрывок мастерства Пустыни (автопотребление)."
"Double-click to open. Contains 1 Sip of Liquid Karma, 1 Machete, and 1 Scrap of Maguuma Mastery (Autoconsume).","Дважды щелкните, чтобы открыть. Содержит 1 глоток жидкой кармы, 1 мачете и 1 обрывок мастерства Магуумы (автопотребление)."
"Double-click to open. Contains 1 Sip of Liquid Karma, 1 Orrian Pearl, 25 Unbound Magic, and 1 Scrap of Maguuma Mastery (Autoconsume).","Дважды щелкните, чтобы открыть. Содержит 1 глоток жидкой кармы, 1 оррскую жемчужину, 25 несвязанной магии и 1 обрывок мастерства Магуумы (автопотребление)."
"Double-click to open. Contains 1 Sip of Liquid Karma, 1 Petrified Wood, 25 Unbound Magic, and 1 Scrap of Maguuma Mastery (Autoconsume).","Дважды щелкните, чтобы открыть. Содержит: 1 глоток жидкой кармы, 1 окаменелое дерево, 25 несвязанной магии и 1 обрывок мастерства Магуумы (автопотребление)."
"Double-click to open. Contains 1 Sip of Liquid Karma, 1 Writ of Dragon's End, and 1 Scrap of End of Dragons Mastery (Autoconsume).","Дважды щелкните, чтобы открыть. Содержит: 1 глоток жидкой кармы, 1 свиток Края Дракона и 1 обрывок мастерства «Конец драконов» (автопотребление)."
"Double-click to open. Contains 1 Sip of Liquid Karma, 1 Writ of Echovald Wilds, and 1 Scrap of End of Dragons Mastery (Autoconsume).","Дважды щелкните, чтобы открыть. Содержит: 1 глоток жидкой кармы, 1 свиток Эховальдских пустошей и 1 обрывок мастерства «Конец драконов» (автопотребление)."
"Double-click to open. Contains 1 Sip of Liquid Karma, 1 Writ of New Kaineng City, and 1 Scrap of End of Dragons Mastery (Autoconsume).","Дважды щелкните, чтобы открыть. Содержит: 1 глоток жидкой кармы, 1 свиток Нового Кайнен-Сити и 1 обрывок мастерства «Конец драконов» (автопотребление)."
"Double-click to open. Contains 1 Sip of Liquid Karma, 1 Writ of Seitung Province, and 1 Scrap of End of Dragons Mastery (Autoconsume).","Дважды щелкните, чтобы открыть. Содержит: 1 глоток жидкой кармы, 1 свиток провинции Сейтун и 1 обрывок мастерства «Конец драконов» (автопотребление)."
"Double-click to open. Contains 1 Sip of Liquid Karma, 10 Airship Parts, and 1 Scrap of Maguuma Mastery (Autoconsume).","Дважды щелкните, чтобы открыть. Содержит: 1 глоток жидкой кармы, 10 деталей дирижабля и 1 обрывок мастерства Магуумы (автопотребление)."
"Double-click to open. Contains 1 Sip of Liquid Karma, 10 Ley-Line Crystals, and 1 Scrap of Maguuma Mastery (Autoconsume).","Дважды щелкните, чтобы открыть. Содержит: 1 глоток жидкой кармы, 10 кристаллов леевых линий и 1 обрывок мастерства Магуумы (автопотребление)."
"Double-click to open. Contains 1 Sip of Liquid Karma, 10 Lumps of Aurillium, and 1 Scrap of Maguuma Mastery (Autoconsume).","Дважды щелкните, чтобы открыть. Содержит: 1 глоток жидкой кармы, 10 кусков ауриллиума и 1 обрывок мастерства Магуумы (автопотребление)."
"Double-click to open. Contains 1 Sip of Liquid Karma, 10 Trade Contracts, and 1 Scrap of Desert Mastery (Autoconsume).","Дважды щелкните, чтобы открыть. Содержит: 1 глоток жидкой кармы, 10 торговых контрактов и 1 обрывок пустынного мастерства (автопотребление)."
"Double-click to open. Contains 1 Sip of Liquid Karma, 2 Eternal Ice Shards, and 1 Scrap of Icebrood Saga Mastery (Autoconsume).","Дважды щелкните, чтобы открыть. Содержит: 1 глоток жидкой кармы, 2 осколка вечного льда и 1 обрывок мастерства «Сага о Ледяном Брате» (автопотребление)."
"Double-click to open. Contains 1 Sip of Liquid Karma, 2 Winterberries, 25 Unbound Magic, and 1 Scrap of Maguuma Mastery (Autoconsume).","Дважды щелкните, чтобы открыть. Содержит: 1 глоток жидкой кармы, 2 зимние ягоды, 25 несвязанной магии и 1 обрывок мастерства Магуумы (автопотребление)."
"Double-click to open. Contains 1 Sip of Liquid Karma, 25 Charr Commendations, and 1 Scrap of Icebrood Saga Mastery (Autoconsume).","Дважды щелкните, чтобы открыть. Содержит: 1 глоток жидкой кармы, 25 знаков отличия чарров и 1 обрывок мастерства «Сага о Ледяном Брате» (автопотребление)."
"Double-click to open. Contains 1 Sip of Liquid Karma, 5 Kralkatite Ore, 25 Volatile Magic, and 1 Scrap of Desert Mastery (Autoconsume).","Дважды щелкните, чтобы открыть. Содержит: 1 глоток жидкой кармы, 5 кралкатитовой руды, 25 нестабильной магии и 1 обрывок пустынного мастерства (автопотребление)."
"Double-click to open. Contains 1 Sip of Liquid Karma, 5 Mistborn Motes, 25 Volatile Magic, and 1 Scrap of Desert Mastery (Autoconsume).","Дважды щелкните, чтобы открыть. Содержит: 1 глоток жидкой кармы, 5 туманных частиц, 25 нестабильной магии и 1 обрывок пустынного мастерства (автопотребление)."
"Double-click to open. Contains 1 Sip of Liquid Karma, 5 Tyrian Defense Seals, and 1 Scrap of Icebrood Saga Mastery (autoconsume).","Дважды щелкните, чтобы открыть. Содержит: 1 глоток жидкой кармы, 5 тирийских оборонительных печатей и 1 обрывок мастерства «Сага о Ледяном Брате» (автопотребление)."
"Double-click to open. Contains 1 Sip of Liquid Karma, a Resonating Sliver, and 2 Writs of Experience.","Дважды щелкните, чтобы открыть. Содержит 1 глоток жидкой кармы, резонирующий осколок и 2 свитка опыта."
Double-click to open. Contains 1 Thimble of Liquid Karma and 1 Scrap of Desert Mastery (Autoconsume).,"Дважды щелкните, чтобы открыть. Содержит 1 наперсток жидкой кармы и 1 обрывок мастерства Пустыни (автопотребление)."
Double-click to open. Contains 1 Thimble of Liquid Karma and 1 Scrap of End of Dragons Mastery (Autoconsume).,"Дважды щелкните, чтобы открыть. Содержит 1 наперсток жидкой кармы и 1 обрывок мастерства Края дракона (автопотребление)."
Double-click to open. Contains 1 Thimble of Liquid Karma and 1 Scrap of Maguuma Mastery (Autoconsume).,"Дважды щелкните, чтобы открыть. Содержит 1 наперсток жидкой кармы и 1 обрывок мастерства Магуумы (автопотребление)."
"Double-click to open. Contains 1 Thimble of Liquid Karma, a Resonating Sliver, and a Writ of Experience.","Дважды щелкните, чтобы открыть. Содержит 1 наперсток жидкой кармы, резонирующий осколок и свиток опыта."
Double-click to open. Contains 1 Tome of Knowledge.,"Двойной щелчок, чтобы открыть. Содержит 1 том знаний."
Double-click to open. Contains 10 laurels.,"Дважды щелкните, чтобы открыть. Содержит 10 лавров."
Double-click to open. Contains 100 Ascalonian Tears and 1 Tome of Knowledge.,"Дважды щелкните, чтобы открыть. Содержит 100 аскалонских слез и 1 фолиант знаний."
Double-click to open. Contains 100 Deadly Blooms and 1 Tome of Knowledge.,"Дважды щелкните, чтобы открыть. Содержит 100 смертоносных цветов и 1 фолиант знаний."
Double-click to open. Contains 100 Flame Legion Charr Carvings and 1 Tome of Knowledge.,"Дважды щелкните, чтобы открыть. Содержит 100 резных изображений чаров Легиона Пламени и 1 фолиант знаний."
Double-click to open. Contains 100 Knowledge Crystals and 1 Tome of Knowledge.,"Дважды щелкните, чтобы открыть. Содержит 100 кристаллов знаний и 1 фолиант знаний."
Double-click to open. Contains 100 Manifestos of the Moletariate and 1 Tome of Knowledge.,"Дважды щелкните, чтобы открыть. Содержит 100 манифестов Молетархата и 1 фолиант знаний."
Double-click to open. Contains 100 Seals of Beetletun and 1 Tome of Knowledge.,"Дважды щелкните, чтобы открыть. Содержит 100 печатей Битлтауна и 1 фолиант знаний."
Double-click to open. Contains 100 Shards of Zhaitan and 1 Tome of Knowledge.,"Дважды щелкните, чтобы открыть. Содержит 100 осколков Жаитана и 1 фолиант знаний."
Double-click to open. Contains 100 Symbols of Koda and 1 Tome of Knowledge.,"Дважды щелкните, чтобы открыть. Содержит 100 символов Коды и 1 фолиант знаний."
Double-click to open. Contains 15 laurels.,"Дважды щелкните, чтобы открыть. Содержит 15 лавров."
Double-click to open. Contains 150 Flame Legion Carvings.,
Double-click to open. Contains 150 Tales of Dungeon Delving.,"Дважды щелкните, чтобы открыть. Содержит 150 рассказов о подземельях."
Double-click to open. Contains 2 laurels.,"Дважды щелкните, чтобы открыть. Содержит 2 лавра."
Double-click to open. Contains 2 Mystic Coins.,"Дважды щелкните, чтобы открыть. Содержит 2 мистические монеты."
Double-click to open. Contains 2 Tomes of Knowledge.,"Дважды щелкните, чтобы открыть. Содержит 1 фолиант знаний."
Double-click to open. Contains 20 Laurels.,"Дважды щелкните, чтобы открыть. Содержит 20 лавров."
Double-click to open. Contains 200 luck.,"Дважды щелкните, чтобы открыть. Содержит 200 удачи."
"Double-click to open. Contains 25 Dragonite Ore, 2 Writs of Experience, a Resonating Sliver, and a piece of equipment.","Дважды щелкните, чтобы открыть. Содержит 25 драконитовой руды, 2 свитка опыта, резонирующий осколок и единицу снаряжения."
"Double-click to open. Contains 25 Empyreal Fragments, a Resonating Sliver, 2 Writs of Experience, and 2 pieces of equipment.","Дважды щелкните, чтобы открыть. Содержит 25 эмпирейных фрагментов, резонирующий осколок, 2 свитка опыта и 2 единицы снаряжения."
"Double-click to open. Contains 3 Globs of Ectoplasm, a Resonating Sliver, and 2 Writs of Experience.","Дважды щелкните, чтобы открыть. Содержит 3 сгустка эктоплазмы, резонирующий осколок и 2 свитка опыта."
Double-click to open. Contains 3 laurels.,"Дважды щелкните, чтобы открыть. Содержит 3 лавра."
Double-click to open. Contains 3 Tomes of Knowledge.,"Двойной щелчок, чтобы открыть. Содержит 3 тома знаний."
Double-click to open. Contains 3 Transmutation Charges.,"Дважды щелкните, чтобы открыть. Содержит 3 заряда трансмутации."
Double-click to open. Contains 4 laurels.,"Дважды щелкните, чтобы открыть. Содержит 4 лавра."
Double-click to open. Contains 4 Mystic Coins.,"Дважды щелкните, чтобы открыть. Содержит 4 Мистические монеты."
Double-click to open. Contains 4 Tomes of Knowledge.,Двойной щелчок для открытия. Содержит 4 тома знаний.
Double-click to open. Contains 40 Ascalonian Tears.,"Дважды щелкните, чтобы открыть. Содержит 40 Аскалонских слез."
Double-click to open. Contains 40 Deadly Blooms.,"Дважды щелкните, чтобы открыть. Содержит 40 Смертоносных цветов."
Double-click to open. Contains 40 Knowledge Crystals.,"Дважды щелкните, чтобы открыть. Содержит 40 Кристаллов знаний."
Double-click to open. Contains 40 Manifestos of the Moletariate.,"Дважды щелкните, чтобы открыть. Содержит 40 Манифестов Молеториата."
Double-click to open. Contains 40 Seals of Beetletun.,"Дважды щелкните, чтобы открыть. Содержит 40 Печатей Битлтауна."
Double-click to open. Contains 40 Shards of Zhaitan.,"Дважды щелкните, чтобы открыть. Содержит 40 Осколков Жаитана."
Double-click to open. Contains 40 Symbols of Koda.,"Дважды щелкните, чтобы открыть. Содержит 40 Символов Коды."
Double-click to open. Contains 400 luck.,"Дважды щелкните, чтобы открыть. Содержит 400 удачи."
Double-click to open. Contains 6 Mystic Coins.,"Дважды щелкните, чтобы открыть. Содержит 6 Мистических монет."
Double-click to open. Contains 6 Tomes of Knowledge.,Двойной щелчок для открытия. Содержит 6 томов знаний.
Double-click to open. Contains 600 luck.,"Дважды щелкните, чтобы открыть. Содержит 600 удачи."
Double-click to open. Contains 8 Mystic Coins.,"Дважды щелкните, чтобы открыть. Содержит 8 Мистических монет."
Double-click to open. Contains 8 Obsidian Shards and 7 Mystic Clovers.,"Дважды щелкните, чтобы открыть. Содержит 8 осколков обсидиана и 7 мистических клеверов."
Double-click to open. Contains 800 luck.,"Дважды щелкните, чтобы открыть. Содержит 800 удачи."
Double-click to open. Contains a 10-slot bag and 3 Explorer's Boosters.,"Дважды щелкните, чтобы открыть. Содержит сумку на 10 ячеек и 3 усилителя исследователя."
"Double-click to open. Contains a book of Basic Homestead Recipes, and 120 of each of the three Homestead Materials.","Дважды щелкните, чтобы открыть. Содержит книгу базовых рецептов для усадьбы и по 120 каждого из трех материалов для усадьбы."
Double-click to open. Contains a Celebration Booster.,"Дважды щелкните, чтобы открыть. Содержит праздничный усилитель."
Double-click to open. Contains a choice of 150 tokens from any dungeon.,"Дважды щелкните, чтобы открыть. Содержит выбор из 150 жетонов из любого подземелья."
"Double-click to open. Contains a choice of a level 10 Enhanced Mighty weapon, 3 choices of dye unlocks, 5 transmutation charges, and a Royal Terrace two-week pass.","Дважды щелкните, чтобы открыть. Содержит выбор: улучшенное могучее оружие 10-го уровня, 3 варианта разблокировки красителей, 5 зарядов трансмутации и двухнедельный пропуск в Королевскую террасу."
Double-click to open. Contains a choice of one account-bound Destroyer weapon. Unlocks the Destroyer Weapons collection.,"Дважды щелкните, чтобы открыть. Содержит выбор одного привязанного к учетной записи оружия Разрушителя. Открывает коллекцию оружия Разрушителя."
Double-click to open. Contains a choice of rewards unique to the air djinn encounter.,"Дважды щелкните, чтобы открыть. Содержит выбор наград, уникальных для встречи с воздушным джинном."
Double-click to open. Contains a choice of rewards unique to the Cairn the Indomitable encounter.,"Дважды щелкните, чтобы открыть. Содержит выбор наград, уникальных для встречи с Несокрушимым Камнем."
Double-click to open. Contains a choice of rewards unique to the Conjured Amalgamate encounter.,"Дважды щелкните, чтобы открыть. Содержит выбор наград, уникальных для встречи с Призванным Амальгамом."
Double-click to open. Contains a choice of rewards unique to the Deimos encounter.,"Дважды щелкните, чтобы открыть. Содержит выбор наград, уникальных для встречи с Деймосом."
Double-click to open. Contains a choice of rewards unique to the Dhuum encounter.,"Дважды щелкните, чтобы открыть. Содержит выбор наград, уникальных для встречи с Дхуумом."
Double-click to open. Contains a choice of rewards unique to the earth djinn encounter.,"Дважды щелкните, чтобы открыть. Содержит выбор наград, уникальных для встречи с земляным джинном."
Double-click to open. Contains a choice of rewards unique to the Mursaat Overseer encounter.,"Дважды щелкните, чтобы открыть. Содержит выбор наград, уникальных для встречи с Надзирателем Мурсаатов."
Double-click to open. Contains a choice of rewards unique to the Qadim encounter.,"Дважды щелкните, чтобы открыть. Содержит выбор наград, уникальных для встречи с Кадимом."
Double-click to open. Contains a choice of rewards unique to the Qadim the Peerless encounter.,"Дважды щелкните, чтобы открыть. Содержит выбор наград, уникальных для встречи с Непревзойденным Кадимом."
Double-click to open. Contains a choice of rewards unique to the Samarog encounter.,"Дважды щелкните, чтобы открыть. Содержит выбор наград, уникальных для встречи с Самарогом."
Double-click to open. Contains a choice of rewards unique to the Soulless Horror encounter.,"Дважды щелкните, чтобы открыть. Содержит выбор наград, уникальных для встречи с Бездушным Ужасом."
Double-click to open. Contains a choice of rewards unique to the Twin Largos encounter.,"Дважды щелкните, чтобы открыть. Содержит выбор наград, уникальных для встречи с Близнецами Ларгос."
Double-click to open. Contains a dye unlock from one of the chosen color sets.,"Дважды щелкните, чтобы открыть. Содержит разблокировку красителя из одного из выбранных наборов цветов."
"Double-click to open. Contains a Gilded Reliquary of the Raven, a Sweet Campfire Treat, and a 32-slot bag.","Дважды щелкните, чтобы открыть. Содержит позолоченную реликвию ворона, сладкое лакомство у костра и сумку на 32 ячейки."
"Double-click to open. Contains a Helm of the Dragonrender box, a Sweet Campfire Treat, a 20-slot bag, and a 28-slot bag recipe.","Дважды щелкните, чтобы открыть. Содержит коробку шлема укротителя драконов, сладкое лакомство у костра, сумку на 20 ячеек и рецепт сумки на 28 ячеек."
"Double-click to open. Contains a permanent 2%% increase to account gold find and choice of Ascended Crafting Materials, Legendary Crafting Materials, Laurels, or Tomes of Knowledge.","Дважды щелкните, чтобы открыть. Содержит постоянное увеличение поиска золота на 2%% и выбор из Вознесённых материалов для крафта, Легендарных материалов для крафта, Лавров или Фолиантов знаний."
Double-click to open. Contains a piece of exotic gear for elementalists.,"Дважды щелкните, чтобы открыть. Содержит предмет экзотического снаряжения для элементалистов."
Double-click to open. Contains a piece of exotic gear for engineers.,"Дважды щелкните, чтобы открыть. Содержит предмет экзотического снаряжения для инженеров."
Double-click to open. Contains a piece of exotic gear for guardians.,"Дважды щелкните, чтобы открыть. Содержит предмет экзотического снаряжения для стражей."
Double-click to open. Contains a piece of exotic gear for mesmers.,"Дважды щелкните, чтобы открыть. Содержит предмет экзотического снаряжения для месмеров."
Double-click to open. Contains a piece of exotic gear for necromancers.,"Дважды щелкните, чтобы открыть. Содержит предмет экзотического снаряжения для некромантов."
Double-click to open. Contains a piece of exotic gear for rangers.,"Дважды щелкните, чтобы открыть. Содержит предмет экзотического снаряжения для рейнджеров."
Double-click to open. Contains a piece of exotic gear for revenants.,"Дважды щелкните, чтобы открыть. Содержит предмет экзотического снаряжения для ревенантов."
Double-click to open. Contains a piece of exotic gear for thieves.,"Дважды щелкните, чтобы открыть. Содержит предмет экзотического снаряжения для воров."
Double-click to open. Contains a piece of exotic gear for warriors.,"Дважды щелкните, чтобы открыть. Содержит предмет экзотического снаряжения для воинов."
Double-click to open. Contains a piece of exotic gear.,"Дважды щелкните, чтобы открыть. Содержит предмет экзотического снаряжения."
"Double-click to open. Contains a Portal Note for 5 free teleports to starter maps, 1,000 karma, and 3 Heroic Boosters.","Дважды щелкните, чтобы открыть. Содержит портальную заметку на 5 бесплатных телепортов на стартовые карты, 1000 кармы и 3 героических усилителя."
"Double-click to open. Contains a Pristine Fractal Relic, 10 +1 Agony Infusions, a Resonating Sliver, a Tome of Knowledge, 3 Fractal Encryption Keys, and a Stabilizing Matrix.","Дважды щелкните, чтобы открыть. Содержит нетронутый фрактальный реликт, 10 +1 вливаний агонии, резонирующий осколок, фолиант знаний, 3 ключа фрактального шифрования и стабилизирующую матрицу."
"Double-click to open. Contains a Pristine Fractal Relic, 3 +1 Agony Infusions, a Resonating Sliver, a Tome of Knowledge, a Stabilizing Matrix, and Fractal Encryption Key.","Дважды щелкните, чтобы открыть. Содержит нетронутый фрактальный реликт, 3 +1 вливания агонии, резонирующий осколок, фолиант знаний, стабилизирующую матрицу и ключ фрактального шифрования."
"Double-click to open. Contains a Pristine Fractal Relic, 3 +1 Agony Infusions, a Resonating Sliver, a Tome of Knowledge, and a Stabilizing Matrix.","Дважды щелкните, чтобы открыть. Содержит нетронутый фрактальный реликт, 3 +1 вливания агонии, резонирующий осколок, фолиант знаний и стабилизирующую матрицу."
"Double-click to open. Contains a Pristine Fractal Relic, 5 +1 Agony Infusions, a Resonating Sliver, a Tome of Knowledge, 2 Fractal Encryption Keys, and a Stabilizing Matrix.","Дважды щелкните, чтобы открыть. Содержит нетронутый фрактальный реликт, 5 +1 вливаний агонии, резонирующий осколок, фолиант знаний, 2 ключа фрактального шифрования и стабилизирующую матрицу."
"Double-click to open. Contains a rare item, a Resonating Sliver, and 2 Writs of Experience.","Дважды щелкните, чтобы открыть. Содержит редкий предмет, Резонирующий осколок и 2 Свитка опыта."
"Double-click to open. Contains a Raven Spirit Shadow that can be summoned, a Raven Statue decoration, a 24-slot bag, and a 32-slot bag recipe.","Дважды щелкните, чтобы открыть. Содержит тень духа ворона, которую можно призвать, украшение «Статуя ворона», сумку на 24 слота и рецепт сумки на 32 слота."
"Double-click to open. Contains a shard of glory, a Resonating Sliver, and bonus experience for your current reward track.","Дважды щелкните, чтобы открыть. Содержит осколок славы, Резонирующий осколок и бонусный опыт для вашего текущего пути наград."
"Double-click to open. Contains a single piece of masterwork or better gear, as well as various bits of junk that Drooburt seems to have collected.","Дважды щелкните, чтобы открыть. Содержит один предмет снаряжения мастерского качества или лучше, а также различные хлам, который, похоже, собрал Друбурт."
Double-click to open. Contains a single piece of masterwork or better gear.,"Дважды щелкните, чтобы открыть. Содержит один предмет снаряжения мастерского качества или лучше."
"Double-click to open. Contains a Vision Crystal and 1 or 2 ascended cloth, leather, metal, or wood crafting materials.","Дважды щелкните, чтобы открыть. Содержит Кристалл видения и 1 или 2 вознесённых материала для крафта: ткань, кожу, металл или дерево."
"Double-click to open. Contains a Writ of Experience, a Resonating Sliver, and a Bag of Masterwork Gear.","Дважды щелкните, чтобы открыть. Содержит Свиток опыта, Резонирующий осколок и Сумку с мастерским снаряжением."
Double-click to open. Contains an account bound version of the Bench of the Final Judge.,"Дважды щелкните, чтобы открыть. Содержит привязанную к учетной записи версию Скамьи Последнего Судьи."
"Double-click to open. Contains Badges of Honor, Resonating Slivers, a Potion of WvW Rewards, and a Mist-Hardened Lockbox.","Дважды щелкните, чтобы открыть. Содержит знаки почета, резонирующие осколки, зелье наград WvW и закаленный туманом сундук."
"Double-click to open. Contains Badges of Honor, Resonating Slivers, Potions of WvW Rewards, and a Mist-Hardened Lockbox.","Дважды щелкните, чтобы открыть. Содержит знаки почета, резонирующие осколки, зелья наград WvW и закаленный туманом сундук."
"Double-click to open. Contains Badges of Honor, Resonating Slivers, Skirmish Claim Tickets, and Mist-Hardened Lockboxes.","Дважды щелкните, чтобы открыть. Содержит знаки почета, резонирующие осколки, жетоны стычек и закаленные туманом сундуки."
"Double-click to open. Contains Badges of Honor, Tomes of Knowledge, Resonating Slivers, Potions of WvW Rewards, and a Mist-Hardened Lockbox.","Дважды щелкните, чтобы открыть. Содержит знаки почета, фолианты знаний, резонирующие осколки, зелья наград WvW и закаленный туманом сундук."
Double-click to open. Contains boots that are more powerful than standard level 5 boots.,"Дважды щелкните, чтобы открыть. Содержит ботинки, более мощные, чем стандартные ботинки 5-го уровня."
Double-click to open. Contains chestpieces that are more powerful than standard level 5 chestpieces.,"Дважды щелкните, чтобы открыть. Содержит нагрудники, более мощные, чем стандартные нагрудники 5-го уровня."
Double-click to open. Contains choice of 6 canned food.,"Дважды щелкните, чтобы открыть. Содержит выбор из 6 консервов."
Double-click to open. Contains cloth and logs.,"Дважды щелкните, чтобы открыть. Содержит ткань и бревна."
Double-click to open. Contains crafting materials from creatures found in Tyria.,"Дважды щелкните, чтобы открыть. Содержит материалы для крафта от существ, обитающих в Тирии."
"Double-click to open. Contains gear, including Reclaimed gear with rare salvage bonus items. May also contain Airship Parts.","Дважды щелкните, чтобы открыть. Содержит снаряжение, в том числе восстановленное снаряжение с редкими бонусными предметами при разборке. Также может содержать детали дирижабля."
"Double-click to open. Contains gear, including Reclaimed gear with rare salvage bonus items. May also contain Ley-Line Crystals.","Дважды щелкните, чтобы открыть. Содержит снаряжение, включая восстановленное снаряжение с редкими бонусными предметами для разбора. Также может содержать кристаллы линий магии."
"Double-click to open. Contains gear, including Reclaimed gear with rare salvage bonus items. May also contain Lumps of Aurillium.","Дважды щелкните, чтобы открыть. Содержит снаряжение, включая восстановленное снаряжение с редкими бонусными предметами для разбора. Также может содержать куски ауриллиума."
Double-click to open. Contains gloves that are more powerful than standard level 5 gloves.,"Дважды щелкните, чтобы открыть. Содержит перчатки, более мощные, чем стандартные перчатки 5-го уровня."
Double-click to open. Contains helms that are more powerful than standard level 5 helms.,"Дважды щелкните, чтобы открыть. Содержит шлемы, более мощные, чем стандартные шлемы 5-го уровня."
Double-click to open. Contains leggings that are more powerful than standard level 5 leggings.,"Дважды щелкните, чтобы открыть. Содержит поножи, более мощные, чем стандартные поножи 5-го уровня."
Double-click to open. Contains loot found in large essence chests or rewarded from earning gold rank in the Raven Sanctum raid encounter.,"Дважды щелкните, чтобы открыть. Содержит добычу, найденную в больших сундуках эссенции или полученную за получение золотого ранга в рейдовом испытании «Святилище Ворона»."
Double-click to open. Contains loot found in large essence chests or rewarded from earning gold rank in the Whisper of Jormag raid encounter.,"Дважды щёлкните, чтобы открыть. Содержит добычу из больших сундуков сущности или награду за получение золотого ранга в рейдовой встрече «Шёпот Джормага»."
Double-click to open. Contains loot found in medium essence chests or rewarded from earning silver rank in the Raven Sanctum raid encounter.,"Дважды щёлкните, чтобы открыть. Содержит добычу из средних сундуков с эссенцией или награду за получение серебряного ранга в рейдовом испытании «Воронье святилище»."
Double-click to open. Contains loot found in medium essence chests or rewarded from earning silver rank in the Whisper of Jormag raid encounter.,"Дважды щёлкните, чтобы открыть. Содержит добычу из средних сундуков эссенции или награду за серебряный ранг в рейдовой встрече «Шёпот Джормага»."
Double-click to open. Contains loot found in small essence chests or rewarded from earning bronze rank in the Raven Sanctum raid encounter.,"Дважды щёлкните, чтобы открыть. Содержит добычу из малых сундуков сущности или награду за получение бронзового ранга в рейдовом испытании «Воронье святилище»."
Double-click to open. Contains loot found in small essence chests or rewarded from earning bronze rank in the Whisper of Jormag raid encounter.,"Дважды щёлкните, чтобы открыть. Содержит добычу из малых сундуков сущности или награду за получение бронзового ранга в рейдовом столкновении «Шёпот Джормага»."
Double-click to open. Contains loot rewarded for earning bronze rank in the Cold War raid encounter.,"Дважды щелкните, чтобы открыть. Содержит добычу, полученную за бронзовый ранг в рейдовом испытании «Холодная война»."
Double-click to open. Contains loot rewarded for earning bronze rank in the Shiverpeaks Pass raid encounter.,"Дважды щелкните, чтобы открыть. Содержит добычу, полученную за бронзовый ранг в рейдовом столкновении «Перевал Дрожащих Пиков»."
Double-click to open. Contains loot rewarded for earning Centurion rank in the Forging Steel vision.,"Дважды щелкните, чтобы открыть. Содержит добычу, полученную за достижение ранга «Центурион» в видении «Ковка стали»."
Double-click to open. Contains loot rewarded for earning gold rank in the Cold War raid encounter.,"Дважды щёлкните, чтобы открыть. Содержит добычу, полученную за золотой ранг в рейдовом столкновении «Холодная война»."
Double-click to open. Contains loot rewarded for earning gold rank in the Shiverpeaks Pass raid encounter.,"Дважды щелкните, чтобы открыть. Содержит добычу, выдаваемую за золотой ранг в рейдовом испытании «Перевал Дрожащих вершин»."
Double-click to open. Contains loot rewarded for earning Legionnaire rank in the Forging Steel vision.,"Дважды щелкните, чтобы открыть. Содержит добычу, полученную за достижение ранга легионера в видении «Ковка стали»."
Double-click to open. Contains loot rewarded for earning silver rank in the Cold War raid encounter.,"Дважды щелкните, чтобы открыть. Содержит добычу, выдаваемую за получение серебряного ранга в рейдовой встрече «Холодная война»."
Double-click to open. Contains loot rewarded for earning silver rank in the Shiverpeaks Pass raid encounter.,"Дважды щелкните, чтобы открыть. Содержит добычу, полученную за серебряный ранг в рейдовом испытании «Перевал Дрожащих вершин»."
Double-click to open. Contains loot rewarded for earning Soldier rank in the Forging Steel vision.,"Дважды щелкните, чтобы открыть. Содержит добычу, полученную за достижение звания «Солдат» в видении «Ковка стали»."
Double-click to open. Contains main-hand and two-handed weapons that are more powerful than standard level 10 weapons.,"Дважды щелкните, чтобы открыть. Содержит одноручное и двуручное оружие, более мощное, чем стандартное оружие 10-го уровня."
Double-click to open. Contains Proofs of Heroics and a Tome of Knowledge.,"Дважды щелкните, чтобы открыть. Содержит доказательства героизма и книгу знаний."
"Double-click to open. Contains rare and exotic gear, spirit shards, and crystalline ore.","Дважды щелкните, чтобы открыть. Содержит редкое и экзотическое снаряжение, осколки духа и кристаллическую руду."
"Double-click to open. Contains shards of glory, a Resonating Sliver, and bonus experience for your current reward track.","Дважды щелкните, чтобы открыть. Содержит осколки славы, Резонирующий слиток и бонусный опыт для вашей текущей награды."
Double-click to open. Contains Testimonies of Castoran Heroics and a Tome of Knowledge.,"Дважды щелкните, чтобы открыть. Содержит свидетельства героических деяний Касторана и книгу знаний."
Double-click to open. Contains Testimonies of Heroics and a Tome of Knowledge.,"Дважды щёлкните, чтобы открыть. Содержит свидетельства героических деяний и фолиант знаний."
"Double-click to open. Contains the Raven's Eye Scepter weapon, a Boneskinner Tonic, and a 20-slot bag recipe.","Дважды щелкните, чтобы открыть. Содержит оружие Скипетр Вороньего Ока, тоник из Костешкура и рецепт сумки на 20 слотов."
Double-click to open. Contains various cooking ingredients.,"Дважды щелкните, чтобы открыть. Содержит различные ингредиенты для готовки."
Double-click to open. Contains various fish fillets and 1 Scrap of End of Dragons Mastery (Autoconsume).,"Дважды щелкните, чтобы открыть. Содержит различное филе рыбы и 1 Обрывок мастерства «Конец Драконов» (автопотребление)."
Double-click to open. Contains various fish fillets.,"Дважды щелкните, чтобы открыть. Содержит различное филе рыбы."
Double-click to open. Contains various pieces of lumber and 1 Scrap of Desert Mastery (Autoconsume).,"Дважды щелкните, чтобы открыть. Содержит различные куски древесины и 1 Обрывок мастерства Пустыни (автопотребление)."
Double-click to open. Contains various pieces of lumber and 1 Scrap of End of Dragons Mastery (Autoconsume).,"Дважды щелкните, чтобы открыть. Содержит различные куски древесины и 1 Обрывок мастерства «Конец Драконов» (автопотребление)."
Double-click to open. Contains various pieces of lumber and 1 Scrap of Maguuma Mastery (Autoconsume).,"Дважды щелкните, чтобы открыть. Содержит различные куски древесины и 1 Обрывок мастерства Магуумы (автопотребление)."
"Double-click to open. Contains various pieces of lumber, a Resonating Sliver, and a Writ of Experience.","Дважды щелкните, чтобы открыть. Содержит различные куски древесины, Резонирующий слиток и Свиток опыта."
Double-click to open. Contains various pieces of ore and 1 Scrap of Desert Mastery (Autoconsume).,"Дважды щелкните, чтобы открыть. Содержит различные куски руды и 1 Обрывок мастерства Пустыни (автопотребление)."
Double-click to open. Contains various pieces of ore and 1 Scrap of End of Dragons Mastery (Autoconsume).,"Дважды щелкните, чтобы открыть. Содержит различные куски руды и 1 Обрывок мастерства «Конец Драконов» (автопотребление)."
Double-click to open. Contains various pieces of ore and 1 Scrap of Maguuma Mastery (Autoconsume).,"Дважды щелкните, чтобы открыть. Содержит различные куски руды и 1 Обрывок мастерства Магуумы (автопотребление)."
"Double-click to open. Contains various pieces of ore, a Resonating Sliver, and a Writ of Experience.","Дважды щелкните, чтобы открыть. Содержит различные куски руды, Резонирующий слиток и Свиток опыта."
Double-click to open. Contains various plants and 1 Scrap of Desert Mastery (Autoconsume).,"Дважды щелкните, чтобы открыть. Содержит различные растения и 1 Обрывок мастерства Пустыни (автопотребление)."
Double-click to open. Contains various plants and 1 Scrap of End of Dragons Mastery (Autoconsume).,"Дважды щелкните, чтобы открыть. Содержит различные растения и 1 Обрывок мастерства «Конец Драконов» (автопотребление)."
Double-click to open. Contains various plants and 1 Scrap of Maguuma Mastery (Autoconsume).,"Дважды щелкните, чтобы открыть. Содержит различные растения и 1 Обрывок мастерства Магуумы (автопотребление)."
"Double-click to open. Contains various plants, a Resonating Sliver, and a Writ of Experience.","Дважды щелкните, чтобы открыть. Содержит различные растения, Резонирующий осколок и Свиток опыта."
"Double-click to open. Contains:
• Fallen Balthazar Outfit
• Fallen Balthazar Helm","Дважды щелкните, чтобы открыть. Содержит:
• Наряд павшего Бальтазара
• Шлем павшего Бальтазара"
"Double-click to open. Contains:
• Merchant Express
• Trading Post Express
• Bank Access Express","Дважды щелкните, чтобы открыть. Содержит:
• Экспресс-торговец
• Экспресс-Торговая площадь
• Экспресс-доступ к банку"
"Double-click to open. Contains:
• Revive Orb
• Instant Repair Canister","Дважды щелкните, чтобы открыть. Содержит:
• Сфера возрождения
• Мгновенный ремонтный баллон"
"Double-click to open. Grants a choice of Bear Ceremonial Hood, Sandals, Garb, or Leggings, or charr salvage.
<c=@warn>Contents will be account bound!</c>","Дважды щелкните, чтобы открыть. Дает выбор: Церемониальный капюшон медведя, Сандалии, Одеяние или Поножи, или чааровый утиль.
<c=@warn>Содержимое будет привязано к учетной записи!</c>"
Double-click to open. Grants a choice of Ice Golem's helms. Unlocks all three skins. Contents will be account bound!,
"Double-click to open. Grants a choice of Raven Ceremonial Sandals, Bracers, or Gown, or Eternal Ice Shards. Contents will be account bound!","Дважды щелкните, чтобы открыть. Дает выбор: Церемониальные сандалии ворона, Браслеты или Платье, или Осколки вечного льда. Содержимое будет привязано к учетной записи!"
Double-click to open. Right-click for more options.,"Дважды щелкните, чтобы открыть. Щелкните правой кнопкой мыши для дополнительных опций."
"Double-click to open. Right-click to preview.
Contains 2 gold, karma, and a chance at sweet, sweet loot.","Дважды щелкните, чтобы открыть. Щелкните правой кнопкой мыши для предпросмотра.
Содержит 2 золотых, карму и шанс на сладкую-пресладкую добычу."
"Double-click to open. Right-click to preview.
Contains highly sought-after prizes.",
Double-click to permanently unlock the PvP Twisted Watchwork Finisher.,"Дважды щелкните, чтобы навсегда разблокировать финишер PvP «Искривленная заводная работа»."
"Double-click to pick a recipe for Spearmarshal Boots. Can be learned by armorsmiths, leatherworkers, and tailors.

Purchase these recipes from renown merchants in Elona after learning the base recipes from the story.","Дважды щелкните, чтобы выбрать рецепт Сапог копьемаршала. Могут изучить броненосцы, кожевники и портные.

Купите эти рецепты у известных торговцев в Элоне после изучения базовых рецептов из сюжета."
"Double-click to pick a recipe for Spearmarshal Coats. Can be learned by armorsmiths, leatherworkers, and tailors.

Purchase these recipes from renown merchants in Elona after learning the base recipes from the story.","Дважды щелкните, чтобы выбрать рецепт Курток копьемаршала. Могут изучить броненосцы, кожевники и портные.

Купите эти рецепты у известных торговцев в Элоне после изучения базовых рецептов из сюжета."
"Double-click to pick a recipe for Spearmarshal Gloves. Can be learned by armorsmiths, leatherworkers, and tailors.

Purchase these recipes from renown merchants in Elona after learning the base recipes from the story.","Дважды щелкните, чтобы выбрать рецепт Перчаток копьемаршала. Могут изучить броненосцы, кожевники и портные.

Купите эти рецепты у известных торговцев в Элоне после изучения базовых рецептов из сюжета."
"Double-click to pick a recipe for Spearmarshal Helms. Can be learned by armorsmiths, leatherworkers, and tailors.

Purchase these recipes from renown merchants in Elona after learning the base recipes from the story.","Дважды щелкните, чтобы выбрать рецепт шлемов Копьемаршала. Может быть изучен броненосцами, кожевниками и портными.

Купите эти рецепты у известных торговцев в Элоне после изучения базовых рецептов из сюжета."
"Double-click to pick a recipe for Spearmarshal Pants. Can be learned by armorsmiths, leatherworkers, and tailors.

Purchase these recipes from renown merchants in Elona after learning the base recipes from the story.","Дважды щелкните, чтобы выбрать рецепт штанов Копьемаршала. Может быть изучен броненосцами, кожевниками и портными.

Купите эти рецепты у известных торговцев в Элоне после изучения базовых рецептов из сюжета."
"Double-click to pick a recipe for Spearmarshal Shoulder Pieces. Can be learned by armorsmiths, leatherworkers, and tailors.

Purchase these recipes from renown merchants in Elona after learning the base recipes from the story.","Дважды щелкните, чтобы выбрать рецепт наплечников Копьемаршала. Может быть изучен броненосцами, кожевниками и портными.

Купите эти рецепты у известных торговцев в Элоне после изучения базовых рецептов из сюжета."
"Double-click to pick your choice of rewards.

<c=@flavor>""Can we skip to the good part?""</c>","Дважды щелкните, чтобы выбрать вашу награду.

<c=@flavor>""Может, перейдем к хорошей части?""</c>"
"Double-click to pick your choice of rewards.

<c=@flavor>""We have a titan to knock down a peg or two.""</c>","Дважды щелкните, чтобы выбрать вашу награду.

<c=@flavor>""У нас есть титан, которого нужно поставить на место.""</c>"
Double-click to place a banner and support this candidate.,"Дважды щелкните, чтобы установить знамя и поддержать этого кандидата."
"Double-click to plant a Cultivated Seed in this pot.

<c=@flavor>A pot so infused with energy, it's sure to germinate a more powerful seedling.</c>",
"Double-click to plant a Mysterious Seed in this pot.

<c=@flavor>Everything needed to germinate a very special seed is in this pot now.<c>",
"Double-click to plant your Pet Seed in this pot.

<c=@flavor>A pot infused with the energy of the Mists.</c>",
Double-click to play some of the Song of the Zephyrites.,"Дважды щёлкните, чтобы сыграть отрывок из песни зефиритов."
"Double-click to poison yourself.
These would be safer in the hands of an expert.","Дважды щелкните, чтобы отравить себя.
Они были бы безопаснее в руках эксперта."
Double-click to prepare the Crystalline Heart to absorb nearby energy.,"Дважды щелкните, чтобы подготовить Кристаллическое Сердце к поглощению близлежащей энергии."
Double-click to present a burnt offering to Koda.,"Дважды щёлкните, чтобы принести жертву огнём Коде."
Double-click to prime the bottle for capturing an electric charge.,"Дважды щелкните, чтобы подготовить бутылку для захвата электрического заряда."
Double-click to pull out a boom box and play super tunes for your friends. Plays all 5 songs from Super Adventure Box World 1.,"Дважды щёлкните, чтобы достать бумбокс и включить крутые мелодии для друзей. Проигрывает все 5 песен из Super Adventure Box: Мир 2."
Double-click to pull out a boom box and play super tunes for your friends. Plays all 5 songs from Super Adventure Box World 2.,"Двойной щелчок, чтобы достать бумбокс и включить отличную музыку для друзей. Воспроизводит все 5 песен из Super Adventure Box World 2."
Double-click to pull out a boom box and play super tunes for your friends. Plays five HARDCORE songs from Super Adventure Box World 1.,"Дважды щёлкните, чтобы достать бумбокс и включить крутые мелодии для своих друзей. Воспроизводит пять хардкорных песен из Super Adventure Box World 1."
Double-click to pull out a boom box and play super tunes for your friends. Plays five HARDCORE songs from Super Adventure Box World 2.,"Дважды щёлкните, чтобы достать бумбокс и включить друзьям супермелодии. Играет пять ХАРДКОРНЫХ композиций из Мира 2 Супер-приключенческой коробки."
Double-click to pull out a choir bell and play for your friends.,"Дважды щелкните, чтобы достать хоровой колокольчик и сыграть для друзей."
Double-click to pull out a drum and play for your friends.,"Дважды щелкните, чтобы достать барабан и сыграть для друзей."
Double-click to pull out a festive balloon.,"Дважды щелкните, чтобы достать праздничный шар."
Double-click to pull out a horn and play for your friends.,"Дважды щелкните, чтобы достать рог и сыграть для друзей."
Double-click to read instructions for the Toypocalypse event.,"Дважды щелкните, чтобы прочитать инструкции для события «Игрушечный апокалипсис»."
Double-click to read.,"Дважды щелкните, чтобы прочитать."
"Double-click to read.

There might be someone in Yatendi village looking for this.",
"Double-click to read.

This item has no value outside of a collection.",
Double-click to read. Can be repurchased from Elvie the Warclaw Tender.,"Дважды щелкните, чтобы прочитать. Можно повторно приобрести у Элви, смотрительницы боевых волков."
"Double-click to read. Can be safely discarded after acquiring.

This page is part of the Frode's Journal achievement.","Дважды щёлкните, чтобы прочитать. Можно безопасно выбросить после получения.

Эта страница является частью достижения «Дневник Фроде»."
"Double-click to read. Can be safely discarded after acquiring.
Used to progress Astral Ward Weapons to unlock new weapon proficiencies.","Дважды щелкните, чтобы прочитать. Можно безопасно выбросить после получения.
Используется для улучшения оружия Астрального Дозора, чтобы открыть новые умения владения оружием."
Double-click to ready the mini golem bomb.,"Дважды щелкните, чтобы подготовить мини-бомбу голема."
"Double-click to receive 1 Hairstyle Kit, 1 Zephyrite Color Swatch: green, 6 Transmutation Charges, 1 Top Hat skin, 5 Metabolic Primers, and 5 Utility Primers.","Дважды щелкните, чтобы получить 1 комплект причесок, 1 образец цвета зефирита: зеленый, 6 зарядов трансмутации, 1 облик цилиндра, 5 метаболических грунтовок и 5 утилитарных грунтовок."
Double-click to receive 1 transmutation charge that can be spent in the wardrobe to change appearance.,"Дважды щелкните, чтобы получить 1 заряд трансмутации, который можно потратить в гардеробе для изменения внешности."
Double-click to receive 10 Divine Lucky Envelopes.,"Дважды щелкните, чтобы получить 10 божественных счастливых конвертов."
Double-click to receive 3 randomly selected Minis (2 common and 1 uncommon) to add to your collection.,"Дважды щелкните, чтобы получить 3 случайных миниатюры (2 обычных и 1 необычную) для добавления в коллекцию."
Double-click to receive 5 Divine Lucky Envelopes.,"Дважды щелкните, чтобы получить 5 божественных счастливых конвертов."
"Double-click to receive 5,000 karma.
<c=@Flavor>Evidence that you bore witness to the discovery of Mystic Forge secrets.</c>",
"Double-click to receive a Bloodstone, Primordus, Solar and Lunar, Vibrant, and Jormag Dye Kit.","Дважды щелкните, чтобы получить наборы красок: Кровавый камень, Примордус, Солнечный и Лунный, Яркий и Йормаг."
Double-click to receive a bundle item that can create a portal between two locations.,"Дважды щелкните, чтобы получить предмет, создающий портал между двумя точками."
"Double-click to receive a bundle item that can create a portal between two locations.
<c=@flavor>Forged by White Mantle hands. Used for navigating treacherous environments.</c>","Дважды щелкните, чтобы получить предмет, создающий портал между двумя точками.
<c=@flavor>Создано руками Белого Пламени. Используется для преодоления опасных мест.</c>"
Double-click to receive a Grandmaster Mark of your choice.,"Дважды щелкните, чтобы получить знак гроссмейстера на ваш выбор."
"Double-click to receive a mini each of Super Spider, Super Bee Dog, and Super Monkey. Combine the Mini Super Trio in the Mystic Forge with a Continue Coin to unlock the Mini Storm Wizard.","Дважды щелкните, чтобы получить мини-Супер-Паука, мини-Супер-Пчело-Пса и мини-Супер-Обезьяну. Объедините мини-Супер-Трио в Таинственной Кузнице с Продолжающей Монетой, чтобы открыть мини-Штормового Мага."
"Double-click to receive a Mini Holographic Branded Minotaur, Mini Holographic Axe-Wielding Destroyer, and a Mini Holographic Corrupted Wolf.","Дважды щелкните, чтобы получить миниатюру голографического клейменого минотавра, голографического разрушителя с топором и голографического оскверненного волка."
"Double-click to receive a mini Risen Brute, mini Risen Thrall, and mini Risen Plague Carrier.","Дважды щелкните, чтобы получить мини-Восставшего Громилу, мини-Восставшего Раба и мини-Восставшего Разносчика Чумы."
"Double-click to receive a mini spooky ghost, mini spooky skeleton, and mini spooky spider.","Дважды щелкните, чтобы получить мини-призрака, мини-скелета и мини-паука."
Double-click to receive a random tradable Black Lion weapon skin item from one of the older Black Lion weapon sets.,"Дважды щелкните, чтобы получить случайный обмениваемый предмет облика оружия Черного Льва из одного из старых наборов обликов оружия Черного Льва."
Double-click to receive a rare crafting recipe.,"Дважды щелкните, чтобы получить редкий рецепт крафта."
Double-click to receive account-bound skins for all weights.,"Дважды щелкните, чтобы получить привязанные к учетной записи облики для всех весовых категорий."
Double-click to receive both a Mini Chieftain Utahein and a Mini Svanir to add to your collection.,"Дважды щелкните, чтобы получить мини-Вождя Утахейна и мини-Сванира и добавить их в свою коллекцию."
Double-click to receive items and your choice of rewards.,
Double-click to receive Metabolic Primers and Utility Primers.,"Дважды щелкните, чтобы получить метаболические грунтовки и утилитарные грунтовки."
"Double-click to receive mini Poowulpi the Persnicketous, mini Peggellegg the ""Pirate,"" and mini Kookoochoo the Incredulous.","Дважды щелкните, чтобы получить мини-Пувульпи Придирчивого, мини-Пеггеллегга «Пирата» и мини-Кукучу Неверующего."
"Double-click to receive the following items: 1 Copper-Fed Salvage-o-Matic, 1 Silver-Fed Salvage-o-Matic, 3 Upgrade Extractors, 3 Black Lion Claim Ticket Scraps, 25 Salvageable Hides, 25 Valuable Metal Scraps, 25 Discarded Garments, 25 Equipment Bags.","Дважды щелкните, чтобы получить следующие предметы: 1 Медная Уничтожалка-Автомат, 1 Серебряная Уничтожалка-Автомат, 3 Экстрактора Улучшений, 3 Обрывка Бонны Черного Льва, 25 Снимаемые Шкуры, 25 Ценные Металлолом, 25 Выброшенные Одежды, 25 Сумки для Снаряжения."
Double-click to receive the following items: 1 Makeover Kit and 5 Transmutation Charges,"Дважды щелкните, чтобы получить следующие предметы: 1 Набор для Перевоплощения и 5 Зарядов Трансмутации."
"Double-click to receive the following items: 1 Recovery Package, 2 Tradesman's Packages, 5 transmutation charges, and 5 dye packs.","Дважды щелкните, чтобы получить следующие предметы: 1 набор восстановления, 2 набора торговца, 5 зарядов трансмутации и 5 наборов красителей."
"Double-click to receive the following items: 1 Speed Booster, 1 Zephyrite Color Swatch: Red, 15 Black Lion Keys, 1 Aviator Cap Skin, 250 Piles of Sand.","Дважды щелкните, чтобы получить следующие предметы: 1 ускоритель скорости, 1 образец цвета зефирита: красный, 15 ключей Черного льва, 1 облик шлема авиатора, 250 куч песка."
Double-click to receive the following items: 10 Black Lion Chest Keys and 1 Golden Black Lion Chest Key,"Дважды щелкните, чтобы получить следующие предметы: 10 ключей от сундука Черного льва и 1 золотой ключ от сундука Черного льва."
"Double-click to receive the following items: 150 Trade Contracts, 15 Trader's Keys, 5 Pieces of Common Unidentified Gear, and 1 Treasure Hunting Kit.","Дважды щелкните, чтобы получить следующие предметы: 150 торговых контрактов, 15 ключей торговца, 5 единиц обычного неопознанного снаряжения и 1 набор для поиска сокровищ."
"Double-click to receive the following items: 5 Heroic Boosters, 3 Revive Orbs, and 3 Instant Repair Canisters.","Дважды щелкните, чтобы получить следующие предметы: 5 героических ускорителей, 3 сферы возрождения и 3 баллончика мгновенного ремонта."
"Double-click to receive the holiday trio: Mini Fawn, Mini Puppy, and Mini Arctic Fox Kit.","Дважды щелкните, чтобы получить праздничное трио: мини-олененок, мини-щенок и мини-арктический лисенок."
"Double-click to receive the Mini Super Piranha, Mini Super Bunny, and Mini Super Turtle. Combine in the Mystic Forge with a Continue Coin to unlock the Mini Super Angry Cloud.","Дважды щелкните, чтобы получить мини-Супер-Пиранью, мини-Супер-Зайку и мини-Супер-Черепаху. Объедините в Таинственной Кузнице с Продолжающей Монетой, чтобы открыть мини-Супер-Сердитую Тучу."
"Double-click to receive the Super Banana, Super Yeti, and Super Raccoon minis.","Дважды щелкните, чтобы получить мини-Супер-Банан, мини-Супер-Йети и мини-Супер-Енота."
"Double-click to receive the Super Snake, Super Frog, and Super Goat minis. Combine in the Mystic Forge with a Continue Coin to unlock the Mini Queen Bee Dog.","Дважды щелкните, чтобы получить мини-Супер-Змею, мини-Супер-Лягушку и мини-Супер-Козла. Объедините в Таинственной Кузнице с Продолжающей Монетой, чтобы открыть мини-Королеву Пчело-Псов."
"Double-click to receive the trick-or-treat trio: mini asuran aviator, mini quaggan ghost, and mini assassin.","Дважды щелкните, чтобы получить трио «Кошелек или жизнь»: мини-асуранский летчик, мини-квагган-призрак и мини-ассасин."
"Double-click to receive your choice of a gold, silver, or bronze llama.","Дважды щёлкните, чтобы получить ламу золотого, серебряного или бронзового цвета на выбор."
Double-click to receive your choice of a silver or bronze llama.,"Дважды щелкните, чтобы получить серебряную или бронзовую ламу на выбор."
Double-click to receive your choice of runes or sigils.,
Double-click to receive your PvP rewards.,"Дважды щелкните, чтобы получить награды за PvP."
Double-click to receive your Qualifying Points rewards.,"Дважды щелкните, чтобы получить награды."
Double-click to receive your rewards.,"Дважды щелкните, чтобы получить награды."
Double-click to receive your winnings.,"Дважды щелкните, чтобы получить выигрыш."
Double-click to recover a large amount of unbound magic.,"Дважды щелкните, чтобы восстановить большое количество несвязанной магии."
Double-click to recover a moderate amount of unbound magic.,"Дважды щелкните, чтобы восстановить умеренное количество несвязанной магии."
Double-click to recover a small amount of unbound magic.,"Дважды щелкните, чтобы восстановить небольшое количество несвязанной магии."
"Double-click to release for 1,500 karma.","Дважды щелкните, чтобы отпустить за 1500 кармы."
"Double-click to release for 2,500 karma.","Дважды щелкните, чтобы отпустить за 2500 кармы."
"Double-click to release for 2,500 karma.

<c=@flavor>""As you look into her eyes, you know that this must be the mother of all catfish. The one that always got away.""</c>",
Double-click to release for 350 karma.,"Дважды щелкните, чтобы освободить за 350 кармы."
Double-click to release for 50 karma.,"Дважды щелкните, чтобы освободить за 50 кармы."
Double-click to release for 750 karma.,"Дважды щелкните, чтобы освободить за 750 кармы."
"Double-click to remove all runes, sigils, and infusions from a piece of gear.","Дважды щелкните, чтобы удалить все руны, знаки и инфузии с предмета экипировки."
Double-click to replay a scene from Marjory's Journal.,"Дважды щелкните, чтобы воспроизвести сцену из дневника Марджори."
Double-click to reset your traits. Single use.,"Дважды щелкните, чтобы сбросить ваши черты. Одноразовое использование."
Double-click to reveal the true nature of a nearby raven.,"Дважды щелкните, чтобы раскрыть истинную природу ближайшего ворона."
Double-click to rummage through the junk.,"Дважды щелкните, чтобы порыться в хламе."
Double-click to salvage a crafted item for research notes.,"Дважды щелкните, чтобы разобрать созданный предмет на исследовательские заметки."
"Double-click to salvage crafting materials from an ascended item in your inventory. Stabilizing Matrices can be salvaged from rings. Dark Energy and other items can be salvaged from weapons, armor, and other trinkets.","Дважды щелкните, чтобы извлечь материалы для крафта из вознесённого предмета в вашем инвентаре. Стабилизирующие матрицы можно извлечь из колец. Тёмная энергия и другие предметы — из оружия, брони и прочих аксессуаров."
Double-click to salvage crafting materials from an item in your inventory. 10%% chance of rarer materials. 20%% chance of salvaging upgrades within the item (does not recover them). Requires 3 copper per use.,"Дважды щелкните, чтобы извлечь материалы для крафта из предмета в вашем инвентаре. 10%% шанс получить более редкие материалы. 20%% шанс извлечь улучшения из предмета (не восстанавливает их). Требуется 3 меди за использование."
Double-click to salvage crafting materials from an item in your inventory. 10%% chance of rarer materials. 20%% chance of salvaging upgrades.,"Дважды щелкните, чтобы извлечь материалы для крафта из предмета в вашем инвентаре. 10%% шанс получить более редкие материалы. 20%% шанс извлечь улучшения."
Double-click to salvage crafting materials from an item in your inventory. 15%% chance of rarer materials. 40%% chance of salvaging upgrades.,"Дважды щелкните, чтобы извлечь материалы для крафта из предмета в вашем инвентаре. 15%% шанс получить более редкие материалы. 40%% шанс извлечь улучшения."
Double-click to salvage crafting materials from an item in your inventory. 20%% chance of rarer materials. 100%% chance of salvaging upgrades within the item (does not recover them).,"Дважды щелкните, чтобы извлечь материалы для крафта из предмета в вашем инвентаре. 20%% шанс получить более редкие материалы. 100%% шанс извлечь улучшения из предмета (не восстанавливает их)."
Double-click to salvage crafting materials from an item in your inventory. 20%% chance of rarer materials. 60%% chance of salvaging upgrades.,"Дважды щелкните, чтобы извлечь материалы для крафта из предмета в вашем инвентаре. 20%% шанс получить более редкие материалы. 60%% шанс извлечь улучшения."
Double-click to salvage crafting materials from an item in your inventory. 25%% chance of rarer materials. 80%% chance of salvaging upgrades within the item (does not recover them).,"Дважды щелкните, чтобы извлечь материалы для крафта из предмета в инвентаре. 25%% шанс получить более редкие материалы. 80%% шанс извлечь улучшения из предмета (без их восстановления)."
Double-click to salvage crafting materials from an item in your inventory. 25%% chance of rarer materials. 80%% chance of salvaging upgrades.,"Дважды щелкните, чтобы извлечь материалы для крафта из предмета в инвентаре. 25%% шанс получить более редкие материалы. 80%% шанс извлечь улучшения."
Double-click to salvage crafting materials from an item in your inventory. Has a small chance of salvaging upgrades.,"Дважды щелкните, чтобы извлечь материалы для крафта из предмета в инвентаре. Есть небольшой шанс извлечь улучшения."
Double-click to salvage materials from a crafted food consumable in your inventory.,"Дважды щелкните, чтобы извлечь материалы из созданного съедобного предмета в инвентаре."
Double-click to salvage materials from a PvP reward item in your inventory. These materials can be recombined in the Mystic Forge.,"Дважды щелкните, чтобы извлечь материалы из предмета награды PvP в инвентаре. Эти материалы можно комбинировать в Мистической кузне."
Double-click to scan for life-forms with high concentrations of bloodstone energy.,"Дважды щелкните, чтобы просканировать местность на наличие форм жизни с высокой концентрацией энергии кровавого камня."
Double-click to select a crafting recipe.,"Дважды щелкните, чтобы выбрать рецепт крафта."
Double-click to select a long-lost Tahkayun's weapon.,
Double-click to select a Luxon Hunter's weapon.,
"Double-click to select a piece of ascended armor using the Grieving (+Power, +Condition Damage, +Ferocity, and +Precision) stats.","Дважды щелкните, чтобы выбрать часть вознесенной брони с характеристиками Горевание (+Сила, +Урон от состояний, +Свирепость и +Точность)."
Double-click to select a Spindrift weapon.,"Дважды щелкните, чтобы выбрать оружие Спиндрифт."
Double-click to select a weapon.,"Дважды щелкните, чтобы выбрать оружие."
Double-click to select an account-bound aquabreather. Selecting one will unlock the skin for all weights.,"Дважды щелкните, чтобы выбрать аквадыхатель, привязанный к учетной записи. Выбор аквадыхателя откроет его облик для всех типов брони."
Double-click to select an account-bound relic. Selecting a relic will unlock it for purchase from Visions of Eternity relic vendors.,"Дважды щелкните, чтобы выбрать реликвию, привязанную к учетной записи. Выбор реликвии откроет возможность ее покупки у торговцев реликвиями из «Видений Вечности»."
"Double-click to select an ascended weapon using the Grieving (+Power, +Condition Damage, +Ferocity, and +Precision) stats.","Дважды щелкните, чтобы выбрать вознесенное оружие с характеристиками Горевание (+Сила, +Урон от состояний, +Свирепость и +Точность)."
Double-click to select an Energized Luxon Hunter's weapon.,
Double-click to select an enrichment.,"Дважды щелкните, чтобы выбрать обогащение."
Double-click to select the miniature's final form. It will be bound to you.,"Дважды щелкните, чтобы выбрать финальную форму миниатюры. Она станет привязанной к вам."
"Double-click to select your choice of ascended armor recipes for the Grieving (+Power, +Condition Damage, +Ferocity, and +Precision) stats.",
"Double-click to select your choice of ascended armor recipes for the Harrier's (+Power, +Healing, and +Concentration) stats, plus an insignia and assorted crafting materials.","Дважды щелкните, чтобы выбрать рецепты вознесённой брони с характеристиками Гарпии (+Сила, +Лечение и +Концентрация), а также эмблему и сопутствующие материалы для крафта."
"Double-click to select your choice of ascended armor recipes for the Harrier's (+Power, +Healing, and +Concentration) stats.",
"Double-click to select your choice of ascended armor recipes for the Marshal's (+Power, +Healing, +Condition Damage, and +Precision) stats, plus an insignia and assorted crafting materials.","Дважды щелкните, чтобы выбрать рецепты вознесённой брони с характеристиками Маршала (+Сила, +Лечение, +Урон от состояний и +Точность), а также эмблему и сопутствующие материалы для крафта."
"Double-click to select your choice of ascended armor recipes for the Marshal's (+Power, +Healing, +Condition Damage, and +Precision) stats.","Дважды щелкните, чтобы выбрать рецепты вознесённой брони с характеристиками Маршала (+Сила, +Лечение, +Урон от состояний и +Точность)."
Double-click to select your choice of ascended Sea-Glass Wave weapons.,"Дважды щелкните, чтобы выбрать вознесённое оружие «Морское стекло-волна»."
Double-click to select your choice of ascended Skyscale weapons.,"Дважды щелкните, чтобы выбрать вознесённое оружие небесного змея."
"Double-click to select your choice of ascended Skyscale weapons.

<c=@flavor>""You're telling me you haven't gotten one of these weapons until now? That's crazy.""</c>","Дважды щелкните, чтобы выбрать вознесённое оружие небесного змея.

<c=@flavor>«Ты хочешь сказать, что до сих пор не получил ни одного такого оружия? Это безумие».</c>"
"Double-click to select your choice of ascended weapon recipes for the Grieving (+Power, +Condition Damage, +Ferocity, and +Precision) stats.",
"Double-click to select your choice of ascended weapon recipes for the Harrier's (+Power, +Healing, and +Concentration) stats, plus an inscription and assorted crafting materials.","Дважды щелкните, чтобы выбрать рецепты вознесённого оружия с характеристиками Гарпии (+Сила, +Лечение и +Концентрация), а также надпись и сопутствующие материалы для крафта."
"Double-click to select your choice of ascended weapon recipes for the Harrier's (+Power, +Healing, and +Concentration) stats.",
"Double-click to select your choice of ascended weapon recipes for the Marshal's (+Power, +Healing, +Condition Damage, and +Precision) stats, plus an inscription and assorted crafting materials.","Дважды щелкните, чтобы выбрать рецепты вознесённого оружия с характеристиками Маршала (+Сила, +Лечение, +Урон от состояний и +Точность), а также надпись и сопутствующие материалы для крафта."
"Double-click to select your choice of ascended weapon recipes for the Marshal's (+Power, +Healing, +Condition Damage, and +Precision) stats.","Дважды щелкните, чтобы выбрать рецепты вознесённого оружия с характеристиками Маршала (+Сила, +Лечение, +Урон от состояний и +Точность)."
Double-click to select your choice of rare Canthan weapons. It will be bound to you.,"Дважды щелкните, чтобы выбрать редкое кантийское оружие. Оно будет привязано к вам."
Double-click to select your choice of rare High Legion weapons.,"Дважды щелкните, чтобы выбрать редкое оружие Высшего Легиона."
"Double-click to shine on a Cultivated Shoot.

<c=@flavor>With a hefty helping of luck, this lamp should get the most stubborn of plants to grow toward its light.</c>",
"Double-click to shine on your Pet Shoot.

<c=@flavor>Armed with a light that shone in the dark, this lamp is very powerful.</c>",
Double-click to show (or stop showing) the love.,"Дважды щелкните, чтобы показать (или перестать показывать) любовь."
Double-click to show the location of the Enchanted Key.,"Дважды щёлкните, чтобы показать местоположение Зачарованного ключа."
Double-click to show your support for Ellen Kiel.,"Дважды щёлкните, чтобы выразить поддержку Эллен Киль."
Double-click to show your support for Evon Gnashblade.,"Дважды щёлкните, чтобы выразить поддержку Эвону Гнашблейду."
Double-click to sit in judgment of others.,"Дважды щёлкните, чтобы воссесть в суде над другими."
Double-click to sit on a chair.,"Дважды щелкните, чтобы сесть на стул."
Double-click to spend 25 magnetite shards to apply 12 hours of the Metabolic Primer effect.,"Дважды щелкните, чтобы потратить 25 осколков магнетита и применить эффект Метаболического праймера на 12 часов."
Double-click to spend 25 magnetite shards to apply 12 hours of the Utility Primer effect.,"Дважды щелкните, чтобы потратить 25 осколков магнетита и применить эффект Утилитарного праймера на 12 часов."
Double-click to spend 250 badges of honor to apply 12 hours of the Metabolic Primer effect.,"Дважды щелкните, чтобы потратить 250 значков чести и применить эффект Метаболического праймера на 12 часов."
Double-click to spend 250 badges of honor to apply 12 hours of the Utility Primer effect.,"Дважды щелкните, чтобы потратить 250 значков чести и применить эффект Праймера утилит на 12 часов."
Double-click to stand victorious on a rock.,"Дважды щелкните, чтобы стоять победителем на скале."
Double-click to summon a being from the Underworld to revive downed allies for 5 minutes. Flees if its master is downed.,"Дважды щелкните, чтобы призвать существо из Подземного мира для оживления павших союзников на 5 минут. Убегает, если его хозяин пал."
"Double-click to summon a Black Lion Delivery Agent for 15 minutes, allowing you and your allies to pick up trading post purchases and profits. Single-use.","Дважды щелкните, чтобы призвать Агента доставки Черного Льва на 15 минут, позволяя вам и вашим союзникам забирать покупки и прибыль с Торговой биржи. Одноразовое использование."
"Double-click to summon a Black Lion Merchant for 15 minutes, allowing you and your allies to access basic supplies and sell loot. Single-use.","Дважды щелкните, чтобы призвать Торговца Черного Льва на 15 минут, позволяя вам и вашим союзникам получать доступ к базовым припасам и продавать добычу. Одноразовое использование."
"Double-click to summon a personal Black Lion Delivery Agent for 5 minutes, allowing you to pick up trading post purchases and profits. Reusable.","Дважды щелкните, чтобы призвать личного Агента доставки Черного Льва на 5 минут, позволяя вам забирать покупки и прибыль с Торговой биржи. Многоразовое использование."
Double-click to summon a pet fire elemental for 5 minutes. Can only be used once every 30 minutes.,"Дважды щелкните, чтобы призвать питомца — Огненного элементаля на 5 минут. Можно использовать не чаще одного раза в 30 минут."
"Double-click to summon a pet Jade Armor for 5 minutes. This can only be used once every 30 minutes.
<c=flavor>I'm still working on the size issue.
—Explorer Rakk</c>","Дважды щелкните, чтобы призвать питомца — Нефритовую броню на 5 минут. Можно использовать не чаще одного раза в 30 минут.
<c=flavor>Я всё ещё работаю над проблемой размера.
—Исследователь Ракк</c>"
Double-click to summon a portable cannon to aid you in your current fight. This can only be used once every 30 minutes.,"Дважды щелкните, чтобы призвать переносную пушку для помощи в текущем бою. Можно использовать не чаще одного раза в 30 минут."
Double-click to summon a Raven Spirit for 2 minutes. This can only be used once every 30 minutes.,"Дважды щелкните, чтобы призвать Духа Ворона на 2 минуты. Можно использовать не чаще одного раза в 30 минут."
Double-click to summon a Sunspear Paragon for 2 minutes. This can only be used once every 30 minutes.,"Дважды щелкните, чтобы призвать Солнцекопейного Парагона на 2 минуты. Можно использовать не чаще одного раза в 30 минут."
"Double-click to summon a vendor for 5 minutes, allowing you to purchase your choice of Fused Gauntlets. This ticket is the currency to obtain the item. Reusable until the ticket is exchanged.","Дважды щелкните, чтобы призвать торговца на 5 минут, позволяя вам приобрести выбранные Расплавленные наручи. Этот билет служит валютой для получения предмета. Многоразовое использование до момента обмена билета."
Double-click to summon this mini to follow you around. Only one mini may be in use at a time.,"Дважды щёлкните, чтобы призвать эту миниатюру следовать за вами. Одновременно можно использовать только одну миниатюру."
"Double-click to summon this mini to follow you around. Only one mini may be in use at a time.

<c=@flavor>""I've been in there for hours. Much...too long...""</c>","Дважды щелкните, чтобы призвать этого мини-питомца, который будет следовать за вами. Одновременно можно использовать только одного мини-питомца.

<c=@flavor>«Я был там часами. Слишком...долго...»</c>"
"Double-click to summon this mini to follow you around. Only one mini may be in use at a time.

<c=@flavor>""If I wanted an ice bath, I'd swim the Janthir Bay!""</c>","Двойной щелчок для вызова этого мини-персонажа, который будет следовать за вами. Может использоваться только один мини-персонаж одновременно.

<c=@flavor>«Хотел бы я принять ледяную ванну — и я бы проплыл Джантирское море!»</c>"
"Double-click to summon this mini to follow you around. Only one mini may be in use at a time.

<c=@flavor>""These nasty bears will reap what they've sown!""</c>","Двойной щелчок, чтобы призвать этого мини-компаньона, который будет следовать за вами. Одновременно можно использовать только одного мини-компаньона.

<c=@flavor>«Эти злобные Медведи пожнут то, что посеяли!»</c>"
"Double-click to summon this mini to follow you around. Only one mini may be in use at a time.

<c=@flavor>""Who's a good little journeykit?""</c>","Двойной щелчок, чтобы призвать этого мини-компаньона, который будет следовать за вами. Одновременно можно использовать только одного мини-компаньона.

<c=@flavor>«Кто хороший маленький джерникит?»</c>"
"Double-click to summon this mini to follow you around. Only one mini may be in use at a time.

<c=@flavor>Glub, glub.</c>","Дважды щёлкните, чтобы призвать этого мини-питомца, который будет следовать за вами. Одновременно можно использовать только одного мини-питомца.

<c=@flavor>Глуб, глуб.</c>"
"Double-click to summon this mini to follow you around. Only one mini may be in use at a time.

<c=@flavor>Must've been the runt of Eparch's wyvern litter.</c>","Дважды щёлкните, чтобы вызвать этого мини-персонажа, который будет следовать за вами. Одновременно может использоваться только один мини-персонаж.

<c=@flavor>Наверное, он был самым маленьким из потомства виверны Эпарха.</c>"
"Double-click to summon this mini to follow you around. Only one mini may be in use at a time.

<c=@flavor>Potato-shaped friend, it is, Stoic Alder!</c>","Дважды щелкните, чтобы призвать этого мини-питомца, который будет следовать за вами. Одновременно можно использовать только одного мини-питомца.

<c=@flavor>Картофелевидный друг, Стоический Ольх!</c>"
"Double-click to summon this mini to follow you around. Only one mini may be in use at a time.

<c=@flavor>Small and wiggly. Big of hearts.</c>","Дважды щелкните, чтобы призвать этого мини-питомца, который будет следовать за вами. Одновременно можно использовать только одного мини-питомца.

<c=@flavor>Маленький и извивающийся. С большим сердцем.</c>"
"Double-click to summon this mini to follow you around. Only one mini may be in use at a time.

<c=@flavor>Warclaws are bound by potent souls. What if they originated from these creatures?</c>","Дважды щелкните, чтобы призвать этого мини-питомца, который будет следовать за вами. Одновременно можно использовать только одного мини-питомца.

<c=@flavor>Боевые когти связаны с могущественными душами. Что, если они произошли от этих существ?</c>"
"Double-click to summon this mini to follow you around. Only one mini may be in use at a time.

Can be exchanged for raid currency at specific vendors.","Дважды щёлкните, чтобы вызвать этого мини-персонажа, который будет следовать за вами. Только один мини-персонаж может быть активен одновременно. 

Может быть обменян на валюту рейдов у определённых торговцев."
"Double-click to summon this mini to follow you around. Only one mini may be in use at a time.
<c=@flavor>""This young one has grown strong enough to materialize and join you on your adventures!""</c>",
"Double-click to summon this mini to follow you around. Only one mini may be in use at a time.
<c=@flavor>You explained the ice block would thaw if she let go of the cursed coin. Look how well that worked.</c>","Дважды щелкните, чтобы призвать этого мини-питомца, который будет следовать за вами. Одновременно можно использовать только одного мини-питомца.
<c=@flavor>Вы объяснили, что ледяной блок растает, если она отпустит проклятую монету. Посмотрите, как хорошо это сработало.</c>"
"Double-click to summon this mini to follow you around. Only one mini may be in use at a time.
Combine 3 Mini Black Llamas with an Essence of Llamatic Elegance in the Mystic Forge to make a Mini Fancy Black Llama.","Дважды щелкните, чтобы призвать этого мини-питомца, который будет следовать за вами. Одновременно можно использовать только одного мини-питомца.
Объедините 3 мини-черные ламы с эссенцией ламовой элегантности в Мистической кузнице, чтобы создать мини-шикарную черную ламу."
"Double-click to summon this mini to follow you around. Only one mini may be in use at a time.
Combine 3 Mini Bronze Llamas with an Essence of Llamatic Elegance in the Mystic Forge to make a Mini Fancy Bronze Llama.","Дважды щелкните, чтобы призвать этого мини-питомца, который будет следовать за вами. Одновременно можно использовать только одного мини-питомца.
Объедините 3 мини-бронзовые ламы с эссенцией ламовой элегантности в Мистической кузнице, чтобы создать мини-шикарную бронзовую ламу."
"Double-click to summon this mini to follow you around. Only one mini may be in use at a time.
Combine 3 Mini Elegant Black Llamas with an Essence of Llamatic Elegance in the Mystic Forge to make a Mini Lavish Black Llama.","Дважды щелкните, чтобы призвать этого мини-питомца, который будет следовать за вами. Одновременно можно использовать только одного мини-питомца.
Объедините 3 мини-элегантные черные ламы с эссенцией ламовой элегантности в Мистической кузнице, чтобы создать мини-роскошную черную ламу."
"Double-click to summon this mini to follow you around. Only one mini may be in use at a time.
Combine 3 Mini Elegant Bronze Llamas with an Essence of Llamatic Elegance in the Mystic Forge to make a Mini Lavish Bronze Llama.","Дважды щелкните, чтобы призвать этого мини-питомца, который будет следовать за вами. Одновременно можно использовать только одного мини-питомца.
Объедините 3 мини-элегантные бронзовые ламы с эссенцией ламовой элегантности в Мистической кузнице, чтобы создать мини-роскошную бронзовую ламу."
"Double-click to summon this mini to follow you around. Only one mini may be in use at a time.
Combine 3 Mini Elegant Emperor Llamas with an Essence of Llamatic Elegance in the Mystic Forge to make a Mini Lavish Emperor Llama.","Дважды щелкните, чтобы призвать этого мини-питомца, который будет следовать за вами. Одновременно можно использовать только одного мини-питомца.
Объедините 3 мини-элегантные императорские ламы с эссенцией ламовой элегантности в Мистической кузнице, чтобы создать мини-роскошную императорскую ламу."
"Double-click to summon this mini to follow you around. Only one mini may be in use at a time.
Combine 3 Mini Elegant Gold Llamas with an Essence of Llamatic Elegance in the Mystic Forge to make a Mini Lavish Gold Llama.","Дважды щелкните, чтобы призвать этого мини-питомца, который будет следовать за вами. Одновременно можно использовать только одного мини-питомца.
Объедините 3 мини-изящные золотые ламы с эссенцией ламовой элегантности в Таинственной кузнице, чтобы создать мини-роскошную золотую ламу."
"Double-click to summon this mini to follow you around. Only one mini may be in use at a time.
Combine 3 Mini Elegant Llamas with an Essence of Llamatic Elegance in the Mystic Forge to make a Mini Lavish Llama.","Дважды щелкните, чтобы призвать этого мини-питомца, который будет следовать за вами. Одновременно можно использовать только одного мини-питомца.
Объедините 3 мини-изящные ламы с эссенцией ламовой элегантности в Таинственной кузнице, чтобы создать мини-роскошную ламу."
"Double-click to summon this mini to follow you around. Only one mini may be in use at a time.
Combine 3 Mini Elegant Princess Llamas with an Essence of Llamatic Elegance in the Mystic Forge to make a Mini Lavish Princess Llama.","Дважды щелкните, чтобы призвать этого мини-питомца, который будет следовать за вами. Одновременно можно использовать только одного мини-питомца.
Объедините 3 мини-изящные ламы-принцессы с эссенцией ламовой элегантности в Таинственной кузнице, чтобы создать мини-роскошную ламу-принцессу."
"Double-click to summon this mini to follow you around. Only one mini may be in use at a time.
Combine 3 Mini Elegant Silver Llamas with an Essence of Llamatic Elegance in the Mystic Forge to make a Mini Lavish Silver Llama.","Дважды щелкните, чтобы призвать этого мини-питомца, который будет следовать за вами. Одновременно можно использовать только одного мини-питомца.
Объедините 3 мини-изящные серебряные ламы с эссенцией ламовой элегантности в Таинственной кузнице, чтобы создать мини-роскошную серебряную ламу."
"Double-click to summon this mini to follow you around. Only one mini may be in use at a time.
Combine 3 Mini Emperor Llamas with an Essence of Llamatic Elegance in the Mystic Forge to make a Mini Fancy Emperor Llama.","Дважды щелкните, чтобы призвать этого мини-питомца, который будет следовать за вами. Одновременно можно использовать только одного мини-питомца.
Объедините 3 мини-ламы-императора с эссенцией ламовой элегантности в Таинственной кузнице, чтобы создать мини-шикарную ламу-императора."
"Double-click to summon this mini to follow you around. Only one mini may be in use at a time.
Combine 3 Mini Fancy Black Llamas with an Essence of Llamatic Elegance in the Mystic Forge to make a Mini Elegant Black Llama.","Дважды щелкните, чтобы призвать этого мини-питомца, который будет следовать за вами. Одновременно можно использовать только одного мини-питомца.
Объедините 3 мини-шикарные черные ламы с эссенцией ламовой элегантности в Таинственной кузнице, чтобы создать мини-изящную черную ламу."
"Double-click to summon this mini to follow you around. Only one mini may be in use at a time.
Combine 3 Mini Fancy Bronze Llamas with an Essence of Llamatic Elegance in the Mystic Forge to make a Mini Elegant Bronze Llama.","Дважды щелкните, чтобы призвать этого мини-питомца, который будет следовать за вами. Одновременно можно использовать только одного мини-питомца.
Объедините 3 мини-шикарные бронзовые ламы с эссенцией ламовой элегантности в Таинственной кузнице, чтобы создать мини-изящную бронзовую ламу."
"Double-click to summon this mini to follow you around. Only one mini may be in use at a time.
Combine 3 Mini Fancy Emperor Llamas with an Essence of Llamatic Elegance in the Mystic Forge to make a Mini Elegant Emperor Llama.","Дважды щелкните, чтобы призвать этого мини-питомца, который будет следовать за вами. Одновременно можно использовать только одного мини-питомца.
Объедините 3 мини-шикарные ламы-императора с эссенцией ламовой элегантности в Таинственной кузнице, чтобы создать мини-изящную ламу-императора."
"Double-click to summon this mini to follow you around. Only one mini may be in use at a time.
Combine 3 Mini Fancy Gold Llamas with an Essence of Llamatic Elegance in the Mystic Forge to make a Mini Elegant Gold Llama.","Дважды щелкните, чтобы призвать этого мини-питомца, который будет следовать за вами. Одновременно можно использовать только одного мини-питомца.
Объедините 3 мини-шикарные золотые ламы с эссенцией ламовой элегантности в Таинственной кузнице, чтобы создать мини-изящную золотую ламу."
"Double-click to summon this mini to follow you around. Only one mini may be in use at a time.
Combine 3 Mini Fancy Llamas with an Essence of Llamatic Elegance in the Mystic Forge to make a Mini Elegant Llama.","Дважды щелкните, чтобы призвать этого мини-питомца, который будет следовать за вами. Одновременно можно использовать только одного мини-питомца.
Объедините 3 мини-шикарные ламы с эссенцией ламовой элегантности в Таинственной кузнице, чтобы создать мини-изящную ламу."
"Double-click to summon this mini to follow you around. Only one mini may be in use at a time.
Combine 3 Mini Fancy Princess Llamas with an Essence of Llamatic Elegance in the Mystic Forge to make a Mini Elegant Princess Llama.","Дважды щелкните, чтобы призвать этого мини-питомца, который будет следовать за вами. Одновременно можно использовать только одного мини-питомца.
Объедините 3 мини-шикарные ламы-принцессы с эссенцией ламовой элегантности в Таинственной кузнице, чтобы создать мини-изящную ламу-принцессу."
"Double-click to summon this mini to follow you around. Only one mini may be in use at a time.
Combine 3 Mini Fancy Silver Llamas with an Essence of Llamatic Elegance in the Mystic Forge to make a Mini Elegant Silver Llama.","Дважды щелкните, чтобы призвать этого мини-питомца, который будет следовать за вами. Одновременно можно использовать только одного мини-питомца.
Объедините 3 мини-шикарные серебряные ламы с эссенцией ламовой элегантности в Таинственной кузнице, чтобы создать мини-изящную серебряную ламу."
"Double-click to summon this mini to follow you around. Only one mini may be in use at a time.
Combine 3 Mini Gold Llamas with an Essence of Llamatic Elegance in the Mystic Forge to make a Mini Fancy Gold Llama.","Дважды щелкните, чтобы призвать этого мини-питомца, который будет следовать за вами. Одновременно можно использовать только одного мини-питомца.
Объедините 3 мини-золотые ламы с эссенцией ламовой элегантности в Таинственной кузнице, чтобы создать мини-шикарную золотую ламу."
"Double-click to summon this mini to follow you around. Only one mini may be in use at a time.
Combine 3 Mini Llamas with an Essence of Llamatic Elegance in the Mystic Forge to make a Mini Fancy Llama.","Дважды щелкните, чтобы призвать этого мини-питомца, который будет следовать за вами. Одновременно можно использовать только одного мини-питомца.
Объедините 3 мини-ламы с эссенцией ламовой элегантности в Таинственной кузнице, чтобы создать мини-шикарную ламу."
"Double-click to summon this mini to follow you around. Only one mini may be in use at a time.
Combine 3 Mini Princess Llamas with an Essence of Llamatic Elegance in the Mystic Forge to make a Mini Fancy Princess Llama.","Дважды щелкните, чтобы призвать этого мини-питомца, который будет следовать за вами. Одновременно можно использовать только одного мини-питомца.
Объедините 3 мини-ламы-принцессы с эссенцией ламовой элегантности в Таинственной кузнице, чтобы создать мини-шикарную ламу-принцессу."
"Double-click to summon this mini to follow you around. Only one mini may be in use at a time.
Combine 3 Mini Silver Llamas with an Essence of Llamatic Elegance in the Mystic Forge to make a Mini Fancy Silver Llama.","Дважды щелкните, чтобы призвать этого мини-питомца, который будет следовать за вами. Одновременно можно использовать только одного мини-питомца.
Объедините 3 Мини-Серебряные Ламы с Эссенцией Ламатической Элегантности в Мистической Кузнице, чтобы создать Мини-Нарядную Серебряную Ламу."
"Double-click to summon this mini to follow you around. Only one mini may be in use at a time.
Combine 3 of this mini with a Pile of Crystalline Dust, an Obsidian Shard, and an Amber Quantic Dipole (dropped by creatures in scale 1–20 fractals) in the Mystic Forge to create a Mini Mister Mittens.","Дважды щелкните, чтобы призвать этого мини-питомца, который будет следовать за вами. Одновременно можно использовать только одного мини-питомца.
Объедините 3 таких мини-питомца с Кучкой Кристаллической Пыли, Осколком Обсидиана и Янтарным Квантовым Диполем (выпадает с существ в масштабах 1–20 фракталов) в Мистической Кузнице, чтобы создать Мини-Мистера Миттенса."
"Double-click to summon this mini to follow you around. Only one mini may be in use at a time.
Combine 3 of this mini with a Pile of Crystalline Dust, an Obsidian Shard, and an Azure Denaturizing Agent (dropped by creatures in scale 21–50 fractals) in the Mystic Forge to create a Mini Baron von Scrufflebutt.","Дважды щелкните, чтобы призвать этого мини-питомца, который будет следовать за вами. Одновременно можно использовать только одного мини-питомца.
Объедините 3 таких мини-питомца с Кучкой Кристаллической Пыли, Осколком Обсидиана и Лазурным Денатурирующим Агентом (выпадает с существ в масштабах 21–50 фракталов) в Мистической Кузнице, чтобы создать Мини-Барона фон Скруффлбатта."
"Double-click to summon this mini to follow you around. Only one mini may be in use at a time.
Combine 3 of this mini with Pile of Crystalline Dust, an Obsidian Shard, and a Gift of Ascension in the Mystic Forge to create a Mini Snuggles.","Дважды щелкните, чтобы призвать этого мини-питомца, который будет следовать за вами. Одновременно можно использовать только одного мини-питомца.
Объедините 3 таких мини-питомца с Кучкой Кристаллической Пыли, Осколком Обсидиана и Даром Вознесения в Мистической Кузнице, чтобы создать Мини-Обнимашку."
"Double-click to summon this mini to follow you around. Only one mini may be in use at a time.
Combine Charitable Gift Skritt minis, Wintersday Gifts, Snowflakes, and an Essence of Skrittish Charity in the Mystic Forge to make a Mini Munificent Gift Skritt.","Дважды щелкните, чтобы призвать этого мини-питомца, который будет следовать за вами. Одновременно можно использовать только одного мини-питомца.
Объедините мини-питомцев Благотворительного Подарка Скритта, Подарки Зимнего Дня, Снежинки и Эссенцию Скриттской Благотворительности в Мистической Кузнице, чтобы создать Мини-Щедрого Подарка Скритта."
"Double-click to summon this mini to follow you around. Only one mini may be in use at a time.
Combine in the Mystic Forge to create a Mini Fortunate Lantern.","Дважды щелкните, чтобы призвать этого мини-питомца следовать за вами. Одновременно может использоваться только один мини-питомец.
Объедините в Таинственной кузнице, чтобы создать мини-Счастливый фонарь."
"Double-click to summon this mini to follow you around. Only one mini may be in use at a time.
Combine in the Mystic Forge to create a Mini Glowing Lantern.","Дважды щелкните, чтобы призвать этого мини-питомца следовать за вами. Одновременно может использоваться только один мини-питомец.
Объедините в Таинственной кузнице, чтобы создать мини-Светящийся фонарь."
"Double-click to summon this mini to follow you around. Only one mini may be in use at a time.
Combine in the Mystic Forge to create Mini Pumpkin Jack O' Lantern.","Дважды щелкните, чтобы призвать этого мини-питомца, который будет следовать за вами. Одновременно можно использовать только одного мини-питомца.
Объедините в Мистической Кузнице, чтобы создать Мини-Тыквенного Джека-Фонаря."
"Double-click to summon this mini to follow you around. Only one mini may be in use at a time.
Combine in the Mystic Forge to create Mini Pumpkin Jack O'.","Дважды щелкните, чтобы призвать этого мини-питомца следовать за вами. Одновременно может использоваться только один мини-питомец.
Объедините в Таинственной кузнице, чтобы создать мини-Тыквенного Джека О'."
"Double-click to summon this mini to follow you around. Only one mini may be in use at a time.
Combine in the Mystic Forge to get a larger mini snowball.","Дважды щелкните, чтобы призвать этого мини-питомца следовать за вами. Одновременно может использоваться только один мини-питомец.
Объедините в Таинственной кузнице, чтобы получить снежок побольше."
"Double-click to summon this mini to follow you around. Only one mini may be in use at a time.
Combine Mini Gift Skritt, Candy Canes, Snowflakes, and an Essence of Skrittish Charity in the Mystic Forge to make a Mini Charitable Gift Skritt.","Дважды щелкните, чтобы призвать этого мини-питомца, который будет следовать за вами. Одновременно можно использовать только одного мини-питомца.
Объедините Мини-Подарка Скритта, Леденцы, Снежинки и Эссенцию Скриттской Благотворительности в Мистической Кузнице, чтобы создать Мини-Благотворительного Подарка Скритта."
Double-click to summon this mini to follow you around. Only one mini may be in use at a time. Combine the Mini Super Trio in the Mystic Forge with a Continue Coin to unlock the Mini Storm Wizard.,"Дважды щелкните, чтобы призвать этого мини-питомца следовать за вами. Одновременно может использоваться только один мини-питомец. Объедините мини-Супер-трио в Таинственной кузнице с Продолжающей монетой, чтобы разблокировать мини-Штормового волшебника."
Double-click to summon this mini to follow you around. Only one mini may be in use at a time. Combine the Mini Super Trio—Series 3 in the Mystic Forge with a Continue Coin to unlock the Mini Super Angry Cloud.,"Дважды щелкните, чтобы призвать этого мини-питомца следовать за вами. Одновременно может использоваться только один мини-питомец. Объедините мини-Супер-трио — Серия 3 в Таинственной кузнице с Продолжающей монетой, чтобы разблокировать мини-Супер-сердитую тучу."
Double-click to summon this mini to follow you around. Only one mini may be in use at a time. Combine the Mini Super Trio—Series 3 in the Mystic Forge with a Continue Coin to unlock the Mini Super Queen Bee Dog.,"Дважды щелкните, чтобы призвать этого мини-питомца следовать за вами. Одновременно может использоваться только один мини-питомец. Объедините мини-Супер-трио — Серия 3 в Таинственной кузнице с Продолжающей монетой, чтобы разблокировать мини-Супер-Королеву-пчелу-собаку."
Double-click to take a sample of the miasma surrounding a recently fallen Brandstone.,"Дважды щелкните, чтобы взять пробу миазмов, окружающих недавно упавший Осколок Клейма."
Double-click to take out your kite.,"Дважды щелкните, чтобы достать воздушного змея."
"Double-click to take out your kite. This kite provides a 5% speed increase, 33% during sandstorms.",
Double-click to take your rightful place.,"Дважды щелкните, чтобы занять законное место."
Double-click to teleport to Arborstone in the Echovald Wilds. <c=@Warning>This item cannot be used while in combat.</c>,"Дважды щелкните, чтобы телепортироваться в Арборстоун в Эховальдских Пустошах. <c=@Warning>Этот предмет нельзя использовать в бою.</c>"
Double-click to teleport to Atholma in Sandswept Isles. <c=@Warning>This item cannot be used while in combat.</c>,"Дважды щелкните, чтобы телепортироваться в Атолму на Песках Ветров. <c=@Warning>Этот предмет нельзя использовать в бою.</c>"
Double-click to teleport to Bjora Marches. <c=@Warning>This item cannot be used while in combat.</c>,"Дважды щелкните, чтобы телепортироваться в Марши Бьоры. <c=@Warning>Этот предмет нельзя использовать в бою.</c>"
Double-click to teleport to Bloated Beach in Siren's Landing. <c=@Warning>This item cannot be used while in combat.</c>,"Дважды щелкните, чтобы телепортироваться на Вздутый Пляж в Земле Сирены. <c=@Warning>Этот предмет нельзя использовать в бою.</c>"
Double-click to teleport to Doric's Landing in Lake Doric. <c=@Warning>This item cannot be used while in combat.</c>,"Дважды щелкните, чтобы телепортироваться в Посадку Дорика в Озере Дорика. <c=@Warning>Этот предмет нельзя использовать в бою.</c>"
Double-click to teleport to Dragonfall. <c=@Warning>This item cannot be used while in combat.</c>,"Дважды щелкните, чтобы телепортироваться в Драконий Шторм. <c=@Warning>Этот предмет нельзя использовать в бою.</c>"
Double-click to teleport to Grothmar Valley. <c=@Warning>This item cannot be used while in combat.</c>,"Дважды щелкните, чтобы телепортироваться в Долину Гротмара. <c=@Warning>Этот предмет нельзя использовать в бою.</c>"
Double-click to teleport to Jahai Bluffs. <c=@Warning>This item cannot be used while in combat.</c>,"Дважды щелкните, чтобы телепортироваться в Утёсы Джахая. <c=@Warning>Этот предмет нельзя использовать в бою.</c>"
Double-click to teleport to Mariner Landing in Draconis Mons. <c=@Warning>This item cannot be used while in combat.</c>,"Дважды щелкните, чтобы телепортироваться в Посадку Морехода в Горе Драконис. <c=@Warning>Этот предмет нельзя использовать в бою.</c>"
Double-click to teleport to Sun's Refuge. <c=@Warning>This item cannot be used while in combat.</c>,"Дважды щелкните, чтобы телепортироваться в Убежище Солнца. <c=@Warning>Этот предмет нельзя использовать в бою.</c>"
Double-click to teleport to the allied encampment in the Domain of Kourna. <c=@Warning>This item cannot be used while in combat.</c>,"Дважды щелкните, чтобы телепортироваться в лагерь союзников в Области Курны. <c=@Warning>Этот предмет нельзя использовать в бою.</c>"
Double-click to teleport to the Asuran Beachhead in Ember Bay. <c=@Warning>This item cannot be used while in combat.</c>,"Дважды щелкните, чтобы телепортироваться на Асурский Плацдарм в Бухте Эмбер. <c=@Warning>Этот предмет нельзя использовать в бою.</c>"
