english,translate
"A recipe to make an ascended inscription for crafting weapons with Marauder (+Power, +Precision, +Vitality, and +Ferocity) stats.","Рецепт изготовления вознесённой гравировки для создания оружия с характеристиками «Мародёр» (+сила, +точность, +живучесть, +свирепость)."
"A recipe to make an ascended inscription for crafting weapons with Marshal's (+Power, +Healing, +Condition Damage, and +Precision) stats.","Рецепт изготовления вознесённой гравировки для создания оружия с характеристиками «Маршал» (+сила, +исцеление, +урон от состояний, +точность)."
"A recipe to make an ascended inscription for crafting weapons with Minstrel's (+Toughness, +Healing, +Concentration, and +Vitality) stats.","Рецепт изготовления вознесённой гравировки для создания оружия с характеристиками «Менестрель» (+стойкость, +исцеление, +концентрация, +живучесть)."
"A recipe to make an ascended inscription for crafting weapons with Nomad's (+Toughness, +Healing, and +Vitality) stats.","Рецепт изготовления вознесённой гравировки для создания оружия с характеристиками «Кочевник» (+стойкость, +исцеление, +живучесть)."
"A recipe to make an ascended inscription for crafting weapons with Plaguedoctor's (+Condition Damage, +Vitality, +Concentration, and +Healing Power) stats.","Рецепт изготовления вознесённой гравировки для создания оружия с характеристиками «Чумной доктор» (+урон от состояний, +живучесть, +концентрация, +сила исцеления)."
"A recipe to make an ascended inscription for crafting weapons with Rabid (+Condition Damage, +Precision, and +Toughness) stats.","Рецепт изготовления вознесённой гравировки для создания оружия с характеристиками «Бешеный» (+урон от состояний, +точность, +стойкость)."
"A recipe to make an ascended inscription for crafting weapons with Rampager (+Precision, +Condition Damage, and +Power) stats.","Рецепт изготовления вознесённой гравировки для создания оружия с характеристиками «Буян» (+точность, +урон от состояний, +сила)."
"A recipe to make an ascended inscription for crafting weapons with Ritualist's (+Condition Damage, +Concentration, +Expertise, and +Vitality) stats.","Рецепт изготовления вознесённой гравировки для создания оружия с характеристиками «Ритуалист» (+урон от состояний, +концентрация, +экспертиза, +живучесть)."
"A recipe to make an ascended inscription for crafting weapons with Sentinel (+Vitality, +Power, and +Toughness) stats.","Рецепт изготовления вознесённой гравировки для создания оружия с характеристиками «Часовой» (+живучесть, +сила, +стойкость)."
"A recipe to make an ascended inscription for crafting weapons with Seraph (+Condition Damage, +Precision, +Concentration, and +Healing Power) stats.","Рецепт изготовления вознесённой гравировки для создания оружия с характеристиками «Серафим» (+урон от состояний, +точность, +концентрация, +сила исцеления)."
"A recipe to make an ascended inscription for crafting weapons with Settler (+Toughness, +Healing Power, and +Condition Damage) stats.","Рецепт изготовления вознесённой гравировки для создания оружия с характеристиками «Поселенец» (+стойкость, +сила исцеления, +урон от состояний)."
"A recipe to make an ascended inscription for crafting weapons with Shaman (+Vitality, +Condition Damage, and +Healing Power) stats.","Рецепт изготовления вознесённой гравировки для создания оружия с характеристиками «Шаман» (+живучесть, +урон от состояний, +сила исцеления)."
"A recipe to make an ascended inscription for crafting weapons with Sinister (+Condition Damage, +Power, and +Precision) stats.","Рецепт изготовления вознесённой гравировки для создания оружия с характеристиками «Зловещий» (+урон от состояний, +сила, +точность)."
"A recipe to make an ascended inscription for crafting weapons with Soldier (+Power, +Vitality, and +Toughness) stats.","Рецепт изготовления вознесённой гравировки для создания оружия с характеристиками «Солдат» (+сила, +живучесть, +стойкость)."
"A recipe to make an ascended inscription for crafting weapons with Trailblazer's (+Toughness, +Condition Damage, +Expertise, and +Vitality) stats.","Рецепт изготовления вознесённой гравировки для создания оружия с характеристиками «Первопроходец» (+стойкость, +урон от состояний, +экспертиза, +живучесть)."
"A recipe to make an ascended inscription for crafting weapons with Valkyrie (+Power, +Ferocity, and +Vitality) stats.","Рецепт изготовления вознесённой гравировки для создания оружия с характеристиками «Валькирия» (+сила, +свирепость, +живучесть)."
"A recipe to make an ascended inscription for crafting weapons with Vigilant (+Power, +Toughness, +Concentration, and +Expertise) stats.","Рецепт изготовления вознесённой гравировки для создания оружия с характеристиками «Бдительный» (+сила, +стойкость, +концентрация, +экспертиза)."
"A recipe to make an ascended inscription for crafting weapons with Viper's (+Condition Damage, +Power, +Expertise, and +Precision) stats.","Рецепт изготовления вознесённой гравировки для создания оружия с характеристиками «Гадюка» (+урон от состояний, +сила, +экспертиза, +точность)."
"A recipe to make an ascended inscription for crafting weapons with Wanderer's (+Power, +Vitality, +Concentration, and +Toughness) stats.","Рецепт изготовления вознесённой гравировки для создания оружия с характеристиками «Странник» (+сила, +живучесть, +концентрация, +стойкость)."
"A recipe to make an ascended inscription for crafting weapons with Zealot's (+Power, +Precision, +Healing) stats.","Рецепт изготовления вознесённой гравировки для создания оружия с характеристиками «Фанатик» (+сила, +точность, +исцеление)."
"A recipe to make an ascended insignia for crafting armor with Apothecary (+Healing Power, +Toughness, and +Condition Damage) stats.","Рецепт изготовления вознесённой инсигнии для создания брони с характеристиками «Аптекарь» (+сила исцеления, +стойкость, +урон от состояний)."
"A recipe to make an ascended insignia for crafting armor with Assassin (+Precision, +Power, and +Ferocity) stats.","Рецепт изготовления вознесённой инсигнии для создания брони с характеристиками «Ассасин» (+точность, +сила, +свирепость)."
"A recipe to make an ascended insignia for crafting armor with Berserker (+Power, +Ferocity, and +Precision) stats.","Рецепт изготовления вознесённой инсигнии для создания брони с характеристиками «Берсерк» (+сила, +свирепость, +точность)."
"A recipe to make an ascended insignia for crafting armor with Bringer's (+Expertise, +Vitality, and +Precision) stats.","Рецепт изготовления вознесённой инсигнии для создания брони с характеристиками «Приносящий» (+экспертиза, +живучесть, +точность)."
"A recipe to make an ascended insignia for crafting armor with Carrion (+Condition Damage, +Power, and +Vitality) stats.","Рецепт изготовления вознесённой инсигнии для создания брони с характеристиками «Падальщик» (+урон от состояний, +сила, +живучесть)."
"A recipe to make an ascended insignia for crafting armor with Cavalier (+Toughness, +Power, and +Ferocity) stats.","Рецепт изготовления вознесённой инсигнии для создания брони с характеристиками «Кавалерист» (+стойкость, +сила, +свирепость)."
A recipe to make an ascended insignia for crafting armor with Celestial (+All) stats.,Рецепт изготовления вознесённой инсигнии для создания брони с характеристиками «Небесный» (+все).
"A recipe to make an ascended insignia for crafting armor with Cleric (+Healing Power, +Power, and +Toughness) stats.","Рецепт изготовления вознесённой инсигнии для создания брони с характеристиками «Клирик» (+сила исцеления, +сила, +стойкость)."
"A recipe to make an ascended insignia for crafting armor with Commander's (+Power, +Precision, +Toughness, and +Concentration) stats.","Рецепт изготовления вознесённой инсигнии для создания брони с характеристиками «Командир» (+сила, +точность, +стойкость, +концентрация)."
"A recipe to make an ascended insignia for crafting armor with Crusader (+Power, +Toughness, +Ferocity, and +Healing) stats.","Рецепт изготовления вознесённой инсигнии для создания брони с характеристиками «Крестоносец» (+сила, +стойкость, +свирепость, +исцеление)."
"A recipe to make an ascended insignia for crafting armor with Dire (+Condition Damage, +Vitality, and +Toughness) stats.","Рецепт изготовления вознесённой инсигнии для создания брони с характеристиками «Лютый» (+урон от состояний, +живучесть, +стойкость)."
"A recipe to make an ascended insignia for crafting armor with Diviner's (+Power, +Concentration, +Ferocity, and +Precision) stats.","Рецепт изготовления вознесённой инсигнии для создания брони с характеристиками «Прорицатель» (+сила, +концентрация, +свирепость, +точность)."
"A recipe to make an ascended insignia for crafting armor with Dragon's (+Power, +Ferocity, +Precision, and +Vitality) stats.","Рецепт изготовления вознесённой инсигнии для создания брони с характеристиками «Дракон» (+сила, +свирепость, +точность, +живучесть)."
"A recipe to make an ascended insignia for crafting armor with Giver's (+Toughness, +Healing, and +Concentration) stats.","Рецепт изготовления вознесённой инсигнии для создания брони с характеристиками «Даритель» (+стойкость, +исцеление, +концентрация)."
"A recipe to make an ascended insignia for crafting armor with Grieving (+Power, +Condition Damage, +Ferocity, and +Precision) stats.","Рецепт изготовления вознесённой инсигнии для создания брони с характеристиками «Скорбящий» (+сила, +урон от состояний, +свирепость, +точность)."
"A recipe to make an ascended insignia for crafting armor with Harrier's (+Power, +Healing, and +Concentration) stats.","Рецепт изготовления вознесённой инсигнии для создания брони с характеристиками «Защитник» (+сила, +исцеление, +концентрация)."
"A recipe to make an ascended insignia for crafting armor with Knight (+Toughness, +Power, and +Precision) stats.","Рецепт изготовления вознесённой инсигнии для создания брони с характеристиками «Рыцарь» (+стойкость, +сила, +точность)."
"A recipe to make an ascended insignia for crafting armor with Magi (+Healing Power, +Precision, and +Vitality) stats.","Рецепт изготовления вознесённой инсигнии для создания брони с характеристиками «Маг» (+сила исцеления, +точность, +живучесть)."
"A recipe to make an ascended insignia for crafting armor with Marauder (+Power, +Precision, +Vitality, and +Ferocity) stats.","Рецепт изготовления вознесённой инсигнии для создания брони с характеристиками «Мародёр» (+сила, +точность, +живучесть, +свирепость)."
"A recipe to make an ascended insignia for crafting armor with Marshal's (+Power, +Healing, +Condition Damage, and +Precision) stats.","Рецепт изготовления вознесённой инсигнии для создания брони с характеристиками «Маршал» (+сила, +исцеление, +урон от состояний, +точность)."
"A recipe to make an ascended insignia for crafting armor with Minstrel's (+Toughness, +Healing, +Concentration, and +Vitality) stats.","Рецепт изготовления вознесённой инсигнии для создания брони с характеристиками «Менестрель» (+стойкость, +исцеление, +концентрация, +живучесть)."
"A recipe to make an ascended insignia for crafting armor with Nomad's (+Toughness, +Healing, and +Vitality) stats.","Рецепт изготовления вознесённой инсигнии для создания брони с характеристиками «Кочевник» (+стойкость, +исцеление, +живучесть)."
"A recipe to make an ascended insignia for crafting armor with Plaguedoctor's (+Condition Damage, +Vitality, +Concentration, and +Healing Power) stats.","Рецепт изготовления вознесённой инсигнии для создания брони с характеристиками «Чумной доктор» (+урон от состояний, +живучесть, +концентрация, +сила исцеления)."
"A recipe to make an ascended insignia for crafting armor with Rabid (+Condition Damage, +Precision, and +Toughness) stats.","Рецепт изготовления вознесённой инсигнии для создания брони с характеристиками «Бешеный» (+урон от состояний, +точность, +стойкость)."
"A recipe to make an ascended insignia for crafting armor with Rampager (+Precision, +Condition Damage, and +Power) stats.","Рецепт изготовления вознесённой инсигнии для создания брони с характеристиками «Буян» (+точность, +урон от состояний, +сила)."
"A recipe to make an ascended insignia for crafting armor with Ritualist's (+Condition Damage, +Concentration, +Expertise, and +Vitality) stats.","Рецепт изготовления вознесённой инсигнии для создания брони с характеристиками «Ритуалист» (+урон от состояний, +концентрация, +экспертиза, +живучесть)."
"A recipe to make an ascended insignia for crafting armor with Sentinel (+Vitality, +Power, and +Toughness) stats.","Рецепт изготовления вознесённой инсигнии для создания брони с характеристиками «Часовой» (+живучесть, +сила, +стойкость)."
"A recipe to make an ascended insignia for crafting armor with Seraph (+Condition Damage, +Precision, +Concentration, and +Healing Power) stats.","Рецепт изготовления вознесённой инсигнии для создания брони с характеристиками «Серафим» (+урон от состояний, +точность, +концентрация, +сила исцеления)."
"A recipe to make an ascended insignia for crafting armor with Settler (+Toughness, +Healing Power, and +Condition Damage) stats.","Рецепт изготовления вознесённой инсигнии для создания брони с характеристиками «Поселенец» (+стойкость, +сила исцеления, +урон от состояний)."
"A recipe to make an ascended insignia for crafting armor with Shaman (+Vitality, +Condition Damage, and +Healing Power) stats.","Рецепт изготовления вознесённой инсигнии для создания брони с характеристиками «Шаман» (+живучесть, +урон от состояний, +сила исцеления)."
"A recipe to make an ascended insignia for crafting armor with Sinister (+Condition Damage, +Power, and +Precision) stats.","Рецепт изготовления вознесённой инсигнии для создания брони с характеристиками «Зловещий» (+урон от состояний, +сила, +точность)."
"A recipe to make an ascended insignia for crafting armor with Soldier (+Power, +Vitality, and +Toughness) stats.","Рецепт изготовления вознесённой инсигнии для создания брони с характеристиками «Солдат» (+сила, +живучесть, +стойкость)."
"A recipe to make an ascended insignia for crafting armor with Trailblazer's (+Toughness, +Condition Damage, +Expertise, and +Vitality) stats.","Рецепт изготовления вознесённой инсигнии для создания брони с характеристиками «Первопроходец» (+стойкость, +урон от состояний, +экспертиза, +живучесть)."
"A recipe to make an ascended insignia for crafting armor with Valkyrie (+Power, +Ferocity, and +Vitality) stats.","Рецепт изготовления вознесённой инсигнии для создания брони с характеристиками «Валькирия» (+сила, +свирепость, +живучесть)."
"A recipe to make an ascended insignia for crafting armor with Vigilant (+Power, +Toughness, +Concentration, and +Expertise) stats.","Рецепт изготовления вознесённой инсигнии для создания брони с характеристиками «Бдительный» (+сила, +стойкость, +концентрация, +экспертиза)."
"A recipe to make an ascended insignia for crafting armor with Viper's (+Condition Damage, +Power, +Expertise, and +Precision) stats.","Рецепт изготовления вознесённой инсигнии для создания брони с характеристиками «Гадюка» (+урон от состояний, +сила, +экспертиза, +точность)."
"A recipe to make an ascended insignia for crafting armor with Wanderer's (+Power, +Vitality, +Concentration, and +Toughness) stats.","Рецепт изготовления вознесённой инсигнии для создания брони с характеристиками «Странник» (+сила, +живучесть, +концентрация, +стойкость)."
"A recipe to make an ascended insignia for crafting armor with Zealot's (+Power, +Precision, +Healing) stats.","Рецепт изготовления вознесённой инсигнии для создания брони с характеристиками «Фанатик» (+сила, +точность, +исцеление)."
"A recipe to make an ascended light breather with Apothecary (+Healing Power, +Toughness, and +Condition Damage) stats.","Рецепт изготовления вознесённой лёгкой дыхательной маски с характеристиками «Аптекарь» (+сила исцеления, +стойкость, +урон от состояний)."
"A recipe to make an ascended light breather with Assassin (+Precision, +Power, and +Ferocity) stats.","Рецепт изготовления вознесённой лёгкой дыхательной маски с характеристиками «Ассасин» (+точность, +сила, +свирепость)."
"A recipe to make an ascended light breather with Berserker (+Power, +Ferocity, and +Precision) stats.","Рецепт изготовления вознесённой лёгкой дыхательной маски с характеристиками «Берсерк» (+сила, +свирепость, +точность)."
"A recipe to make an ascended light breather with Carrion (+Condition Damage, +Power, and +Vitality) stats.","Рецепт изготовления вознесённой лёгкой дыхательной маски с характеристиками «Падальщик» (+урон от состояний, +сила, +живучесть)."
"A recipe to make an ascended light breather with Cavalier (+Toughness, +Power, and +Ferocity) stats.","Рецепт изготовления вознесённой лёгкой дыхательной маски с характеристиками «Кавалерист» (+стойкость, +сила, +свирепость)."
A recipe to make an ascended light breather with Celestial (+All) stats.,Рецепт изготовления вознесённой лёгкой дыхательной маски с характеристиками «Небесный» (+все).
"A recipe to make an ascended light breather with Cleric (+Healing Power, +Power, and +Toughness) stats.","Рецепт изготовления вознесённой лёгкой дыхательной маски с характеристиками «Клирик» (+сила исцеления, +сила, +стойкость)."
"A recipe to make an ascended light breather with Commander's (+Power, +Precision, +Toughness, and +Concentration) stats.","Рецепт изготовления вознесённой лёгкой дыхательной маски с характеристиками «Командир» (+сила, +точность, +стойкость, +концентрация)."
"A recipe to make an ascended light breather with Dire (+Condition Damage, +Vitality, and +Toughness) stats.","Рецепт изготовления вознесённой лёгкой дыхательной маски с характеристиками «Лютый» (+урон от состояний, +живучесть, +стойкость)."
"A recipe to make an ascended light breather with Knight (+Toughness, +Power, and +Precision) stats.","Рецепт изготовления вознесённой лёгкой дыхательной маски с характеристиками «Рыцарь» (+стойкость, +сила, +точность)."
"A recipe to make an ascended light breather with Magi (+Healing Power, +Precision, and +Vitality) stats.","Рецепт изготовления вознесённой лёгкой дыхательной маски с характеристиками «Маг» (+сила исцеления, +точность, +живучесть)."
"A recipe to make an ascended light breather with Minstrel's (+Toughness, +Healing, +Concentration, and +Vitality) stats.","Рецепт изготовления вознесённой лёгкой дыхательной маски с характеристиками «Менестрель» (+стойкость, +исцеление, +концентрация, +живучесть)."
"A recipe to make an ascended light breather with Nomad's (+Toughness, +Healing, and +Vitality) stats.","Рецепт изготовления вознесённой лёгкой дыхательной маски с характеристиками «Кочевник» (+стойкость, +исцеление, +живучесть)."
"A recipe to make an ascended light breather with Rabid (+Condition Damage, +Precision, and +Toughness) stats.","Рецепт изготовления вознесённой лёгкой дыхательной маски с характеристиками «Бешеный» (+урон от состояний, +точность, +стойкость)."
"A recipe to make an ascended light breather with Rampager (+Precision, +Condition Damage, and +Power) stats.","Рецепт изготовления вознесённой лёгкой дыхательной маски с характеристиками «Буян» (+точность, +урон от состояний, +сила)."
"A recipe to make an ascended light breather with Sentinel (+Vitality, +Power, and +Toughness) stats.","Рецепт изготовления вознесённой лёгкой дыхательной маски с характеристиками «Часовой» (+живучесть, +сила, +стойкость)."
"A recipe to make an ascended light breather with Seraph (+Condition Damage, +Precision, +Concentration, and +Healing Power) stats.","Рецепт изготовления вознесённой лёгкой дыхательной маски с характеристиками «Серафим» (+урон от состояний, +точность, +концентрация, +сила исцеления)."
"A recipe to make an ascended light breather with Settler (+Toughness, +Healing Power, and +Condition Damage) stats.","Рецепт изготовления вознесённой лёгкой дыхательной маски с характеристиками «Поселенец» (+стойкость, +сила исцеления, +урон от состояний)."
"A recipe to make an ascended light breather with Shaman (+Vitality, +Condition Damage, and +Healing Power) stats.","Рецепт изготовления вознесённой лёгкой дыхательной маски с характеристиками «Шаман» (+живучесть, +урон от состояний, +сила исцеления)."
"A recipe to make an ascended light breather with Sinister (+Condition Damage, +Power, and +Precision) stats.","Рецепт изготовления вознесённой лёгкой дыхательной маски с характеристиками «Зловещий» (+урон от состояний, +сила, +точность)."
"A recipe to make an ascended light breather with Soldier (+Power, +Vitality, and +Toughness) stats.","Рецепт изготовления вознесённой лёгкой дыхательной маски с характеристиками «Солдат» (+сила, +живучесть, +стойкость)."
"A recipe to make an ascended light breather with Valkyrie (+Power, +Ferocity, and +Vitality) stats.","Рецепт изготовления вознесённой лёгкой дыхательной маски с характеристиками «Валькирия» (+сила, +свирепость, +живучесть)."
"A recipe to make an ascended light breather with Vigilant (+Power, +Toughness, +Concentration, and +Expertise) stats.","Рецепт изготовления вознесённой лёгкой дыхательной маски с характеристиками «Бдительный» (+сила, +стойкость, +концентрация, +экспертиза)."
"A recipe to make an ascended light breather with Viper's (+Condition Damage, +Power, +Expertise, and +Precision) stats.","Рецепт изготовления вознесённой лёгкой дыхательной маски с характеристиками «Гадюка» (+урон от состояний, +сила, +экспертиза, +точность)."
"A recipe to make an ascended light breather with Wanderer's (+Power, +Vitality, +Concentration, and +Toughness) stats.","Рецепт изготовления вознесённой лёгкой дыхательной маски с характеристиками «Странник» (+сила, +живучесть, +концентрация, +стойкость)."
"A recipe to make an ascended light breather with Zealot's (+Power, +Precision, +Healing) stats.","Рецепт изготовления вознесённой лёгкой дыхательной маски с характеристиками «Фанатик» (+сила, +точность, +исцеление)."
"A recipe to make an ascended light coat with Apothecary (+Healing Power, +Toughness, and +Condition Damage) stats.","Рецепт изготовления вознесённой лёгкой куртки с характеристиками «Аптекарь» (+сила исцеления, +стойкость, +урон от состояний)."
"A recipe to make an ascended light coat with Assassin (+Precision, +Power, and +Ferocity) stats.","Рецепт изготовления вознесённой лёгкой куртки с характеристиками «Ассасин» (+точность, +сила, +свирепость)."
"A recipe to make an ascended light coat with Berserker (+Power, +Ferocity, and +Precision) stats.","Рецепт изготовления вознесённой лёгкой куртки с характеристиками «Берсерк» (+сила, +свирепость, +точность)."
"A recipe to make an ascended light coat with Bringer's (+Expertise, +Vitality, and +Precision) stats.","Рецепт изготовления вознесённой лёгкой куртки с характеристиками «Приносящий» (+экспертиза, +живучесть, +точность)."
"A recipe to make an ascended light coat with Carrion (+Condition Damage, +Power, and +Vitality) stats.","Рецепт изготовления вознесённой лёгкой куртки с характеристиками «Падальщик» (+урон от состояний, +сила, +живучесть)."
"A recipe to make an ascended light coat with Cavalier (+Toughness, +Power, and +Ferocity) stats.","Рецепт изготовления вознесённой лёгкой куртки с характеристиками «Кавалерист» (+стойкость, +сила, +свирепость)."
A recipe to make an ascended light coat with Celestial (+All) stats.,Рецепт изготовления вознесённой лёгкой куртки с характеристиками «Небесный» (+все).
"A recipe to make an ascended light coat with Cleric (+Healing Power, +Power, and +Toughness) stats.","Рецепт изготовления вознесённой лёгкой куртки с характеристиками «Клирик» (+сила исцеления, +сила, +стойкость)."
"A recipe to make an ascended light coat with Commander's (+Power, +Precision, +Toughness, and +Concentration) stats.","Рецепт изготовления вознесённой лёгкой куртки с характеристиками «Командир» (+сила, +точность, +стойкость, +концентрация)."
"A recipe to make an ascended light coat with Crusader (+Power, +Toughness, +Ferocity, and +Healing) stats.","Рецепт изготовления вознесённой лёгкой куртки с характеристиками «Крестоносец» (+сила, +стойкость, +свирепость, +исцеление)."
"A recipe to make an ascended light coat with Dire (+Condition Damage, +Vitality, and +Toughness) stats.","Рецепт изготовления вознесённой лёгкой куртки с характеристиками «Лютый» (+урон от состояний, +живучесть, +стойкость)."
"A recipe to make an ascended light coat with Diviner's (+Power, +Concentration, +Ferocity, and +Precision) stats.","Рецепт изготовления вознесённой лёгкой куртки с характеристиками «Прорицатель» (+сила, +концентрация, +свирепость, +точность)."
"A recipe to make an ascended light coat with Dragon's (+Power, +Ferocity, +Precision, and +Vitality) stats.","Рецепт изготовления вознесённой лёгкой куртки с характеристиками «Дракон» (+сила, +свирепость, +точность, +живучесть)."
"A recipe to make an ascended light coat with Giver's (+Toughness, +Healing, and +Concentration) stats.","Рецепт изготовления вознесённой лёгкой куртки с характеристиками «Даритель» (+стойкость, +исцеление, +концентрация)."
"A recipe to make an ascended light coat with Grieving (+Power, +Condition Damage, +Ferocity, and +Precision) stats.","Рецепт изготовления вознесённой лёгкой куртки с характеристиками «Скорбящий» (+сила, +урон от состояний, +свирепость, +точность)."
"A recipe to make an ascended light coat with Harrier's (+Power, +Healing, and +Concentration) stats.","Рецепт изготовления вознесённой лёгкой куртки с характеристиками «Защитник» (+сила, +исцеление, +концентрация)."
"A recipe to make an ascended light coat with Knight (+Toughness, +Power, and +Precision) stats.","Рецепт изготовления вознесённой лёгкой куртки с характеристиками «Рыцарь» (+стойкость, +сила, +точность)."
"A recipe to make an ascended light coat with Magi (+Healing Power, +Precision, and +Vitality) stats.","Рецепт изготовления вознесённой лёгкой куртки с характеристиками «Маг» (+сила исцеления, +точность, +живучесть)."
"A recipe to make an ascended light coat with Marauder (+Power, +Precision, +Vitality, and +Ferocity) stats.","Рецепт изготовления вознесённой лёгкой куртки с характеристиками «Мародёр» (+сила, +точность, +живучесть, +свирепость)."
"A recipe to make an ascended light coat with Marshal's (+Power, +Healing, +Condition Damage, and +Precision) stats.","Рецепт изготовления вознесённой лёгкой куртки с характеристиками «Маршал» (+сила, +исцеление, +урон от состояний, +точность)."
"A recipe to make an ascended light coat with Minstrel's (+Toughness, +Healing, +Concentration, and +Vitality) stats.","Рецепт изготовления вознесённой лёгкой куртки с характеристиками «Менестрель» (+стойкость, +исцеление, +концентрация, +живучесть)."
"A recipe to make an ascended light coat with Nomad's (+Toughness, +Healing, and +Vitality) stats.","Рецепт изготовления вознесённой лёгкой куртки с характеристиками «Кочевник» (+стойкость, +исцеление, +живучесть)."
"A recipe to make an ascended light coat with Plaguedoctor's (+Condition Damage, +Vitality, +Concentration, and +Healing Power) stats.","Рецепт изготовления вознесённой лёгкой куртки с характеристиками «Чумной доктор» (+урон от состояний, +живучесть, +концентрация, +сила исцеления)."
"A recipe to make an ascended light coat with Rabid (+Condition Damage, +Precision, and +Toughness) stats.","Рецепт изготовления вознесённой лёгкой куртки с характеристиками «Бешеный» (+урон от состояний, +точность, +стойкость)."
"A recipe to make an ascended light coat with Rampager (+Precision, +Condition Damage, and +Power) stats.","Рецепт изготовления вознесённой лёгкой куртки с характеристиками «Буян» (+точность, +урон от состояний, +сила)."
"A recipe to make an ascended light coat with Ritualist's (+Condition Damage, +Concentration, +Expertise, and +Vitality) stats.","Рецепт изготовления вознесённой лёгкой куртки с характеристиками «Ритуалист» (+урон от состояний, +концентрация, +экспертиза, +живучесть)."
"A recipe to make an ascended light coat with Sentinel (+Vitality, +Power, and +Toughness) stats.","Рецепт изготовления вознесённой лёгкой куртки с характеристиками «Часовой» (+живучесть, +сила, +стойкость)."
"A recipe to make an ascended light coat with Seraph (+Condition Damage, +Precision, +Concentration, and +Healing Power) stats.","Рецепт изготовления вознесённой лёгкой куртки с характеристиками «Серафим» (+урон от состояний, +точность, +концентрация, +сила исцеления)."
"A recipe to make an ascended light coat with Settler (+Toughness, +Healing Power, and +Condition Damage) stats.","Рецепт изготовления вознесённой лёгкой куртки с характеристиками «Поселенец» (+стойкость, +сила исцеления, +урон от состояний)."
"A recipe to make an ascended light coat with Shaman (+Vitality, +Condition Damage, and +Healing Power) stats.","Рецепт изготовления вознесённой лёгкой куртки с характеристиками «Шаман» (+живучесть, +урон от состояний, +сила исцеления)."
"A recipe to make an ascended light coat with Sinister (+Condition Damage, +Power, and +Precision) stats.","Рецепт изготовления вознесённой лёгкой куртки с характеристиками «Зловещий» (+урон от состояний, +сила, +точность)."
"A recipe to make an ascended light coat with Soldier (+Power, +Vitality, and +Toughness) stats.","Рецепт изготовления вознесённой лёгкой куртки с характеристиками «Солдат» (+сила, +живучесть, +стойкость)."
"A recipe to make an ascended light coat with Trailblazer's (+Toughness, +Condition Damage, +Expertise, and +Vitality) stats.","Рецепт изготовления вознесённой лёгкой куртки с характеристиками «Первопроходец» (+стойкость, +урон от состояний, +экспертиза, +живучесть)."
"A recipe to make an ascended light coat with Valkyrie (+Power, +Ferocity, and +Vitality) stats.","Рецепт изготовления вознесённой лёгкой куртки с характеристиками «Валькирия» (+сила, +свирепость, +живучесть)."
"A recipe to make an ascended light coat with Vigilant (+Power, +Toughness, +Concentration, and +Expertise) stats.","Рецепт изготовления вознесённой лёгкой куртки с характеристиками «Бдительный» (+сила, +стойкость, +концентрация, +экспертиза)."
"A recipe to make an ascended light coat with Viper's (+Condition Damage, +Power, +Expertise, and +Precision) stats.","Рецепт изготовления вознесённой лёгкой куртки с характеристиками «Гадюка» (+урон от состояний, +сила, +экспертиза, +точность)."
"A recipe to make an ascended light coat with Wanderer's (+Power, +Vitality, +Concentration, and +Toughness) stats.","Рецепт изготовления вознесённой лёгкой куртки с характеристиками «Странник» (+сила, +живучесть, +концентрация, +стойкость)."
"A recipe to make an ascended light coat with Zealot's (+Power, +Precision, +Healing) stats.","Рецепт изготовления вознесённой лёгкой куртки с характеристиками «Фанатик» (+сила, +точность, +исцеление)."
"A recipe to make an ascended light helm with Apothecary (+Healing Power, +Toughness, and +Condition Damage) stats.","Рецепт изготовления вознесённого лёгкого шлема с характеристиками «Аптекарь» (+сила исцеления, +стойкость, +урон от состояний)."
"A recipe to make an ascended light helm with Assassin (+Precision, +Power, and +Ferocity) stats.","Рецепт изготовления вознесённого лёгкого шлема с характеристиками «Ассасин» (+точность, +сила, +свирепость)."
"A recipe to make an ascended light helm with Berserker (+Power, +Ferocity, and +Precision) stats.","Рецепт изготовления вознесённого лёгкого шлема с характеристиками «Берсерк» (+сила, +свирепость, +точность)."
"A recipe to make an ascended light helm with Bringer's (+Expertise, +Vitality, and +Precision) stats.","Рецепт изготовления вознесённого лёгкого шлема с характеристиками «Приносящий» (+экспертиза, +живучесть, +точность)."
"A recipe to make an ascended light helm with Carrion (+Condition Damage, +Power, and +Vitality) stats.","Рецепт изготовления вознесённого лёгкого шлема с характеристиками «Падальщик» (+урон от состояний, +сила, +живучесть)."
"A recipe to make an ascended light helm with Cavalier (+Toughness, +Power, and +Ferocity) stats.","Рецепт изготовления вознесённого лёгкого шлема с характеристиками «Кавалерист» (+стойкость, +сила, +свирепость)."
A recipe to make an ascended light helm with Celestial (+All) stats.,Рецепт изготовления вознесённого лёгкого шлема с характеристиками «Небесный» (+все).
"A recipe to make an ascended light helm with Cleric (+Healing Power, +Power, and +Toughness) stats.","Рецепт изготовления вознесённого лёгкого шлема с характеристиками «Клирик» (+сила исцеления, +сила, +стойкость)."
"A recipe to make an ascended light helm with Commander's (+Power, +Precision, +Toughness, and +Concentration) stats.","Рецепт изготовления вознесённого лёгкого шлема с характеристиками «Командир» (+сила, +точность, +стойкость, +концентрация)."
"A recipe to make an ascended light helm with Crusader (+Power, +Toughness, +Ferocity, and +Healing) stats.","Рецепт изготовления вознесённого лёгкого шлема с характеристиками «Крестоносец» (+сила, +стойкость, +свирепость, +исцеление)."
"A recipe to make an ascended light helm with Dire (+Condition Damage, +Vitality, and +Toughness) stats.","Рецепт изготовления вознесённого лёгкого шлема с характеристиками «Лютый» (+урон от состояний, +живучесть, +стойкость)."
"A recipe to make an ascended light helm with Diviner's (+Power, +Concentration, +Ferocity, and +Precision) stats.","Рецепт изготовления вознесённого лёгкого шлема с характеристиками «Прорицатель» (+сила, +концентрация, +свирепость, +точность)."
"A recipe to make an ascended light helm with Dragon's (+Power, +Ferocity, +Precision, and +Vitality) stats.","Рецепт изготовления вознесённого лёгкого шлема с характеристиками «Дракон» (+сила, +свирепость, +точность, +живучесть)."
"A recipe to make an ascended light helm with Giver's (+Toughness, +Healing, and +Concentration) stats.","Рецепт изготовления вознесённого лёгкого шлема с характеристиками «Даритель» (+стойкость, +исцеление, +концентрация)."
"A recipe to make an ascended light helm with Grieving (+Power, +Condition Damage, +Ferocity, and +Precision) stats.","Рецепт изготовления вознесённого лёгкого шлема с характеристиками «Скорбящий» (+сила, +урон от состояний, +свирепость, +точность)."
"A recipe to make an ascended light helm with Harrier's (+Power, +Healing, and +Concentration) stats.","Рецепт изготовления вознесённого лёгкого шлема с характеристиками «Защитник» (+сила, +исцеление, +концентрация)."
"A recipe to make an ascended light helm with Knight (+Toughness, +Power, and +Precision) stats.","Рецепт изготовления вознесённого лёгкого шлема с характеристиками «Рыцарь» (+стойкость, +сила, +точность)."
"A recipe to make an ascended light helm with Magi (+Healing Power, +Precision, and +Vitality) stats.","Рецепт изготовления вознесённого лёгкого шлема с характеристиками «Маг» (+сила исцеления, +точность, +живучесть)."
"A recipe to make an ascended light helm with Marauder (+Power, +Precision, +Vitality, and +Ferocity) stats.","Рецепт изготовления вознесённого лёгкого шлема с характеристиками «Мародёр» (+сила, +точность, +живучесть, +свирепость)."
"A recipe to make an ascended light helm with Marshal's (+Power, +Healing, +Condition Damage, and +Precision) stats.","Рецепт изготовления вознесённого лёгкого шлема с характеристиками «Маршал» (+сила, +исцеление, +урон от состояний, +точность)."
"A recipe to make an ascended light helm with Minstrel's (+Toughness, +Healing, +Concentration, and +Vitality) stats.","Рецепт изготовления вознесённого лёгкого шлема с характеристиками «Менестрель» (+стойкость, +исцеление, +концентрация, +живучесть)."
"A recipe to make an ascended light helm with Nomad's (+Toughness, +Healing, and +Vitality) stats.","Рецепт изготовления вознесённого лёгкого шлема с характеристиками «Кочевник» (+стойкость, +исцеление, +живучесть)."
"A recipe to make an ascended light helm with Plaguedoctor's (+Condition Damage, +Vitality, +Concentration, and +Healing Power) stats.","Рецепт изготовления вознесённого лёгкого шлема с характеристиками «Чумной доктор» (+урон от состояний, +живучесть, +концентрация, +сила исцеления)."
"A recipe to make an ascended light helm with Rabid (+Condition Damage, +Precision, and +Toughness) stats.","Рецепт изготовления вознесённого лёгкого шлема с характеристиками «Бешеный» (+урон от состояний, +точность, +стойкость)."
"A recipe to make an ascended light helm with Rampager (+Precision, +Condition Damage, and +Power) stats.","Рецепт изготовления вознесённого лёгкого шлема с характеристиками «Буян» (+точность, +урон от состояний, +сила)."
"A recipe to make an ascended light helm with Ritualist's (+Condition Damage, +Concentration, +Expertise, and +Vitality) stats.","Рецепт изготовления вознесённого лёгкого шлема с характеристиками «Ритуалист» (+урон от состояний, +концентрация, +экспертиза, +живучесть)."
"A recipe to make an ascended light helm with Sentinel (+Vitality, +Power, and +Toughness) stats.","Рецепт изготовления вознесённого лёгкого шлема с характеристиками «Часовой» (+живучесть, +сила, +стойкость)."
"A recipe to make an ascended light helm with Seraph (+Condition Damage, +Precision, +Concentration, and +Healing Power) stats.","Рецепт изготовления вознесённого лёгкого шлема с характеристиками «Серафим» (+урон от состояний, +точность, +концентрация, +сила исцеления)."
"A recipe to make an ascended light helm with Settler (+Toughness, +Healing Power, and +Condition Damage) stats.","Рецепт изготовления вознесённого лёгкого шлема с характеристиками «Поселенец» (+стойкость, +сила исцеления, +урон от состояний)."
"A recipe to make an ascended light helm with Shaman (+Vitality, +Condition Damage, and +Healing Power) stats.","Рецепт изготовления вознесённого лёгкого шлема с характеристиками «Шаман» (+живучесть, +урон от состояний, +сила исцеления)."
"A recipe to make an ascended light helm with Sinister (+Condition Damage, +Power, and +Precision) stats.","Рецепт изготовления вознесённого лёгкого шлема с характеристиками «Зловещий» (+урон от состояний, +сила, +точность)."
"A recipe to make an ascended light helm with Soldier (+Power, +Vitality, and +Toughness) stats.","Рецепт изготовления вознесённого лёгкого шлема с характеристиками «Солдат» (+сила, +живучесть, +стойкость)."
"A recipe to make an ascended light helm with Trailblazer's (+Toughness, +Condition Damage, +Expertise, and +Vitality) stats.","Рецепт изготовления вознесённого лёгкого шлема с характеристиками «Первопроходец» (+стойкость, +урон от состояний, +экспертиза, +живучесть)."
"A recipe to make an ascended light helm with Valkyrie (+Power, +Ferocity, and +Vitality) stats.","Рецепт изготовления вознесённого лёгкого шлема с характеристиками «Валькирия» (+сила, +свирепость, +живучесть)."
"A recipe to make an ascended light helm with Vigilant (+Power, +Toughness, +Concentration, and +Expertise) stats.","Рецепт изготовления вознесённого лёгкого шлема с характеристиками «Бдительный» (+сила, +стойкость, +концентрация, +экспертиза)."
"A recipe to make an ascended light helm with Viper's (+Condition Damage, +Power, +Expertise, and +Precision) stats.","Рецепт изготовления вознесённого лёгкого шлема с характеристиками «Гадюка» (+урон от состояний, +сила, +экспертиза, +точность)."
"A recipe to make an ascended light helm with Wanderer's (+Power, +Vitality, +Concentration, and +Toughness) stats.","Рецепт изготовления вознесённого лёгкого шлема с характеристиками «Странник» (+сила, +живучесть, +концентрация, +стойкость)."
"A recipe to make an ascended light helm with Zealot's (+Power, +Precision, +Healing) stats.","Рецепт изготовления вознесённого лёгкого шлема с характеристиками «Фанатик» (+сила, +точность, +исцеление)."
"A recipe to make an ascended longbow with Apothecary (+Healing Power, +Toughness, and +Condition Damage) stats.","Рецепт изготовления вознесённого длинного лука с характеристиками «Аптекарь» (+сила исцеления, +стойкость, +урон от состояний)."
"A recipe to make an ascended longbow with Assassin (+Precision, +Power, and +Ferocity) stats.","Рецепт изготовления вознесённого длинного лука с характеристиками «Ассасин» (+точность, +сила, +свирепость)."
"A recipe to make an ascended longbow with Berserker (+Power, +Ferocity, and +Precision) stats.","Рецепт изготовления вознесённого длинного лука с характеристиками «Берсерк» (+сила, +свирепость, +точность)."
"A recipe to make an ascended longbow with Bringer's (+Expertise, +Vitality, and +Precision) stats.","Рецепт изготовления вознесённого длинного лука с характеристиками «Приносящий» (+экспертиза, +живучесть, +точность)."
"A recipe to make an ascended longbow with Carrion (+Condition Damage, +Power, and +Vitality) stats.","Рецепт изготовления вознесённого длинного лука с характеристиками «Падальщик» (+урон от состояний, +сила, +живучесть)."
"A recipe to make an ascended longbow with Cavalier (+Toughness, +Power, and +Ferocity) stats.","Рецепт изготовления вознесённого длинного лука с характеристиками «Кавалерист» (+стойкость, +сила, +свирепость)."
A recipe to make an ascended longbow with Celestial (+All) stats.,Рецепт изготовления вознесённого длинного лука с характеристиками «Небесный» (+все).
"A recipe to make an ascended longbow with Cleric (+Healing Power, +Power, and +Toughness) stats.","Рецепт изготовления вознесённого длинного лука с характеристиками «Клирик» (+сила исцеления, +сила, +стойкость)."
"A recipe to make an ascended longbow with Commander's (+Power, +Precision, +Toughness, and +Concentration) stats.","Рецепт изготовления вознесённого длинного лука с характеристиками «Командир» (+сила, +точность, +стойкость, +концентрация)."
"A recipe to make an ascended longbow with Crusader (+Power, +Toughness, +Ferocity, and +Healing) stats.","Рецепт изготовления вознесённого длинного лука с характеристиками «Крестоносец» (+сила, +стойкость, +свирепость, +исцеление)."
"A recipe to make an ascended longbow with Dire (+Condition Damage, +Vitality, and +Toughness) stats.","Рецепт изготовления вознесённого длинного лука с характеристиками «Лютый» (+урон от состояний, +живучесть, +стойкость)."
"A recipe to make an ascended longbow with Diviner's (+Power, +Concentration, +Ferocity, and +Precision) stats.","Рецепт изготовления вознесённого длинного лука с характеристиками «Прорицатель» (+сила, +концентрация, +свирепость, +точность)."
"A recipe to make an ascended longbow with Dragon's (+Power, +Ferocity, +Precision, and +Vitality) stats.","Рецепт изготовления вознесённого длинного лука с характеристиками «Дракон» (+сила, +свирепость, +точность, +живучесть)."
"A recipe to make an ascended longbow with Giver's (+Toughness, +Healing, and +Concentration) stats.","Рецепт изготовления вознесённого длинного лука с характеристиками «Даритель» (+стойкость, +исцеление, +концентрация)."
"A recipe to make an ascended longbow with Grieving (+Power, +Condition Damage, +Ferocity, and +Precision) stats.","Рецепт изготовления вознесённого длинного лука с характеристиками «Скорбящий» (+сила, +урон от состояний, +свирепость, +точность)."
"A recipe to make an ascended longbow with Harrier's (+Power, +Healing, and +Concentration) stats.","Рецепт изготовления вознесённого длинного лука с характеристиками «Защитник» (+сила, +исцеление, +концентрация)."
"A recipe to make an ascended longbow with Knight (+Toughness, +Power, and +Precision) stats.","Рецепт изготовления вознесённого длинного лука с характеристиками «Рыцарь» (+стойкость, +сила, +точность)."
"A recipe to make an ascended longbow with Magi (+Healing Power, +Precision, and +Vitality) stats.","Рецепт изготовления вознесённого длинного лука с характеристиками «Маг» (+сила исцеления, +точность, +живучесть)."
"A recipe to make an ascended longbow with Marauder (+Power, +Precision, +Vitality, and +Ferocity) stats.","Рецепт изготовления вознесённого длинного лука с характеристиками «Мародёр» (+сила, +точность, +живучесть, +свирепость)."
"A recipe to make an ascended longbow with Marshal's (+Power, +Healing, +Condition Damage, and +Precision) stats.","Рецепт изготовления вознесённого длинного лука с характеристиками «Маршал» (+сила, +исцеление, +урон от состояний, +точность)."
"A recipe to make an ascended longbow with Minstrel's (+Toughness, +Healing, +Concentration, and +Vitality) stats.","Рецепт изготовления вознесённого длинного лука с характеристиками «Менестрель» (+стойкость, +исцеление, +концентрация, +живучесть)."
"A recipe to make an ascended longbow with Nomad's (+Toughness, +Healing, and +Vitality) stats.","Рецепт изготовления вознесённого длинного лука с характеристиками «Кочевник» (+стойкость, +исцеление, +живучесть)."
"A recipe to make an ascended longbow with Plaguedoctor's (+Condition Damage, +Vitality, +Concentration, and +Healing Power) stats.","Рецепт изготовления вознесённого длинного лука с характеристиками «Чумной доктор» (+урон от состояний, +живучесть, +концентрация, +сила исцеления)."
"A recipe to make an ascended longbow with Rabid (+Condition Damage, +Precision, and +Toughness) stats.","Рецепт изготовления вознесённого длинного лука с характеристиками «Бешеный» (+урон от состояний, +точность, +стойкость)."
"A recipe to make an ascended longbow with Rampager (+Precision, +Condition Damage, and +Power) stats.","Рецепт изготовления вознесённого длинного лука с характеристиками «Буян» (+точность, +урон от состояний, +сила)."
"A recipe to make an ascended longbow with Ritualist's (+Condition Damage, +Concentration, +Expertise, and +Vitality) stats.","Рецепт изготовления вознесённого длинного лука с характеристиками «Ритуалист» (+урон от состояний, +концентрация, +экспертиза, +живучесть)."
"A recipe to make an ascended longbow with Sentinel (+Vitality, +Power, and +Toughness) stats.","Рецепт изготовления вознесённого длинного лука с характеристиками «Часовой» (+живучесть, +сила, +стойкость)."
"A recipe to make an ascended longbow with Seraph (+Condition Damage, +Precision, +Concentration, and +Healing Power) stats.","Рецепт изготовления вознесённого длинного лука с характеристиками «Серафим» (+урон от состояний, +точность, +концентрация, +сила исцеления)."
"A recipe to make an ascended longbow with Settler (+Toughness, +Healing Power, and +Condition Damage) stats.","Рецепт изготовления вознесённого длинного лука с характеристиками «Поселенец» (+стойкость, +сила исцеления, +урон от состояний)."
"A recipe to make an ascended longbow with Shaman (+Vitality, +Condition Damage, and +Healing Power) stats.","Рецепт изготовления вознесённого длинного лука с характеристиками «Шаман» (+живучесть, +урон от состояний, +сила исцеления)."
"A recipe to make an ascended longbow with Sinister (+Condition Damage, +Power, and +Precision) stats.","Рецепт изготовления вознесённого длинного лука с характеристиками «Зловещий» (+урон от состояний, +сила, +точность)."
"A recipe to make an ascended longbow with Soldier (+Power, +Vitality, and +Toughness) stats.","Рецепт изготовления вознесённого длинного лука с характеристиками «Солдат» (+сила, +живучесть, +стойкость)."
"A recipe to make an ascended longbow with Trailblazer's (+Toughness, +Condition Damage, +Expertise, and +Vitality) stats.","Рецепт изготовления вознесённого длинного лука с характеристиками «Первопроходец» (+стойкость, +урон от состояний, +экспертиза, +живучесть)."
"A recipe to make an ascended longbow with Valkyrie (+Power, +Ferocity, and +Vitality) stats.","Рецепт изготовления вознесённого длинного лука с характеристиками «Валькирия» (+сила, +свирепость, +живучесть)."
"A recipe to make an ascended longbow with Vigilant (+Power, +Toughness, +Concentration, and +Expertise) stats.","Рецепт изготовления вознесённого длинного лука с характеристиками «Бдительный» (+сила, +стойкость, +концентрация, +экспертиза)."
"A recipe to make an ascended longbow with Viper's (+Condition Damage, +Power, +Expertise, and +Precision) stats.","Рецепт изготовления вознесённого длинного лука с характеристиками «Гадюка» (+урон от состояний, +сила, +экспертиза, +точность)."
"A recipe to make an ascended longbow with Wanderer's (+Power, +Vitality, +Concentration, and +Toughness) stats.","Рецепт изготовления вознесённого длинного лука с характеристиками «Странник» (+сила, +живучесть, +концентрация, +стойкость)."
"A recipe to make an ascended longbow with Zealot's (+Power, +Precision, +Healing) stats.","Рецепт изготовления вознесённого длинного лука с характеристиками «Фанатик» (+сила, +точность, +исцеление)."
"A recipe to make an ascended mace with Apothecary (+Healing Power, +Toughness, and +Condition Damage) stats.","Рецепт изготовления вознесённой булавы с характеристиками «Аптекарь» (+сила исцеления, +стойкость, +урон от состояний)."
"A recipe to make an ascended mace with Assassin (+Precision, +Power, and +Ferocity) stats.","Рецепт изготовления вознесённой булавы с характеристиками «Ассасин» (+точность, +сила, +свирепость)."
"A recipe to make an ascended mace with Berserker (+Power, +Ferocity, and +Precision) stats.","Рецепт изготовления вознесённой булавы с характеристиками «Берсерк» (+сила, +свирепость, +точность)."
"A recipe to make an ascended mace with Bringer's (+Expertise, +Vitality, and +Precision) stats.","Рецепт изготовления вознесённой булавы с характеристиками «Приносящий» (+экспертиза, +живучесть, +точность)."
"A recipe to make an ascended mace with Carrion (+Condition Damage, +Power, and +Vitality) stats.","Рецепт изготовления вознесённой булавы с характеристиками «Падальщик» (+урон от состояний, +сила, +живучесть)."
"A recipe to make an ascended mace with Cavalier (+Toughness, +Power, and +Ferocity) stats.","Рецепт изготовления вознесённой булавы с характеристиками «Кавалерист» (+стойкость, +сила, +свирепость)."
A recipe to make an ascended mace with Celestial (+All) stats.,Рецепт изготовления вознесённой булавы с характеристиками «Небесный» (+все).
"A recipe to make an ascended mace with Cleric (+Healing Power, +Power, and +Toughness) stats.","Рецепт изготовления вознесённой булавы с характеристиками «Клирик» (+сила исцеления, +сила, +стойкость)."
"A recipe to make an ascended mace with Commander's (+Power, +Precision, +Toughness, and +Concentration) stats.","Рецепт изготовления вознесённой булавы с характеристиками «Командир» (+сила, +точность, +стойкость, +концентрация)."
"A recipe to make an ascended mace with Crusader (+Power, +Toughness, +Ferocity, and +Healing) stats.","Рецепт изготовления вознесённой булавы с характеристиками «Крестоносец» (+сила, +стойкость, +свирепость, +исцеление)."
"A recipe to make an ascended mace with Dire (+Condition Damage, +Vitality, and +Toughness) stats.","Рецепт изготовления вознесённой булавы с характеристиками «Лютый» (+урон от состояний, +живучесть, +стойкость)."
"A recipe to make an ascended mace with Diviner's (+Power, +Concentration, +Ferocity, and +Precision) stats.","Рецепт изготовления вознесённой булавы с характеристиками «Прорицатель» (+сила, +концентрация, +свирепость, +точность)."
"A recipe to make an ascended mace with Dragon's (+Power, +Ferocity, +Precision, and +Vitality) stats.","Рецепт изготовления вознесённой булавы с характеристиками «Дракон» (+сила, +свирепость, +точность, +живучесть)."
"A recipe to make an ascended mace with Giver's (+Toughness, +Healing, and +Concentration) stats.","Рецепт изготовления вознесённой булавы с характеристиками «Даритель» (+стойкость, +исцеление, +концентрация)."
"A recipe to make an ascended mace with Grieving (+Power, +Condition Damage, +Ferocity, and +Precision) stats.","Рецепт изготовления вознесённой булавы с характеристиками «Скорбящий» (+сила, +урон от состояний, +свирепость, +точность)."
"A recipe to make an ascended mace with Harrier's (+Power, +Healing, and +Concentration) stats.","Рецепт изготовления вознесённой булавы с характеристиками «Защитник» (+сила, +исцеление, +концентрация)."
"A recipe to make an ascended mace with Knight (+Toughness, +Power, and +Precision) stats.","Рецепт изготовления вознесённой булавы с характеристиками «Рыцарь» (+стойкость, +сила, +точность)."
"A recipe to make an ascended mace with Magi (+Healing Power, +Precision, and +Vitality) stats.","Рецепт изготовления вознесённой булавы с характеристиками «Маг» (+сила исцеления, +точность, +живучесть)."
"A recipe to make an ascended mace with Marauder (+Power, +Precision, +Vitality, and +Ferocity) stats.","Рецепт изготовления вознесённой булавы с характеристиками «Мародёр» (+сила, +точность, +живучесть, +свирепость)."
"A recipe to make an ascended mace with Marshal's (+Power, +Healing, +Condition Damage, and +Precision) stats.","Рецепт изготовления вознесённой булавы с характеристиками «Маршал» (+сила, +исцеление, +урон от состояний, +точность)."
"A recipe to make an ascended mace with Minstrel's (+Toughness, +Healing, +Concentration, and +Vitality) stats.","Рецепт изготовления вознесённой булавы с характеристиками «Менестрель» (+стойкость, +исцеление, +концентрация, +живучесть)."
"A recipe to make an ascended mace with Nomad's (+Toughness, +Healing, and +Vitality) stats.","Рецепт изготовления вознесённой булавы с характеристиками «Кочевник» (+стойкость, +исцеление, +живучесть)."
"A recipe to make an ascended mace with Plaguedoctor's (+Condition Damage, +Vitality, +Concentration, and +Healing Power) stats.","Рецепт изготовления вознесённой булавы с характеристиками «Чумной доктор» (+урон от состояний, +живучесть, +концентрация, +сила исцеления)."
"A recipe to make an ascended mace with Rabid (+Condition Damage, +Precision, and +Toughness) stats.","Рецепт изготовления вознесённой булавы с характеристиками «Бешеный» (+урон от состояний, +точность, +стойкость)."
"A recipe to make an ascended mace with Rampager (+Precision, +Condition Damage, and +Power) stats.","Рецепт изготовления вознесённой булавы с характеристиками «Буян» (+точность, +урон от состояний, +сила)."
"A recipe to make an ascended mace with Ritualist's (+Condition Damage, +Concentration, +Expertise, and +Vitality) stats.","Рецепт изготовления вознесённой булавы с характеристиками «Ритуалист» (+урон от состояний, +концентрация, +экспертиза, +живучесть)."
"A recipe to make an ascended mace with Sentinel (+Vitality, +Power, and +Toughness) stats.","Рецепт изготовления вознесённой булавы с характеристиками «Часовой» (+живучесть, +сила, +стойкость)."
"A recipe to make an ascended mace with Seraph (+Condition Damage, +Precision, +Concentration, and +Healing Power) stats.","Рецепт изготовления вознесённой булавы с характеристиками «Серафим» (+урон от состояний, +точность, +концентрация, +сила исцеления)."
"A recipe to make an ascended mace with Settler (+Toughness, +Healing Power, and +Condition Damage) stats.","Рецепт изготовления вознесённой булавы с характеристиками «Поселенец» (+стойкость, +сила исцеления, +урон от состояний)."
"A recipe to make an ascended mace with Shaman (+Vitality, +Condition Damage, and +Healing Power) stats.","Рецепт изготовления вознесённой булавы с характеристиками «Шаман» (+живучесть, +урон от состояний, +сила исцеления)."
"A recipe to make an ascended mace with Sinister (+Condition Damage, +Power, and +Precision) stats.","Рецепт изготовления вознесённой булавы с характеристиками «Зловещий» (+урон от состояний, +сила, +точность)."
"A recipe to make an ascended mace with Soldier (+Power, +Vitality, and +Toughness) stats.","Рецепт изготовления вознесённой булавы с характеристиками «Солдат» (+сила, +живучесть, +стойкость)."
"A recipe to make an ascended mace with Trailblazer's (+Toughness, +Condition Damage, +Expertise, and +Vitality) stats.","Рецепт изготовления вознесённой булавы с характеристиками «Первопроходец» (+стойкость, +урон от состояний, +экспертиза, +живучесть)."
"A recipe to make an ascended mace with Valkyrie (+Power, +Ferocity, and +Vitality) stats.","Рецепт изготовления вознесённой булавы с характеристиками «Валькирия» (+сила, +свирепость, +живучесть)."
"A recipe to make an ascended mace with Vigilant (+Power, +Toughness, +Concentration, and +Expertise) stats.","Рецепт изготовления вознесённой булавы с характеристиками «Бдительный» (+сила, +стойкость, +концентрация, +экспертиза)."
"A recipe to make an ascended mace with Viper's (+Condition Damage, +Power, +Expertise, and +Precision) stats.","Рецепт изготовления вознесённой булавы с характеристиками «Гадюка» (+урон от состояний, +сила, +экспертиза, +точность)."
"A recipe to make an ascended mace with Wanderer's (+Power, +Vitality, +Concentration, and +Toughness) stats.","Рецепт изготовления вознесённой булавы с характеристиками «Странник» (+сила, +живучесть, +концентрация, +стойкость)."
"A recipe to make an ascended mace with Zealot's (+Power, +Precision, +Healing) stats.","Рецепт изготовления вознесённой булавы с характеристиками «Фанатик» (+сила, +точность, +исцеление)."
"A recipe to make an ascended medium breather with Apothecary (+Healing Power, +Toughness, and +Condition Damage) stats.","Рецепт изготовления вознесённой средней дыхательной маски с характеристиками «Аптекарь» (+сила исцеления, +стойкость, +урон от состояний)."
"A recipe to make an ascended medium breather with Assassin (+Precision, +Power, and +Ferocity) stats.","Рецепт изготовления вознесённой средней дыхательной маски с характеристиками «Ассасин» (+точность, +сила, +свирепость)."
"A recipe to make an ascended medium breather with Berserker (+Power, +Ferocity, and +Precision) stats.","Рецепт изготовления вознесённой средней дыхательной маски с характеристиками «Берсерк» (+сила, +свирепость, +точность)."
"A recipe to make an ascended medium breather with Carrion (+Condition Damage, +Power, and +Vitality) stats.","Рецепт изготовления вознесённой средней дыхательной маски с характеристиками «Падальщик» (+урон от состояний, +сила, +живучесть)."
"A recipe to make an ascended medium breather with Cavalier (+Toughness, +Power, and +Ferocity) stats.","Рецепт изготовления вознесённой средней дыхательной маски с характеристиками «Кавалерист» (+стойкость, +сила, +свирепость)."
A recipe to make an ascended medium breather with Celestial (+All) stats.,Рецепт изготовления вознесённой средней дыхательной маски с характеристиками «Небесный» (+все).
"A recipe to make an ascended medium breather with Cleric (+Healing Power, +Power, and +Toughness) stats.","Рецепт изготовления вознесённой средней дыхательной маски с характеристиками «Клирик» (+сила исцеления, +сила, +стойкость)."
"A recipe to make an ascended medium breather with Commander's (+Power, +Precision, +Toughness, and +Concentration) stats.","Рецепт изготовления вознесённой средней дыхательной маски с характеристиками «Командир» (+сила, +точность, +стойкость, +концентрация)."
"A recipe to make an ascended medium breather with Dire (+Condition Damage, +Vitality, and +Toughness) stats.","Рецепт изготовления вознесённой средней дыхательной маски с характеристиками «Лютый» (+урон от состояний, +живучесть, +стойкость)."
"A recipe to make an ascended medium breather with Knight (+Toughness, +Power, and +Precision) stats.","Рецепт изготовления вознесённой средней дыхательной маски с характеристиками «Рыцарь» (+стойкость, +сила, +точность)."
"A recipe to make an ascended medium breather with Magi (+Healing Power, +Precision, and +Vitality) stats.","Рецепт изготовления вознесённой средней дыхательной маски с характеристиками «Маг» (+сила исцеления, +точность, +живучесть)."
"A recipe to make an ascended medium breather with Minstrel's (+Toughness, +Healing, +Concentration, and +Vitality) stats.","Рецепт изготовления вознесённой средней дыхательной маски с характеристиками «Менестрель» (+стойкость, +исцеление, +концентрация, +живучесть)."
"A recipe to make an ascended medium breather with Nomad's (+Toughness, +Healing, and +Vitality) stats.","Рецепт изготовления вознесённой средней дыхательной маски с характеристиками «Кочевник» (+стойкость, +исцеление, +живучесть)."
"A recipe to make an ascended medium breather with Rabid (+Condition Damage, +Precision, and +Toughness) stats.","Рецепт изготовления вознесённой средней дыхательной маски с характеристиками «Бешеный» (+урон от состояний, +точность, +стойкость)."
"A recipe to make an ascended medium breather with Rampager (+Precision, +Condition Damage, and +Power) stats.","Рецепт изготовления вознесённой средней дыхательной маски с характеристиками «Буян» (+точность, +урон от состояний, +сила)."
"A recipe to make an ascended medium breather with Sentinel (+Vitality, +Power, and +Toughness) stats.","Рецепт изготовления вознесённой средней дыхательной маски с характеристиками «Часовой» (+живучесть, +сила, +стойкость)."
"A recipe to make an ascended medium breather with Seraph (+Condition Damage, +Precision, +Concentration, and +Healing Power) stats.","Рецепт изготовления вознесённой средней дыхательной маски с характеристиками «Серафим» (+урон от состояний, +точность, +концентрация, +сила исцеления)."
"A recipe to make an ascended medium breather with Settler (+Toughness, +Healing Power, and +Condition Damage) stats.","Рецепт изготовления вознесённой средней дыхательной маски с характеристиками «Поселенец» (+стойкость, +сила исцеления, +урон от состояний)."
"A recipe to make an ascended medium breather with Shaman (+Vitality, +Condition Damage, and +Healing Power) stats.","Рецепт изготовления вознесённой средней дыхательной маски с характеристиками «Шаман» (+живучесть, +урон от состояний, +сила исцеления)."
"A recipe to make an ascended medium breather with Sinister (+Condition Damage, +Power, and +Precision) stats.","Рецепт изготовления вознесённой средней дыхательной маски с характеристиками «Зловещий» (+урон от состояний, +сила, +точность)."
"A recipe to make an ascended medium breather with Soldier (+Power, +Vitality, and +Toughness) stats.","Рецепт изготовления вознесённой средней дыхательной маски с характеристиками «Солдат» (+сила, +живучесть, +стойкость)."
"A recipe to make an ascended medium breather with Valkyrie (+Power, +Ferocity, and +Vitality) stats.","Рецепт изготовления вознесённой средней дыхательной маски с характеристиками «Валькирия» (+сила, +свирепость, +живучесть)."
"A recipe to make an ascended medium breather with Vigilant (+Power, +Toughness, +Concentration, and +Expertise) stats.","Рецепт изготовления вознесённой средней дыхательной маски с характеристиками «Бдительный» (+сила, +стойкость, +концентрация, +экспертиза)."
"A recipe to make an ascended medium breather with Viper's (+Condition Damage, +Power, +Expertise, and +Precision) stats.","Рецепт изготовления вознесённой средней дыхательной маски с характеристиками «Гадюка» (+урон от состояний, +сила, +экспертиза, +точность)."
"A recipe to make an ascended medium breather with Wanderer's (+Power, +Vitality, +Concentration, and +Toughness) stats.","Рецепт изготовления вознесённой средней дыхательной маски с характеристиками «Странник» (+сила, +живучесть, +концентрация, +стойкость)."
"A recipe to make an ascended medium breather with Zealot's (+Power, +Precision, +Healing) stats.","Рецепт изготовления вознесённой средней дыхательной маски с характеристиками «Фанатик» (+сила, +точность, +исцеление)."
"A recipe to make an ascended medium coat with Apothecary (+Healing Power, +Toughness, and +Condition Damage) stats.","Рецепт изготовления вознесённой средней куртки с характеристиками «Аптекарь» (+сила исцеления, +стойкость, +урон от состояний)."
"A recipe to make an ascended medium coat with Assassin (+Precision, +Power, and +Ferocity) stats.","Рецепт изготовления вознесённой средней куртки с характеристиками «Ассасин» (+точность, +сила, +свирепость)."
"A recipe to make an ascended medium coat with Berserker (+Power, +Ferocity, and +Precision) stats.","Рецепт изготовления вознесённой средней куртки с характеристиками «Берсерк» (+сила, +свирепость, +точность)."
"A recipe to make an ascended medium coat with Bringer's (+Expertise, +Vitality, and +Precision) stats.","Рецепт изготовления вознесённой средней куртки с характеристиками «Приносящий» (+экспертиза, +живучесть, +точность)."
"A recipe to make an ascended medium coat with Carrion (+Condition Damage, +Power, and +Vitality) stats.","Рецепт изготовления вознесённой средней куртки с характеристиками «Падальщик» (+урон от состояний, +сила, +живучесть)."
"A recipe to make an ascended medium coat with Cavalier (+Toughness, +Power, and +Ferocity) stats.","Рецепт изготовления вознесённой средней куртки с характеристиками «Кавалерист» (+стойкость, +сила, +свирепость)."
A recipe to make an ascended medium coat with Celestial (+All) stats.,Рецепт изготовления вознесённой средней куртки с характеристиками «Небесный» (+все).
"A recipe to make an ascended medium coat with Cleric (+Healing Power, +Power, and +Toughness) stats.","Рецепт изготовления вознесённой средней куртки с характеристиками «Клирик» (+сила исцеления, +сила, +стойкость)."
"A recipe to make an ascended medium coat with Commander's (+Power, +Precision, +Toughness, and +Concentration) stats.","Рецепт изготовления вознесённой средней куртки с характеристиками «Командир» (+сила, +точность, +стойкость, +концентрация)."
"A recipe to make an ascended medium coat with Crusader (+Power, +Toughness, +Ferocity, and +Healing) stats.","Рецепт изготовления вознесённой средней куртки с характеристиками «Крестоносец» (+сила, +стойкость, +свирепость, +исцеление)."
"A recipe to make an ascended medium coat with Dire (+Condition Damage, +Vitality, and +Toughness) stats.","Рецепт изготовления вознесённой средней куртки с характеристиками «Лютый» (+урон от состояний, +живучесть, +стойкость)."
"A recipe to make an ascended medium coat with Diviner's (+Power, +Concentration, +Ferocity, and +Precision) stats.","Рецепт изготовления вознесённой средней куртки с характеристиками «Прорицатель» (+сила, +концентрация, +свирепость, +точность)."
"A recipe to make an ascended medium coat with Dragon's (+Power, +Ferocity, +Precision, and +Vitality) stats.","Рецепт изготовления вознесённой средней куртки с характеристиками «Дракон» (+сила, +свирепость, +точность, +живучесть)."
"A recipe to make an ascended medium coat with Giver's (+Toughness, +Healing, and +Concentration) stats.","Рецепт изготовления вознесённой средней куртки с характеристиками «Даритель» (+стойкость, +исцеление, +концентрация)."
"A recipe to make an ascended medium coat with Grieving (+Power, +Condition Damage, +Ferocity, and +Precision) stats.","Рецепт изготовления вознесённой средней куртки с характеристиками «Скорбящий» (+сила, +урон от состояний, +свирепость, +точность)."
"A recipe to make an ascended medium coat with Harrier's (+Power, +Healing, and +Concentration) stats.","Рецепт изготовления вознесённой средней куртки с характеристиками «Защитник» (+сила, +исцеление, +концентрация)."
"A recipe to make an ascended medium coat with Knight (+Toughness, +Power, and +Precision) stats.","Рецепт изготовления вознесённой средней куртки с характеристиками «Рыцарь» (+стойкость, +сила, +точность)."
"A recipe to make an ascended medium coat with Magi (+Healing Power, +Precision, and +Vitality) stats.","Рецепт изготовления вознесённой средней куртки с характеристиками «Маг» (+сила исцеления, +точность, +живучесть)."
"A recipe to make an ascended medium coat with Marauder (+Power, +Precision, +Vitality, and +Ferocity) stats.","Рецепт изготовления вознесённой средней куртки с характеристиками «Мародёр» (+сила, +точность, +живучесть, +свирепость)."
"A recipe to make an ascended medium coat with Marshal's (+Power, +Healing, +Condition Damage, and +Precision) stats.","Рецепт изготовления вознесённой средней куртки с характеристиками «Маршал» (+сила, +исцеление, +урон от состояний, +точность)."
"A recipe to make an ascended medium coat with Minstrel's (+Toughness, +Healing, +Concentration, and +Vitality) stats.","Рецепт изготовления вознесённой средней куртки с характеристиками «Менестрель» (+стойкость, +исцеление, +концентрация, +живучесть)."
"A recipe to make an ascended medium coat with Nomad's (+Toughness, +Healing, and +Vitality) stats.","Рецепт изготовления вознесённой средней куртки с характеристиками «Кочевник» (+стойкость, +исцеление, +живучесть)."
"A recipe to make an ascended medium coat with Plaguedoctor's (+Condition Damage, +Vitality, +Concentration, and +Healing Power) stats.","Рецепт изготовления вознесённой средней куртки с характеристиками «Чумной доктор» (+урон от состояний, +живучесть, +концентрация, +сила исцеления)."
"A recipe to make an ascended medium coat with Rabid (+Condition Damage, +Precision, and +Toughness) stats.","Рецепт изготовления вознесённой средней куртки с характеристиками «Бешеный» (+урон от состояний, +точность, +стойкость)."
"A recipe to make an ascended medium coat with Rampager (+Precision, +Condition Damage, and +Power) stats.","Рецепт изготовления вознесённой средней куртки с характеристиками «Буян» (+точность, +урон от состояний, +сила)."
"A recipe to make an ascended medium coat with Ritualist's (+Condition Damage, +Concentration, +Expertise, and +Vitality) stats.","Рецепт изготовления вознесённой средней куртки с характеристиками «Ритуалист» (+урон от состояний, +концентрация, +экспертиза, +живучесть)."
"A recipe to make an ascended medium coat with Sentinel (+Vitality, +Power, and +Toughness) stats.","Рецепт изготовления вознесённой средней куртки с характеристиками «Часовой» (+живучесть, +сила, +стойкость)."
"A recipe to make an ascended medium coat with Seraph (+Condition Damage, +Precision, +Concentration, and +Healing Power) stats.","Рецепт изготовления вознесённой средней куртки с характеристиками «Серафим» (+урон от состояний, +точность, +концентрация, +сила исцеления)."
"A recipe to make an ascended medium coat with Settler (+Toughness, +Healing Power, and +Condition Damage) stats.","Рецепт изготовления вознесённой средней куртки с характеристиками «Поселенец» (+стойкость, +сила исцеления, +урон от состояний)."
"A recipe to make an ascended medium coat with Shaman (+Vitality, +Condition Damage, and +Healing Power) stats.","Рецепт изготовления вознесённой средней куртки с характеристиками «Шаман» (+живучесть, +урон от состояний, +сила исцеления)."
"A recipe to make an ascended medium coat with Sinister (+Condition Damage, +Power, and +Precision) stats.","Рецепт изготовления вознесённой средней куртки с характеристиками «Зловещий» (+урон от состояний, +сила, +точность)."
"A recipe to make an ascended medium coat with Soldier (+Power, +Vitality, and +Toughness) stats.","Рецепт изготовления вознесённой средней куртки с характеристиками «Солдат» (+сила, +живучесть, +стойкость)."
"A recipe to make an ascended medium coat with Trailblazer's (+Toughness, +Condition Damage, +Expertise, and +Vitality) stats.","Рецепт изготовления вознесённой средней куртки с характеристиками «Первопроходец» (+стойкость, +урон от состояний, +экспертиза, +живучесть)."
"A recipe to make an ascended medium coat with Valkyrie (+Power, +Ferocity, and +Vitality) stats.","Рецепт изготовления вознесённой средней куртки с характеристиками «Валькирия» (+сила, +свирепость, +живучесть)."
"A recipe to make an ascended medium coat with Vigilant (+Power, +Toughness, +Concentration, and +Expertise) stats.","Рецепт изготовления вознесённой средней куртки с характеристиками «Бдительный» (+сила, +стойкость, +концентрация, +экспертиза)."
"A recipe to make an ascended medium coat with Viper's (+Condition Damage, +Power, +Expertise, and +Precision) stats.","Рецепт изготовления вознесённой средней куртки с характеристиками «Гадюка» (+урон от состояний, +сила, +экспертиза, +точность)."
"A recipe to make an ascended medium coat with Wanderer's (+Power, +Vitality, +Concentration, and +Toughness) stats.","Рецепт изготовления вознесённой средней куртки с характеристиками «Странник» (+сила, +живучесть, +концентрация, +стойкость)."
"A recipe to make an ascended medium coat with Zealot's (+Power, +Precision, +Healing) stats.","Рецепт изготовления вознесённой средней куртки с характеристиками «Фанатик» (+сила, +точность, +исцеление)."
"A recipe to make an ascended medium helm with Apothecary (+Healing Power, +Toughness, and +Condition Damage) stats.","Рецепт изготовления вознесённого среднего шлема с характеристиками «Аптекарь» (+сила исцеления, +стойкость, +урон от состояний)."
"A recipe to make an ascended medium helm with Assassin (+Precision, +Power, and +Ferocity) stats.","Рецепт изготовления вознесённого среднего шлема с характеристиками «Ассасин» (+точность, +сила, +свирепость)."
"A recipe to make an ascended medium helm with Berserker (+Power, +Ferocity, and +Precision) stats.","Рецепт изготовления вознесённого среднего шлема с характеристиками «Берсерк» (+сила, +свирепость, +точность)."
"A recipe to make an ascended medium helm with Bringer's (+Expertise, +Vitality, and +Precision) stats.","Рецепт изготовления вознесённого среднего шлема с характеристиками «Приносящий» (+экспертиза, +живучесть, +точность)."
"A recipe to make an ascended medium helm with Carrion (+Condition Damage, +Power, and +Vitality) stats.","Рецепт изготовления вознесённого среднего шлема с характеристиками «Падальщик» (+урон от состояний, +сила, +живучесть)."
"A recipe to make an ascended medium helm with Cavalier (+Toughness, +Power, and +Ferocity) stats.","Рецепт изготовления вознесённого среднего шлема с характеристиками «Кавалерист» (+стойкость, +сила, +свирепость)."
A recipe to make an ascended medium helm with Celestial (+All) stats.,Рецепт изготовления вознесённого среднего шлема с характеристиками «Небесный» (+все).
"A recipe to make an ascended medium helm with Cleric (+Healing Power, +Power, and +Toughness) stats.","Рецепт изготовления вознесённого среднего шлема с характеристиками «Клирик» (+сила исцеления, +сила, +стойкость)."
"A recipe to make an ascended medium helm with Commander's (+Power, +Precision, +Toughness, and +Concentration) stats.","Рецепт изготовления вознесённого среднего шлема с характеристиками «Командир» (+сила, +точность, +стойкость, +концентрация)."
"A recipe to make an ascended medium helm with Crusader (+Power, +Toughness, +Ferocity, and +Healing) stats.","Рецепт изготовления вознесённого среднего шлема с характеристиками «Крестоносец» (+сила, +стойкость, +свирепость, +исцеление)."
"A recipe to make an ascended medium helm with Dire (+Condition Damage, +Vitality, and +Toughness) stats.","Рецепт изготовления вознесённого среднего шлема с характеристиками «Лютый» (+урон от состояний, +живучесть, +стойкость)."
"A recipe to make an ascended medium helm with Diviner's (+Power, +Concentration, +Ferocity, and +Precision) stats.","Рецепт изготовления вознесённого среднего шлема с характеристиками «Прорицатель» (+сила, +концентрация, +свирепость, +точность)."
"A recipe to make an ascended medium helm with Dragon's (+Power, +Ferocity, +Precision, and +Vitality) stats.","Рецепт изготовления вознесённого среднего шлема с характеристиками «Дракон» (+сила, +свирепость, +точность, +живучесть)."
"A recipe to make an ascended medium helm with Giver's (+Toughness, +Healing, and +Concentration) stats.","Рецепт изготовления вознесённого среднего шлема с характеристиками «Даритель» (+стойкость, +исцеление, +концентрация)."
"A recipe to make an ascended medium helm with Grieving (+Power, +Condition Damage, +Ferocity, and +Precision) stats.","Рецепт изготовления вознесённого среднего шлема с характеристиками «Скорбящий» (+сила, +урон от состояний, +свирепость, +точность)."
"A recipe to make an ascended medium helm with Harrier's (+Power, +Healing, and +Concentration) stats.","Рецепт изготовления вознесённого среднего шлема с характеристиками «Защитник» (+сила, +исцеление, +концентрация)."
"A recipe to make an ascended medium helm with Knight (+Toughness, +Power, and +Precision) stats.","Рецепт изготовления вознесённого среднего шлема с характеристиками «Рыцарь» (+стойкость, +сила, +точность)."
"A recipe to make an ascended medium helm with Magi (+Healing Power, +Precision, and +Vitality) stats.","Рецепт изготовления вознесённого среднего шлема с характеристиками «Маг» (+сила исцеления, +точность, +живучесть)."
"A recipe to make an ascended medium helm with Marauder (+Power, +Precision, +Vitality, and +Ferocity) stats.","Рецепт изготовления вознесённого среднего шлема с характеристиками «Мародёр» (+сила, +точность, +живучесть, +свирепость)."
"A recipe to make an ascended medium helm with Marshal's (+Power, +Healing, +Condition Damage, and +Precision) stats.","Рецепт изготовления вознесённого среднего шлема с характеристиками «Маршал» (+сила, +исцеление, +урон от состояний, +точность)."
"A recipe to make an ascended medium helm with Minstrel's (+Toughness, +Healing, +Concentration, and +Vitality) stats.","Рецепт изготовления вознесённого среднего шлема с характеристиками «Менестрель» (+стойкость, +исцеление, +концентрация, +живучесть)."
"A recipe to make an ascended medium helm with Nomad's (+Toughness, +Healing, and +Vitality) stats.","Рецепт изготовления вознесённого среднего шлема с характеристиками «Кочевник» (+стойкость, +исцеление, +живучесть)."
"A recipe to make an ascended medium helm with Plaguedoctor's (+Condition Damage, +Vitality, +Concentration, and +Healing Power) stats.","Рецепт изготовления вознесённого среднего шлема с характеристиками «Чумной доктор» (+урон от состояний, +живучесть, +концентрация, +сила исцеления)."
"A recipe to make an ascended medium helm with Rabid (+Condition Damage, +Precision, and +Toughness) stats.","Рецепт изготовления вознесённого среднего шлема с характеристиками «Бешеный» (+урон от состояний, +точность, +стойкость)."
"A recipe to make an ascended medium helm with Rampager (+Precision, +Condition Damage, and +Power) stats.","Рецепт изготовления вознесённого среднего шлема с характеристиками «Буян» (+точность, +урон от состояний, +сила)."
"A recipe to make an ascended medium helm with Ritualist's (+Condition Damage, +Concentration, +Expertise, and +Vitality) stats.","Рецепт изготовления вознесённого среднего шлема с характеристиками «Ритуалист» (+урон от состояний, +концентрация, +экспертиза, +живучесть)."
"A recipe to make an ascended medium helm with Sentinel (+Vitality, +Power, and +Toughness) stats.","Рецепт изготовления вознесённого среднего шлема с характеристиками «Часовой» (+живучесть, +сила, +стойкость)."
"A recipe to make an ascended medium helm with Seraph (+Condition Damage, +Precision, +Concentration, and +Healing Power) stats.","Рецепт изготовления вознесённого среднего шлема с характеристиками «Серафим» (+урон от состояний, +точность, +концентрация, +сила исцеления)."
"A recipe to make an ascended medium helm with Settler (+Toughness, +Healing Power, and +Condition Damage) stats.","Рецепт изготовления вознесённого среднего шлема с характеристиками «Поселенец» (+стойкость, +сила исцеления, +урон от состояний)."
"A recipe to make an ascended medium helm with Shaman (+Vitality, +Condition Damage, and +Healing Power) stats.","Рецепт изготовления вознесённого среднего шлема с характеристиками «Шаман» (+живучесть, +урон от состояний, +сила исцеления)."
"A recipe to make an ascended medium helm with Sinister (+Condition Damage, +Power, and +Precision) stats.","Рецепт изготовления вознесённого среднего шлема с характеристиками «Зловещий» (+урон от состояний, +сила, +точность)."
"A recipe to make an ascended medium helm with Soldier (+Power, +Vitality, and +Toughness) stats.","Рецепт изготовления вознесённого среднего шлема с характеристиками «Солдат» (+сила, +живучесть, +стойкость)."
"A recipe to make an ascended medium helm with Trailblazer's (+Toughness, +Condition Damage, +Expertise, and +Vitality) stats.","Рецепт изготовления вознесённого среднего шлема с характеристиками «Первопроходец» (+стойкость, +урон от состояний, +экспертиза, +живучесть)."
"A recipe to make an ascended medium helm with Valkyrie (+Power, +Ferocity, and +Vitality) stats.","Рецепт изготовления вознесённого среднего шлема с характеристиками «Валькирия» (+сила, +свирепость, +живучесть)."
"A recipe to make an ascended medium helm with Vigilant (+Power, +Toughness, +Concentration, and +Expertise) stats.","Рецепт изготовления вознесённого среднего шлема с характеристиками «Бдительный» (+сила, +стойкость, +концентрация, +экспертиза)."
"A recipe to make an ascended medium helm with Viper's (+Condition Damage, +Power, +Expertise, and +Precision) stats.","Рецепт изготовления вознесённого среднего шлема с характеристиками «Гадюка» (+урон от состояний, +сила, +экспертиза, +точность)."
"A recipe to make an ascended medium helm with Wanderer's (+Power, +Vitality, +Concentration, and +Toughness) stats.","Рецепт изготовления вознесённого среднего шлема с характеристиками «Странник» (+сила, +живучесть, +концентрация, +стойкость)."
"A recipe to make an ascended medium helm with Zealot's (+Power, +Precision, +Healing) stats.","Рецепт изготовления вознесённого среднего шлема с характеристиками «Фанатик» (+сила, +точность, +исцеление)."
"A recipe to make an ascended pistol with Apothecary (+Healing Power, +Toughness, and +Condition Damage) stats.","Рецепт изготовления вознесённого пистолета с характеристиками «Аптекарь» (+сила исцеления, +стойкость, +урон от состояний)."
"A recipe to make an ascended pistol with Assassin (+Precision, +Power, and +Ferocity) stats.","Рецепт изготовления вознесённого пистолета с характеристиками «Ассасин» (+точность, +сила, +свирепость)."
"A recipe to make an ascended pistol with Berserker (+Power, +Ferocity, and +Precision) stats.","Рецепт изготовления вознесённого пистолета с характеристиками «Берсерк» (+сила, +свирепость, +точность)."
"A recipe to make an ascended pistol with Bringer's (+Expertise, +Vitality, and +Precision) stats.","Рецепт изготовления вознесённого пистолета с характеристиками «Приносящий» (+экспертиза, +живучесть, +точность)."
"A recipe to make an ascended pistol with Carrion (+Condition Damage, +Power, and +Vitality) stats.","Рецепт изготовления вознесённого пистолета с характеристиками «Падальщик» (+урон от состояний, +сила, +живучесть)."
"A recipe to make an ascended pistol with Cavalier (+Toughness, +Power, and +Ferocity) stats.","Рецепт изготовления вознесённого пистолета с характеристиками «Кавалерист» (+стойкость, +сила, +свирепость)."
A recipe to make an ascended pistol with Celestial (+All) stats.,Рецепт изготовления вознесённого пистолета с характеристиками «Небесный» (+все).
"A recipe to make an ascended pistol with Cleric (+Healing Power, +Power, and +Toughness) stats.","Рецепт изготовления вознесённого пистолета с характеристиками «Клирик» (+сила исцеления, +сила, +стойкость)."
"A recipe to make an ascended pistol with Commander's (+Power, +Precision, +Toughness, and +Concentration) stats.","Рецепт изготовления вознесённого пистолета с характеристиками «Командир» (+сила, +точность, +стойкость, +концентрация)."
"A recipe to make an ascended pistol with Crusader (+Power, +Toughness, +Ferocity, and +Healing) stats.","Рецепт изготовления вознесённого пистолета с характеристиками «Крестоносец» (+сила, +стойкость, +свирепость, +исцеление)."
"A recipe to make an ascended pistol with Dire (+Condition Damage, +Vitality, and +Toughness) stats.","Рецепт изготовления вознесённого пистолета с характеристиками «Лютый» (+урон от состояний, +живучесть, +стойкость)."
"A recipe to make an ascended pistol with Diviner's (+Power, +Concentration, +Ferocity, and +Precision) stats.","Рецепт изготовления вознесённого пистолета с характеристиками «Прорицатель» (+сила, +концентрация, +свирепость, +точность)."
"A recipe to make an ascended pistol with Dragon's (+Power, +Ferocity, +Precision, and +Vitality) stats.","Рецепт изготовления вознесённого пистолета с характеристиками «Дракон» (+сила, +свирепость, +точность, +живучесть)."
"A recipe to make an ascended pistol with Giver's (+Toughness, +Healing, and +Concentration) stats.","Рецепт изготовления вознесённого пистолета с характеристиками «Даритель» (+стойкость, +исцеление, +концентрация)."
"A recipe to make an ascended pistol with Grieving (+Power, +Condition Damage, +Ferocity, and +Precision) stats.","Рецепт изготовления вознесённого пистолета с характеристиками «Скорбящий» (+сила, +урон от состояний, +свирепость, +точность)."
"A recipe to make an ascended pistol with Harrier's (+Power, +Healing, and +Concentration) stats.","Рецепт изготовления вознесённого пистолета с характеристиками «Защитник» (+сила, +исцеление, +концентрация)."
"A recipe to make an ascended pistol with Knight (+Toughness, +Power, and +Precision) stats.","Рецепт изготовления вознесённого пистолета с характеристиками «Рыцарь» (+стойкость, +сила, +точность)."
"A recipe to make an ascended pistol with Magi (+Healing Power, +Precision, and +Vitality) stats.","Рецепт изготовления вознесённого пистолета с характеристиками «Маг» (+сила исцеления, +точность, +живучесть)."
"A recipe to make an ascended pistol with Marauder (+Power, +Precision, +Vitality, and +Ferocity) stats.","Рецепт изготовления вознесённого пистолета с характеристиками «Мародёр» (+сила, +точность, +живучесть, +свирепость)."
"A recipe to make an ascended pistol with Marshal's (+Power, +Healing, +Condition Damage, and +Precision) stats.","Рецепт изготовления вознесённого пистолета с характеристиками «Маршал» (+сила, +исцеление, +урон от состояний, +точность)."
"A recipe to make an ascended pistol with Minstrel's (+Toughness, +Healing, +Concentration, and +Vitality) stats.","Рецепт изготовления вознесённого пистолета с характеристиками «Менестрель» (+стойкость, +исцеление, +концентрация, +живучесть)."
"A recipe to make an ascended pistol with Nomad's (+Toughness, +Healing, and +Vitality) stats.","Рецепт изготовления вознесённого пистолета с характеристиками «Кочевник» (+стойкость, +исцеление, +живучесть)."
"A recipe to make an ascended pistol with Plaguedoctor's (+Condition Damage, +Vitality, +Concentration, and +Healing Power) stats.","Рецепт изготовления вознесённого пистолета с характеристиками «Чумной доктор» (+урон от состояний, +живучесть, +концентрация, +сила исцеления)."
"A recipe to make an ascended pistol with Rabid (+Condition Damage, +Precision, and +Toughness) stats.","Рецепт изготовления вознесённого пистолета с характеристиками «Бешеный» (+урон от состояний, +точность, +стойкость)."
"A recipe to make an ascended pistol with Rampager (+Precision, +Condition Damage, and +Power) stats.","Рецепт изготовления вознесённого пистолета с характеристиками «Буян» (+точность, +урон от состояний, +сила)."
"A recipe to make an ascended pistol with Ritualist's (+Condition Damage, +Concentration, +Expertise, and +Vitality) stats.","Рецепт изготовления вознесённого пистолета с характеристиками «Ритуалист» (+урон от состояний, +концентрация, +экспертиза, +живучесть)."
"A recipe to make an ascended pistol with Sentinel (+Vitality, +Power, and +Toughness) stats.","Рецепт изготовления вознесённого пистолета с характеристиками «Часовой» (+живучесть, +сила, +стойкость)."
"A recipe to make an ascended pistol with Seraph (+Condition Damage, +Precision, +Concentration, and +Healing Power) stats.","Рецепт изготовления вознесённого пистолета с характеристиками «Серафим» (+урон от состояний, +точность, +концентрация, +сила исцеления)."
"A recipe to make an ascended pistol with Settler (+Toughness, +Healing Power, and +Condition Damage) stats.","Рецепт изготовления вознесённого пистолета с характеристиками «Поселенец» (+стойкость, +сила исцеления, +урон от состояний)."
"A recipe to make an ascended pistol with Shaman (+Vitality, +Condition Damage, and +Healing Power) stats.","Рецепт изготовления вознесённого пистолета с характеристиками «Шаман» (+живучесть, +урон от состояний, +сила исцеления)."
"A recipe to make an ascended pistol with Sinister (+Condition Damage, +Power, and +Precision) stats.","Рецепт изготовления вознесённого пистолета с характеристиками «Зловещий» (+урон от состояний, +сила, +точность)."
"A recipe to make an ascended pistol with Soldier (+Power, +Vitality, and +Toughness) stats.","Рецепт изготовления вознесённого пистолета с характеристиками «Солдат» (+сила, +живучесть, +стойкость)."
"A recipe to make an ascended pistol with Trailblazer's (+Toughness, +Condition Damage, +Expertise, and +Vitality) stats.","Рецепт изготовления вознесённого пистолета с характеристиками «Первопроходец» (+стойкость, +урон от состояний, +экспертиза, +живучесть)."
"A recipe to make an ascended pistol with Valkyrie (+Power, +Ferocity, and +Vitality) stats.","Рецепт изготовления вознесённого пистолета с характеристиками «Валькирия» (+сила, +свирепость, +живучесть)."
"A recipe to make an ascended pistol with Vigilant (+Power, +Toughness, +Concentration, and +Expertise) stats.","Рецепт изготовления вознесённого пистолета с характеристиками «Бдительный» (+сила, +стойкость, +концентрация, +экспертиза)."
"A recipe to make an ascended pistol with Viper's (+Condition Damage, +Power, +Expertise, and +Precision) stats.","Рецепт изготовления вознесённого пистолета с характеристиками «Гадюка» (+урон от состояний, +сила, +экспертиза, +точность)."
"A recipe to make an ascended pistol with Wanderer's (+Power, +Vitality, +Concentration, and +Toughness) stats.","Рецепт изготовления вознесённого пистолета с характеристиками «Странник» (+сила, +живучесть, +концентрация, +стойкость)."
"A recipe to make an ascended pistol with Zealot's (+Power, +Precision, +Healing) stats.","Рецепт изготовления вознесённого пистолета с характеристиками «Фанатик» (+сила, +точность, +исцеление)."
"A recipe to make an ascended rifle with Apothecary (+Healing Power, +Toughness, and +Condition Damage) stats.","Рецепт изготовления вознесённой винтовки с характеристиками «Аптекарь» (+сила исцеления, +стойкость, +урон от состояний)."
"A recipe to make an ascended rifle with Assassin (+Precision, +Power, and +Ferocity) stats.","Рецепт изготовления вознесённой винтовки с характеристиками «Ассасин» (+точность, +сила, +свирепость)."
"A recipe to make an ascended rifle with Berserker (+Power, +Ferocity, and +Precision) stats.","Рецепт изготовления вознесённой винтовки с характеристиками «Берсерк» (+сила, +свирепость, +точность)."
"A recipe to make an ascended rifle with Bringer's (+Expertise, +Vitality, and +Precision) stats.","Рецепт изготовления вознесённой винтовки с характеристиками «Приносящий» (+экспертиза, +живучесть, +точность)."
"A recipe to make an ascended rifle with Carrion (+Condition Damage, +Power, and +Vitality) stats.","Рецепт изготовления вознесённой винтовки с характеристиками «Падальщик» (+урон от состояний, +сила, +живучесть)."
"A recipe to make an ascended rifle with Cavalier (+Toughness, +Power, and +Ferocity) stats.","Рецепт изготовления вознесённой винтовки с характеристиками «Кавалерист» (+стойкость, +сила, +свирепость)."
A recipe to make an ascended rifle with Celestial (+All) stats.,Рецепт изготовления вознесённой винтовки с характеристиками «Небесный» (+все).
"A recipe to make an ascended rifle with Cleric (+Healing Power, +Power, and +Toughness) stats.","Рецепт изготовления вознесённой винтовки с характеристиками «Клирик» (+сила исцеления, +сила, +стойкость)."
"A recipe to make an ascended rifle with Commander's (+Power, +Precision, +Toughness, and +Concentration) stats.","Рецепт изготовления вознесённой винтовки с характеристиками «Командир» (+сила, +точность, +стойкость, +концентрация)."
"A recipe to make an ascended rifle with Crusader (+Power, +Toughness, +Ferocity, and +Healing) stats.","Рецепт изготовления вознесённой винтовки с характеристиками «Крестоносец» (+сила, +стойкость, +свирепость, +исцеление)."
"A recipe to make an ascended rifle with Dire (+Condition Damage, +Vitality, and +Toughness) stats.","Рецепт изготовления вознесённой винтовки с характеристиками «Лютый» (+урон от состояний, +живучесть, +стойкость)."
"A recipe to make an ascended rifle with Diviner's (+Power, +Concentration, +Ferocity, and +Precision) stats.","Рецепт изготовления вознесённой винтовки с характеристиками «Прорицатель» (+сила, +концентрация, +свирепость, +точность)."
"A recipe to make an ascended rifle with Dragon's (+Power, +Ferocity, +Precision, and +Vitality) stats.","Рецепт изготовления вознесённой винтовки с характеристиками «Дракон» (+сила, +свирепость, +точность, +живучесть)."
"A recipe to make an ascended rifle with Giver's (+Toughness, +Healing, and +Concentration) stats.","Рецепт изготовления вознесённой винтовки с характеристиками «Даритель» (+стойкость, +исцеление, +концентрация)."
"A recipe to make an ascended rifle with Grieving (+Power, +Condition Damage, +Ferocity, and +Precision) stats.","Рецепт изготовления вознесённой винтовки с характеристиками «Скорбящий» (+сила, +урон от состояний, +свирепость, +точность)."
"A recipe to make an ascended rifle with Harrier's (+Power, +Healing, and +Concentration) stats.","Рецепт изготовления вознесённой винтовки с характеристиками «Защитник» (+сила, +исцеление, +концентрация)."
"A recipe to make an ascended rifle with Knight (+Toughness, +Power, and +Precision) stats.","Рецепт изготовления вознесённой винтовки с характеристиками «Рыцарь» (+стойкость, +сила, +точность)."
"A recipe to make an ascended rifle with Magi (+Healing Power, +Precision, and +Vitality) stats.","Рецепт изготовления вознесённой винтовки с характеристиками «Маг» (+сила исцеления, +точность, +живучесть)."
"A recipe to make an ascended rifle with Marauder (+Power, +Precision, +Vitality, and +Ferocity) stats.","Рецепт изготовления вознесённой винтовки с характеристиками «Мародёр» (+сила, +точность, +живучесть, +свирепость)."
"A recipe to make an ascended rifle with Marshal's (+Power, +Healing, +Condition Damage, and +Precision) stats.","Рецепт изготовления вознесённой винтовки с характеристиками «Маршал» (+сила, +исцеление, +урон от состояний, +точность)."
"A recipe to make an ascended rifle with Minstrel's (+Toughness, +Healing, +Concentration, and +Vitality) stats.","Рецепт изготовления вознесённой винтовки с характеристиками «Менестрель» (+стойкость, +исцеление, +концентрация, +живучесть)."
"A recipe to make an ascended rifle with Nomad's (+Toughness, +Healing, and +Vitality) stats.","Рецепт изготовления вознесённой винтовки с характеристиками «Кочевник» (+стойкость, +исцеление, +живучесть)."
"A recipe to make an ascended rifle with Plaguedoctor's (+Condition Damage, +Vitality, +Concentration, and +Healing Power) stats.","Рецепт изготовления вознесённой винтовки с характеристиками «Чумной доктор» (+урон от состояний, +живучесть, +концентрация, +сила исцеления)."
"A recipe to make an ascended rifle with Rabid (+Condition Damage, +Precision, and +Toughness) stats.","Рецепт изготовления вознесённой винтовки с характеристиками «Бешеный» (+урон от состояний, +точность, +стойкость)."
"A recipe to make an ascended rifle with Rampager (+Precision, +Condition Damage, and +Power) stats.","Рецепт изготовления вознесённой винтовки с характеристиками «Буян» (+точность, +урон от состояний, +сила)."
"A recipe to make an ascended rifle with Ritualist's (+Condition Damage, +Concentration, +Expertise, and +Vitality) stats.","Рецепт изготовления вознесённой винтовки с характеристиками «Ритуалист» (+урон от состояний, +концентрация, +экспертиза, +живучесть)."
"A recipe to make an ascended rifle with Sentinel (+Vitality, +Power, and +Toughness) stats.","Рецепт изготовления вознесённой винтовки с характеристиками «Часовой» (+живучесть, +сила, +стойкость)."
"A recipe to make an ascended rifle with Seraph (+Condition Damage, +Precision, +Concentration, and +Healing Power) stats.","Рецепт изготовления вознесённой винтовки с характеристиками «Серафим» (+урон от состояний, +точность, +концентрация, +сила исцеления)."
"A recipe to make an ascended rifle with Settler (+Toughness, +Healing Power, and +Condition Damage) stats.","Рецепт изготовления вознесённой винтовки с характеристиками «Поселенец» (+стойкость, +сила исцеления, +урон от состояний)."
"A recipe to make an ascended rifle with Shaman (+Vitality, +Condition Damage, and +Healing Power) stats.","Рецепт изготовления вознесённой винтовки с характеристиками «Шаман» (+живучесть, +урон от состояний, +сила исцеления)."
"A recipe to make an ascended rifle with Sinister (+Condition Damage, +Power, and +Precision) stats.","Рецепт изготовления вознесённой винтовки с характеристиками «Зловещий» (+урон от состояний, +сила, +точность)."
"A recipe to make an ascended rifle with Soldier (+Power, +Vitality, and +Toughness) stats.","Рецепт изготовления вознесённой винтовки с характеристиками «Солдат» (+сила, +живучесть, +стойкость)."
"A recipe to make an ascended rifle with Trailblazer's (+Toughness, +Condition Damage, +Expertise, and +Vitality) stats.","Рецепт изготовления вознесённой винтовки с характеристиками «Первопроходец» (+стойкость, +урон от состояний, +экспертиза, +живучесть)."
"A recipe to make an ascended rifle with Valkyrie (+Power, +Ferocity, and +Vitality) stats.","Рецепт изготовления вознесённой винтовки с характеристиками «Валькирия» (+сила, +свирепость, +живучесть)."
"A recipe to make an ascended rifle with Vigilant (+Power, +Toughness, +Concentration, and +Expertise) stats.","Рецепт изготовления вознесённой винтовки с характеристиками «Бдительный» (+сила, +стойкость, +концентрация, +экспертиза)."
"A recipe to make an ascended rifle with Viper's (+Condition Damage, +Power, +Expertise, and +Precision) stats.","Рецепт изготовления вознесённой винтовки с характеристиками «Гадюка» (+урон от состояний, +сила, +экспертиза, +точность)."
"A recipe to make an ascended rifle with Wanderer's (+Power, +Vitality, +Concentration, and +Toughness) stats.","Рецепт изготовления вознесённой винтовки с характеристиками «Странник» (+сила, +живучесть, +концентрация, +стойкость)."
"A recipe to make an ascended rifle with Zealot's (+Power, +Precision, +Healing) stats.","Рецепт изготовления вознесённой винтовки с характеристиками «Фанатик» (+сила, +точность, +исцеление)."
"A recipe to make an ascended scepter with Apothecary (+Healing Power, +Toughness, and +Condition Damage) stats.","Рецепт изготовления вознесённого скипетра с характеристиками «Аптекарь» (+сила исцеления, +стойкость, +урон от состояний)."
"A recipe to make an ascended scepter with Assassin (+Precision, +Power, and +Ferocity) stats.","Рецепт изготовления вознесённого скипетра с характеристиками «Ассасин» (+точность, +сила, +свирепость)."
"A recipe to make an ascended scepter with Berserker (+Power, +Ferocity, and +Precision) stats.","Рецепт изготовления вознесённого скипетра с характеристиками «Берсерк» (+сила, +свирепость, +точность)."
"A recipe to make an ascended scepter with Bringer's (+Expertise, +Vitality, and +Precision) stats.","Рецепт изготовления вознесённого скипетра с характеристиками «Приносящий» (+экспертиза, +живучесть, +точность)."
"A recipe to make an ascended scepter with Carrion (+Condition Damage, +Power, and +Vitality) stats.","Рецепт изготовления вознесённого скипетра с характеристиками «Падальщик» (+урон от состояний, +сила, +живучесть)."
"A recipe to make an ascended scepter with Cavalier (+Toughness, +Power, and +Ferocity) stats.","Рецепт изготовления вознесённого скипетра с характеристиками «Кавалерист» (+стойкость, +сила, +свирепость)."
A recipe to make an ascended scepter with Celestial (+All) stats.,Рецепт изготовления вознесённого скипетра с характеристиками «Небесный» (+все).
"A recipe to make an ascended scepter with Cleric (+Healing Power, +Power, and +Toughness) stats.","Рецепт изготовления вознесённого скипетра с характеристиками «Клирик» (+сила исцеления, +сила, +стойкость)."
"A recipe to make an ascended scepter with Commander's (+Power, +Precision, +Toughness, and +Concentration) stats.","Рецепт изготовления вознесённого скипетра с характеристиками «Командир» (+сила, +точность, +стойкость, +концентрация)."
"A recipe to make an ascended scepter with Crusader (+Power, +Toughness, +Ferocity, and +Healing) stats.","Рецепт изготовления вознесённого скипетра с характеристиками «Крестоносец» (+сила, +стойкость, +свирепость, +исцеление)."
"A recipe to make an ascended scepter with Dire (+Condition Damage, +Vitality, and +Toughness) stats.","Рецепт изготовления вознесённого скипетра с характеристиками «Лютый» (+урон от состояний, +живучесть, +стойкость)."
"A recipe to make an ascended scepter with Diviner's (+Power, +Concentration, +Ferocity, and +Precision) stats.","Рецепт изготовления вознесённого скипетра с характеристиками «Прорицатель» (+сила, +концентрация, +свирепость, +точность)."
"A recipe to make an ascended scepter with Dragon's (+Power, +Ferocity, +Precision, and +Vitality) stats.","Рецепт изготовления вознесённого скипетра с характеристиками «Дракон» (+сила, +свирепость, +точность, +живучесть)."
"A recipe to make an ascended scepter with Giver's (+Toughness, +Healing, and +Concentration) stats.","Рецепт изготовления вознесённого скипетра с характеристиками «Даритель» (+стойкость, +исцеление, +концентрация)."
"A recipe to make an ascended scepter with Grieving (+Power, +Condition Damage, +Ferocity, and +Precision) stats.","Рецепт изготовления вознесённого скипетра с характеристиками «Скорбящий» (+сила, +урон от состояний, +свирепость, +точность)."
"A recipe to make an ascended scepter with Harrier's (+Power, +Healing, and +Concentration) stats.","Рецепт изготовления вознесённого скипетра с характеристиками «Защитник» (+сила, +исцеление, +концентрация)."
"A recipe to make an ascended scepter with Knight (+Toughness, +Power, and +Precision) stats.","Рецепт изготовления вознесённого скипетра с характеристиками «Рыцарь» (+стойкость, +сила, +точность)."
"A recipe to make an ascended scepter with Magi (+Healing Power, +Precision, and +Vitality) stats.","Рецепт изготовления вознесённого скипетра с характеристиками «Маг» (+сила исцеления, +точность, +живучесть)."
"A recipe to make an ascended scepter with Marauder (+Power, +Precision, +Vitality, and +Ferocity) stats.","Рецепт изготовления вознесённого скипетра с характеристиками «Мародёр» (+сила, +точность, +живучесть, +свирепость)."
"A recipe to make an ascended scepter with Marshal's (+Power, +Healing, +Condition Damage, and +Precision) stats.","Рецепт изготовления вознесённого скипетра с характеристиками «Маршал» (+сила, +исцеление, +урон от состояний, +точность)."
"A recipe to make an ascended scepter with Minstrel's (+Toughness, +Healing, +Concentration, and +Vitality) stats.","Рецепт изготовления вознесённого скипетра с характеристиками «Менестрель» (+стойкость, +исцеление, +концентрация, +живучесть)."
"A recipe to make an ascended scepter with Nomad's (+Toughness, +Healing, and +Vitality) stats.","Рецепт изготовления вознесённого скипетра с характеристиками «Кочевник» (+стойкость, +исцеление, +живучесть)."
"A recipe to make an ascended scepter with Plaguedoctor's (+Condition Damage, +Vitality, +Concentration, and +Healing Power) stats.","Рецепт изготовления вознесённого скипетра с характеристиками «Чумной доктор» (+урон от состояний, +живучесть, +концентрация, +сила исцеления)."
"A recipe to make an ascended scepter with Rabid (+Condition Damage, +Precision, and +Toughness) stats.","Рецепт изготовления вознесённого скипетра с характеристиками «Бешеный» (+урон от состояний, +точность, +стойкость)."
"A recipe to make an ascended scepter with Rampager (+Precision, +Condition Damage, and +Power) stats.","Рецепт изготовления вознесённого скипетра с характеристиками «Буян» (+точность, +урон от состояний, +сила)."
"A recipe to make an ascended scepter with Ritualist's (+Condition Damage, +Concentration, +Expertise, and +Vitality) stats.","Рецепт изготовления вознесённого скипетра с характеристиками «Ритуалист» (+урон от состояний, +концентрация, +экспертиза, +живучесть)."
"A recipe to make an ascended scepter with Sentinel (+Vitality, +Power, and +Toughness) stats.","Рецепт изготовления вознесённого скипетра с характеристиками «Часовой» (+живучесть, +сила, +стойкость)."
"A recipe to make an ascended scepter with Seraph (+Condition Damage, +Precision, +Concentration, and +Healing Power) stats.","Рецепт изготовления вознесённого скипетра с характеристиками «Серафим» (+урон от состояний, +точность, +концентрация, +сила исцеления)."
"A recipe to make an ascended scepter with Settler (+Toughness, +Healing Power, and +Condition Damage) stats.","Рецепт изготовления вознесённого скипетра с характеристиками «Поселенец» (+стойкость, +сила исцеления, +урон от состояний)."
"A recipe to make an ascended scepter with Shaman (+Vitality, +Condition Damage, and +Healing Power) stats.","Рецепт изготовления вознесённого скипетра с характеристиками «Шаман» (+живучесть, +урон от состояний, +сила исцеления)."
"A recipe to make an ascended scepter with Sinister (+Condition Damage, +Power, and +Precision) stats.","Рецепт изготовления вознесённого скипетра с характеристиками «Зловещий» (+урон от состояний, +сила, +точность)."
"A recipe to make an ascended scepter with Soldier (+Power, +Vitality, and +Toughness) stats.","Рецепт изготовления вознесённого скипетра с характеристиками «Солдат» (+сила, +живучесть, +стойкость)."
"A recipe to make an ascended scepter with Trailblazer's (+Toughness, +Condition Damage, +Expertise, and +Vitality) stats.","Рецепт изготовления вознесённого скипетра с характеристиками «Первопроходец» (+стойкость, +урон от состояний, +экспертиза, +живучесть)."
"A recipe to make an ascended scepter with Valkyrie (+Power, +Ferocity, and +Vitality) stats.","Рецепт изготовления вознесённого скипетра с характеристиками «Валькирия» (+сила, +свирепость, +живучесть)."
"A recipe to make an ascended scepter with Vigilant (+Power, +Toughness, +Concentration, and +Expertise) stats.","Рецепт изготовления вознесённого скипетра с характеристиками «Бдительный» (+сила, +стойкость, +концентрация, +экспертиза)."
"A recipe to make an ascended scepter with Viper's (+Condition Damage, +Power, +Expertise, and +Precision) stats.","Рецепт изготовления вознесённого скипетра с характеристиками «Гадюка» (+урон от состояний, +сила, +экспертиза, +точность)."
"A recipe to make an ascended scepter with Wanderer's (+Power, +Vitality, +Concentration, and +Toughness) stats.","Рецепт изготовления вознесённого скипетра с характеристиками «Странник» (+сила, +живучесть, +концентрация, +стойкость)."
"A recipe to make an ascended scepter with Zealot's (+Power, +Precision, +Healing) stats.","Рецепт изготовления вознесённого скипетра с характеристиками «Фанатик» (+сила, +точность, +исцеление)."
"A recipe to make an ascended shield with Apothecary (+Healing Power, +Toughness, and +Condition Damage) stats.","Рецепт изготовления вознесённого щита с характеристиками «Аптекарь» (+сила исцеления, +стойкость, +урон от состояний)."
"A recipe to make an ascended shield with Assassin (+Precision, +Power, and +Ferocity) stats.","Рецепт изготовления вознесённого щита с характеристиками «Ассасин» (+точность, +сила, +свирепость)."
"A recipe to make an ascended shield with Berserker (+Power, +Ferocity, and +Precision) stats.","Рецепт изготовления вознесённого щита с характеристиками «Берсерк» (+сила, +свирепость, +точность)."
"A recipe to make an ascended shield with Bringer's (+Expertise, +Vitality, and +Precision) stats.","Рецепт изготовления вознесённого щита с характеристиками «Приносящий» (+экспертиза, +живучесть, +точность)."
"A recipe to make an ascended shield with Carrion (+Condition Damage, +Power, and +Vitality) stats.","Рецепт изготовления вознесённого щита с характеристиками «Падальщик» (+урон от состояний, +сила, +живучесть)."
"A recipe to make an ascended shield with Cavalier (+Toughness, +Power, and +Ferocity) stats.","Рецепт изготовления вознесённого щита с характеристиками «Кавалерист» (+стойкость, +сила, +свирепость)."
A recipe to make an ascended shield with Celestial (+All) stats.,Рецепт изготовления вознесённого щита с характеристиками «Небесный» (+все).
"A recipe to make an ascended shield with Cleric (+Healing Power, +Power, and +Toughness) stats.","Рецепт изготовления вознесённого щита с характеристиками «Клирик» (+сила исцеления, +сила, +стойкость)."
"A recipe to make an ascended shield with Commander's (+Power, +Precision, +Toughness, and +Concentration) stats.","Рецепт изготовления вознесённого щита с характеристиками «Командир» (+сила, +точность, +стойкость, +концентрация)."
"A recipe to make an ascended shield with Crusader (+Power, +Toughness, +Ferocity, and +Healing) stats.","Рецепт изготовления вознесённого щита с характеристиками «Крестоносец» (+сила, +стойкость, +свирепость, +исцеление)."
"A recipe to make an ascended shield with Dire (+Condition Damage, +Vitality, and +Toughness) stats.","Рецепт изготовления вознесённого щита с характеристиками «Лютый» (+урон от состояний, +живучесть, +стойкость)."
"A recipe to make an ascended shield with Diviner's (+Power, +Concentration, +Ferocity, and +Precision) stats.","Рецепт изготовления вознесённого щита с характеристиками «Прорицатель» (+сила, +концентрация, +свирепость, +точность)."
"A recipe to make an ascended shield with Dragon's (+Power, +Ferocity, +Precision, and +Vitality) stats.","Рецепт изготовления вознесённого щита с характеристиками «Дракон» (+сила, +свирепость, +точность, +живучесть)."
"A recipe to make an ascended shield with Giver's (+Toughness, +Healing, and +Concentration) stats.","Рецепт изготовления вознесённого щита с характеристиками «Даритель» (+стойкость, +исцеление, +концентрация)."
"A recipe to make an ascended shield with Grieving (+Power, +Condition Damage, +Ferocity, and +Precision) stats.","Рецепт изготовления вознесённого щита с характеристиками «Скорбящий» (+сила, +урон от состояний, +свирепость, +точность)."
"A recipe to make an ascended shield with Harrier's (+Power, +Healing, and +Concentration) stats.","Рецепт изготовления вознесённого щита с характеристиками «Защитник» (+сила, +исцеление, +концентрация)."
"A recipe to make an ascended shield with Knight (+Toughness, +Power, and +Precision) stats.","Рецепт изготовления вознесённого щита с характеристиками «Рыцарь» (+стойкость, +сила, +точность)."
"A recipe to make an ascended shield with Magi (+Healing Power, +Precision, and +Vitality) stats.","Рецепт изготовления вознесённого щита с характеристиками «Маг» (+сила исцеления, +точность, +живучесть)."
"A recipe to make an ascended shield with Marauder (+Power, +Precision, +Vitality, and +Ferocity) stats.","Рецепт изготовления вознесённого щита с характеристиками «Мародёр» (+сила, +точность, +живучесть, +свирепость)."
"A recipe to make an ascended shield with Marshal's (+Power, +Healing, +Condition Damage, and +Precision) stats.","Рецепт изготовления вознесённого щита с характеристиками «Маршал» (+сила, +исцеление, +урон от состояний, +точность)."
"A recipe to make an ascended shield with Minstrel's (+Toughness, +Healing, +Concentration, and +Vitality) stats.","Рецепт изготовления вознесённого щита с характеристиками «Менестрель» (+стойкость, +исцеление, +концентрация, +живучесть)."
"A recipe to make an ascended shield with Nomad's (+Toughness, +Healing, and +Vitality) stats.","Рецепт изготовления вознесённого щита с характеристиками «Кочевник» (+стойкость, +исцеление, +живучесть)."
"A recipe to make an ascended shield with Plaguedoctor's (+Condition Damage, +Vitality, +Concentration, and +Healing Power) stats.","Рецепт изготовления вознесённого щита с характеристиками «Чумной доктор» (+урон от состояний, +живучесть, +концентрация, +сила исцеления)."
"A recipe to make an ascended shield with Rabid (+Condition Damage, +Precision, and +Toughness) stats.","Рецепт изготовления вознесённого щита с характеристиками «Бешеный» (+урон от состояний, +точность, +стойкость)."
"A recipe to make an ascended shield with Rampager (+Precision, +Condition Damage, and +Power) stats.","Рецепт изготовления вознесённого щита с характеристиками «Буян» (+точность, +урон от состояний, +сила)."
"A recipe to make an ascended shield with Ritualist's (+Condition Damage, +Concentration, +Expertise, and +Vitality) stats.","Рецепт изготовления вознесённого щита с характеристиками «Ритуалист» (+урон от состояний, +концентрация, +экспертиза, +живучесть)."
"A recipe to make an ascended shield with Sentinel (+Vitality, +Power, and +Toughness) stats.","Рецепт изготовления вознесённого щита с характеристиками «Часовой» (+живучесть, +сила, +стойкость)."
"A recipe to make an ascended shield with Seraph (+Condition Damage, +Precision, +Concentration, and +Healing Power) stats.","Рецепт изготовления вознесённого щита с характеристиками «Серафим» (+урон от состояний, +точность, +концентрация, +сила исцеления)."
"A recipe to make an ascended shield with Settler (+Toughness, +Healing Power, and +Condition Damage) stats.","Рецепт изготовления вознесённого щита с характеристиками «Поселенец» (+стойкость, +сила исцеления, +урон от состояний)."
"A recipe to make an ascended shield with Shaman (+Vitality, +Condition Damage, and +Healing Power) stats.","Рецепт изготовления вознесённого щита с характеристиками «Шаман» (+живучесть, +урон от состояний, +сила исцеления)."
"A recipe to make an ascended shield with Sinister (+Condition Damage, +Power, and +Precision) stats.","Рецепт изготовления вознесённого щита с характеристиками «Зловещий» (+урон от состояний, +сила, +точность)."
"A recipe to make an ascended shield with Soldier (+Power, +Vitality, and +Toughness) stats.","Рецепт изготовления вознесённого щита с характеристиками «Солдат» (+сила, +живучесть, +стойкость)."
"A recipe to make an ascended shield with Trailblazer's (+Toughness, +Condition Damage, +Expertise, and +Vitality) stats.","Рецепт изготовления вознесённого щита с характеристиками «Первопроходец» (+стойкость, +урон от состояний, +экспертиза, +живучесть)."
"A recipe to make an ascended shield with Valkyrie (+Power, +Ferocity, and +Vitality) stats.","Рецепт изготовления вознесённого щита с характеристиками «Валькирия» (+сила, +свирепость, +живучесть)."
"A recipe to make an ascended shield with Vigilant (+Power, +Toughness, +Concentration, and +Expertise) stats.","Рецепт изготовления вознесённого щита с характеристиками «Бдительный» (+сила, +стойкость, +концентрация, +экспертиза)."
"A recipe to make an ascended shield with Viper's (+Condition Damage, +Power, +Expertise, and +Precision) stats.","Рецепт изготовления вознесённого щита с характеристиками «Гадюка» (+урон от состояний, +сила, +экспертиза, +точность)."
"A recipe to make an ascended shield with Wanderer's (+Power, +Vitality, +Concentration, and +Toughness) stats.","Рецепт изготовления вознесённого щита с характеристиками «Странник» (+сила, +живучесть, +концентрация, +стойкость)."
"A recipe to make an ascended shield with Zealot's (+Power, +Precision, +Healing) stats.","Рецепт изготовления вознесённого щита с характеристиками «Фанатик» (+сила, +точность, +исцеление)."
"A recipe to make an ascended short bow with Apothecary (+Healing Power, +Toughness, and +Condition Damage) stats.","Рецепт изготовления вознесённого короткого лука с характеристиками «Аптекарь» (+сила исцеления, +стойкость, +урон от состояний)."
"A recipe to make an ascended short bow with Assassin (+Precision, +Power, and +Ferocity) stats.","Рецепт изготовления вознесённого короткого лука с характеристиками «Ассасин» (+точность, +сила, +свирепость)."
"A recipe to make an ascended short bow with Berserker (+Power, +Ferocity, and +Precision) stats.","Рецепт изготовления вознесённого короткого лука с характеристиками «Берсерк» (+сила, +свирепость, +точность)."
"A recipe to make an ascended short bow with Bringer's (+Expertise, +Vitality, and +Precision) stats.","Рецепт изготовления вознесённого короткого лука с характеристиками «Приносящий» (+экспертиза, +живучесть, +точность)."
"A recipe to make an ascended short bow with Carrion (+Condition Damage, +Power, and +Vitality) stats.","Рецепт изготовления вознесённого короткого лука с характеристиками «Падальщик» (+урон от состояний, +сила, +живучесть)."
"A recipe to make an ascended short bow with Cavalier (+Toughness, +Power, and +Ferocity) stats.","Рецепт изготовления вознесённого короткого лука с характеристиками «Кавалерист» (+стойкость, +сила, +свирепость)."
A recipe to make an ascended short bow with Celestial (+All) stats.,Рецепт изготовления вознесённого короткого лука с характеристиками «Небесный» (+все).
"A recipe to make an ascended short bow with Cleric (+Healing Power, +Power, and +Toughness) stats.","Рецепт изготовления вознесённого короткого лука с характеристиками «Клирик» (+сила исцеления, +сила, +стойкость)."
"A recipe to make an ascended short bow with Commander's (+Power, +Precision, +Toughness, and +Concentration) stats.","Рецепт изготовления вознесённого короткого лука с характеристиками «Командир» (+сила, +точность, +стойкость, +концентрация)."
"A recipe to make an ascended short bow with Crusader (+Power, +Toughness, +Ferocity, and +Healing) stats.","Рецепт изготовления вознесённого короткого лука с характеристиками «Крестоносец» (+сила, +стойкость, +свирепость, +исцеление)."
