english,translate
"""A recipe to make an ascended axe with Settler (+Toughness, +Healing Power, and +Condition Damage) stats.""","«Рецепт изготовления вознесённого топора со характеристиками поселенца (стойкость, сила исцеления и урон от состояний)»."
"""A recipe to make an ascended axe with Shaman (+Vitality, +Condition Damage, and +Healing Power) stats.""","«Рецепт изготовления вознесённого топора со характеристиками Шамана (живучесть, урон от состояний и сила исцеления)»."
"""A recipe to make an ascended axe with Sinister (+Condition Damage, +Power, and +Precision) stats.""","«Рецепт изготовления вознесённого топора со характеристиками Зловещего (Урон от состояний, Сила и Точность)»."
"""A recipe to make an ascended axe with Soldier (+Power, +Vitality, and +Toughness) stats.""","«Рецепт изготовления вознесённого топора со характеристиками солдата (сила, живучесть и выносливость)»."
"""A recipe to make an ascended axe with Trailblazer's (+Toughness, +Condition Damage, +Expertise, +Vitality) stats.""","«Рецепт изготовления вознесенного топора со характеристиками Первопроходца (Выносливость, Урон от состояний, Экспертиза, Живучесть)»."
"""A recipe to make an ascended axe with Valkyrie (+Power, +Ferocity, and +Vitality) stats.""","«Рецепт изготовления вознесенного топора со характеристиками Валькирии (сила, свирепость и живучесть)»."
"""A recipe to make an ascended axe with Vigilant (+Power, +Toughness, +Concentration, and +Expertise) stats.""","«Рецепт изготовления вознесенного топора со характеристиками бдительности (сила, выносливость, концентрация и мастерство»)."
"""A recipe to make an ascended axe with Viper's (+Condition Damage, +Power, +Expertise, and +Precision) stats.""","«Рецепт изготовления вознесённого топора со характеристиками Змеи (урон от состояний, сила, мастерство и точность)»."
"""A recipe to make an ascended axe with Wanderer's (+Toughness, +Condition Damage, +Expertise, +Vitality, ) stats.""","«Рецепт изготовления вознесённого топора со характеристиками Странника (Выносливость, Урон от состояний, Мастерство, Живучесть, )»."
"""A recipe to make an ascended axe with Zealot's (+Power, +Precision, +Healing) stats.""","«Рецепт изготовления вознесенного топора со характеристиками фанатика (сила, точность, исцеление)»."
"""A recipe to make an ascended dagger with Apothecary (+Healing Power, +Toughness, and +Condition Damage) stats.""","«Рецепт изготовления вознесенного кинжала со характеристиками аптекаря (сила исцеления, выносливость и урон от состояний»)."
"""A recipe to make an ascended dagger with Assassin (+Precision, +Power, and +Ferocity) stats.""","«Рецепт изготовления вознесённого кинжала со характеристиками убийцы (точность, сила и свирепость)»."
"""A recipe to make an ascended dagger with Berserker (+Power, +Ferocity, and +Precision) stats.""","«Рецепт изготовления вознесенного кинжала со характеристиками Берсерка (сила, свирепость и точность)»."
"""A recipe to make an ascended dagger with Bringer's (+Expertise, +Vitality, and +Precision) stats.""","«Рецепт изготовления вознесенного кинжала со характеристиками Брингера (экспертиза, живучесть и точность)»."
"""A recipe to make an ascended dagger with Carrion (+Condition Damage, +Power, and +Vitality) stats.""","«Рецепт изготовления вознесенного кинжала со характеристиками Падали (урон от состояний, сила и живучесть)»."
"""A recipe to make an ascended dagger with Cavalier (+Toughness, +Power, and +Ferocity) stats.""","«Рецепт изготовления вознесённого кинжала со характеристиками Кавалера (стойкость, сила и свирепость)»."
"""A recipe to make an ascended dagger with Cleric (+Healing Power, +Power, and +Toughness) stats.""","«Рецепт изготовления вознесённого кинжала со характеристиками клирика (исцеляющая сила, сила и выносливость)»."
"""A recipe to make an ascended dagger with Commander's (+Power, +Precision, +Toughness, and +Concentration) stats.""","«Рецепт изготовления вознесённого кинжала со характеристиками командира (сила, точность, выносливость и концентрация)»."
"""A recipe to make an ascended dagger with Crusader (+Power, +Toughness, +Ferocity, and +Healing) stats.""","«Рецепт изготовления вознесённого кинжала со характеристиками крестоносца (сила, выносливость, свирепость и исцеление)»."
"""A recipe to make an ascended dagger with Dire (+Condition Damage, +Vitality, and +Toughness) stats.""","«Рецепт изготовления вознесенного кинжала со характеристиками Dire (урон от состояний, живучесть и выносливость)»."
"""A recipe to make an ascended dagger with Diviner's (+Power, +Concentration, +Ferocity, and +Precision) stats.""","«Рецепт изготовления вознесенного кинжала со характеристиками Прорицателя (сила, концентрация, свирепость и точность)»."
"""A recipe to make an ascended dagger with Dragon's (+Power, +Ferocity, +Precision, and +Vitality) stats.""","«Рецепт изготовления вознесенного кинжала со характеристиками Дракона (сила, свирепость, точность и живучесть)»."
"""A recipe to make an ascended dagger with Giver's (+Toughness, +Healing, and +Concentration) stats.""","«Рецепт изготовления вознесенного кинжала со характеристиками Дарителя (стойкость, исцеление и концентрация)»."
"""A recipe to make an ascended dagger with Grieving (+Power, +Condition Damage, +Ferocity, and +Precision) stats.""","«Рецепт изготовления вознесенного кинжала со характеристиками скорби (сила, урон от состояний, свирепость и точность)»."
"""A recipe to make an ascended dagger with Harrier's (+Power, +Healing, and +Concentration) stats.""","«Рецепт изготовления вознесённого кинжала со характеристиками Вестника (сила, исцеление и концентрация)»."
"""A recipe to make an ascended dagger with Knight (+Toughness, +Power, and +Precision) stats.""","«Рецепт изготовления вознесенного кинжала со характеристиками рыцаря (стойкость, сила и точность)»."
"""A recipe to make an ascended dagger with Magi (+Healing Power, +Precision, and +Vitality) stats.""","«Рецепт изготовления вознесённого кинжала со характеристиками мага (исцеляющая сила, точность и живучесть)»."
"""A recipe to make an ascended dagger with Marauder (+Power, +Precision, +Vitality, and +Ferocity) stats.""","«Рецепт изготовления вознесённого кинжала со характеристиками мародера (сила, точность, живучесть и свирепость)»."
"""A recipe to make an ascended dagger with Marshal's (+Power, +Healing, +Condition Damage, and +Precision) stats.""","«Рецепт изготовления вознесенного кинжала со характеристиками Маршала (сила, исцеление, урон от состояний и точность)»."
"""A recipe to make an ascended dagger with Minstrel's (+Toughness, +Healing, +Concentration, and +Vitality) stats.""","«Рецепт изготовления вознесенного кинжала со характеристиками Менестреля (стойкость, исцеление, концентрация и живучесть)»."
"""A recipe to make an ascended dagger with Nomad's (+Toughness, +Healing, and +Vitality) stats.""","«Рецепт изготовления вознесенного кинжала со характеристиками Кочевника (стойкость, исцеление и живучесть)»."
"""A recipe to make an ascended dagger with Plaguedoctor's (+Condition Damage, +Vitality, +Concentration, and +Healing Power) stats.""","«Рецепт изготовления вознесенного кинжала со характеристиками Чумного доктора (урон от состояний, живучесть, концентрация и сила исцеления)»."
"""A recipe to make an ascended dagger with Rabid (+Condition Damage, +Precision, and +Toughness) stats.""","«Рецепт изготовления вознесенного кинжала со характеристиками Бешеного (Урон от состояний, Точность и Стойкость)»."
"""A recipe to make an ascended dagger with Rampager (+Precision, +Condition Damage, and +Power) stats.""","«Рецепт изготовления вознесённого кинжала со характеристиками Буйника (точность, урон от состояний и сила)»."
"""A recipe to make an ascended dagger with Ritualist's (+Condition Damage, +Concentration, +Expertise, and +Vitality) stats.""","«Рецепт изготовления вознесенного кинжала со характеристиками Ритуалиста (урон от состояний, концентрация, мастерство и живучесть)»."
"""A recipe to make an ascended dagger with Sentinel (+Vitality, +Power, and +Toughness) stats.""","«Рецепт изготовления вознесённого кинжала со характеристиками Стража (Живучесть, Сила и Стойкость)»."
"""A recipe to make an ascended dagger with Seraph (+Condition Damage, +Precision, +Concentration, and +Healing Power) stats.""","«Рецепт изготовления вознесенного кинжала со характеристиками Серафима (урон от состояний, точность, концентрация и сила исцеления)»."
"""A recipe to make an ascended dagger with Settler (+Toughness, +Healing Power, and +Condition Damage) stats.""","«Рецепт изготовления вознесённого кинжала со характеристиками поселенца (стойкость, сила исцеления и урон от состояний)»."
"""A recipe to make an ascended dagger with Shaman (+Vitality, +Condition Damage, and +Healing Power) stats.""","«Рецепт изготовления вознесенного кинжала со характеристиками Шамана (живучесть, урон от состояний и сила исцеления)»."
"""A recipe to make an ascended dagger with Sinister (+Condition Damage, +Power, and +Precision) stats.""","«Рецепт изготовления вознесенного кинжала со характеристиками Зловещего (Урон от состояний, Сила и Точность)»."
"""A recipe to make an ascended dagger with Soldier (+Power, +Vitality, and +Toughness) stats.""","«Рецепт изготовления вознесённого кинжала со характеристиками солдата (сила, живучесть и выносливость)»."
"""A recipe to make an ascended dagger with Trailblazer's (+Toughness, +Condition Damage, +Expertise, +Vitality) stats.""","«Рецепт изготовления вознесенного кинжала со характеристиками Первопроходца (Выносливость, Урон от состояний, Экспертиза, Живучесть)»."
"""A recipe to make an ascended dagger with Valkyrie (+Power, +Ferocity, and +Vitality) stats.""","«Рецепт изготовления вознесённого кинжала со характеристиками Валькирии (сила, свирепость и живучесть)»."
"""A recipe to make an ascended dagger with Vigilant (+Power, +Toughness, +Concentration, and +Expertise) stats.""","«Рецепт изготовления вознесенного кинжала со характеристиками бдительности (сила, выносливость, концентрация и мастерство»)."
"""A recipe to make an ascended dagger with Viper's (+Condition Damage, +Power, +Expertise, and +Precision) stats.""","«Рецепт изготовления вознесённого кинжала со характеристиками Змеи (урон от состояний, сила, мастерство и точность)»."
"""A recipe to make an ascended dagger with Wanderer's (+Toughness, +Condition Damage, +Expertise, +Vitality, ) stats.""","«Рецепт изготовления вознесенного кинжала со характеристиками Странника ( Стойкость, Урон от состояний, Мастерство, Живучесть, )»."
"""A recipe to make an ascended dagger with Zealot's (+Power, +Precision, +Healing) stats.""","«Рецепт изготовления вознесённого кинжала со характеристиками Зелота (сила, точность, исцеление)»."
"""A recipe to make an ascended focus with Apothecary (+Healing Power, +Toughness, and +Condition Damage) stats.""","«Рецепт создания вознесенного фокуса с помощью характеристик аптекаря (исцеляющая сила, выносливость и урон от состояний)»."
"""A recipe to make an ascended focus with Assassin (+Precision, +Power, and +Ferocity) stats.""","«Рецепт, позволяющий сделать вознесенный фокус с помощью характеристик убийцы (точность, сила и свирепость)»."
"""A recipe to make an ascended focus with Berserker (+Power, +Ferocity, and +Precision) stats.""","«Рецепт создания вознесенного фокуса с характеристиками Берсерка (сила, свирепость и точность)»."
"""A recipe to make an ascended focus with Bringer's (+Expertise, +Vitality, and +Precision) stats.""","«Рецепт, позволяющий сосредоточить внимание на характеристиках Брингера (экспертиза, живучесть и точность)»."
"""A recipe to make an ascended focus with Carrion (+Condition Damage, +Power, and +Vitality) stats.""","«Рецепт создания вознесённого фокуса с характеристиками Падали (Урон от состояний, Сила и Живучесть)»."
"""A recipe to make an ascended focus with Cavalier (+Toughness, +Power, and +Ferocity) stats.""","«Рецепт, позволяющий сделать вознесенный фокус с характеристиками Кавалера (Выносливость, Сила и Свирепость)»."
"""A recipe to make an ascended focus with Cleric (+Healing Power, +Power, and +Toughness) stats.""","«Рецепт создания вознесенного фокуса с характеристиками клирика (исцеляющая сила, сила и выносливость)»."
"""A recipe to make an ascended focus with Commander's (+Power, +Precision, +Toughness, and +Concentration) stats.""","«Рецепт, позволяющий сосредоточить внимание на характеристиках командира (сила, точность, выносливость и концентрация)»."
"""A recipe to make an ascended focus with Crusader (+Power, +Toughness, +Ferocity, and +Healing) stats.""","«Рецепт создания вознесенного фокуса с характеристиками крестоносца (сила, выносливость, свирепость и исцеление)»."
"""A recipe to make an ascended focus with Dire (+Condition Damage, +Vitality, and +Toughness) stats.""","«Рецепт создания вознесенного фокуса со характеристиками Dire (урон от состояний, живучесть и выносливость)»."
"""A recipe to make an ascended focus with Diviner's (+Power, +Concentration, +Ferocity, and +Precision) stats.""","«Рецепт создания вознесенного фокуса с характеристиками Прорицателя (сила, концентрация, свирепость и точность)»."
"""A recipe to make an ascended focus with Dragon's (+Power, +Ferocity, +Precision, and +Vitality) stats.""","«Рецепт создания вознесенного фокуса с помощью характеристик Дракона (сила, свирепость, точность и живучесть)»."
"""A recipe to make an ascended focus with Giver's (+Toughness, +Healing, and +Concentration) stats.""","«Рецепт создания вознесенного фокуса с помощью характеристик Дарителя (Выносливость, Исцеление и Концентрация)»."
"""A recipe to make an ascended focus with Grieving (+Power, +Condition Damage, +Ferocity, and +Precision) stats.""","«Рецепт создания вознесенного фокуса с характеристиками скорби (сила, урон от состояний, свирепость и точность)»."
"""A recipe to make an ascended focus with Harrier's (+Power, +Healing, and +Concentration) stats.""","«Рецепт создания вознесенного фокуса с помощью характеристик Вестника (сила, исцеление и концентрация)»."
"""A recipe to make an ascended focus with Knight (+Toughness, +Power, and +Precision) stats.""","«Рецепт, как сделать вознесенный фокус с помощью характеристик рыцаря (стойкость, сила и точность)»."
"""A recipe to make an ascended focus with Magi (+Healing Power, +Precision, and +Vitality) stats.""","«Рецепт создания вознесенного фокуса с помощью характеристик мага (исцеляющая сила, точность и живучесть)»."
"""A recipe to make an ascended focus with Marauder (+Power, +Precision, +Vitality, and +Ferocity) stats.""","«Рецепт создания вознесенного фокуса с характеристиками Мародера (сила, точность, живучесть и свирепость)»."
"""A recipe to make an ascended focus with Marshal's (+Power, +Healing, +Condition Damage, and +Precision) stats.""","«Рецепт создания вознесенного фокуса с характеристиками Маршала (сила, исцеление, урон от состояний и точность)»."
"""A recipe to make an ascended focus with Minstrel's (+Toughness, +Healing, +Concentration, and +Vitality) stats.""","«Рецепт создания вознесенного фокуса с помощью характеристик Менестреля (стойкость, исцеление, концентрация и живучесть)»."
"""A recipe to make an ascended focus with Plaguedoctor's (+Condition Damage, +Vitality, +Concentration, and +Healing Power) stats.""","«Рецепт создания вознесенного фокуса со характеристиками Чумного доктора (урон от состояний, живучесть, концентрация и сила исцеления)»."
"""A recipe to make an ascended focus with Rabid (+Condition Damage, +Precision, and +Toughness) stats.""","«Рецепт создания вознесенного фокуса с характеристиками Бешеного (урон от состояний, точность и выносливость)»."
"""A recipe to make an ascended focus with Rampager (+Precision, +Condition Damage, and +Power) stats.""","«Рецепт создания вознесенного фокуса с характеристиками Буйвола (точность, урон от состояний и сила)»."
"""A recipe to make an ascended focus with Ritualist's (+Condition Damage, +Concentration, +Expertise, and +Vitality) stats.""","«Рецепт создания вознесенного фокуса с помощью характеристик Ритуалиста (урон от состояний, концентрация, мастерство и живучесть)»."
"""A recipe to make an ascended focus with Sentinel (+Vitality, +Power, and +Toughness) stats.""","«Рецепт создания вознесенного фокуса с характеристиками Стража (жизненная сила, сила и выносливость)»."
"""A recipe to make an ascended focus with Seraph (+Condition Damage, +Precision, +Concentration, and +Healing Power) stats.""","«Рецепт создания вознесенного фокуса с характеристиками Серафима (Урон от состояний, Точность, Концентрация и Сила исцеления)»."
"""A recipe to make an ascended focus with Settler (+Toughness, +Healing Power, and +Condition Damage) stats.""","«Рецепт создания вознесенного фокуса с характеристиками поселенца (стойкость, сила исцеления и урон от состояний)»."
"""A recipe to make an ascended focus with Shaman (+Vitality, +Condition Damage, and +Healing Power) stats.""","«Рецепт создания вознесенного фокуса с характеристиками Шамана (живучесть, урон от состояний и сила исцеления)»."
"""A recipe to make an ascended focus with Sinister (+Condition Damage, +Power, and +Precision) stats.""","«Рецепт создания вознесенного фокуса со характеристиками Зловещего (Урон от состояний, Сила и Точность)»."
"""A recipe to make an ascended focus with Soldier (+Power, +Vitality, and +Toughness) stats.""","«Рецепт, позволяющий сделать вознесенный фокус с помощью характеристик солдата (сила, живучесть и выносливость)»."
"""A recipe to make an ascended focus with Trailblazer's (+Toughness, +Condition Damage, +Expertise, +Vitality) stats.""","«Рецепт, позволяющий сосредоточить внимание на характеристиках Первопроходца (Выносливость, Урон от состояний, Экспертиза, Живучесть)»."
"""A recipe to make an ascended focus with Valkyrie (+Power, +Ferocity, and +Vitality) stats.""","«Рецепт создания вознесенного фокуса с характеристиками Валькирии (сила, свирепость и живучесть)»."
"""A recipe to make an ascended focus with Vigilant (+Power, +Toughness, +Concentration, and +Expertise) stats.""","«Рецепт, позволяющий сосредоточить внимание на характеристиках бдительности (сила, выносливость, концентрация и мастерство»)."
"""A recipe to make an ascended focus with Viper's (+Condition Damage, +Power, +Expertise, and +Precision) stats.""","«Рецепт, позволяющий сделать вознесенный фокус с помощью характеристик Гадюки (урон от состояний, сила, мастерство и точность)»."
"""A recipe to make an ascended focus with Wanderer's (+Toughness, +Condition Damage, +Expertise, +Vitality, ) stats.""","«Рецепт создания вознесенного фокуса с помощью характеристик Странника (Выносливость, Урон от состояний, Экспертиза, Живучесть, )»."
"""A recipe to make an ascended focus with Zealot's (+Power, +Precision, +Healing) stats.""","«Рецепт создания вознесенного фокуса с помощью характеристик фанатика (сила, точность, исцеление)»."
"""A recipe to make an ascended greatsword with Apothecary (+Healing Power, +Toughness, and +Condition Damage) stats.""","«Рецепт изготовления вознесённого двуручного меча со характеристиками аптекаря (исцеляющая сила, выносливость и урон от состояний)»."
"""A recipe to make an ascended greatsword with Assassin (+Precision, +Power, and +Ferocity) stats.""","«Рецепт изготовления вознесённого двуручного меча со характеристиками убийцы (точность, сила и свирепость)»."
"""A recipe to make an ascended greatsword with Berserker (+Power, +Ferocity, and +Precision) stats.""","«Рецепт изготовления вознесенного двуручного меча со характеристиками Берсерка (сила, свирепость и точность)»."
"""A recipe to make an ascended greatsword with Bringer's (+Expertise, +Vitality, and +Precision) stats.""","«Рецепт изготовления вознесенного двуручного меча со характеристиками Брингера (экспертиза, живучесть и точность)»."
"""A recipe to make an ascended greatsword with Carrion (+Condition Damage, +Power, and +Vitality) stats.""","«Рецепт изготовления вознесённого двуручного меча со характеристиками Падали (Урон от состояний, Сила и Живучесть)»."
"""A recipe to make an ascended greatsword with Cavalier (+Toughness, +Power, and +Ferocity) stats.""","«Рецепт изготовления вознесенного двуручного меча с характеристиками Кавалера (стойкость, сила и свирепость)»."
"""A recipe to make an ascended greatsword with Cleric (+Healing Power, +Power, and +Toughness) stats.""","«Рецепт изготовления вознесённого двуручного меча со характеристиками клирика (исцеляющая сила, сила и выносливость)»."
"""A recipe to make an ascended greatsword with Commander's (+Power, +Precision, +Toughness, and +Concentration) stats.""","«Рецепт изготовления вознесенного двуручного меча со характеристиками командира (сила, точность, выносливость и концентрация)»."
"""A recipe to make an ascended greatsword with Crusader (+Power, +Toughness, +Ferocity, and +Healing) stats.""","«Рецепт изготовления вознесённого двуручного меча со характеристиками крестоносца (сила, выносливость, свирепость и исцеление)»."
"""A recipe to make an ascended greatsword with Dire (+Condition Damage, +Vitality, and +Toughness) stats.""","«Рецепт изготовления вознесенного двуручного меча со характеристиками ужаса (урон от состояний, живучесть и выносливость)»."
"""A recipe to make an ascended greatsword with Diviner's (+Power, +Concentration, +Ferocity, and +Precision) stats.""","«Рецепт изготовления вознесённого двуручного меча со характеристиками Прорицателя (сила, концентрация, свирепость и точность)»."
"""A recipe to make an ascended greatsword with Dragon's (+Power, +Ferocity, +Precision, and +Vitality) stats.""","«Рецепт изготовления вознесенного двуручного меча со характеристиками Дракона (сила, свирепость, точность и живучесть)»."
"""A recipe to make an ascended greatsword with Giver's (+Toughness, +Healing, and +Concentration) stats.""","«Рецепт изготовления вознесенного двуручного меча со характеристиками Дарителя (стойкость, исцеление и концентрация»)."
"""A recipe to make an ascended greatsword with Grieving (+Power, +Condition Damage, +Ferocity, and +Precision) stats.""","«Рецепт изготовления вознесенного двуручного меча со характеристиками скорби (сила, урон от состояний, свирепость и точность)»."
"""A recipe to make an ascended greatsword with Harrier's (+Power, +Healing, and +Concentration) stats.""","«Рецепт изготовления вознесённого двуручного меча со характеристиками Вестника (сила, исцеление и концентрация)»."
"""A recipe to make an ascended greatsword with Knight (+Toughness, +Power, and +Precision) stats.""","«Рецепт изготовления вознесенного двуручного меча со характеристиками рыцаря (стойкость, сила и точность)»."
"""A recipe to make an ascended greatsword with Magi (+Healing Power, +Precision, and +Vitality) stats.""","«Рецепт изготовления вознесенного двуручного меча со характеристиками мага (исцеляющая сила, точность и живучесть)»."
"""A recipe to make an ascended greatsword with Marauder (+Power, +Precision, +Vitality, and +Ferocity) stats.""","«Рецепт изготовления вознесённого двуручного меча со характеристиками Мародера (сила, точность, живучесть и свирепость)»."
"""A recipe to make an ascended greatsword with Marshal's (+Power, +Healing, +Condition Damage, and +Precision) stats.""","«Рецепт изготовления вознесённого двуручного меча со характеристиками Маршала (сила, исцеление, урон от состояний и точность)»."
"""A recipe to make an ascended greatsword with Minstrel's (+Toughness, +Healing, +Concentration, and +Vitality) stats.""","«Рецепт изготовления вознесённого двуручного меча со характеристиками Менестреля (стойкость, исцеление, концентрация и живучесть)»."
"""A recipe to make an ascended greatsword with Plaguedoctor's (+Condition Damage, +Vitality, +Concentration, and +Healing Power) stats.""","«Рецепт изготовления вознесенного двуручного меча со характеристиками Чумного доктора (урон от состояний, живучесть, концентрация и сила исцеления)»."
"""A recipe to make an ascended greatsword with Rabid (+Condition Damage, +Precision, and +Toughness) stats.""","«Рецепт изготовления вознесенного двуручного меча со характеристиками «Бешеный» (урон от состояний, точность и выносливость)»."
"""A recipe to make an ascended greatsword with Rampager (+Precision, +Condition Damage, and +Power) stats.""","«Рецепт изготовления вознесённого двуручного меча со характеристиками Буйства (точность, урон от состояний и сила)»."
"""A recipe to make an ascended greatsword with Ritualist's (+Condition Damage, +Concentration, +Expertise, and +Vitality) stats.""","«Рецепт изготовления вознесенного двуручного меча со характеристиками Ритуалиста (урон от состояний, концентрация, мастерство и живучесть)»."
"""A recipe to make an ascended greatsword with Sentinel (+Vitality, +Power, and +Toughness) stats.""","«Рецепт изготовления вознесённого двуручного меча со характеристиками Стража (Живучесть, Сила и Стойкость)»."
"""A recipe to make an ascended greatsword with Seraph (+Condition Damage, +Precision, +Concentration, and +Healing Power) stats.""","«Рецепт изготовления вознесенного двуручного меча со характеристиками Серафима (Урон от состояний, Точность, Концентрация и Сила исцеления)»."
"""A recipe to make an ascended greatsword with Settler (+Toughness, +Healing Power, and +Condition Damage) stats.""","«Рецепт изготовления вознесенного двуручного меча со характеристиками поселенца (стойкость, сила исцеления и урон от состояний)»."
"""A recipe to make an ascended greatsword with Shaman (+Vitality, +Condition Damage, and +Healing Power) stats.""","«Рецепт изготовления вознесенного двуручного меча со характеристиками Шамана (живучесть, урон от состояний и сила исцеления)»."
"""A recipe to make an ascended greatsword with Sinister (+Condition Damage, +Power, and +Precision) stats.""","«Рецепт изготовления вознесенного двуручного меча со характеристиками Зловещего (Урон от состояний, Сила и Точность)»."
"""A recipe to make an ascended greatsword with Soldier (+Power, +Vitality, and +Toughness) stats.""","«Рецепт изготовления вознесённого двуручного меча со характеристиками солдата (сила, живучесть и выносливость)»."
"""A recipe to make an ascended greatsword with Trailblazer's (+Toughness, +Condition Damage, +Expertise, +Vitality) stats.""","«Рецепт изготовления вознесённого двуручного меча со характеристиками Первопроходца (стойкость, урон от состояний, мастерство, живучесть)»."
"""A recipe to make an ascended greatsword with Valkyrie (+Power, +Ferocity, and +Vitality) stats.""","«Рецепт изготовления вознесённого двуручного меча со характеристиками Валькирии (сила, свирепость и живучесть)»."
"""A recipe to make an ascended greatsword with Vigilant (+Power, +Toughness, +Concentration, and +Expertise) stats.""","«Рецепт изготовления вознесённого двуручного меча со характеристиками Бдительности (Мощь, Стойкость, Концентрация и Мастерство)»."
"""A recipe to make an ascended greatsword with Viper's (+Condition Damage, +Power, +Expertise, and +Precision) stats.""","«Рецепт изготовления вознесенного двуручного меча со характеристиками Змеи (урон от состояний, сила, мастерство и точность)»."
"""A recipe to make an ascended greatsword with Wanderer's (+Power, +Vitality, +Concentration, and +Toughness) stats.""","«Рецепт изготовления вознесённого двуручного меча со характеристиками Странника (сила, живучесть, концентрация и выносливость)»."
"""A recipe to make an ascended hammer with Apothecary (+Healing Power, +Toughness, and +Condition Damage) stats.""","«Рецепт изготовления вознесённого молота со характеристиками аптекаря (исцеляющая сила, выносливость и урон от состояний)»."
"""A recipe to make an ascended hammer with Assassin (+Precision, +Power, and +Ferocity) stats.""","«Рецепт изготовления вознесённого молота со характеристиками убийцы (точность, сила и свирепость)»."
"""A recipe to make an ascended hammer with Berserker (+Power, +Ferocity, and +Precision) stats.""","«Рецепт изготовления вознесенного молота со характеристиками Берсерка (сила, свирепость и точность)»."
"""A recipe to make an ascended hammer with Bringer's (+Expertise, +Vitality, and +Precision) stats.""","«Рецепт изготовления вознесенного молота со характеристиками Брингера (экспертиза, живучесть и точность)»."
"""A recipe to make an ascended hammer with Carrion (+Condition Damage, +Power, and +Vitality) stats.""","«Рецепт изготовления вознесённого молота со характеристиками Падали (Урон от состояний, Сила и Живучесть)»."
"""A recipe to make an ascended hammer with Cavalier (+Toughness, +Power, and +Ferocity) stats.""","«Рецепт изготовления вознесённого молота со характеристиками Кавалера (стойкость, сила и свирепость)»."
"""A recipe to make an ascended hammer with Cleric (+Healing Power, +Power, and +Toughness) stats.""","«Рецепт изготовления вознесенного молота со характеристиками клирика (исцеляющая сила, сила и выносливость)»."
"""A recipe to make an ascended hammer with Commander's (+Power, +Precision, +Toughness, and +Concentration) stats.""","«Рецепт изготовления вознесённого молота со характеристиками командира (сила, точность, выносливость и концентрация)»."
"""A recipe to make an ascended hammer with Crusader (+Power, +Toughness, +Ferocity, and +Healing) stats.""","«Рецепт изготовления вознесённого молота со характеристиками крестоносца (сила, выносливость, свирепость и исцеление)»."
"""A recipe to make an ascended hammer with Dire (+Condition Damage, +Vitality, and +Toughness) stats.""","«Рецепт изготовления вознесенного молота со характеристиками Dire (урон от состояний, живучесть и выносливость)»."
"""A recipe to make an ascended hammer with Diviner's (+Power, +Concentration, +Ferocity, and +Precision) stats.""","«Рецепт изготовления вознесённого молота со характеристиками Прорицателя (сила, концентрация, свирепость и точность)»."
"""A recipe to make an ascended hammer with Dragon's (+Power, +Ferocity, +Precision, and +Vitality) stats.""","«Рецепт изготовления вознесенного молота со характеристиками Дракона (сила, свирепость, точность и живучесть)»."
"""A recipe to make an ascended hammer with Giver's (+Toughness, +Healing, and +Concentration) stats.""","«Рецепт изготовления вознесённого молота со характеристиками Дарителя (Выносливость, Исцеление и Концентрация)»."
"""A recipe to make an ascended hammer with Grieving (+Power, +Condition Damage, +Ferocity, and +Precision) stats.""","«Рецепт изготовления вознесенного молота со характеристиками скорби (сила, урон от состояний, свирепость и точность)»."
"""A recipe to make an ascended hammer with Harrier's (+Power, +Healing, and +Concentration) stats.""","«Рецепт изготовления вознесённого молота со характеристиками Вестника (сила, исцеление и концентрация)»."
"""A recipe to make an ascended hammer with Knight (+Toughness, +Power, and +Precision) stats.""","«Рецепт изготовления вознесенного молота со характеристиками рыцаря (стойкость, сила и точность)»."
"""A recipe to make an ascended hammer with Magi (+Healing Power, +Precision, and +Vitality) stats.""","«Рецепт изготовления вознесённого молота со характеристиками мага (исцеляющая сила, точность и живучесть)»."
"""A recipe to make an ascended hammer with Marauder (+Power, +Precision, +Vitality, and +Ferocity) stats.""","«Рецепт изготовления вознесённого молота со характеристиками мародера (сила, точность, живучесть и свирепость)»."
"""A recipe to make an ascended hammer with Marshal's (+Power, +Healing, +Condition Damage, and +Precision) stats.""","«Рецепт изготовления вознесенного молота со характеристиками Маршала (сила, исцеление, урон от состояний и точность)»."
"""A recipe to make an ascended hammer with Minstrel's (+Toughness, +Healing, +Concentration, and +Vitality) stats.""","«Рецепт изготовления вознесённого молота со характеристиками Менестреля (стойкость, исцеление, концентрация и живучесть)»."
"""A recipe to make an ascended hammer with Nomad's (+Toughness, +Healing, and +Vitality) stats.""","«Рецепт изготовления вознесенного молота со характеристиками Кочевника (стойкость, исцеление и живучесть)»."
"""A recipe to make an ascended hammer with Plaguedoctor's (+Condition Damage, +Vitality, +Concentration, and +Healing Power) stats.""","«Рецепт изготовления вознесенного молота со характеристиками Чумного доктора (урон от состояний, живучесть, концентрация и сила исцеления)»."
"""A recipe to make an ascended hammer with Rabid (+Condition Damage, +Precision, and +Toughness) stats.""","«Рецепт изготовления вознесенного молота со характеристиками Бешеного (урон от состояния, точность и выносливость)»."
"""A recipe to make an ascended hammer with Rampager (+Precision, +Condition Damage, and +Power) stats.""","«Рецепт изготовления вознесённого молота со характеристиками Буйства (точность, урон от состояний и сила)»."
"""A recipe to make an ascended hammer with Ritualist's (+Condition Damage, +Concentration, +Expertise, and +Vitality) stats.""","«Рецепт изготовления вознесенного молота со характеристиками Ритуалиста (урон от состояний, концентрация, мастерство и живучесть)»."
"""A recipe to make an ascended hammer with Sentinel (+Vitality, +Power, and +Toughness) stats.""","«Рецепт изготовления вознесённого молота со характеристиками Стража (Живучесть, Сила и Стойкость)»."
"""A recipe to make an ascended hammer with Seraph (+Condition Damage, +Precision, +Concentration, and +Healing Power) stats.""","«Рецепт изготовления вознесённого молота со характеристиками Серафима (Урон от состояний, Точность, Концентрация и Сила исцеления)»."
"""A recipe to make an ascended hammer with Settler (+Toughness, +Healing Power, and +Condition Damage) stats.""","«Рецепт изготовления вознесённого молота со характеристиками поселенца (стойкость, сила исцеления и урон от состояний)»."
"""A recipe to make an ascended hammer with Shaman (+Vitality, +Condition Damage, and +Healing Power) stats.""","«Рецепт изготовления вознесенного молота со характеристиками Шамана (живучесть, урон от состояний и сила исцеления)»."
"""A recipe to make an ascended hammer with Sinister (+Condition Damage, +Power, and +Precision) stats.""","«Рецепт изготовления вознесённого молота со характеристиками Зловещего (Урон от состояний, Сила и Точность)»."
"""A recipe to make an ascended hammer with Soldier (+Power, +Vitality, and +Toughness) stats.""","«Рецепт изготовления вознесённого молота со характеристиками солдата (сила, живучесть и выносливость)»."
"""A recipe to make an ascended hammer with Trailblazer's (+Toughness, +Condition Damage, +Expertise, and +Vitality) stats.""","«Рецепт изготовления вознесенного молота со характеристиками Первопроходца (стойкость, урон от состояний, мастерство и живучесть)»."
"""A recipe to make an ascended hammer with Valkyrie (+Power, +Ferocity, and +Vitality) stats.""","«Рецепт изготовления вознесённого молота со характеристиками Валькирии (сила, свирепость и живучесть)»."
"""A recipe to make an ascended hammer with Vigilant (+Power, +Toughness, +Concentration, and +Expertise) stats.""","«Рецепт изготовления вознесенного молота со характеристиками бдительности (сила, выносливость, концентрация и мастерство»)."
"""A recipe to make an ascended hammer with Viper's (+Condition Damage, +Power, +Expertise, and +Precision) stats.""","«Рецепт изготовления вознесённого молота со характеристиками Змеи (урон от состояний, сила, мастерство и точность)»."
"""A recipe to make an ascended hammer with Wanderer's (+Power, +Vitality, +Concentration, and +Toughness) stats.""","«Рецепт изготовления вознесённого молота со характеристиками Странника (сила, живучесть, концентрация и выносливость)»."
"""A recipe to make an ascended hammer with Zealot's (+Power, +Precision, +Healing) stats.""","«Рецепт изготовления вознесенного молота со характеристиками фанатика (сила, точность, исцеление)»."
"""A recipe to make an ascended harpoon gun with Apothecary (+Healing Power, +Toughness, and +Condition Damage) stats.""","«Рецепт изготовления вознесённого гарпунного ружья со характеристиками аптекаря (исцеляющая сила, выносливость и урон от состояний)»."
"""A recipe to make an ascended harpoon gun with Assassin (+Precision, +Power, and +Ferocity) stats.""","«Рецепт изготовления вознесенного гарпунного ружья со характеристиками убийцы (точность, сила и свирепость)»."
"""A recipe to make an ascended harpoon gun with Berserker (+Power, +Ferocity, and +Precision) stats.""","«Рецепт изготовления вознесенного гарпунного ружья со характеристиками Берсерка (сила, свирепость и точность)»."
"""A recipe to make an ascended harpoon gun with Bringer's (+Expertise, +Vitality, and +Precision) stats.""","«Рецепт изготовления вознесенного гарпунного ружья со характеристиками Брингера (экспертиза, живучесть и точность)»."
"""A recipe to make an ascended harpoon gun with Carrion (+Condition Damage, +Power, and +Vitality) stats.""","«Рецепт изготовления вознесенного гарпунного ружья со характеристиками Падали (урон от состояний, сила и живучесть)»."
"""A recipe to make an ascended harpoon gun with Cavalier (+Toughness, +Power, and +Ferocity) stats.""","«Рецепт изготовления вознесенного гарпунного ружья со характеристиками Кавалера (стойкость, сила и свирепость)»."
"""A recipe to make an ascended harpoon gun with Cleric (+Healing Power, +Power, and +Toughness) stats.""","«Рецепт изготовления вознесённого гарпунного ружья со характеристиками клирика (исцеляющая сила, сила и выносливость)»."
"""A recipe to make an ascended harpoon gun with Commander's (+Power, +Precision, +Toughness, and +Concentration) stats.""","«Рецепт изготовления вознесённого гарпунного ружья со характеристиками командира (сила, точность, выносливость и концентрация)»."
"""A recipe to make an ascended harpoon gun with Crusader (+Power, +Toughness, +Ferocity, and +Healing) stats.""","«Рецепт изготовления вознесённого гарпунного ружья со характеристиками крестоносца (сила, выносливость, свирепость и исцеление)»."
"""A recipe to make an ascended harpoon gun with Dire (+Condition Damage, +Vitality, and +Toughness) stats.""","«Рецепт изготовления вознесенного гарпунного ружья со характеристиками Dire (урон от состояний, живучесть и выносливость)»."
"""A recipe to make an ascended harpoon gun with Diviner's (+Power, +Concentration, +Ferocity, and +Precision) stats.""","«Рецепт изготовления вознесенного гарпунного ружья со характеристиками Прорицателя (сила, концентрация, свирепость и точность)»."
"""A recipe to make an ascended harpoon gun with Dragon's (+Power, +Ferocity, +Precision, and +Vitality) stats.""","«Рецепт изготовления вознесенного гарпунного ружья со характеристиками Дракона (сила, свирепость, точность и живучесть)»."
"""A recipe to make an ascended harpoon gun with Giver's (+Toughness, +Healing, and +Concentration) stats.""","«Рецепт изготовления вознесённого гарпунного ружья со характеристиками Дарителя (стойкость, исцеление и концентрация)»."
"""A recipe to make an ascended harpoon gun with Grieving (+Power, +Condition Damage, +Ferocity, and +Precision) stats.""","«Рецепт изготовления вознесенного гарпунного ружья со характеристиками скорби (сила, урон от состояний, свирепость и точность)»."
"""A recipe to make an ascended harpoon gun with Harrier's (+Power, +Healing, and +Concentration) stats.""","«Рецепт изготовления вознесенного гарпунного ружья со характеристиками Вестника (сила, исцеление и концентрация)»."
"""A recipe to make an ascended harpoon gun with Knight (+Toughness, +Power, and +Precision) stats.""","«Рецепт изготовления вознесенного гарпунного ружья со характеристиками рыцаря (стойкость, сила и точность)»."
"""A recipe to make an ascended harpoon gun with Magi (+Healing Power, +Precision, and +Vitality) stats.""","«Рецепт изготовления вознесённого гарпунного ружья со характеристиками мага (исцеляющая сила, точность и живучесть)»."
"""A recipe to make an ascended harpoon gun with Marauder (+Power, +Precision, +Vitality, and +Ferocity) stats.""","«Рецепт изготовления вознесенного гарпунного ружья со характеристиками Мародера (сила, точность, живучесть и свирепость)»."
"""A recipe to make an ascended harpoon gun with Marshal's (+Power, +Healing, +Condition Damage, and +Precision) stats.""","«Рецепт изготовления вознесенного гарпунного ружья со характеристиками Маршала (сила, исцеление, урон от состояний и точность)»."
"""A recipe to make an ascended harpoon gun with Minstrel's (+Toughness, +Healing, +Concentration, and +Vitality) stats.""","«Рецепт изготовления вознесенного гарпунного ружья со характеристиками Менестреля (стойкость, исцеление, концентрация и живучесть)»."
"""A recipe to make an ascended harpoon gun with Nomad's (+Toughness, +Healing, and +Vitality) stats.""","«Рецепт изготовления вознесенного гарпунного ружья со характеристиками Кочевника (стойкость, исцеление и живучесть)»."
"""A recipe to make an ascended harpoon gun with Plaguedoctor's (+Condition Damage, +Vitality, +Concentration, and +Healing Power) stats.""","«Рецепт изготовления вознесенного гарпунного ружья со характеристиками Чумного доктора (урон от состояний, живучесть, концентрация и сила исцеления)»."
"""A recipe to make an ascended harpoon gun with Rabid (+Condition Damage, +Precision, and +Toughness) stats.""","«Рецепт изготовления вознесенного гарпунного ружья со характеристиками «Бешеный» (урон от состояний, точность и выносливость)»."
"""A recipe to make an ascended harpoon gun with Rampager (+Precision, +Condition Damage, and +Power) stats.""","«Рецепт изготовления вознесенного гарпунного ружья со характеристиками Буйства (точность, урон от состояний и сила)»."
"""A recipe to make an ascended harpoon gun with Ritualist's (+Condition Damage, +Concentration, +Expertise, and +Vitality) stats.""","«Рецепт изготовления вознесенного гарпунного ружья со характеристиками Ритуалиста (урон от состояний, концентрация, мастерство и живучесть)»."
"""A recipe to make an ascended harpoon gun with Sentinel (+Vitality, +Power, and +Toughness) stats.""","«Рецепт изготовления вознесенного гарпунного ружья со характеристиками Стража (Живучесть, Сила и Стойкость)»."
"""A recipe to make an ascended harpoon gun with Seraph (+Condition Damage, +Precision, +Concentration, and +Healing Power) stats.""","«Рецепт изготовления вознесенного гарпунного ружья со характеристиками Серафима (Урон от состояний, Точность, Концентрация и Сила исцеления)»."
"""A recipe to make an ascended harpoon gun with Settler (+Toughness, +Healing Power, and +Condition Damage) stats.""","«Рецепт изготовления вознесенного гарпунного ружья со характеристиками поселенца (стойкость, сила исцеления и урон от состояний)»."
"""A recipe to make an ascended harpoon gun with Shaman (+Vitality, +Condition Damage, and +Healing Power) stats.""","«Рецепт изготовления вознесенного гарпунного ружья со характеристиками Шамана (живучесть, урон от состояний и сила исцеления)»."
"""A recipe to make an ascended harpoon gun with Sinister (+Condition Damage, +Power, and +Precision) stats.""","«Рецепт изготовления вознесенного гарпунного ружья со характеристиками Зловещего (Урон от состояний, Сила и Точность)»."
"""A recipe to make an ascended harpoon gun with Soldier (+Power, +Vitality, and +Toughness) stats.""","«Рецепт изготовления вознесенного гарпунного ружья со характеристиками солдата (сила, живучесть и выносливость)»."
"""A recipe to make an ascended harpoon gun with Trailblazer's (+Toughness, +Condition Damage, +Expertise, and +Vitality) stats.""","«Рецепт изготовления вознесенного гарпунного ружья со характеристиками Первопроходца (стойкость, урон от состояний, опыт и живучесть)»."
"""A recipe to make an ascended harpoon gun with Valkyrie (+Power, +Ferocity, and +Vitality) stats.""","«Рецепт изготовления вознесенного гарпунного ружья со характеристиками Валькирии (сила, свирепость и живучесть)»."
"""A recipe to make an ascended harpoon gun with Vigilant (+Power, +Toughness, +Concentration, and +Expertise) stats.""","«Рецепт изготовления вознесённого гарпунного ружья со характеристиками Бдительности (Мощь, Стойкость, Концентрация и Мастерство)»."
"""A recipe to make an ascended harpoon gun with Viper's (+Condition Damage, +Power, +Expertise, and +Precision) stats.""","«Рецепт изготовления вознесенного гарпунного ружья со характеристиками Гадюки (урон от состояний, сила, мастерство и точность)»."
"""A recipe to make an ascended harpoon gun with Wanderer's (+Power, +Vitality, +Concentration, and +Toughness) stats.""","«Рецепт изготовления вознесённого гарпунного ружья со характеристиками Странника (сила, живучесть, концентрация и выносливость)»."
"""A recipe to make an ascended harpoon gun with Zealot's (+Power, +Precision, +Healing) stats.""","«Рецепт изготовления вознесенного гарпунного ружья со характеристиками Зелота (сила, точность, исцеление)»."
"""A recipe to make an ascended heavy breather with Apothecary (+Healing Power, +Toughness, and +Condition Damage) stats.""","«Рецепт создания вознесенного тяжёлого дыхания со статами аптекаря (исцеляющая сила, выносливость и урон от состояний»)."
"""A recipe to make an ascended heavy breather with Assassin (+Precision, +Power, and +Ferocity) stats.""","«Рецепт создания вознесенного тяжёлого дыхания со характеристиками убийцы (точность, сила и свирепость)»."
"""A recipe to make an ascended heavy breather with Berserker (+Power, +Ferocity, and +Precision) stats.""","«Рецепт создания вознесенного тяжёлого дыхания со характеристиками Берсерка (сила, свирепость и точность)»."
"""A recipe to make an ascended heavy breather with Carrion (+Condition Damage, +Power, and +Vitality) stats.""","«Рецепт создания вознесенного тяжёлого дыхания со характеристиками Падали (урон от состояний, сила и живучесть)»."
"""A recipe to make an ascended heavy breather with Cavalier (+Toughness, +Power, and +Ferocity) stats.""","«Рецепт создания вознесенного тяжёлого дышащего персонажа со характеристиками Кавалера (Выносливость, Сила и Свирепость)»."
"""A recipe to make an ascended heavy breather with Cleric (+Healing Power, +Power, and +Toughness) stats.""","«Рецепт создания вознесенного тяжёлого дыхания со характеристиками клирика (исцеляющая сила, сила и выносливость)»."
"""A recipe to make an ascended heavy breather with Dire (+Condition Damage, +Vitality, and +Toughness) stats.""","«Рецепт создания вознесённого тяжёлого дыхания со характеристиками Тьмы (урон от состояний, живучесть и выносливость)»."
"""A recipe to make an ascended heavy breather with Knight (+Toughness, +Power, and +Precision) stats.""","«Рецепт создания вознесенного тяжёлого дыхания со характеристиками рыцаря (выносливость, сила и точность)»."
"""A recipe to make an ascended heavy breather with Magi (+Healing Power, +Precision, and +Vitality) stats.""","«Рецепт создания вознесенного тяжёлого дыхания со характеристиками мага (исцеляющая сила, точность и живучесть)»."
"""A recipe to make an ascended heavy breather with Minstrel's (+Toughness, +Healing, +Concentration, and +Vitality) stats.""","«Рецепт создания вознесённого тяжёлого дыхания со характеристиками Менестреля (стойкость, исцеление, концентрация и живучесть)»."
"""A recipe to make an ascended heavy breather with Nomad's (+Toughness, +Healing, and +Vitality) stats.""","«Рецепт создания вознесенного тяжёлого дыхания со характеристиками Кочевника (стойкость, исцеление и живучесть)»."
"""A recipe to make an ascended heavy breather with Rabid (+Condition Damage, +Precision, and +Toughness) stats.""","«Рецепт создания вознесённого тяжёлого дыхания со характеристиками Бешеного (Урон от состояний, Точность и Выносливость)»."
"""A recipe to make an ascended heavy breather with Rampager (+Precision, +Condition Damage, and +Power) stats.""","«Рецепт создания вознесенной тяжёлой дыхательной маски со характеристиками Буйства (точность, урон от состояний и сила)»."
"""A recipe to make an ascended heavy breather with Sentinel (+Vitality, +Power, and +Toughness) stats.""","«Рецепт создания вознесенного тяжёлого дыхания со характеристиками Стража (жизненная сила, сила и выносливость)»."
"""A recipe to make an ascended heavy breather with Seraph (+Condition Damage, +Precision, +Concentration, and +Healing Power) stats.""","«Рецепт создания вознесенного тяжёлого дыхания со характеристиками Серафима (Урон от состояний, Точность, Концентрация и Сила исцеления)»."
"""A recipe to make an ascended heavy breather with Settler (+Toughness, +Healing Power, and +Condition Damage) stats.""","«Рецепт создания вознесшегося тяжёлого дыхания со характеристиками поселенца (стойкость, сила исцеления и урон от состояний)»."
"""A recipe to make an ascended heavy breather with Shaman (+Vitality, +Condition Damage, and +Healing Power) stats.""","«Рецепт создания вознесенного тяжёлого дыхания со характеристиками Шамана (живучесть, урон от состояний и сила исцеления)»."
"""A recipe to make an ascended heavy breather with Sinister (+Condition Damage, +Power, and +Precision) stats.""","«Рецепт создания вознесённого тяжёлого дыхания со характеристиками Зловещего (Урон от состояний, Сила и Точность)»."
"""A recipe to make an ascended heavy breather with Soldier (+Power, +Vitality, and +Toughness) stats.""","«Рецепт создания вознесенной тяжёлой дыхательной маски со характеристиками Солдата (сила, живучесть и выносливость)»."
"""A recipe to make an ascended heavy breather with Valkyrie (+Power, +Ferocity, and +Vitality) stats.""","«Рецепт создания вознесенного тяжёлого дыхания со характеристиками Валькирии (сила, свирепость и живучесть)»."
"""A recipe to make an ascended heavy breather with Vigilant (+Power, +Toughness, +Concentration, and +Expertise) stats.""","«Рецепт создания вознесенного тяжелодышащего со характеристиками бдительности (сила, выносливость, концентрация и мастерство»)."
"""A recipe to make an ascended heavy breather with Viper's (+Condition Damage, +Power, +Expertise, and +Precision) stats.""","«Рецепт создания вознесенного тяжёлого дыхания со характеристиками Гадюки (урон от состояний, сила, мастерство и точность)»."
"""A recipe to make an ascended heavy breather with Wanderer's (+Power, +Vitality, +Concentration, and +Toughness) stats.""","«Рецепт создания вознесенного тяжёлого дыхания со характеристиками Странника (сила, живучесть, концентрация и выносливость)»."
"""A recipe to make an ascended heavy breather with Zealot's (+Power, +Precision, +Healing) stats.""","«Рецепт создания вознесенного тяжёлого дыхания с характеристиками Зелота (сила, точность, исцеление)»."
"""A recipe to make an ascended heavy coat with Apothecary (+Healing Power, +Toughness, and +Condition Damage) stats.""","«Рецепт изготовления вознесенного тяжёлого пальто со характеристиками аптекаря (исцеляющая сила, выносливость и урон от состояний»)."
"""A recipe to make an ascended heavy coat with Assassin (+Precision, +Power, and +Ferocity) stats.""","«Рецепт изготовления вознесенного тяжёлого пальто со характеристиками убийцы (точность, сила и свирепость)»."
"""A recipe to make an ascended heavy coat with Berserker (+Power, +Ferocity, and +Precision) stats.""","«Рецепт изготовления вознесенного тяжёлого пальто со характеристиками Берсерка (сила, свирепость и точность)»."
"""A recipe to make an ascended heavy coat with Bringer's (+Expertise, +Vitality, and +Precision) stats.""","«Рецепт изготовления вознесенного тяжёлого пальто со характеристиками Брингера (экспертиза, живучесть и точность)»."
"""A recipe to make an ascended heavy coat with Carrion (+Condition Damage, +Power, and +Vitality) stats.""","«Рецепт изготовления вознесенного тяжёлого пальто со характеристиками Падальщика (урон от состояний, сила и живучесть)»."
"""A recipe to make an ascended heavy coat with Cavalier (+Toughness, +Power, and +Ferocity) stats.""","«Рецепт изготовления вознесенного тяжёлого пальто со характеристиками кавалера (стойкость, сила и свирепость)»."
"""A recipe to make an ascended heavy coat with Cleric (+Healing Power, +Power, and +Toughness) stats.""","«Рецепт изготовления вознесенного тяжёлого пальто со характеристиками клирика (исцеляющая сила, сила и выносливость)»."
"""A recipe to make an ascended heavy coat with Crusader (+Power, +Toughness, +Ferocity, and +Healing) stats.""","«Рецепт изготовления вознесенного тяжёлого пальто со характеристиками крестоносца (сила, выносливость, свирепость и исцеление)»."
"""A recipe to make an ascended heavy coat with Dire (+Condition Damage, +Vitality, and +Toughness) stats.""","«Рецепт изготовления вознесенного тяжёлого пальто со характеристиками Dire (урон от состояний, живучесть и выносливость)»."
"""A recipe to make an ascended heavy coat with Diviner's (+Power, +Concentration, +Ferocity, and +Precision) stats.""","«Рецепт изготовления вознесенного тяжёлого пальто со характеристиками Прорицателя (сила, концентрация, свирепость и точность)»."
"""A recipe to make an ascended heavy coat with Dragon's (+Power, +Ferocity, +Precision, and +Vitality) stats.""","«Рецепт изготовления вознесенного тяжёлого пальто со характеристиками Дракона (сила, свирепость, точность и живучесть)»."
"""A recipe to make an ascended heavy coat with Giver's (+Toughness, +Healing, and +Concentration) stats.""","«Рецепт изготовления вознесенного тяжёлого пальто со характеристиками Дарителя (стойкость, исцеление и концентрация»)."
"""A recipe to make an ascended heavy coat with Grieving (+Power, +Condition Damage, +Ferocity, and +Precision) stats.""","«Рецепт изготовления вознесенного тяжёлого пальто со характеристиками скорби (сила, урон от состояний, свирепость и точность)»."
"""A recipe to make an ascended heavy coat with Harrier's (+Power, +Healing, and +Concentration) stats.""","«Рецепт изготовления вознесенного тяжёлого пальто со характеристиками Вестника (сила, исцеление и концентрация)»."
"""A recipe to make an ascended heavy coat with Knight (+Toughness, +Power, and +Precision) stats.""","«Рецепт изготовления вознесенного тяжёлого доспеха со характеристиками рыцаря (стойкость, сила и точность)»."
"""A recipe to make an ascended heavy coat with Magi (+Healing Power, +Precision, and +Vitality) stats.""","«Рецепт изготовления вознесенного тяжёлого пальто со характеристиками мага (исцеляющая сила, точность и живучесть)»."
"""A recipe to make an ascended heavy coat with Marauder (+Power, +Precision, +Vitality, and +Ferocity) stats.""","«Рецепт изготовления вознесенного тяжёлого пальто со характеристиками мародера (сила, точность, живучесть и свирепость)»."
"""A recipe to make an ascended heavy coat with Marshal's (+Power, +Healing, +Condition Damage, and +Precision) stats.""","«Рецепт изготовления вознесенного тяжёлого пальто со характеристиками Маршала (сила, исцеление, урон от состояний и точность)»."
"""A recipe to make an ascended heavy coat with Minstrel's (+Toughness, +Healing, +Concentration, and +Vitality) stats.""","«Рецепт изготовления вознесенного тяжёлого пальто со характеристиками Менестреля (стойкость, исцеление, концентрация и живучесть)»."
"""A recipe to make an ascended heavy coat with Plaguedoctor's (+Condition Damage, +Vitality, +Concentration, and +Healing Power) stats.""","«Рецепт изготовления вознесенного тяжёлого пальто со характеристиками Чумного доктора (урон от состояний, живучесть, концентрация и сила исцеления)»."
"""A recipe to make an ascended heavy coat with Rabid (+Condition Damage, +Precision, and +Toughness) stats.""","«Рецепт изготовления вознесенного тяжёлого пальто со характеристиками Бешеного (урон от состояний, точность и выносливость)»."
"""A recipe to make an ascended heavy coat with Rampager (+Precision, +Condition Damage, and +Power) stats.""","«Рецепт изготовления вознесенного тяжёлого пальто со характеристиками Буйства (точность, урон от состояний и сила)»."
"""A recipe to make an ascended heavy coat with Ritualist's (+Condition Damage, +Concentration, +Expertise, and +Vitality) stats.""","«Рецепт изготовления вознесенного тяжёлого пальто со характеристиками Ритуалиста (урон от состояний, концентрация, мастерство и живучесть)»."
"""A recipe to make an ascended heavy coat with Sentinel (+Vitality, +Power, and +Toughness) stats.""","«Рецепт изготовления вознесенного тяжёлого пальто со характеристиками Стража (жизненная сила, сила и выносливость)»."
"""A recipe to make an ascended heavy coat with Seraph (+Condition Damage, +Precision, +Concentration, and +Healing Power) stats.""","«Рецепт изготовления вознесенного тяжёлого пальто со характеристиками Серафима (урон от состояний, точность, концентрация и сила исцеления)»."
"""A recipe to make an ascended heavy coat with Settler (+Toughness, +Healing Power, and +Condition Damage) stats.""","«Рецепт изготовления вознесенного тяжёлого пальто со характеристиками поселенца (стойкость, сила исцеления и урон от состояний)»."
"""A recipe to make an ascended heavy coat with Shaman (+Vitality, +Condition Damage, and +Healing Power) stats.""","«Рецепт изготовления вознесенного тяжёлого пальто со характеристиками Шамана (живучесть, урон от состояний и сила исцеления)»."
"""A recipe to make an ascended heavy coat with Sinister (+Condition Damage, +Power, and +Precision) stats.""","«Рецепт изготовления вознесенного тяжёлого пальто со характеристиками Зловещего (Урон от состояний, Сила и Точность)»."
"""A recipe to make an ascended heavy coat with Soldier (+Power, +Vitality, and +Toughness) stats.""","«Рецепт изготовления вознесенного тяжёлого пальто со характеристиками солдата (сила, живучесть и выносливость)»."
"""A recipe to make an ascended heavy coat with Trailblazer's (+Toughness, +Condition Damage, +Expertise, and +Vitality) stats.""","«Рецепт изготовления вознесенного тяжёлого пальто со характеристиками Первопроходца (стойкость, урон от состояний, мастерство и живучесть)»."
"""A recipe to make an ascended heavy coat with Valkyrie (+Power, +Ferocity, and +Vitality) stats.""","«Рецепт изготовления вознесенного тяжёлого пальто со характеристиками Валькирии (сила, свирепость и живучесть)»."
"""A recipe to make an ascended heavy coat with Vigilant (+Power, +Toughness, +Concentration, and +Expertise) stats.""","«Рецепт изготовления вознесенного тяжёлого пальто со характеристиками бдительности (сила, выносливость, концентрация и мастерство»)."
"""A recipe to make an ascended heavy coat with Viper's (+Condition Damage, +Power, +Expertise, and +Precision) stats.""","«Рецепт изготовления вознесенного тяжёлого пальто со характеристиками Гадюки (урон от состояний, сила, мастерство и точность)»."
"""A recipe to make an ascended heavy coat with Wanderer's (+Power, +Vitality, +Concentration, and +Toughness) stats.""","«Рецепт изготовления вознесенного тяжёлого пальто со характеристиками Странника (сила, живучесть, концентрация и выносливость)»."
"""A recipe to make an ascended heavy helm with Apothecary (+Healing Power, +Toughness, and +Condition Damage) stats.""","«Рецепт изготовления вознесенного тяжёлого шлема со характеристиками аптекаря (исцеляющая сила, выносливость и урон от состояний»)."
"""A recipe to make an ascended heavy helm with Assassin (+Precision, +Power, and +Ferocity) stats.""","«Рецепт изготовления вознесенного тяжёлого шлема со характеристиками убийцы (точность, сила и свирепость)»."
"""A recipe to make an ascended heavy helm with Berserker (+Power, +Ferocity, and +Precision) stats.""","«Рецепт изготовления вознесенного тяжёлого шлема со характеристиками Берсерка (сила, свирепость и точность)»."
"""A recipe to make an ascended heavy helm with Bringer's (+Expertise, +Vitality, and +Precision) stats.""","«Рецепт изготовления вознесенного тяжёлого шлема со характеристиками Брингера (экспертиза, живучесть и точность)»."
"""A recipe to make an ascended heavy helm with Carrion (+Condition Damage, +Power, and +Vitality) stats.""","«Рецепт изготовления вознесенного тяжёлого шлема со характеристиками Падали (урон от состояний, сила и живучесть)»."
"""A recipe to make an ascended heavy helm with Cavalier (+Toughness, +Power, and +Ferocity) stats.""","«Рецепт изготовления вознесенного тяжёлого шлема со характеристиками Кавалера (стойкость, сила и свирепость)»."
"""A recipe to make an ascended heavy helm with Cleric (+Healing Power, +Power, and +Toughness) stats.""","«Рецепт изготовления вознесенного тяжёлого шлема со характеристиками клирика (исцеляющая сила, сила и выносливость)»."
"""A recipe to make an ascended heavy helm with Commander's (+Power, +Precision, +Toughness, and +Concentration) stats.""","«Рецепт изготовления вознесенного тяжёлого шлема с характеристиками командира (сила, точность, выносливость и концентрация)»."
"""A recipe to make an ascended heavy helm with Crusader (+Power, +Toughness, +Ferocity, and +Healing) stats.""","«Рецепт изготовления вознесённого тяжёлого шлема со характеристиками крестоносца (сила, выносливость, свирепость и исцеление)»."
"""A recipe to make an ascended heavy helm with Dire (+Condition Damage, +Vitality, and +Toughness) stats.""","«Рецепт изготовления вознесенного тяжёлого шлема со характеристиками Dire (урон от состояний, живучесть и выносливость)»."
"""A recipe to make an ascended heavy helm with Diviner's (+Power, +Concentration, +Ferocity, and +Precision) stats.""","«Рецепт изготовления вознесенного тяжёлого шлема со характеристиками Прорицателя (сила, концентрация, свирепость и точность)»."
"""A recipe to make an ascended heavy helm with Dragon's (+Power, +Ferocity, +Precision, and +Vitality) stats.""","«Рецепт изготовления вознесенного тяжёлого шлема со характеристиками Дракона (сила, свирепость, точность и живучесть)»."
"""A recipe to make an ascended heavy helm with Giver's (+Toughness, +Healing, and +Concentration) stats.""","«Рецепт изготовления вознесенного тяжёлого шлема со характеристиками Дарителя (стойкость, исцеление и концентрация»)."
"""A recipe to make an ascended heavy helm with Grieving (+Power, +Condition Damage, +Ferocity, and +Precision) stats.""","«Рецепт изготовления вознесенного тяжёлого шлема со характеристиками скорби (сила, урон от состояний, свирепость и точность)»."
"""A recipe to make an ascended heavy helm with Harrier's (+Power, +Healing, and +Concentration) stats.""","«Рецепт изготовления вознесенного тяжёлого шлема со характеристиками Вестника (сила, исцеление и концентрация)»."
"""A recipe to make an ascended heavy helm with Knight (+Toughness, +Power, and +Precision) stats.""","«Рецепт изготовления вознесенного тяжёлого шлема со характеристиками рыцаря (стойкость, сила и точность)»."
"""A recipe to make an ascended heavy helm with Magi (+Healing Power, +Precision, and +Vitality) stats.""","«Рецепт изготовления вознесенного тяжёлого шлема со характеристиками мага (исцеляющая сила, точность и живучесть)»."
"""A recipe to make an ascended heavy helm with Marauder (+Power, +Precision, +Vitality, and +Ferocity) stats.""","«Рецепт изготовления вознесенного тяжёлого шлема со характеристиками мародера (сила, точность, живучесть и свирепость)»."
"""A recipe to make an ascended heavy helm with Marshal's (+Power, +Healing, +Condition Damage, and +Precision) stats.""","«Рецепт изготовления вознесенного тяжёлого шлема со характеристиками Маршала (сила, исцеление, урон от состояний и точность)»."
"""A recipe to make an ascended heavy helm with Minstrel's (+Toughness, +Healing, +Concentration, and +Vitality) stats.""","«Рецепт изготовления вознесенного тяжёлого шлема со характеристиками Менестреля (стойкость, исцеление, концентрация и живучесть)»."
"""A recipe to make an ascended heavy helm with Plaguedoctor's (+Condition Damage, +Vitality, +Concentration, and +Healing Power) stats.""","«Рецепт изготовления вознесенного тяжёлого шлема со характеристиками Чумного доктора (урон от состояний, живучесть, концентрация и сила исцеления)»."
"""A recipe to make an ascended heavy helm with Rabid (+Condition Damage, +Precision, and +Toughness) stats.""","«Рецепт изготовления вознесенного тяжёлого шлема со характеристиками Бешенства (Урон от состояний, Точность и Стойкость)»."
"""A recipe to make an ascended heavy helm with Rampager (+Precision, +Condition Damage, and +Power) stats.""","«Рецепт изготовления вознесенного тяжёлого шлема со характеристиками Буйства (точность, урон от состояний и сила)»."
"""A recipe to make an ascended heavy helm with Ritualist's (+Condition Damage, +Concentration, +Expertise, and +Vitality) stats.""","«Рецепт изготовления вознесенного тяжёлого шлема со характеристиками Ритуалиста (урон от состояний, концентрация, мастерство и живучесть)»."
"""A recipe to make an ascended heavy helm with Sentinel (+Vitality, +Power, and +Toughness) stats.""","«Рецепт изготовления вознесённого тяжёлого шлема со характеристиками Стража (Живучесть, Сила и Стойкость)»."
"""A recipe to make an ascended heavy helm with Seraph (+Condition Damage, +Precision, +Concentration, and +Healing Power) stats.""","«Рецепт изготовления вознесенного тяжёлого шлема со характеристиками Серафима (Урон от состояний, Точность, Концентрация и Сила исцеления)»."
"""A recipe to make an ascended heavy helm with Settler (+Toughness, +Healing Power, and +Condition Damage) stats.""","«Рецепт изготовления вознесенного тяжёлого шлема со характеристиками поселенца (стойкость, сила исцеления и урон от состояний)»."
"""A recipe to make an ascended heavy helm with Shaman (+Vitality, +Condition Damage, and +Healing Power) stats.""","«Рецепт изготовления вознесенного тяжёлого шлема со характеристиками Шамана (живучесть, урон от состояний и сила исцеления)»."
"""A recipe to make an ascended heavy helm with Sinister (+Condition Damage, +Power, and +Precision) stats.""","«Рецепт изготовления вознесенного тяжёлого шлема со характеристиками Зловещего (Урон от состояний, Сила и Точность)»."
"""A recipe to make an ascended heavy helm with Soldier (+Power, +Vitality, and +Toughness) stats.""","«Рецепт изготовления вознесённого тяжёлого шлема со характеристиками солдата (сила, живучесть и выносливость)»."
"""A recipe to make an ascended heavy helm with Trailblazer's (+Toughness, +Condition Damage, +Expertise, and +Vitality) stats.""","«Рецепт изготовления вознесенного тяжёлого шлема со характеристиками Первопроходца (стойкость, урон от состояний, мастерство и живучесть)»."
"""A recipe to make an ascended heavy helm with Valkyrie (+Power, +Ferocity, and +Vitality) stats.""","«Рецепт изготовления вознесенного тяжёлого шлема со характеристиками Валькирии (сила, свирепость и живучесть)»."
"""A recipe to make an ascended heavy helm with Vigilant (+Power, +Toughness, +Concentration, and +Expertise) stats.""","«Рецепт изготовления вознесенного тяжёлого шлема со характеристиками Бдительности (Мощь, Стойкость, Концентрация и Мастерство»)."
"""A recipe to make an ascended heavy helm with Viper's (+Condition Damage, +Power, +Expertise, and +Precision) stats.""","«Рецепт изготовления вознесенного тяжёлого шлема со характеристиками Змеи (урон от состояний, сила, мастерство и точность)»."
"""A recipe to make an ascended heavy helm with Wanderer's (+Power, +Vitality, +Concentration, and +Toughness) stats.""","«Рецепт изготовления вознесённого тяжёлого шлема со характеристиками Странника (сила, живучесть, концентрация и выносливость)»."
"""A recipe to make an ascended inscription for crafting weapons with Apothecary (+Healing Power, +Toughness, and +Condition Damage) stats.""","«Рецепт создания вознесенной гравировки для изготовления оружия со характеристиками аптекаря (сила исцеления, выносливость и урон от состояний)»."
"""A recipe to make an ascended inscription for crafting weapons with Assassin (+Precision, +Power, and +Ferocity) stats.""","«Рецепт создания вознесенной гравировки для изготовления оружия со характеристиками Ассасина (точность, сила и свирепость)»."
"""A recipe to make an ascended inscription for crafting weapons with Berserker (+Power, +Ferocity, and +Precision) stats.""","«Рецепт создания вознесенной гравировки для создания оружия со характеристиками Берсерка (сила, свирепость и точность)»."
"""A recipe to make an ascended inscription for crafting weapons with Bringer's (+Expertise, +Vitality, and +Precision) stats.""","«Рецепт создания вознесенной гравировки для создания оружия со характеристиками Брингера (экспертиза, живучесть и точность)»."
"""A recipe to make an ascended inscription for crafting weapons with Carrion (+Condition Damage, +Power, and +Vitality) stats.""","«Рецепт создания вознесённой гравировки для создания оружия со характеристиками Падали (Урон от состояний, Сила и Живучесть)»."
"""A recipe to make an ascended inscription for crafting weapons with Cavalier (+Toughness, +Power, and +Ferocity) stats.""","«Рецепт создания вознесенной гравировки для изготовления оружия с кавалерийскими характеристиками (стойкость, сила и свирепость)»."
"""A recipe to make an ascended inscription for crafting weapons with Cleric (+Healing Power, +Power, and +Toughness) stats.""","«Рецепт создания вознесенной гравировки для изготовления оружия со характеристиками клирика (сила исцеления, сила и выносливость)»."
"""A recipe to make an ascended inscription for crafting weapons with Commander's (+Power, +Precision, +Toughness, and +Concentration) stats.""","«Рецепт создания вознесенной гравировки для создания оружия со характеристиками командира (сила, точность, выносливость и концентрация)»."
"""A recipe to make an ascended inscription for crafting weapons with Crusader (+Power, +Toughness, +Ferocity, and +Healing) stats.""","«Рецепт создания вознесенной гравировки для изготовления оружия со характеристиками Крестоносца (сила, стойкость, свирепость и исцеление)»."
"""A recipe to make an ascended inscription for crafting weapons with Dire (+Condition Damage, +Vitality, and +Toughness) stats.""","«Рецепт создания вознесенной гравировки для создания оружия со характеристиками ужаса (урон от состояний, живучесть и выносливость)»."
"""A recipe to make an ascended inscription for crafting weapons with Diviner's (+Power, +Concentration, +Ferocity, and +Precision) stats.""","«Рецепт создания вознесенной гравировки для изготовления оружия со характеристиками Прорицателя (сила, концентрация, свирепость и точность)»."
"""A recipe to make an ascended inscription for crafting weapons with Dragon's (+Power, +Ferocity, +Precision, and +Vitality) stats.""","«Рецепт создания вознесенной гравировки для создания оружия со характеристиками Дракона (сила, свирепость, точность и живучесть)»."
"""A recipe to make an ascended inscription for crafting weapons with Giver's (+Toughness, +Healing, and +Concentration) stats.""","«Рецепт создания вознесенной гравировки для создания оружия со характеристиками Дарителя (стойкость, исцеление и концентрация)»."
"""A recipe to make an ascended inscription for crafting weapons with Harrier's (+Power, +Healing, and +Concentration) stats.""","«Рецепт создания вознесенной гравировки для изготовления оружия со характеристиками Вестника (сила, исцеление и концентрация)»."
"""A recipe to make an ascended inscription for crafting weapons with Knight (+Toughness, +Power, and +Precision) stats.""","«Рецепт создания вознесенной гравировки для создания оружия со характеристиками рыцаря (стойкость, сила и точность)»."
"""A recipe to make an ascended inscription for crafting weapons with Magi (+Healing Power, +Precision, and +Vitality) stats.""","«Рецепт создания вознесенной гравировки для изготовления оружия со характеристиками мага (исцеляющая сила, точность и живучесть)»."
"""A recipe to make an ascended inscription for crafting weapons with Marauder (+Power, +Precision, +Vitality, and +Ferocity) stats.""","«Рецепт создания вознесенной гравировки для создания оружия со характеристиками мародера (сила, точность, живучесть и свирепость)»."
"""A recipe to make an ascended inscription for crafting weapons with Marshal's (+Power, +Healing, +Condition Damage, and +Precision) stats.""","«Рецепт создания вознесенной гравировки для создания оружия со характеристиками Маршала (сила, исцеление, урон от состояний и точность)»."
"""A recipe to make an ascended inscription for crafting weapons with Minstrel's (+Toughness, +Healing, +Concentration, and +Vitality) stats.""","«Рецепт создания вознесенной гравировки для изготовления оружия со характеристиками Менестреля (стойкость, исцеление, концентрация и живучесть)»."
"""A recipe to make an ascended inscription for crafting weapons with Nomad's (+Toughness, +Healing, and +Vitality) stats.""","«Рецепт создания вознесенной гравировки для изготовления оружия со характеристиками Кочевника (стойкость, исцеление и живучесть)»."
"""A recipe to make an ascended inscription for crafting weapons with Plaguedoctor's (+Condition Damage, +Vitality, +Concentration, and +Healing Power) stats.""","«Рецепт создания вознесенной гравировки для изготовления оружия со характеристиками Чумного доктора (урон от состояний, живучесть, концентрация и сила исцеления)»."
"""A recipe to make an ascended inscription for crafting weapons with Rabid (+Condition Damage, +Precision, and +Toughness) stats.""","«Рецепт создания вознесенной гравировки для создания оружия со характеристиками Бешеного (урон от состояния, точность и выносливость)»."
"""A recipe to make an ascended inscription for crafting weapons with Rampager (+Precision, +Condition Damage, and +Power) stats.""","«Рецепт создания вознесённой гравировки для создания оружия со характеристиками Буйства (точность, урон от состояний и сила)»."
"""A recipe to make an ascended inscription for crafting weapons with Ritualist's (+Condition Damage, +Concentration, +Expertise, and +Vitality) stats.""","«Рецепт создания вознесенной гравировки для создания оружия со характеристиками Ритуалиста (урон от состояний, концентрация, мастерство и живучесть)»."
"""A recipe to make an ascended inscription for crafting weapons with Sentinel (+Vitality, +Power, and +Toughness) stats.""","«Рецепт создания вознесенной гравировки для создания оружия со характеристиками Стража (живучесть, сила и выносливость)»."
"""A recipe to make an ascended inscription for crafting weapons with Seraph (+Condition Damage, +Precision, +Concentration, and +Healing Power) stats.""","«Рецепт создания вознесенной гравировки для создания оружия со характеристиками Серафима (урон от состояний, точность, концентрация и сила исцеления)»."
"""A recipe to make an ascended inscription for crafting weapons with Settler (+Toughness, +Healing Power, and +Condition Damage) stats.""","«Рецепт создания вознесенной гравировки для создания оружия со характеристиками поселенца (стойкость, сила исцеления и урон от состояний)»."
"""A recipe to make an ascended inscription for crafting weapons with Shaman (+Vitality, +Condition Damage, and +Healing Power) stats.""","«Рецепт создания вознесенной гравировки для изготовления оружия со характеристиками Шамана (живучесть, урон от состояний и сила исцеления)»."
"""A recipe to make an ascended inscription for crafting weapons with Sinister (+Condition Damage, +Power, and +Precision) stats.""","«Рецепт создания вознесённой гравировки для создания оружия со характеристиками Зловещего (Урон от состояний, Сила и Точность)»."
"""A recipe to make an ascended inscription for crafting weapons with Soldier (+Power, +Vitality, and +Toughness) stats.""","«Рецепт создания вознесённой гравировки для изготовления оружия со характеристиками солдата (сила, живучесть и выносливость)»."
"""A recipe to make an ascended inscription for crafting weapons with Trailblazer's (+Toughness, +Condition Damage, +Expertise, and +Vitality) stats.""","«Рецепт создания вознесенной гравировки для создания оружия со характеристиками Первопроходца (стойкость, урон от состояний, опыт и живучесть)»."
"""A recipe to make an ascended inscription for crafting weapons with Valkyrie (+Power, +Ferocity, and +Vitality) stats.""","«Рецепт создания вознесенной гравировки для изготовления оружия со характеристиками Валькирии (сила, свирепость и живучесть)»."
"""A recipe to make an ascended inscription for crafting weapons with Vigilant (+Power, +Toughness, +Concentration, and +Expertise) stats.""","«Рецепт создания вознесенной гравировки для создания оружия со характеристиками бдительности (сила, выносливость, концентрация и мастерство»)."
"""A recipe to make an ascended inscription for crafting weapons with Viper's (+Condition Damage, +Power, +Expertise, and +Precision) stats.""","«Рецепт создания вознесенной гравировки для создания оружия со характеристиками Змеи (урон от состояний, сила, мастерство и точность)»."
"""A recipe to make an ascended inscription for crafting weapons with Wanderer's (+Power, +Vitality, +Concentration, and +Toughness) stats.""","«Рецепт создания вознесённой гравировки для создания оружия со характеристиками Странника (сила, живучесть, концентрация и выносливость)»."
"""A recipe to make an ascended inscription for crafting weapons with Zealot's (+Power, +Precision, +Healing) stats.""","«Рецепт создания вознесенной гравировки для изготовления оружия со характеристиками фанатика (сила, точность, исцеление)»."
"""A recipe to make an ascended insignia for crafting armor with Apothecary (+Healing Power, +Toughness, and +Condition Damage) stats.""","«Рецепт изготовления знака вознесения для изготовления доспехов с характеристиками аптекаря (сила исцеления, выносливость и урон от состояний»)."
"""A recipe to make an ascended insignia for crafting armor with Assassin (+Precision, +Power, and +Ferocity) stats.""","«Рецепт изготовления знака вознесения для изготовления доспехов со характеристиками Ассасина (точность, сила и свирепость)»."
"""A recipe to make an ascended insignia for crafting armor with Berserker (+Power, +Ferocity, and +Precision) stats.""","«Рецепт изготовления знака вознесения для изготовления доспехов со характеристиками Берсерка (сила, свирепость и точность)»."
"""A recipe to make an ascended insignia for crafting armor with Bringer's (+Expertise, +Vitality, and +Precision) stats.""","«Рецепт изготовления знака вознесения для изготовления брони с характеристиками Брингера (экспертиза, живучесть и точность)»."
"""A recipe to make an ascended insignia for crafting armor with Carrion (+Condition Damage, +Power, and +Vitality) stats.""","«Рецепт изготовления знака вознесения для изготовления брони со характеристиками Падали (урон от состояний, сила и живучесть)»."
"""A recipe to make an ascended insignia for crafting armor with Cavalier (+Toughness, +Power, and +Ferocity) stats.""","«Рецепт изготовления знака вознесения для изготовления доспехов с кавалерийскими характеристиками (стойкость, сила и свирепость)»."
"""A recipe to make an ascended insignia for crafting armor with Cleric (+Healing Power, +Power, and +Toughness) stats.""","«Рецепт изготовления знака вознесения для изготовления доспехов со характеристиками клирика (сила исцеления, сила и выносливость)»."
"""A recipe to make an ascended insignia for crafting armor with Commander's (+Power, +Precision, +Toughness, and +Concentration) stats.""","«Рецепт изготовления вознесённого знака отличия для изготовления доспехов с характеристиками командира (сила, точность, выносливость и концентрация)»."
"""A recipe to make an ascended insignia for crafting armor with Crusader (+Power, +Toughness, +Ferocity, and +Healing) stats.""","«Рецепт изготовления знака вознесения для изготовления доспехов со характеристиками крестоносца (сила, стойкость, свирепость и исцеление)»."
"""A recipe to make an ascended insignia for crafting armor with Dire (+Condition Damage, +Vitality, and +Toughness) stats.""","«Рецепт изготовления знака вознесения для изготовления брони со характеристиками ужаса (урон от состояний, живучесть и выносливость)»."
"""A recipe to make an ascended insignia for crafting armor with Diviner's (+Power, +Concentration, +Ferocity, and +Precision) stats.""","«Рецепт изготовления знака вознесения для изготовления доспехов со характеристиками Прорицателя (сила, концентрация, свирепость и точность)»."
"""A recipe to make an ascended insignia for crafting armor with Dragon's (+Power, +Ferocity, +Precision, and +Vitality) stats.""","«Рецепт изготовления знака вознесения для изготовления доспехов со характеристиками Дракона (сила, свирепость, точность и живучесть)»."
"""A recipe to make an ascended insignia for crafting armor with Giver's (+Toughness, +Healing, and +Concentration) stats.""","«Рецепт изготовления знака вознесения для изготовления доспехов со характеристиками Дарителя (стойкость, исцеление и концентрация»)."
"""A recipe to make an ascended insignia for crafting armor with Harrier's (+Power, +Healing, and +Concentration) stats.""","«Рецепт изготовления вознесённого знака отличия для изготовления брони со характеристиками Вестника (сила, исцеление и концентрация)»."
"""A recipe to make an ascended insignia for crafting armor with Knight (+Toughness, +Power, and +Precision) stats.""","«Рецепт изготовления вознесённого знака отличия для изготовления брони с характеристиками рыцаря (стойкость, сила и точность)»."
"""A recipe to make an ascended insignia for crafting armor with Magi (+Healing Power, +Precision, and +Vitality) stats.""","«Рецепт изготовления знака вознесения для изготовления доспехов со характеристиками мага (исцеляющая сила, точность и живучесть)»."
"""A recipe to make an ascended insignia for crafting armor with Marauder (+Power, +Precision, +Vitality, and +Ferocity) stats.""","«Рецепт изготовления знака вознесения для изготовления брони со характеристиками мародера (сила, точность, живучесть и свирепость)»."
"""A recipe to make an ascended insignia for crafting armor with Marshal's (+Power, +Healing, +Condition Damage, and +Precision) stats.""","«Рецепт изготовления знака вознесения для изготовления брони с характеристиками Маршала (сила, исцеление, урон от состояний и точность)»."
"""A recipe to make an ascended insignia for crafting armor with Minstrel's (+Toughness, +Healing, +Concentration, and +Vitality) stats.""","«Рецепт изготовления вознесённого знака отличия для изготовления доспехов со характеристиками Менестреля (стойкость, исцеление, концентрация и живучесть)»."
"""A recipe to make an ascended insignia for crafting armor with Nomad's (+Toughness, +Healing, and +Vitality) stats.""","«Рецепт изготовления знака вознесения для изготовления доспехов со характеристиками Кочевника (стойкость, исцеление и живучесть)»."
"""A recipe to make an ascended insignia for crafting armor with Plaguedoctor's (+Condition Damage, +Vitality, +Concentration, and +Healing Power) stats.""","«Рецепт изготовления знака вознесения для изготовления брони со характеристиками Чумного доктора (урон от состояний, живучесть, концентрация и сила исцеления)»."
"""A recipe to make an ascended insignia for crafting armor with Rabid (+Condition Damage, +Precision, and +Toughness) stats.""","«Рецепт изготовления знака вознесения для изготовления брони со характеристиками Бешенства (Урон от состояний, Точность и Стойкость)»."
"""A recipe to make an ascended insignia for crafting armor with Rampager (+Precision, +Condition Damage, and +Power) stats.""","«Рецепт изготовления вознесённого знака отличия для изготовления брони со характеристиками Буйства (точность, урон от состояний и сила)»."
"""A recipe to make an ascended insignia for crafting armor with Ritualist's (+Condition Damage, +Concentration, +Expertise, and +Vitality) stats.""","«Рецепт изготовления знака вознесения для изготовления брони со характеристиками Ритуалиста (урон от состояний, концентрация, мастерство и живучесть)»."
"""A recipe to make an ascended insignia for crafting armor with Sentinel (+Vitality, +Power, and +Toughness) stats.""","«Рецепт изготовления вознесённого знака отличия для изготовления брони со характеристиками Стража (живучесть, сила и выносливость)»."
"""A recipe to make an ascended insignia for crafting armor with Seraph (+Condition Damage, +Precision, +Concentration, and +Healing Power) stats.""","«Рецепт изготовления знака вознесения для изготовления доспехов со характеристиками Серафима (урон от состояний, точность, концентрация и сила исцеления)»."
"""A recipe to make an ascended insignia for crafting armor with Settler (+Toughness, +Healing Power, and +Condition Damage) stats.""","«Рецепт изготовления знака вознесения для изготовления брони со характеристиками поселенца (стойкость, сила исцеления и урон от состояний)»."
"""A recipe to make an ascended insignia for crafting armor with Shaman (+Vitality, +Condition Damage, and +Healing Power) stats.""","«Рецепт изготовления знака вознесения для изготовления брони со характеристиками Шамана (живучесть, урон от состояний и сила исцеления)»."
"""A recipe to make an ascended insignia for crafting armor with Sinister (+Condition Damage, +Power, and +Precision) stats.""","«Рецепт изготовления знака вознесения для изготовления брони со зловещими характеристиками (урон от состояний, сила и точность)»."
"""A recipe to make an ascended insignia for crafting armor with Soldier (+Power, +Vitality, and +Toughness) stats.""","«Рецепт изготовления вознесённого знака отличия для изготовления брони со характеристиками солдата (сила, живучесть и выносливость)»."
"""A recipe to make an ascended insignia for crafting armor with Trailblazer's (+Toughness, +Condition Damage, +Expertise, and +Vitality) stats.""","«Рецепт изготовления знака вознесения для изготовления брони со характеристиками Первопроходца (стойкость, урон от состояний, мастерство и живучесть)»."
"""A recipe to make an ascended insignia for crafting armor with Valkyrie (+Power, +Ferocity, and +Vitality) stats.""","«Рецепт изготовления знака вознесения для изготовления доспехов со характеристиками Валькирии (сила, свирепость и живучесть)»."
"""A recipe to make an ascended insignia for crafting armor with Vigilant (+Power, +Toughness, +Concentration, and +Expertise) stats.""","«Рецепт изготовления знака вознесения для изготовления доспехов со характеристиками бдительности (сила, выносливость, концентрация и мастерство»)."
"""A recipe to make an ascended insignia for crafting armor with Viper's (+Condition Damage, +Power, +Expertise, and +Precision) stats.""","«Рецепт изготовления знака вознесения для изготовления брони со характеристиками Змеи (урон от состояний, сила, мастерство и точность)»."
"""A recipe to make an ascended insignia for crafting armor with Wanderer's (+Power, +Vitality, +Concentration, and +Toughness) stats.""","«Рецепт изготовления знака вознесения для изготовления доспехов со характеристиками Странника (сила, живучесть, концентрация и выносливость)»."
"""A recipe to make an ascended insignia for crafting armor with Zealot's (+Power, +Precision, +Healing) stats.""","«Рецепт изготовления знака вознесения для изготовления брони с характеристиками фанатика (сила, точность, исцеление)»."
"""A recipe to make an ascended light breather with Apothecary (+Healing Power, +Toughness, and +Condition Damage) stats.""","«Рецепт создания вознесенного лёгкого дышащего с характеристиками аптекаря (исцеляющая сила, выносливость и урон от состояний)»."
"""A recipe to make an ascended light breather with Assassin (+Precision, +Power, and +Ferocity) stats.""","«Рецепт создания вознесённого лёгкого дышащего со характеристиками убийцы (точность, сила и свирепость)»."
"""A recipe to make an ascended light breather with Berserker (+Power, +Ferocity, and +Precision) stats.""","«Рецепт создания вознесенного лёгкого дышащего со характеристиками Берсерка (сила, свирепость и точность)»."
"""A recipe to make an ascended light breather with Carrion (+Condition Damage, +Power, and +Vitality) stats.""","«Рецепт создания вознесенного лёгкого дышащего со характеристиками Падали (урон от состояний, сила и живучесть)»."
"""A recipe to make an ascended light breather with Cavalier (+Toughness, +Power, and +Ferocity) stats.""","«Рецепт создания вознесённого лёгкого дышащего со характеристиками Кавалера (Выносливость, Сила и Свирепость)»."
"""A recipe to make an ascended light breather with Cleric (+Healing Power, +Power, and +Toughness) stats.""","«Рецепт создания вознесенного лёгкого дышащего со характеристиками клирика (исцеляющая сила, сила и выносливость)»."
"""A recipe to make an ascended light breather with Dire (+Condition Damage, +Vitality, and +Toughness) stats.""","«Рецепт создания вознесённого лёгкого дышащего со характеристиками Тьмы (урон от состояний, живучесть и выносливость)»."
"""A recipe to make an ascended light breather with Knight (+Toughness, +Power, and +Precision) stats.""","«Рецепт создания вознесенного лёгкого дыхания со характеристиками рыцаря (стойкость, сила и точность)»."
"""A recipe to make an ascended light breather with Magi (+Healing Power, +Precision, and +Vitality) stats.""","«Рецепт создания вознесенного лёгкого дыхания со характеристиками мага (исцеляющая сила, точность и живучесть)»."
"""A recipe to make an ascended light breather with Minstrel's (+Toughness, +Healing, +Concentration, and +Vitality) stats.""","«Рецепт создания вознесенного лёгкого дыхания со характеристиками Менестреля (стойкость, исцеление, концентрация и живучесть)»."
"""A recipe to make an ascended light breather with Nomad's (+Toughness, +Healing, and +Vitality) stats.""","«Рецепт создания вознесенного лёгкого дыхания со характеристиками Кочевника (стойкость, исцеление и живучесть)»."
"""A recipe to make an ascended light breather with Rabid (+Condition Damage, +Precision, and +Toughness) stats.""","«Рецепт создания вознесенного лёгкого дышащего со характеристиками Бешеного (Урон от состояний, Точность и Выносливость)»."
"""A recipe to make an ascended light breather with Rampager (+Precision, +Condition Damage, and +Power) stats.""","«Рецепт создания вознесенного лёгкого дышащего устройства со характеристиками Буйства (точность, урон от состояний и сила)»."
"""A recipe to make an ascended light breather with Sentinel (+Vitality, +Power, and +Toughness) stats.""","«Рецепт создания вознесённого лёгкого дышащего со характеристиками Стража (Живучесть, Сила и Выносливость)»."
"""A recipe to make an ascended light breather with Seraph (+Condition Damage, +Precision, +Concentration, and +Healing Power) stats.""","«Рецепт создания вознесенного лёгкого дышащего со характеристиками Серафима (Урон от состояний, Точность, Концентрация и Сила исцеления)»."
"""A recipe to make an ascended light breather with Settler (+Toughness, +Healing Power, and +Condition Damage) stats.""","«Рецепт создания вознесенного лёгкого дыхания со характеристиками поселенца (стойкость, сила исцеления и урон от состояний)»."
"""A recipe to make an ascended light breather with Shaman (+Vitality, +Condition Damage, and +Healing Power) stats.""","«Рецепт создания вознесенного лёгкого дыхания со характеристиками Шамана (живучесть, урон от состояний и сила исцеления)»."
"""A recipe to make an ascended light breather with Sinister (+Condition Damage, +Power, and +Precision) stats.""","«Рецепт создания вознесённого лёгкого дышащего со характеристиками Зловещего (Урон от состояний, Сила и Точность)»."
"""A recipe to make an ascended light breather with Soldier (+Power, +Vitality, and +Toughness) stats.""","«Рецепт создания вознесенного лёгкого дышащего со характеристиками солдата (сила, живучесть и выносливость)»."
"""A recipe to make an ascended light breather with Valkyrie (+Power, +Ferocity, and +Vitality) stats.""","«Рецепт создания вознесённого лёгкого дышащего со характеристиками Валькирии (сила, свирепость и живучесть)»."
"""A recipe to make an ascended light breather with Vigilant (+Power, +Toughness, +Concentration, and +Expertise) stats.""","«Рецепт создания вознесённого лёгкого дышащего со характеристиками Бдительности (Мощь, Стойкость, Концентрация и Мастерство)»."
"""A recipe to make an ascended light breather with Viper's (+Condition Damage, +Power, +Expertise, and +Precision) stats.""","«Рецепт создания вознесенного лёгкого дыхания со характеристиками Гадюки (урон от состояний, сила, мастерство и точность)»."
"""A recipe to make an ascended light breather with Wanderer's (+Power, +Vitality, +Concentration, and +Toughness) stats.""","«Рецепт создания вознесенного лёгкого дышащего со характеристиками Странника (сила, живучесть, концентрация и выносливость)»."
"""A recipe to make an ascended light breather with Zealot's (+Power, +Precision, +Healing) stats.""","«Рецепт создания вознесенного лёгкого дыхания со характеристиками Зелота (сила, точность, исцеление)»."
"""A recipe to make an ascended light coat with Apothecary (+Healing Power, +Toughness, and +Condition Damage) stats.""","«Рецепт изготовления вознесенного лёгкого пальто со характеристиками аптекаря (исцеляющая сила, выносливость и урон от состояний»)."
"""A recipe to make an ascended light coat with Assassin (+Precision, +Power, and +Ferocity) stats.""","«Рецепт изготовления вознесенного лёгкого пальто со характеристиками убийцы (точность, сила и свирепость)»."
"""A recipe to make an ascended light coat with Berserker (+Power, +Ferocity, and +Precision) stats.""","«Рецепт изготовления вознесенного лёгкого пальто со характеристиками Берсерка (сила, свирепость и точность)»."
"""A recipe to make an ascended light coat with Bringer's (+Expertise, +Vitality, and +Precision) stats.""","«Рецепт изготовления вознесенного лёгкого пальто со характеристиками Брингера (экспертиза, живучесть и точность)»."
"""A recipe to make an ascended light coat with Carrion (+Condition Damage, +Power, and +Vitality) stats.""","«Рецепт изготовления вознесенного лёгкого пальто со характеристиками Падальщика (урон от состояний, сила и живучесть)»."
"""A recipe to make an ascended light coat with Cavalier (+Toughness, +Power, and +Ferocity) stats.""","«Рецепт изготовления вознесенного лёгкого пальто со характеристиками кавалера (стойкость, сила и свирепость)»."
"""A recipe to make an ascended light coat with Cleric (+Healing Power, +Power, and +Toughness) stats.""","«Рецепт изготовления вознесенного лёгкого пальто со характеристиками клирика (исцеляющая сила, сила и выносливость)»."
"""A recipe to make an ascended light coat with Commander's (+Power, +Precision, +Toughness, and +Concentration) stats.""","«Рецепт изготовления вознесенного лёгкого пальто со характеристиками командира (сила, точность, выносливость и концентрация)»."
"""A recipe to make an ascended light coat with Crusader (+Power, +Toughness, +Ferocity, and +Healing) stats.""","«Рецепт изготовления вознесенного лёгкого пальто со характеристиками крестоносца (сила, выносливость, свирепость и исцеление)»."
"""A recipe to make an ascended light coat with Dire (+Condition Damage, +Vitality, and +Toughness) stats.""","«Рецепт изготовления вознесенного лёгкого пальто со характеристиками Dire (урон от состояний, живучесть и выносливость)»."
"""A recipe to make an ascended light coat with Diviner's (+Power, +Concentration, +Ferocity, and +Precision) stats.""","«Рецепт изготовления вознесенного лёгкого пальто со характеристиками Прорицателя (сила, концентрация, свирепость и точность)»."
"""A recipe to make an ascended light coat with Dragon's (+Power, +Ferocity, +Precision, and +Vitality) stats.""","«Рецепт изготовления вознесенного лёгкого пальто со характеристиками Дракона (сила, свирепость, точность и живучесть)»."
"""A recipe to make an ascended light coat with Giver's (+Toughness, +Healing, and +Concentration) stats.""","«Рецепт изготовления вознесенного лёгкого пальто со характеристиками Дарителя (стойкость, исцеление и концентрация)»."
"""A recipe to make an ascended light coat with Grieving (+Power, +Condition Damage, +Ferocity, and +Precision) stats.""","«Рецепт изготовления вознесенного лёгкого пальто со характеристиками скорби (сила, урон от состояний, свирепость и точность)»."
"""A recipe to make an ascended light coat with Harrier's (+Power, +Healing, and +Concentration) stats.""","«Рецепт изготовления вознесенного лёгкого пальто со характеристиками Вестника (сила, исцеление и концентрация)»."
"""A recipe to make an ascended light coat with Knight (+Toughness, +Power, and +Precision) stats.""","«Рецепт изготовления вознесенного лёгкого пальто со характеристиками рыцаря (стойкость, сила и точность)»."
"""A recipe to make an ascended light coat with Magi (+Healing Power, +Precision, and +Vitality) stats.""","«Рецепт изготовления вознесенного лёгкого пальто со характеристиками мага (исцеляющая сила, точность и живучесть)»."
"""A recipe to make an ascended light coat with Marauder (+Power, +Precision, +Vitality, and +Ferocity) stats.""","«Рецепт изготовления вознесенного лёгкого пальто со характеристиками мародера (сила, точность, живучесть и свирепость)»."
"""A recipe to make an ascended light coat with Marshal's (+Power, +Healing, +Condition Damage, and +Precision) stats.""","«Рецепт изготовления вознесенного лёгкого пальто со характеристиками Маршала (сила, исцеление, урон от состояний и точность)»."
"""A recipe to make an ascended light coat with Minstrel's (+Toughness, +Healing, +Concentration, and +Vitality) stats.""","«Рецепт изготовления вознесенного лёгкого пальто со характеристиками Менестреля (стойкость, исцеление, концентрация и живучесть)»."
"""A recipe to make an ascended light coat with Plaguedoctor's (+Condition Damage, +Vitality, +Concentration, and +Healing Power) stats.""","«Рецепт изготовления вознесенного лёгкого пальто со характеристиками Чумного доктора (урон от состояний, живучесть, концентрация и сила исцеления)»."
"""A recipe to make an ascended light coat with Rabid (+Condition Damage, +Precision, and +Toughness) stats.""","«Рецепт изготовления вознесенного лёгкого пальто со характеристиками Бешеного (урон от состояния, точность и выносливость)»."
"""A recipe to make an ascended light coat with Rampager (+Precision, +Condition Damage, and +Power) stats.""","«Рецепт изготовления вознесенного лёгкого пальто со характеристиками Буйства (точность, урон от состояний и сила)»."
"""A recipe to make an ascended light coat with Ritualist's (+Condition Damage, +Concentration, +Expertise, and +Vitality) stats.""","«Рецепт изготовления вознесенного лёгкого пальто со характеристиками Ритуалиста (урон от состояний, концентрация, мастерство и живучесть)»."
"""A recipe to make an ascended light coat with Sentinel (+Vitality, +Power, and +Toughness) stats.""","«Рецепт изготовления вознесенного лёгкого пальто со характеристиками Стража (Живучесть, Сила и Стойкость)»."
"""A recipe to make an ascended light coat with Seraph (+Condition Damage, +Precision, +Concentration, and +Healing Power) stats.""","«Рецепт изготовления вознесенного лёгкого пальто со характеристиками Серафима (Урон от состояний, Точность, Концентрация и Сила исцеления)»."
"""A recipe to make an ascended light coat with Settler (+Toughness, +Healing Power, and +Condition Damage) stats.""","«Рецепт изготовления вознесенного лёгкого пальто со характеристиками поселенца (стойкость, сила исцеления и урон от состояний)»."
"""A recipe to make an ascended light coat with Shaman (+Vitality, +Condition Damage, and +Healing Power) stats.""","«Рецепт изготовления вознесенного лёгкого пальто со характеристиками Шамана (живучесть, урон от состояний и сила исцеления)»."
"""A recipe to make an ascended light coat with Sinister (+Condition Damage, +Power, and +Precision) stats.""","«Рецепт изготовления вознесенного лёгкого пальто со характеристиками Зловещего (Урон от состояний, Сила и Точность)»."
"""A recipe to make an ascended light coat with Soldier (+Power, +Vitality, and +Toughness) stats.""","«Рецепт изготовления вознесенного лёгкого пальто со характеристиками солдата (сила, живучесть и выносливость)»."
"""A recipe to make an ascended light coat with Trailblazer's (+Toughness, +Condition Damage, +Expertise, and +Vitality) stats.""","«Рецепт изготовления вознесенного лёгкого пальто со характеристиками Первопроходца (стойкость, урон от состояний, мастерство и живучесть)»."
"""A recipe to make an ascended light coat with Valkyrie (+Power, +Ferocity, and +Vitality) stats.""","«Рецепт изготовления вознесенного лёгкого пальто со характеристиками Валькирии (сила, свирепость и живучесть)»."
"""A recipe to make an ascended light coat with Vigilant (+Power, +Toughness, +Concentration, and +Expertise) stats.""","«Рецепт изготовления вознесённого лёгкого пальто со характеристиками бдительности (сила, выносливость, концентрация и мастерство»)."
"""A recipe to make an ascended light coat with Viper's (+Condition Damage, +Power, +Expertise, and +Precision) stats.""","«Рецепт изготовления вознесенного лёгкого пальто со характеристиками Гадюки (урон от состояний, сила, мастерство и точность)»."
"""A recipe to make an ascended light coat with Wanderer's (+Power, +Vitality, +Concentration, and +Toughness) stats.""","«Рецепт изготовления вознесенного лёгкого пальто со характеристиками Странника (сила, живучесть, концентрация и выносливость)»."
"""A recipe to make an ascended light coat with Zealot's (+Power, +Precision, +Healing) stats.""","«Рецепт изготовления вознесенного лёгкого пальто со характеристиками Зелота (сила, точность, исцеление)»."
"""A recipe to make an ascended light helm with Apothecary (+Healing Power, +Toughness, and +Condition Damage) stats.""","«Рецепт изготовления вознесенного лёгкого шлема со характеристиками аптекаря (исцеляющая сила, выносливость и урон от состояний»)."
"""A recipe to make an ascended light helm with Assassin (+Precision, +Power, and +Ferocity) stats.""","«Рецепт изготовления вознесенного лёгкого шлема со характеристиками убийцы (точность, сила и свирепость)»."
"""A recipe to make an ascended light helm with Berserker (+Power, +Ferocity, and +Precision) stats.""","«Рецепт изготовления вознесенного лёгкого шлема со характеристиками Берсерка (сила, свирепость и точность)»."
"""A recipe to make an ascended light helm with Bringer's (+Expertise, +Vitality, and +Precision) stats.""","«Рецепт изготовления вознесенного лёгкого шлема со характеристиками Брингера (экспертиза, живучесть и точность)»."
"""A recipe to make an ascended light helm with Carrion (+Condition Damage, +Power, and +Vitality) stats.""","«Рецепт изготовления вознесенного лёгкого шлема со характеристиками Падали (урон от состояний, сила и живучесть)»."
"""A recipe to make an ascended light helm with Cavalier (+Toughness, +Power, and +Ferocity) stats.""","«Рецепт изготовления вознесенного лёгкого шлема с кавалерийскими характеристиками (стойкость, сила и свирепость)»."
"""A recipe to make an ascended light helm with Cleric (+Healing Power, +Power, and +Toughness) stats.""","«Рецепт изготовления вознесенного лёгкого шлема со характеристиками клирика (исцеляющая сила, сила и выносливость)»."
"""A recipe to make an ascended light helm with Commander's (+Power, +Precision, +Toughness, and +Concentration) stats.""","«Рецепт изготовления вознесенного лёгкого шлема с характеристиками командира (сила, точность, выносливость и концентрация)»."
"""A recipe to make an ascended light helm with Crusader (+Power, +Toughness, +Ferocity, and +Healing) stats.""","«Рецепт изготовления вознесённого лёгкого шлема со характеристиками крестоносца (сила, выносливость, свирепость и исцеление)»."
"""A recipe to make an ascended light helm with Dire (+Condition Damage, +Vitality, and +Toughness) stats.""","«Рецепт изготовления вознесенного лёгкого шлема со характеристиками Dire (урон от состояний, живучесть и выносливость)»."
"""A recipe to make an ascended light helm with Diviner's (+Power, +Concentration, +Ferocity, and +Precision) stats.""","«Рецепт изготовления вознесенного лёгкого шлема со характеристиками Прорицателя (сила, концентрация, свирепость и точность)»."
"""A recipe to make an ascended light helm with Dragon's (+Power, +Ferocity, +Precision, and +Vitality) stats.""","«Рецепт изготовления вознесенного лёгкого шлема со характеристиками Дракона (сила, свирепость, точность и живучесть)»."
"""A recipe to make an ascended light helm with Giver's (+Toughness, +Healing, and +Concentration) stats.""","«Рецепт изготовления вознесенного лёгкого шлема со характеристиками Дарителя (стойкость, исцеление и концентрация»)."
"""A recipe to make an ascended light helm with Grieving (+Power, +Condition Damage, +Ferocity, and +Precision) stats.""","«Рецепт изготовления вознесенного лёгкого шлема со характеристиками скорби (сила, урон от состояний, свирепость и точность)»."
"""A recipe to make an ascended light helm with Harrier's (+Power, +Healing, and +Concentration) stats.""","«Рецепт изготовления вознесенного лёгкого шлема со характеристиками Вестника (сила, исцеление и концентрация)»."
"""A recipe to make an ascended light helm with Knight (+Toughness, +Power, and +Precision) stats.""","«Рецепт изготовления вознесенного лёгкого шлема со характеристиками рыцаря (стойкость, сила и точность)»."
"""A recipe to make an ascended light helm with Magi (+Healing Power, +Precision, and +Vitality) stats.""","«Рецепт изготовления вознесенного лёгкого шлема со характеристиками мага (исцеляющая сила, точность и живучесть)»."
"""A recipe to make an ascended light helm with Marauder (+Power, +Precision, +Vitality, and +Ferocity) stats.""","«Рецепт изготовления вознесенного лёгкого шлема со характеристиками мародера (сила, точность, живучесть и свирепость)»."
"""A recipe to make an ascended light helm with Marshal's (+Power, +Healing, +Condition Damage, and +Precision) stats.""","«Рецепт изготовления вознесенного лёгкого шлема со характеристиками Маршала (сила, исцеление, урон от состояний и точность)»."
"""A recipe to make an ascended light helm with Minstrel's (+Toughness, +Healing, +Concentration, and +Vitality) stats.""","«Рецепт изготовления вознесенного лёгкого шлема со характеристиками Менестреля (стойкость, исцеление, концентрация и живучесть)»."
"""A recipe to make an ascended light helm with Plaguedoctor's (+Condition Damage, +Vitality, +Concentration, and +Healing Power) stats.""","«Рецепт изготовления вознесенного лёгкого шлема со характеристиками Чумного доктора (урон от состояний, живучесть, концентрация и сила исцеления)»."
"""A recipe to make an ascended light helm with Rabid (+Condition Damage, +Precision, and +Toughness) stats.""","«Рецепт изготовления вознесенного лёгкого шлема со характеристиками Бешенства (Урон от состояний, Точность и Стойкость)»."
"""A recipe to make an ascended light helm with Rampager (+Precision, +Condition Damage, and +Power) stats.""","«Рецепт изготовления вознесенного лёгкого шлема со характеристиками Буйства (точность, урон от состояний и сила)»."
"""A recipe to make an ascended light helm with Ritualist's (+Condition Damage, +Concentration, +Expertise, and +Vitality) stats.""","«Рецепт изготовления вознесенного лёгкого шлема со характеристиками Ритуалиста (урон от состояний, концентрация, мастерство и живучесть)»."
"""A recipe to make an ascended light helm with Sentinel (+Vitality, +Power, and +Toughness) stats.""","«Рецепт изготовления вознесенного лёгкого шлема со характеристиками Стража (Живучесть, Сила и Стойкость)»."
"""A recipe to make an ascended light helm with Seraph (+Condition Damage, +Precision, +Concentration, and +Healing Power) stats.""","«Рецепт изготовления вознесенного лёгкого шлема со характеристиками Серафима (Урон от состояний, Точность, Концентрация и Сила исцеления)»."
"""A recipe to make an ascended light helm with Settler (+Toughness, +Healing Power, and +Condition Damage) stats.""","«Рецепт изготовления вознесенного лёгкого шлема со характеристиками поселенца (стойкость, сила исцеления и урон от состояний)»."
"""A recipe to make an ascended light helm with Shaman (+Vitality, +Condition Damage, and +Healing Power) stats.""","«Рецепт изготовления вознесенного лёгкого шлема со характеристиками Шамана (живучесть, урон от состояний и сила исцеления)»."
"""A recipe to make an ascended light helm with Sinister (+Condition Damage, +Power, and +Precision) stats.""","«Рецепт изготовления вознесенного лёгкого шлема со характеристиками Зловещего (Урон от состояний, Сила и Точность)»."
"""A recipe to make an ascended light helm with Soldier (+Power, +Vitality, and +Toughness) stats.""","«Рецепт изготовления вознесенного лёгкого шлема со характеристиками солдата (сила, живучесть и выносливость)»."
"""A recipe to make an ascended light helm with Trailblazer's (+Toughness, +Condition Damage, +Expertise, and +Vitality) stats.""","«Рецепт изготовления вознесенного лёгкого шлема со характеристиками Первопроходца (стойкость, урон от состояний, мастерство и живучесть)»."
"""A recipe to make an ascended light helm with Valkyrie (+Power, +Ferocity, and +Vitality) stats.""","«Рецепт изготовления вознесенного лёгкого шлема со характеристиками Валькирии (сила, свирепость и живучесть)»."
"""A recipe to make an ascended light helm with Vigilant (+Power, +Toughness, +Concentration, and +Expertise) stats.""","«Рецепт изготовления вознесенного лёгкого шлема со характеристиками Бдительности (Мощь, Стойкость, Концентрация и Мастерство»)."
"""A recipe to make an ascended light helm with Viper's (+Condition Damage, +Power, +Expertise, and +Precision) stats.""","«Рецепт изготовления вознесенного лёгкого шлема со характеристиками Змеи (урон от состояний, сила, мастерство и точность)»."
"""A recipe to make an ascended light helm with Wanderer's (+Power, +Vitality, +Concentration, and +Toughness) stats.""","«Рецепт изготовления вознесённого лёгкого шлема со характеристиками Странника (сила, живучесть, концентрация и выносливость)»."
"""A recipe to make an ascended longbow with Apothecary (+Healing Power, +Toughness, and +Condition Damage) stats.""","«Рецепт изготовления вознесенного длинного лука со характеристиками аптекаря (сила исцеления, выносливость и урон от состояний»)."
"""A recipe to make an ascended longbow with Assassin (+Precision, +Power, and +Ferocity) stats.""","«Рецепт изготовления вознесенного длинного лука со характеристиками убийцы (точность, сила и свирепость)»."
"""A recipe to make an ascended longbow with Berserker (+Power, +Ferocity, and +Precision) stats.""","«Рецепт изготовления вознесенного длинного лука со характеристиками Берсерка (сила, свирепость и точность)»."
"""A recipe to make an ascended longbow with Bringer's (+Expertise, +Vitality, and +Precision) stats.""","«Рецепт изготовления вознесенного длинного лука со характеристиками Брингера (экспертиза, живучесть и точность)»."
"""A recipe to make an ascended longbow with Carrion (+Condition Damage, +Power, and +Vitality) stats.""","«Рецепт изготовления вознесенного длинного лука со характеристиками Падали (урон от состояний, сила и живучесть)»."
"""A recipe to make an ascended longbow with Cavalier (+Toughness, +Power, and +Ferocity) stats.""","«Рецепт изготовления вознесенного длинного лука со характеристиками Кавалера (стойкость, сила и свирепость)»."
"""A recipe to make an ascended longbow with Cleric (+Healing Power, +Power, and +Toughness) stats.""","«Рецепт изготовления вознесенного длинного лука со характеристиками клирика (исцеляющая сила, сила и выносливость)»."
"""A recipe to make an ascended longbow with Commander's (+Power, +Precision, +Toughness, and +Concentration) stats.""","«Рецепт изготовления вознесенного длинного лука со характеристиками командира (сила, точность, выносливость и концентрация)»."
"""A recipe to make an ascended longbow with Crusader (+Power, +Toughness, +Ferocity, and +Healing) stats.""","«Рецепт изготовления вознесенного длинного лука со характеристиками крестоносца (сила, выносливость, свирепость и исцеление)»."
"""A recipe to make an ascended longbow with Dire (+Condition Damage, +Vitality, and +Toughness) stats.""","«Рецепт изготовления вознесенного длинного лука со характеристиками Dire (урон от состояний, живучесть и выносливость)»."
"""A recipe to make an ascended longbow with Diviner's (+Power, +Concentration, +Ferocity, and +Precision) stats.""","«Рецепт изготовления вознесенного длинного лука со характеристиками Прорицателя (сила, концентрация, свирепость и точность)»."
"""A recipe to make an ascended longbow with Dragon's (+Power, +Ferocity, +Precision, and +Vitality) stats.""","«Рецепт изготовления вознесенного длинного лука со характеристиками Дракона (сила, свирепость, точность и живучесть)»."
"""A recipe to make an ascended longbow with Giver's (+Toughness, +Healing, and +Concentration) stats.""","«Рецепт изготовления вознесенного длинного лука со характеристиками Дарителя (стойкость, исцеление и концентрация)»."
"""A recipe to make an ascended longbow with Grieving (+Power, +Condition Damage, +Ferocity, and +Precision) stats.""","«Рецепт изготовления вознесенного длинного лука со характеристиками скорби (сила, урон от состояний, свирепость и точность)»."
"""A recipe to make an ascended longbow with Harrier's (+Power, +Healing, and +Concentration) stats.""","«Рецепт изготовления вознесенного длинного лука со характеристиками Вестника (сила, исцеление и концентрация)»."
"""A recipe to make an ascended longbow with Knight (+Toughness, +Power, and +Precision) stats.""","«Рецепт изготовления вознесенного длинного лука со характеристиками рыцаря (стойкость, сила и точность)»."
"""A recipe to make an ascended longbow with Magi (+Healing Power, +Precision, and +Vitality) stats.""","«Рецепт изготовления вознесенного длинного лука со характеристиками мага (исцеляющая сила, точность и живучесть)»."
"""A recipe to make an ascended longbow with Marauder (+Power, +Precision, +Vitality, and +Ferocity) stats.""","«Рецепт изготовления вознесенного длинного лука со характеристиками мародера (сила, точность, живучесть и свирепость)»."
"""A recipe to make an ascended longbow with Marshal's (+Power, +Healing, +Condition Damage, and +Precision) stats.""","«Рецепт изготовления вознесенного длинного лука со характеристиками Маршала (сила, исцеление, урон от состояний и точность)»."
"""A recipe to make an ascended longbow with Minstrel's (+Toughness, +Healing, +Concentration, and +Vitality) stats.""","«Рецепт изготовления вознесенного длинного лука со характеристиками Менестреля (стойкость, исцеление, концентрация и живучесть)»."
"""A recipe to make an ascended longbow with Nomad's (+Toughness, +Healing, and +Vitality) stats.""","«Рецепт изготовления вознесенного длинного лука со характеристиками Кочевника (стойкость, исцеление и живучесть)»."
"""A recipe to make an ascended longbow with Plaguedoctor's (+Condition Damage, +Vitality, +Concentration, and +Healing Power) stats.""","«Рецепт изготовления вознесенного длинного лука со характеристиками Чумного доктора (урон от состояний, живучесть, концентрация и сила исцеления)»."
"""A recipe to make an ascended longbow with Rabid (+Condition Damage, +Precision, and +Toughness) stats.""","«Рецепт изготовления вознесенного длинного лука со характеристиками «Бешеный» (урон от состояний, точность и выносливость)»."
"""A recipe to make an ascended longbow with Rampager (+Precision, +Condition Damage, and +Power) stats.""","«Рецепт изготовления вознесенного длинного лука со характеристиками Буйства (точность, урон от состояний и сила)»."
"""A recipe to make an ascended longbow with Ritualist's (+Condition Damage, +Concentration, +Expertise, and +Vitality) stats.""","«Рецепт изготовления вознесенного длинного лука со характеристиками Ритуалиста (урон от состояний, концентрация, мастерство и живучесть)»."
"""A recipe to make an ascended longbow with Sentinel (+Vitality, +Power, and +Toughness) stats.""","«Рецепт изготовления вознесенного длинного лука со характеристиками Стража (Живучесть, Сила и Стойкость)»."
"""A recipe to make an ascended longbow with Seraph (+Condition Damage, +Precision, +Concentration, and +Healing Power) stats.""","«Рецепт изготовления вознесенного длинного лука со характеристиками Серафима (урон от состояний, точность, концентрация и сила исцеления)»."
"""A recipe to make an ascended longbow with Settler (+Toughness, +Healing Power, and +Condition Damage) stats.""","«Рецепт изготовления вознесенного длинного лука со характеристиками поселенца (стойкость, сила исцеления и урон от состояний)»."
"""A recipe to make an ascended longbow with Shaman (+Vitality, +Condition Damage, and +Healing Power) stats.""","«Рецепт изготовления вознесенного длинного лука со характеристиками Шамана (живучесть, урон от состояний и сила исцеления)»."
"""A recipe to make an ascended longbow with Sinister (+Condition Damage, +Power, and +Precision) stats.""","«Рецепт изготовления вознесенного длинного лука со характеристиками Зловещего (Урон от состояний, Сила и Точность)»."
"""A recipe to make an ascended longbow with Soldier (+Power, +Vitality, and +Toughness) stats.""","«Рецепт изготовления вознесенного длинного лука со характеристиками солдата (сила, живучесть и выносливость)»."
"""A recipe to make an ascended longbow with Trailblazer's (+Toughness, +Condition Damage, +Expertise, and +Vitality) stats.""","«Рецепт изготовления вознесенного длинного лука со характеристиками Первопроходца (стойкость, урон от состояний, мастерство и живучесть)»."
"""A recipe to make an ascended longbow with Valkyrie (+Power, +Ferocity, and +Vitality) stats.""","«Рецепт изготовления вознесенного длинного лука со характеристиками Валькирии (сила, свирепость и живучесть)»."
"""A recipe to make an ascended longbow with Vigilant (+Power, +Toughness, +Concentration, and +Expertise) stats.""","«Рецепт изготовления вознесенного длинного лука со характеристиками бдительности (сила, выносливость, концентрация и мастерство»)."
"""A recipe to make an ascended longbow with Viper's (+Condition Damage, +Power, +Expertise, and +Precision) stats.""","«Рецепт изготовления вознесенного длинного лука со характеристиками Змеи (урон от состояний, сила, мастерство и точность)»."
"""A recipe to make an ascended longbow with Wanderer's (+Power, +Vitality, +Concentration, and +Toughness) stats.""","«Рецепт изготовления вознесенного длинного лука со характеристиками Странника (сила, живучесть, концентрация и выносливость)»."
"""A recipe to make an ascended longbow with Zealot's (+Power, +Precision, +Healing) stats.""","«Рецепт изготовления вознесенного длинного лука со характеристиками фанатика (сила, точность, исцеление)»."
"""A recipe to make an ascended mace with Apothecary (+Healing Power, +Toughness, and +Condition Damage) stats.""","«Рецепт изготовления вознесённой булавы со характеристиками аптекаря (исцеляющая сила, выносливость и урон от состояний)»."
"""A recipe to make an ascended mace with Assassin (+Precision, +Power, and +Ferocity) stats.""","«Рецепт изготовления вознесённой булавы со характеристиками убийцы (точность, сила и свирепость)»."
"""A recipe to make an ascended mace with Berserker (+Power, +Ferocity, and +Precision) stats.""","«Рецепт изготовления вознесённой булавы со характеристиками Берсерка (сила, свирепость и точность)»."
"""A recipe to make an ascended mace with Bringer's (+Expertise, +Vitality, and +Precision) stats.""","«Рецепт изготовления вознесённой булавы со характеристиками Брингера (экспертиза, живучесть и точность)»."
"""A recipe to make an ascended mace with Carrion (+Condition Damage, +Power, and +Vitality) stats.""","«Рецепт изготовления вознесенной булавы со характеристиками Падали (урон от состояний, сила и живучесть)»."
"""A recipe to make an ascended mace with Cavalier (+Toughness, +Power, and +Ferocity) stats.""","«Рецепт изготовления вознесённой булавы со характеристиками кавалера (стойкость, сила и свирепость)»."
"""A recipe to make an ascended mace with Cleric (+Healing Power, +Power, and +Toughness) stats.""","«Рецепт изготовления вознесённой булавы со характеристиками клирика (исцеляющая сила, сила и выносливость)»."
"""A recipe to make an ascended mace with Commander's (+Power, +Precision, +Toughness, and +Concentration) stats.""","«Рецепт изготовления вознесённой булавы со характеристиками командира (сила, точность, выносливость и концентрация)»."
"""A recipe to make an ascended mace with Crusader (+Power, +Toughness, +Ferocity, and +Healing) stats.""","«Рецепт изготовления вознесённой булавы со характеристиками крестоносца (сила, выносливость, свирепость и исцеление)»."
"""A recipe to make an ascended mace with Dire (+Condition Damage, +Vitality, and +Toughness) stats.""","«Рецепт изготовления вознесенной булавы со характеристиками Dire (урон от состояний, живучесть и выносливость)»."
"""A recipe to make an ascended mace with Diviner's (+Power, +Concentration, +Ferocity, and +Precision) stats.""","«Рецепт изготовления вознесённой булавы со характеристиками Прорицателя (сила, концентрация, свирепость и точность)»."
