english,translate
"""As long as we have the cauldron, you've done your share. Is it secure?""","«Пока котел у нас, вы внесли свою лепту. Он в безопасности?»"
"""As long as we make sure the statue in this temple stays idle, our assault on Arah will be over before it starts.""","«Пока мы будем следить за тем, чтобы статуя в этом храме оставалась бездействующей, наше нападение на Ару завершится до того, как начнется»."
"""As long as you are not downed, allies near you do not bleed out if they are downed. Gain healing power based on your current health.""","«Пока вы не сбиты с ног, союзники рядом с вами не истекают кровью, если они сбиты. Получите силу исцеления, основанную на вашем текущем здоровье»."
"""As long as you carry that torch, Koda walks with you.""","«Пока ты несешь этот факел, Кода пойдёт с тобой»."
"""As long as you stalk us, we'll fight you tooth and claw.""","«Пока вы нас преследуете, мы будем сражаться с вами изо всех сил»."
"""As members of the College of Synergetics, we study how energy patterns form and alchemagical fractals propagate. Few beyond our college understand the philosophical and mystical complexities of our interests. We devoutly research the true nature of the Eternal Alchemy.""","«Как члены Коллегии Синергетики, мы изучаем, как формируются энергетические модели и распространяются алхимические фракталы. Мало кто за пределами нашего колледжа понимает философские и мистические сложности наших интересов. Мы усердно исследуем истинную природу Вечной Алхимии»."
"""As meticulous keepers of lore, these quaggans are vital to our studies of this region. Each one abducted and murdered by this Inquest laboratory is more history lost forever! Their numbers have dwindled so near to extinction that they can no longer compete for the bounties of the sea. Our last hope for their survival lies with an expert cultivator of food. He may be able help the quaggans acquire a new source of sustenance.""","«Как дотошные хранители знаний, эти квагганы жизненно важны для наших исследований этого региона. Каждый похищенный и убитый этой лабораторией дознания — это ещё одна история, потерянная навсегда! Их численность сократилась настолько близко к грани исчезновения, что они больше не могут конкурировать за дары моря. Наша последняя надежда на их выживание связана с опытным выращивателем пищи. Возможно, он сможет помочь квагганам обрести новый источник пропитания»."
"""As one of the few quaggans who has embraced his agnry side, Baroosh could be an important ally when the ice dragon's minions come to destroy Falooaloo...if you can find him and convince him to protect a village that is totally ashamed of his aggressive tendencies.""","«Как один из немногих квагганов, принявших свою агрессивную сторону, Баруш может стать важным союзником, когда приспешники ледяного дракона придут уничтожить Фалуалу... если вы сможете найти его и убедить защитить деревню, которая полностью стыдится его агрессивных наклонностей»."
"""As order returns to nature, may your spirit as well. Good-bye, brother.""","«Когда порядок вернется в природу, пусть и твой дух тоже. Прощай, брат»."
"""As part of our truce with the charr, the legions have moved back from Ebonhawke, allowing us to establish new outposts. Tyler's Bivouac is one of these, and they've run into some trouble getting their footing. It doesn't help that there are charr Renegades and human Separatists that oppose the truce, seeking to keep the old war alive.""","«В рамках нашего перемирия с чаррами легионы отошли из Эбонхоука, что позволило нам основать новые аванпосты. Бивак Тайлера — один из них, и у них возникли некоторые проблемы с обретением опоры. Не помогает то, что есть чарр-отступники и люди-сепаратисты, которые выступают против перемирия, стремясь сохранить старую войну»."
"""As part of the Pact's march on Orr, I led a squad charged with clearing a path for our heavy mobile artillery. We reached our destination, but lost a brave sylvari named Tegwen, who stayed behind to ensure our mission was successful. We mourned our loss, but prepared to move on to our next objective so our tanks could be put to good use.""","«В рамках марша Пакта на Орр я возглавил отряд, которому было поручено расчищать путь для нашей тяжёлой мобильной артиллерии. Мы достигли пункта назначения, но потеряли храброго сильвари по имени Тегвен, который остался, чтобы обеспечить успех нашей миссии. Мы оплакивали нашу потерю, но готовились двигаться дальше к нашей следующей цели, чтобы наши танки могли найти хорошее применение»."
"""As temporary auxiliary member of the Gear warband, I helped defend a charr caravan bound for Twinspur Haven. We also got a lead on the missing chugger: it was last seen heading for Crossroads Haven, so that's the next stop.""","«В качестве временного вспомогательного члена банды Механизмов я помогал защищать караван чарров, направлявшийся в Гавань Твинспур. Мы также получили сведения о пропавшем чаггере: в последний раз его видели направляющимся в Гавань Перекрестка, так что это следующая остановка»."
"""As the Jade Sea reverts, many are left wondering: What will happen to our jade appliances?""","«По мере того, как Нефритовое море возвращается, многие задаются вопросом: что произойдёт с нашими нефритовыми приборами?»"
"""As the Pact continues its preparations for the fight against Mordremoth, a new opportunity arises. But the search for the Master of Peace ends in tragedy, calling into question the motives of a friend.""","«По мере того как Пакт продолжает подготовку к борьбе с Мордремотом, появляется новая возможность. Но поиск Мастера Мира заканчивается трагедией, ставящей под сомнение мотивы друга»."
"""As the Pact's leader, I am adopting the rank of Marshal. I'd also like to present my second-in-command, one of the heroes of Claw Island, who will bear the rank of Commander.""","«Как лидер Пакта, я принимаю звание Маршала. Я также хотел бы представить своего заместителя, одного из героев Острова Когтя, который будет носить звание Командира»."
"""As the Scarab Plague threatens the Free City of Amnoon, Joko's plans are revealed in all their horrific splendor. Put an end to them.""","«Поскольку чума скарабеев угрожает Вольному городу Амнун, планы Джоко раскрываются во всем своем ужасающем великолепии. Положите им конец»."
"""As the instance owner, pierce four or more Branded with a single use of the Dragonsblood Spear.""","«Как владелец подземелья, пронзите четыре или более Клейменных одним использованием Копья Драконьей Крови»."
"""As the mysterious Scarlet Briar's schemes reach their climax, the commander and their allies gather in defense of Tyria.""","«Когда замыслы таинственного Алого Вереска достигают своего апогея, командир и его союзники собираются на защиту Тирии»."
"""As the storm raged outside, the Claw looked over his people. Bearkin were huddled together for warmth—their bellies rumbled, and worry laced their eyes. But the wind was too fierce and the falling snow too thick to hunt. He looked at shivering cubs and made his choice: the Claw would lead them south, away from danger. He could wait for her no longer.""","«Пока снаружи бушевала буря, Коготь оглядел своих людей. Медвежата сбились в кучу, пытаясь согреться — их животы урчали, а в глазах застыло беспокойство. Но ветер был слишком яростным, а падающий снег слишком густым, чтобы охотиться. Он посмотрел на дрожащих детенышей и сделал свой выбор: Коготь поведет их на юг, подальше от опасности. Он не мог больше ждать её»."
"""As they are composed of the sand, we give them a shape indigenous to the desert.""","«Поскольку они состоят из песка, мы придаем им форму, характерную для пустыни»."
"""As this test subject's health is reduced, the other test subject's health will also be reduced at the same rate.""","«Поскольку здоровье этого испытуемого снижается, здоровье другого испытуемого также будет уменьшаться с той же скоростью»."
"""As usual, I'll continue logging my research as it proves pertinent. Gorrik out.""","«Как обычно, я продолжу записывать свои исследования, если они окажутся актуальными. Горрик вышёл»."
"""As we carried the spirit, it grew in size and speed. Suddenly, it carried itself, spreading throughout the world.""","«Пока мы несли дух, он рос в размерах и скорости. Внезапно он понесся, распространившись по всему миру»."
"""As with all skimmers, Castoran wavehawks are affectionate—help a young one in need, and you'll receive an item as thanks. The wavehawk was last seen somewhere northwest of Morningrise Prow.""","«Как и все скиммеры, касторанские волновые ястребы ласковы — помогите нуждающемуся детенышу, и вы получите предмет в знак благодарности. В последний раз волнового ястреба видели где-то к северо-западу от носа Утреннего Восхода»."
"""As you approach the bell, you feel the memories of those you've lost floating to the forefront of your mind from the depths of your subconscious.""","«Когда вы приближаетесь к колоколу, вы чувствуете, как воспоминания о тех, кого вы потеряли, всплывают на передний план вашего разума из глубин вашего подсознания»."
"""As you approach the cascading falls, you can feel the life force of every creature branded by the dragon's breath cleansing itself in the water.""","«Приближаясь к каскадному водопаду, вы можете почувствовать жизненную силу каждого существа, заклейменного дыханием дракона, очищающегося в воде»."
"""As you approach, you can hear the skyscale's stomach rumbling loudly.""","«Приближаясь, вы слышите громкое урчание в желудке скайскейла»."
"""As you back away, you hear something new.""","«Отступая, вы слышите что-то новое»."
"""As you earn achievement points, you'll unlock special rewards at regular intervals.""","«По мере того, как вы зарабатываете очки достижений, вы будете регулярно открывать специальные награды»."
"""As you earn experience you will gain levels, increasing your basic abilities.""","«По мере того, как вы зарабатываете опыт, вы будете получать уровни, увеличивая ваши основные способности»."
"""As you embark on your journey, ask yourself: What story shall I impart in my wake?""","«Отправляясь в путешествие, спросите себя: какую историю я расскажу по пути?»"
"""As you gad about, you'll encounter our magi-matter-transportive devices, more commonly known as waypoints. They're mini-gates that—for a trivial fee—transport you across great distances. They're the second most convenient way to travel, next to our gates.""","«Прогуливаясь, вы встретите наши устройства для транспортировки магической материи, более известные как путевые точки. Это мини-врата, которые — за небольшую плату — переносят вас на большие расстояния. Это второй по удобству способ путешествовать после наших врат»."
"""As you get stronger, so do your enemies. Watch out for conditions that bleed, poison, or immobilize you.""","«По мере того, как вы становитесь сильнее, ваши враги тоже. Остерегайтесь условий, которые кровоточат, отравляют или обездвиживают вас»."
"""As you go into the world, you take the knowledge that you fought the infamous Sharky Longears and his golem, THUNDERNATION!""","«Когда вы войдёте в мир, вы узнаете, что сражались с печально известным Шарки Длинноухим и его големом ГРОМ!»"
"""As you journey east, be on your guard. The grawl have grown aggressive towards Priory caravans traveling to and from their encampment. Although the mining corps has no stake in what happens, it won't be long until the grawl turn their raids on our caravans too. If you discourage the attacks on the Priory, it will save us from having to deal with that same headache in the future.""","«Пока вы путешествуете на восток, будьте начеку. Гралы стали агрессивны по отношению к караванам Приората, идущим в их лагерь и обратно. Хотя шахтерский корпус не заинтересован в том, что происходит, пройдёт совсем немного времени, прежде чем гралы нападут и на наши караваны. Если вы препятствуете нападениям на Приорат, это избавит нас от необходимости иметь дело с той же головной болью в будущем»."
"""As you journey outward, you'll encounter amazing asuran waypoints that—for a small fee—allow you to rapidly traverse the land.""","«Путешествуя наружу, вы встретите удивительные путевые точки асуров, которые — за небольшую плату — позволят вам быстро пересечь землю»."
"""As you lean down to touch the stone, a voice calls out from within, """"Why have you entered this hallowed place? Go!""""""","«Когда вы наклоняетесь, чтобы прикоснуться к камню, изнутри раздается голос: «Почему ты вошёл в это священное место? Иди!»»»"
"""As you lean in, something emerges from underneath the rock!""","«Когда вы наклоняетесь, из-под камня что-то появляется!»"
"""As you make your way toward the Eastern Wilds, you'll come across a quaint fishing hamlet.""",«На пути к Восточным дебрям вы встретите причудливую рыбацкую деревушку».
"""As you reach for the keg's nozzle, a noxious scent assaults your nose. Blech! One swig will be more than enough.""","«Когда вы тянетесь к носику бочонка, в нос ударяет ядовитый запах. Бля! Одного глотка будет более чем достаточно»."
"""As you step through the door to this strange world,""",«Когда вы войдёте в дверь в этот странный мир»
"""As you travel, you'll encounter magical asuran waypoints that you can use—for a small fee—to rapidly travel around the world.""","«Во время путешествия вы встретите волшебные путевые точки асуров, которые вы сможете использовать — за небольшую плату — чтобы быстро путешествовать по всему миру»."
"""As you venture further into Castora, you're struck by the grandeur and mystery of this ancient land.""","«Когда вы отправитесь дальше в Кастору, вы будете поражены величием и тайной этой древней земли»."
"""As you wish, Commander!""","— Как пожелаете, командир!"
"""Ascalon Settlement is under attack by centaurs, and they have rock dogs!""","«Поселение Аскалон атаковано кентаврами, и у них есть каменные псы!»"
"""Ascalon Settlement is under attack, reinforced by Tamini centaurs and rock dogs!""","«Поселение Аскалон атаковано, его подкрепляют кентавры Тамини и каменные псы!»"
"""Ascending on a skyscale takes energy, and once the meter runs out, they have reached their maximum hovering height. Use your [lbracket]%str1%[rbracket] key to descend and regain energy.""","«Восхождение на небесную шкалу требует энергии, и как только счётчик закончится, они достигнут максимальной высоты зависания. Используйте клавишу [lbracket]%str1%[rbracket], чтобы спуститься и восстановить энергию»."
"""Asgeir Dragonrender. Battle Master, Favored of the Spirits of the Wild, Builder of Hoelbrak. May his legend live forever.""","«Асгейр Драконорез. Мастер боя, любимец духов дикой природы, строитель Хоэлбрака. Пусть его легенда живёт вечно»."
"""Ash Legion practices the art of stealth to operate in the shadows. But it's also important to make sure others can't sneak up on you. With your help, I'd like to keep my troops on their toes.""","«Пепельный Легион практикует искусство скрытности, чтобы действовать в тени. Но также важно убедиться, что другие не смогут подкрасться к вам. С вашей помощью я хотел бы держать свои войска в напряжении»."
"""Ash Legion's turrets were impressive. Your upgrades will make them even more so. At last, time to see your invention in glorious battlefield action!""",«Турели Пепельного Легиона были впечатляющими. Ваши улучшения сделают их ещё более впечатляющими. Наконец-то пришло время увидеть ваше изобретение в славных боях!»
"""Ash and Blood Legions both wanted to make use of my Ghostbore weaponry, so I conducted field tests to determine which legion received the schematics. I made my choice—and with Warmaster Labofski stirring up the ghosts near Ashford Forum, I'm about to see what my weapon can do in open combat.""","«И Пепельный, и Кровавый Легионы хотели использовать мое оружие Призрачных Боров, поэтому я провел полевые испытания, чтобы определить, какой легион получил схемы. Я сделал свой выбор — и теперь, когда Воитель Лабофски разбудил призраков возле Эшфордского Форума, я собираюсь посмотреть, на что способно мое оружие в открытом бою»."
"""Ashes and snow, he means Minister Kent Duran, the Krytan ambassador. I bet Steelcrusher's the ambassador for the High Legions.""","«Пепел и снег, он имеет в виду министра Кента Дюрана, посла Крайты. Могу поспорить, Стилкрашер — посол Высших Легионов»."
"""Ashhe, the Rune[s] of Valor""","«Ашхе, руна доблести»"
"""Ask Pete about the name """"wavehawk.""""""",«Спроси Пита об имени «Вейвхок»»».
"""Ask yourself: """"Were all my actions today for the betterment of homesteads?"""" If not, please report to the Mordant Crescent.""","«Спросите себя: «Все ли мои сегодняшние действия были направлены на улучшение усадеб?»» Если нет, пожалуйста, сообщите об этом в Мордант Полумесяц»."
"""Ask, and I shall answer.""","«Спрашивайте, и я отвечу»."
"""Assassins, charge!""","«Убийцы, атакуйте!»"
"""Assemble a firing team, arm yourself with dredge mining lasers, and destroy the reinforced door.""","«Соберите огневую команду, вооружитесь шахтными лазерами и разрушьте укрепленную дверь»."
"""Assemble those turrets. With them, and a few guards, we can properly fortify this entrance.""",«Соберите эти турели. С их помощью и несколькими охранниками мы сможем должным образом укрепить этот вход».
"""Assessing one's enemy is good. Constant reassessment is essential. Your reactions must flow naturally, pulled from all that your mind and body have learned. Spar with me, and I will show you.""","«Оценивать своего врага — это хорошо. Постоянная переоценка необходима. Ваши реакции должны протекать естественно, исходя из всего, чему научились ваш разум и тело. Сражайтесь со мной, и я покажу вам»."
"""Assist Marjoy and Kasmeer in """"The Nightmare Ends"""" story instance in Kessex Hills.""",«Помогите Марджой и Касмир в сюжетном эпизоде ??«Кошмар кончается» в Кессекс-Хиллз».
"""Assist Tyrian Alliance efforts in the region by escorting allies to research locations, exploring sealed chambers, plundering Inquest caches, and helping pack expedition bags.""","«Помогайте Тирианскому Альянсу в регионе, сопровождая союзников в исследовательские места, исследуя запечатанные помещения, грабя тайники дознавателей и помогая упаковывать экспедиционные сумки»."
"""Assist a would-be hero in his noble charge, ideally with as many witnesses as possible.""","«Помогите потенциальному герою в его благородном деле, желательно при наличии как можно большего количества свидетелей»."
"""Assist all of the Hullgardeners in one occurrence of the """"Keep the Hullgardeners comfortable while they work on their tans"""" event.""","«Помогите всем жителям Халлгардена в одном из мероприятий «обеспечьте комфорт жителям Халлгардена, пока они работают над загаром»»."
"""Assist in defending the spire from tentacles, or take the portal to attack the head of Nourys.""",«Помогите защитить шпиль от щупалец или воспользуйтесь порталом и атакуйте голову Нуриса».
"""Assist in dragonfly hunts, gather soft marsh plants for the hatchlings, and protect the Michotl from evil hylek and krait.""","«Помогайте в охоте на стрекоз, собирайте мягкие болотные растения для детенышей и защищайте мичотлей от злых хайлеков и крайтов»."
"""Assist in the recovery of a seer art relief, broken apart and scattered throughout Eternity's Garden.""","«Помогите найти рельефный рисунок провидца, разбитый на части и разбросанный по Саду Вечности»."
"""Assist the Atzintli by battling the krait, rescuing captive hylek, and repairing territory markers.""","«Помогите Ацинтли, сражаясь с крайтами, спасая пленных хилеков и восстанавливая маркеры территории»."
"""Assist the admiral with training, the brewmaster with beer making, and Roc'loaka with repairs.""","«Помочь адмиралу в обучении, пивовару в приготовлении пива и Рок'лоаке в ремонте»."
"""Assist the kodan by undertaking surveys, keeping the camp running, and helping with whatever other odds and ends they may need.""","«Помогайте кодану, проводя исследования, поддерживая работу лагеря и помогая с любыми другими мелочами, которые им могут понадобиться»."
"""Assist the locals by repairing boats, rescuing villagers, cleaning debris, beating up riffraff, and donating Shinota blackfins to Hall Director Soohee.""","«Помогайте местным жителям, ремонтируя лодки, спасая жителей деревни, убирая завалы, избивая всякую всячину и жертвуя чёрные плавники Шиноты директору Холла Сухи»."
"""Assistance, please!""","«Помощь, пожалуйста!»"
"""Assistant? No, I don't think so.""","«Ассистент? Нет, я так не думаю»."
"""Associate of Baubles, World 1""","«Ассоциант безделушек, мир 1»"
"""Associate of Baubles, World 2""","«Ассоциант безделушек, Мир 2»"
"""Associate of Secrets, World 1""","«Ассоциант Тайн, Мир 1»"
"""Associate of Secrets, World 2""","«Ассоциант Тайн, Мир 2»"
"""Assume a defensive stance, blocking incoming attacks.""","«Примите оборонительную стойку, блокируя входящие атаки»."
"""Assume a mobile, vaporous form, returning to a downed state when the effect ends.""","«Примите подвижную парообразную форму и вернитесь в упавшее состояние, когда эффект закончится»."
"""Assume a spectral form and gain new skills, turning your life force into health.""","«Примите призрачную форму и приобретите новые навыки, превращая свою жизненную силу в здоровье»."
"""Assume the form of a reaper and gain new skills, turning your life force into health.""","«Примите облик жнеца и приобретите новые навыки, превращая свою жизненную силу в здоровье»."
"""Assume the form of a ritualist and gain new skills, turning your life force into health.""","«Примите облик ритуалиста и приобретите новые навыки, превращающие свою жизненную силу в здоровье»."
"""Assuming even half are true, it seems unlikely that even Makkel could have survived all that.""","«Если предположить, что хотя бы половина из них правда, маловероятно, что даже Маккель смог бы пережить все это»."
"""Astral Ward Notice, 610 AE""","«Уведомление об астральном отделении, 610 ПИ»"
"""Asura, I'd guess. Malomedies had an...encounter with them not long ago. He was lucky to survive. Where did they go?""","«Я думаю, Асура. Маломедис недавно... встретился с ними. Ему повезло, что он выжил. Куда они пошли?»"
"""Asura, driven from their underground cities.""","«Асуры, изгнанные из своих подземных городов»."
"""Aszar, Swinging Pendulum""","«Асзар, качающийся маятник»"
"""As—a—reaper, you're—a—keeper.""","«Как… жнец, ты – хранитель»."
"""As—such, I—have—acquired—a—series—of—eclectic—skills. Would—you—like—to—hear—""""The—Ballad—of—the—Hobo—Bindle?""""""","""Таким образом, я - приобрел - ряд - эклектичных - навыков. Хотели бы - вы - услышать - """"Балладу - о - Бродяге - Биндле?"""""""
"""At 10 stacks, become enlarged, dealing more damage, taking less damage, and converting a percentage of outgoing damage into healing.""","«При 10 зарядах вы становитесь больше, нанося больше урона, получая меньше урона и превращая процент исходящего урона в исцеление»."
"""At 10 stacks, convert your outgoing condition damage to healing for a period of time.""",«При 10 зарядах преобразуйте исходящий урон от состояний в исцеление на определенный период времени».
"""At 10 stacks, might you apply becomes stronger.""",«При 10 стеках сила вашего применения становится сильнее».
"""At 5 stacks, the next time you inflict poison also inflicts a burst of poison, weakness, and cripple on nearby enemies.""","«При 5 стеках следующий раз, когда вы наносите яд, вы также наносите взрыв яда, слабость и калеку ближайшим врагам»."
"""At Falias Thorp, I met a mysterious sylvari, named Malyck. Together, we were able to rally the fallen wardens and drive off the Nightmare Court. Many of the wardens were kidnapped, including thair leader, Captain Banya. It's very strange...Malyck doesn't seem to have any memory of the Grove, or the Dream. I wanted to take him to the Pale Tree, but he was insistent about saving his kidnapped friends. Now, it's off to Joy's End to save the wardens and make the Nightmare Court pay for this attack.""","«В Фалиасе Торпе я встретил таинственного сильвари по имени Малик. Вместе мы смогли собрать павших стражей и прогнать Двор Кошмаров. Многие стражи были похищены, включая их лидера, капитана Баню. Это очень странно... Кажется, Малик не помнит ни Рощи, ни Сна. Я хотел отвести его к Бледному Древу, но он настаивал на спасении своих похищенных друзей. Теперь, они отправляются в Конец Радости, чтобы спасти стражей и заставить Кошмарный Двор заплатить за это нападение»."
"""At First Camp, you'll find the original Followers of Ascension—true believers eager to study any lore they find.""","«В Первом Лагере вы найдёте первых Последователей Вознесения — истинно верующих, стремящихся изучить любые знания, которые они найдут»."
"""At Logan's request, I met with a Shining Blade agent stationed outside Fort Evennia, which had been taken over by White Mantle operatives. With the agent's help, I was able to infiltrate the fort and sabotage the Mantle's operations.""","«По просьбе Логана я встретился с агентом Сияющего Клинка, находившимся возле форта Эвенния, который был захвачен оперативниками Белой Мантии. С помощью агента я смог проникнуть в форт и саботировать операции Мантии»."
"""At Queen Jennah's behest, I joined her in the Upper City for a gathering of the Ministry. Her Majesty delivered a stirring speech before she was suddenly interrupted by a surprise attack by the White Mantle, prompting many of the ministers to reveal their traitorous intentions. Our attention now turns to Lake Doric, presently under siege by the White Mantle.""","«По приказу королевы Дженны я присоединился к ней в Верхнем городе на собрании Министерства. Её Величество произнесла волнующую речь, прежде чем её внезапно прервала внезапная атака Белой Мантии, побудившая многих министров раскрыть свои предательские намерения. Теперь наше внимание обращено на озеро Дорик, в настоящее время осажденное Белой Мантией»."
"""At Rytlock's suggestion, I joined one of the orders of Tyria permanently. We both agreed that this is the best and most effective way to battle the Elder Dragons, and to put a stop to the necromancer Rissa and her amulets. It's also the surest way to find out what happened to my missing dead warbandmate, Howl the Brazen, so that he can finally rest in peace.""","«По предложению Ритлока я присоединился к одному из орденов Тирии на постоянной основе. Мы оба согласились, что это лучший и самый эффективный способ сразиться со Старшими Драконами и положить конец некромантке Риссе и её амулетам. Это также самый верный способ узнать, что случилось с моим пропавшим мёртвым товарищем по отряду, Воем Наглым, чтобы он наконец мог покоиться с миром»."
"""At Trahearne's request, I joined him in Concordia to discuss preparing the Pact's campaign into Orr to confront Zhaitan.""","«По просьбе Трэхирна я присоединился к нему в Конкордии, чтобы обсудить подготовку кампании Пакта в Орре для противостояния Зайтану»."
"""At a recent celebratory moot held in Hoelbrak, I ______.""","«На недавнем праздничном собрании, состоявшемся в Хельбраке, я ______»."
"""At ease, Tactician. Laranthir called for my assistance. What can you tell me about the situation in Maguuma?""","«Спокойно, тактик. Ларантир позвал меня на помощь. Что вы можете рассказать мне о ситуации в Магууме?»"
"""At ease, soldier. What's on your mind?""","«Спокойно, солдат. Что у тебя на уме?»"
"""At last, a customer!""",«Наконец-то клиент!»
"""At last, freedom! Thank you.""",«Наконец-то свобода! Спасибо».
"""At last, we have the strength to secure our underground passages.""","«Наконец-то у нас есть силы, чтобы обезопасить наши подземные переходы»."
"""At least I've got something to fight for, right? I've got to live long enough to get back home and leave him.""","«По крайней мере, мне есть за что бороться, верно? Мне нужно прожить достаточно долго, чтобы вернуться домой и оставить его»."
"""At least you sent him back to...wherever he's from. Make sure he doesn't follow you back, okay?""","«По крайней мере, ты отправил его обратно... откуда бы он ни был. Проследи, чтобы он не последовал за тобой, хорошо?»"
"""At maximum, charges gain a burst of power.""",«Максимум заряды получают прилив мощности».
"""At maximum, charges gain a burst of speed.""",«Максимально скорость зарядов увеличивается».
"""At the Inquest's overwatch, west of Blue Hole.""","«Под наблюдением Следствия, к западу от Голубой Дыры»."
"""At the Seraph camp, Captain Renata had good news and bad news about Mink. The good news: she'd seen Mink. The bad news: Mink's about to sell some of his VAL-A golems to a merchant. I've got to get there and stop them in case they go berserk!""","«В лагере Серафимов у капитана Ренаты были хорошие и плохие новости о Минке. Хорошие новости: она видела Минка. Плохие новости: Минк собирается продать несколько своих големов ВАЛ-А торговцу. Я должен добраться туда и остановить их, если они выйдут из себя!»"
"""At the city gates, dozens of civilians from various trades met the unit to unexpectedly join them on their journey. Additional supplies were packed to accommodate them.""","«У городских ворот отряд встретили десятки гражданских лиц разных профессий, которые неожиданно присоединились к ним в пути. Для их размещения были упакованы дополнительные припасы»."
"""At the heart of a labyrinth, the Mad King's most faithful servant toils at his tasks.""",«В самом сердце лабиринта трудится самый верный слуга Безумного Короля».
"""At the malfunctioning gate that's spitting out these deranged golems. She claimed she could feel them on the other side of the gate, laughing at us.""","«У неисправных ворот, из которых выплевываются эти сумасшедшие големы. Она утверждала, что чувствует их по другую сторону ворот и смеется над нами»."
"""At the maximum threshold, this power activates automatically. Collect more essence orbs to recharge the power after it fades.""","«При максимальном пороге эта сила активируется автоматически. Соберите больше сфер сущности, чтобы перезарядить силу после того, как она исчезнет»."
"""At the mouth where two rivers meet, there is a strong smell of fish in the air.""","«В устье, где встречаются две реки, в воздухе витает сильный запах рыбы»."
"""At the southern border of embattled Kryta, the Kessex Hills are overrun with marauding centaurs. Wrecked human towns dot the countryside, and a heavily-patrolled road from Lion's Arch connects with lands to the south.""","«На южной границе сражающейся Крайты холмы Кессекса наводнены мародерствующими кентаврами. Разрушенные человеческие города усеивают сельскую местность, а тщательно патрулируемая дорога из Львиной Арки соединяется с землями на юге»."
"""At the very least, you're a quicker wit than those weepy fools over there.""","«По крайней мере, ты сообразительнее, чем те плаксивые дураки там»."
"""At this rate we're sure to overtake, you know...that trading company.""","«Такими темпами мы наверняка обгоним, ну, вы знаете… эту торговую компанию»."
"""At this very moment, Mordrem are dismantling our defenses. They'll attack the outposts that protect us first.""","«В этот самый момент Мордрем разрушает нашу оборону. В первую очередь они атакуют аванпосты, которые нас защищают»."
"""At three-minute intervals, channel the mist essence to summon your powerful Mist Champion.""","«С интервалом в три минуты направляйте сущность тумана, чтобы призвать своего могущественного Чемпиона Тумана»."
"""At what? At the Priory, we collect information before we act. Otherwise, we're just flailing at shadows.""","«В чем? В Приорате мы собираем информацию, прежде чем действовать. В противном случае мы просто боремся с тенями»."
"""At your service. Killing Orrians is my purpose in life, but in the spirit of our newly forged union, this feels extra noble.""","«К вашим услугам. Убийство Оррианцев — цель моей жизни, но в духе нашего недавно созданного союза это кажется особенно благородным»."
"""Atlalli, Master Alchemist""","«Атлалли, мастер-алхимик»"
"""Attaching items and coins to in-game mail is restricted for new accounts. As you continue to play, this restriction will be lifted.""",«Прикрепление предметов и монет к внутриигровой почте запрещено для новых учётных записей. По мере продолжения игры это ограничение будет снято».
"""Attack foes in front of you with a series of strikes, consuming any active soul shards. Deal additional damage against foes below the health threshold.""","«Атакуйте противников перед собой серией ударов, поглощая все активные осколки души. Наносите дополнительный урон противникам, у которых здоровье ниже порога»."
"""Attack foes in the target area, inflicting them with conditions. Gain stacks of Crushing Abyss for each target struck, up to the maximum.""","«Атакуйте противников в выбранной области, накладывая на них состояния. Получайте заряды Сокрушающей бездны за каждую пораженную цель, вплоть до максимума»."
"""Attack foes in the target area, inflicting them with conditions.""","«Атакуйте противников в выбранной области, накладывая на них состояния»."
"""Attack with a final, powerful strike that applies might for each foe you strike.""","«Атакуйте последним мощным ударом, который применяет мощь к каждому противнику, которого вы ударите»."
"""Attack with both claws, unleashing three fiery projectiles with each swipe.""","«Атакуйте обеими когтями, выпуская при каждом ударе три огненных снаряда»."
"""Attack your foe from the shadows, striking for double damage if you hit from behind.""","«Атакуйте врага из тени, нанося двойной урон, если наносите удар сзади»."
"""Attack your foes with stealth, knocking enemies down.""","«Атакуйте врагов скрытно, сбивая их с ног»."
"""Attack, fast!""","«Атакуйте, быстро!»"
"""Attack, yes!""","«Атаковать, да!»"
"""Attain elemental singularity by remaining in an attunement for a period of time. Upon attaining singularity, you may overload the attunement to your vicinity. Gain access to <c=@abilitytype>Shouts</c>.""","«Достигните элементарной сингулярности, оставаясь в настроении в течение определенного периода времени. Достигнув сингулярности, вы можете перегрузить настройку на свое окружение. Получите доступ к <c=@abilitytype>Крикам</c>»."
"""Attention! Stand up straight, Private!""","— Внимание! Встаньте прямо, рядовой!"
"""Attention, my creation.""","«Внимание, мое творение»."
"""Attune to air, gaining heavy damage and control abilities.""","«Настройтесь на воздух, получите сильный урон и способности контроля»."
"""Attune to earth, gaining superior damage over time and defensive abilities.""","«Настройтесь на землю, получая превосходный урон с течением времени и защитные способности»."
"""Attune to earth, gaining superior damage-over-time and defensive abilities.""","«Настройтесь на землю, приобретая превосходные постепенный урон и защитные способности»."
"""Attune to fire, gaining heavy damage and burning abilities.""","«Настраивайтесь на огонь, получая сильный урон и горящие способности»."
"""Attune to water, gaining superior support and healing abilities.""","«Настройтесь на воду, получите превосходную поддержку и целебные способности»."
"""Attuned Lunaria, Circle of the Moon (Infused)""","«Настроенная Лунария, Круг Луны (Настоящий)»"
"""Attuned Lunaria, Circle of the Moon""","«Настроенная Лунария, Круг Луны»"
"""Attuned Solaria, Circle of the Sun (Infused)""","«Настроенная Солярия, Круг Солнца (Настоящий)»"
"""Attuned Solaria, Circle of the Sun""","«Настроенная Солярия, Круг Солнца»"
"""Augh! Oh, hi. Sorry, I was woolgathering.""","«Ага! О, привет. Извините, я витал в воздухе»."
"""Aurene has gifted you a small amount of protective, renewing, invigorating energy. Does not stack.""","«Аурин подарила вам небольшое количество защитной, обновляющей и бодрящей энергии. Не суммируется»."
"""Aurene has gifted you the ability to harvest Volatile Magic, which would otherwise be hazardous to touch.""","«Орин подарила вам возможность собирать Неустойчивую магию, к которой в противном случае было бы опасно прикасаться»."
"""Aurene is old enough to begin her training. I'm sure Glint would be pleased. The Exalted set up several challenges for her and I to conquer together. I taught the little dragon compassion, courage, and teamwork. Our final challenge put our bond to the test, and we overcame it. The creature we defeated never had a chance.""","«Орин достаточно взрослая, чтобы начать обучение. Я уверен, что Глинт будет рада. Возвышенные поставили перед ней и мной несколько задач, которые мы должны преодолеть вместе. Я научила маленького дракончика состраданию, смелости и командной работе. Наше последнее испытание подвергло нашу связь испытанию, и мы преодолели его. У существа, которого мы победили, не было шанса»."
"""Aurene! If you can hear me, please protect them!""","«Орин! Если ты меня слышишь, пожалуйста, защити их!»"
"""Aurene's magic is protecting you, allowing you to evade incoming attacks.""","«Магия Аурин защищает вас, позволяя уклоняться от атак»."
"""Aurene's magic launches you through the air, allowing you to cross incredible distances.""","«Магия Аурин поднимает вас в воздух, позволяя преодолевать невероятные расстояния»."
"""Aurene? Is that the prismatic dragon, or whatever your people call her?""","«Аурин? Это призматический дракон, или как её называют ваши люди?»"
"""Aurielo the Survivor, if that tells you anything. I was a drifter after I lost my second warband. When I came here and saw pirates setting fire to the farms, I decided to stay and help the farmers.""","«Ауриэло Выживший, если это тебе что-нибудь говорит. Я стал бродягой после того, как потерял свой второй отряд. Когда я пришёл сюда и увидел, как пираты поджигают фермы, я решил остаться и помочь фермерам»."
"""Authorities have described her as an asura; diminutive, with multicolored eyes.""","«Власти описали её как асуру, миниатюрную, с разноцветными глазами»."
"""Automatically stock <c=@abilitytype>blades</c> while in combat. When you use a <c=@abilitytype>bladesong</c> above the blade threshold, refund <c=@abilitytype>blades</c>. <c=@abilitytype>Blade</c> attacks deal more damage.""","«Автоматически накапливайте <c=@abilitytype>клинки</c> во время боя. Когда вы используете <c=@abilitytype>песню клинка</c>, превышающую порог клинка, верните <c=@abilitytype>клинки</c>. Атаки <c=@abilitytype>клинком</c> наносят больше урона»."
"""Available for a limited time! When you use this consumable, your character finishes foes in in PvP and WvW by dropping an Adventure Box Super Bomb on them. Lasts for one hour.""","«Доступно в течение ограниченного времени! Когда вы используете этот расходный материал, ваш персонаж добивает противников в PvP и WvW, бросая на них супербомбу Adventure Box. Действует в течение одного часа»."
"""Available for purchase after completing the """"A Star To Guide Us"""" Mastery achievement.""","«Доступно для покупки после выполнения достижения мастерства «Звезда, которая нас направит»»."
"""Available upon completion of the achievement """"Coalescence II: The Gift.""""""",«Доступно после получения достижения «Слияние II: Дар»»».
"""Avast, ye scurvy dogs!""","«Аваст, вы, мерзкие псы!»"
"""Avast, you miscreant.""","«Аваст, ты негодяй»."
"""Avast, you scurvy golem.""","«Аваст, ты, мерзкий голем»."
"""Average enemy (4,000,000 health).""",«Средний враг (4 000 000 здоровья)».
"""Avoid getting hit by Firestorm, and then defeat Sabetha.""","«Избегайте попадания Огненного шторма, а затем победите Сабету»."
"""Avoid getting hit by Magic Storm, and then defeat the Vale Guardian.""","«Избегайте попадания Магического шторма, а затем победите Стража долины»."
"""Avoid the Ministry Guards, and lead Tybalt and Demmi across the Grand Piazza.""",«Избегайте стражи Министерства и проведите Тибальта и Демми через Большую площадь».
"""Avoid the Spectral Darkness, and defeat Gorseval.""",«Избегайте призрачной тьмы и победите Горсеваля».
"""Aw, Braham! Come on! This hurts us more than it hurts you!""","«Ой, Брэм! Да ладно! Это ранит нас больше, чем тебя!»"
"""Aw, I was so close to a perfect score.""","«Ой, я был так близок к идеальному результату»."
"""Aw, c'mon!""","«Ой, давай!»"
"""Aw, do we have to?""","— Ой, а нам это нужно?"
"""Aw, does it hurt?""","— Ой, это больно?"
"""Aw, don't look so glum! Still got many moons of learning ahead of ya. And many calloused claws. Tough work, indeed.""","«Ой, не смотри так мрачно! Впереди у тебя ещё много лун обучения. И много мозолистых когтей. Действительно тяжёлая работа»."
"""Aw, it was nothing.""","«Ой, это было ничего»."
"""Aw, look. They're grateful to you, Commander, for helping them find their new home. As am I.""","«Ой, смотрите. Они благодарны вам, коммандер, за то, что вы помогли им найти новый дом. Как и я»."
"""Aw, okay.""","«Ой, окей»."
"""Aw, poor castoff choya.""","«Ой, бедный отброс, Чойя»."
"""Aw, thanks!""","«Ой, спасибо!»"
"""Aw, the recruit wants to climb the ranks, huh? How sweet!""","«Ой, новобранец хочет подняться по служебной лестнице, да? Как мило!»"
"""Aw, we were just talking. No harm done! I never mentioned the commander's letter or the pirates.""","«Ой, мы просто разговаривали. Ничего страшного! Я никогда не упоминал письмо командира или пиратов»."
"""Aw, yeah. Let's go.""","«Ой, да. Поехали»."
"""Aw, you're no fun.""","«Ой, ты не веселый»."
"""Awaiting your orders, sir.""","— Жду ваших приказаний, сэр."
"""Awarded for completing the story step """"Bringing Out the Archon.""""""",«Присуждается за завершение сюжетного этапа «Вызов Архонта»»».
"""Awarded for completing the story step """"Crystalline Memories.""""""",«Присуждается за прохождение сюжетного этапа «Кристальные воспоминания»»».
"""Awarded for completing the story step """"Enemy of My Enemy.""""""",«Присуждается за прохождение сюжетного этапа «Враг моего врага»»».
"""Awarded for completing the story step """"Facing the Truth.""""""",«Присуждается за завершение сюжетного этапа «Лицом к истине»»».
"""Awarded for completing the story step """"The Sacrifice.""""""",«Присуждается за завершение сюжетного этапа «Жертвоприношение»»».
"""Awarded for completing the story step """"The Way Forward.""""""",«Присуждается за завершение сюжетного этапа «Путь вперёд»»».
"""Away from the fortress, the mursaat power subsides.""",«Вдали от крепости сила мурсаата утихает».
"""Away from the troops, Captain Gwen Thackeray seems concerned, an unspoken question on her lips. Though Ascalon is telling them to return, is their mission really complete with charr still nearby?""","«Капитан Гвен Теккерей, находясь вдали от войск, кажется обеспокоенной, с невысказанным вопросом на её губах. Хотя Аскалон говорит им вернуться, действительно ли их миссия завершена, а чарры все ещё поблизости?»"
"""Awful. All of it. But comforted by the helping hand of your Astral Ward, I am. They've earned some of my trust.""",«Ужасно. Все это. Но меня утешает рука помощи вашей Астральной стражи. Они заслужили часть моего доверия».
"""Aww, come on. I won't eat much. You can use my rations to feed the hungry.""","«Ой, да ладно. Я не буду много есть. Можешь использовать мои пайки, чтобы накормить голодных»."
"""Awww, this one's kind of cute.""","«Оу-у-у, это очень мило»."
"""Awwww, crap.""","«Оу-у-у, дерьмо»."
"""Axes, daggers, hammers, greatswords, maces, shields, sigils, spears, and swords.""","«Топоры, кинжалы, молоты, двуручные мечи, булавы, щиты, символы, копья и мечи»."
"""Aye aye, sir!""","«Да, сэр!»"
"""Aye, I'm in. Jackdaws, belly up to the bar! Fill your mugs and lay your money down!""","— Да, я в деле. Галки, лезьте к стойке! Наполните кружки и положите деньги!"
"""Azabe Qabar, the Royal Tombs""","«Азабе Кабар, царские гробницы»"
"""BTY-R68 """"Bitty""""""","""BTY-R68 """"Битти"""""""
"""Baba, are we really descendants of Koss?""","«Баба, мы действительно потомки Косса?»"
"""Bachelor of Baubles, World 1""","«Бакалавр безделушек, Мир 1»"
"""Bachelor of Baubles, World 2""","«Бакалавр безделушек, Мир 2»"
"""Bachelor of Secrets, World 1""","«Бакалавр тайн, мир 1»"
"""Bachelor of Secrets, World 2""","«Бакалавр тайн, Мир 2»"
"""Back already? Look, we can only dig out so much iron ore at one time.""","«Уже вернулись? Слушай, мы можем добыть только определенное количество железной руды за один раз»."
"""Back at Camp Resolve, I made sure that Caithe was taking our intel to Marshall Trahearne before asking a Pact tactician to point me to Explorer Campbell's location nearby in the Silverwastes.""","«Вернувшись в лагерь «Решимость», я убедился, что Кейт передала нашу информацию маршаллу Трэхирну, прежде чем попросить тактика Пакта указать мне местонахождение исследователя Кэмпбелла неподалеку в Серебряных пустошах»."
"""Back at the Durmand Priory, we gave the Sanguinary Blade to Gixx. Hopefully, the researchers can run tests on the blood, and find some weakness to use against the Elder Dragons.""","«Вернувшись в монастырь Дурманд, мы отдали Гиксу Сангвинарный клинок. Надеюсь, исследователи смогут провести анализы крови и найти слабые места, которые можно будет использовать против Старших Драконов»."
"""Back for another flogging, are ye?""","— Ты вернулся для очередной порки, да?"
"""Back for more, Captain Sayida? The Sunspear's bounty wasn't enough for you?""","— Вернулся за добавкой, капитан Саида? Награды Солнечного Копья тебе не хватило?"
"""Back from hylek village. Bad! Bad! Bad! But when there, smart, smart! Now have more shinies! You want shinies? Yes you do! I have shinies! How about you?""","«Вернулся из деревни хилек. Плохо! Плохо! Плохо! Но когда ты там, умный, умный! Теперь у тебя больше блесток! Хочешь блесток? Да, хочешь! У меня есть блестки! А ты?»"
"""Back off, plant.""","«Отойди, растение»."
"""Back off, two legs. You don't know what you're getting yourself into.""","«Отойди, две ноги. Ты не знаешь, во что ввязываешься»."
"""Back on my feet, thanks to you.""","«Я снова на ногах, благодаря тебе»."
"""Back then, everyone wore their fur like that, of course.""","«Тогда, конечно, все носили такой мех»."
"""Back to dust, my minion.""","«Обратно в прах, мой миньон»."
"""Back to the fight, my friend.""","«Вернемся к бою, друг мой»."
"""Bad news, Herald. Looks like the Orrians got here first.""","«Плохие новости, Вестник. Похоже, оррианцы пришли сюда первыми»."
"""Bad times for my people. So hard to keep families safe now. Caves getting dangerous, so dangerous. Please help, yes?""","«Плохие времена для моего народа. Сейчас так трудно обеспечить безопасность семей. Пещеры становятся опасными, такими опасными. Пожалуйста, помогите, да?»"
"""Badazar. Now. Now. Take grawl, make mighty grawl!""","«Бадазар. Сейчас. Сейчас. Возьми рычание, сделай могучее рычание!»"
"""Bah! Perhaps they can't spoil my genius. They can, however, steal my thunder.""","«Ба! Возможно, они не смогут испортить мой гений. Однако они могут украсть мой гром»."
"""Bah! That is one big creepy crawler. And the bigger they get, the meaner they get. We've got to kill that thing before it whips all the other devourers into a frenzy.""","«Ба! Это один большой жуткий ползун. И чем больше они становятся, тем злее они становятся. Мы должны убить эту тварь, прежде чем она доведет до безумия всех остальных пожирателей»."
"""Bah, is this recording...ah haha! There it goes.""","«Ба, это запись… ах-ха-ха! Вот оно»."
"""Bah, it's nothing. Don't let it distract you.""","«Бах, это пустяки. Не позволяй этому отвлекать тебя»."
"""Bail out, Slayer! There's something wrong with your suit. It's smoking!""","«Выручай, Истребитель! Что-то не так с твоим костюмом. Он дымит!»"
"""Bait and lures both increase your fishing power, which helps reduce the difficulty of catching fish. Fishing supply vendors all around Cantha have them for sale.""","«И наживка, и приманки увеличивают вашу рыболовную мощь, что помогает снизить сложность ловли рыбы. Продавцы рыболовных товаров по всей Канте продают их»."
"""Baleful Glass: South of Nyedra's coliseum, where limbs reach west toward Zakiros.""","«Гибельное стекло: к югу от Колизея Ньедры, где конечности тянутся на запад, в сторону Закироса»."
"""Ballista Geargrind: Keep your head down, and they'll never know what hit them.""","«Ballista Geargrind: опустите голову, и они никогда не узнают, что их поразило»."
"""Ballista Geargrind: Oh, for— Elementals in the courtyard! Warband! Clean it out!""","«Баллиста Geargrind: О, элементали во дворе! Отряд! Вычистите его!»"
"""Balthazar fought with you to save us, friends. Thank you.""","«Бальтазар сражался вместе с вами, чтобы спасти нас, друзья. Спасибо»."
"""Balthazar is dead, but bigger problems may be on the horizon.""","«Бальтазар мертв, но на горизонте могут возникнуть более серьёзные проблемы»."
"""Balthazar is the god of fire and war, of conquest and victory. Those favored by his blessing will be granted the swiftness of a true competitor.""","«Бальтазар — бог огня и войны, завоеваний и побед. Тем, кто получит его благословение, будет дарована быстрота настоящего соперника»."
"""Balthazar teaches us to stoke the flames within ourselves and others, and to go forth boldly in all our dealings. Do you follow the ways of Balthazar?""",«Бальтазар учит нас разжигать пламя внутри себя и других и смело действовать во всех наших делах. Следуете ли вы путями Бальтазара?»
"""Balthazar's breath! Ogres? The Renegades are stirring up anything they can find, just to send 'em at us!""","«Дыхание Бальтазара! Огры? Отступники трясут все, что могут найти, только для того, чтобы послать их на нас!»"
"""Balthazar's hounds, the centaurs are merciless. When they aren't driving us off our lands, they're murdering our friends and family. And they just don't stop coming.""","«Собаки Бальтазара, кентавры, беспощадны. Когда они не выгоняют нас с наших земель, они убивают наших друзей и семью. И они просто не перестают приходить»."
"""Balthazar, god of war, grant me victory!""","«Бальтазар, бог войны, даруй мне победу!»"
"""Balthazar, grant me victory.""","«Бальтазар, даруй мне победу»."
"""Balthazar, please! Don't let them survive!""","«Бальтазар, пожалуйста! Не дай им выжить!»"
"""Balthazar, save—""","— Бальтазар, спаси…"
"""Balthazar, the god of war, blessed me when I was young.""","«Бальтазар, бог войны, благословил меня, когда я был молодым»."
"""Balthazar—the god of war, fire, and challenge—oversees the battle arena. He gifts those who have a knack for combat strategy and skill with weapons. I have trained hard to honor Balthazar.""","«Бальтазар — бог войны, огня и испытаний — наблюдает за боевой ареной. Он одаривает тех, кто обладает талантом к боевой стратегии и навыками обращения с оружием. Я усердно тренировался, чтобы почтить Бальтазара»."
"""Bandits are attacking the cattle ranch! Please, they need to be stopped.""","«Бандиты нападают на скотоводческое ранчо! Пожалуйста, их нужно остановить»."
"""Bandits have taken over a series of caverns beneath a hill known as the Altar of Dwayna. The bandits cause mayhem in the area by raiding nearby farms, burning crops, and kidnapping innocents.""","«Бандиты захватили ряд пещер под холмом, известным как Алтарь Двейны. Бандиты устраивают хаос в этом районе, совершая набеги на близлежащие фермы, сжигая посевы и похищая невинных»."
"""Bandits have taken over my ranch, and my cows can't come home 'til they're gone.""","«Бандиты захватили мое ранчо, и мои коровы не смогут вернуться домой, пока они не уйдут»."
"""Bandits or no, I need to get to Kessex Haven.""","«Бандиты или нет, но мне нужно добраться до Кессекс-Хейвена»."
"""Bangar Ruinbringer, Imperator, Blood Legion""","«Бангарский Разрушитель, Император, Кровавый Легион»"
"""Banished from their world and cast adrift, his loving soul and webbed hands turned to nurture his new allies.""","«Изгнанный из своего мира и брошенный на произвол судьбы, его любящая душа и перепончатые руки обратились к заботе о своих новых союзниках»."
"""Banur, Who Targets the Just""","«Банур, нацеленный на справедливость»"
"""Barely legible within the curls of this delicate vellum is a meticulous catalogue of relics. Opening the scroll further risks irreparable damage, but one record can be clearly read: """"Mulmund.""""""","""В завитках этого тонкого пергамента едва читаемый подробный каталог реликвий. Дальнейшее открытие свитка сопряжено с риском непоправимого повреждения, но одну запись можно прочитать ясно: """"Мулмунд."""""""
"""Barkeep Gallowknot knew Syska as one of his regular customers. He told me about the mysterious meetings Syska routinely held in his tavern, and steered me toward a soldier named Ignavus Ridgerunner. I set out to find Ignavus and solve this mystery before any more Pact soldiers get hurt.""","«Бармен Гэллоукнот знал Сиску как одного из своих постоянных клиентов. Он рассказал мне о загадочных встречах, которые Сиска регулярно проводила в своей таверне, и направил меня к солдату по имени Игнавус Риджраннер. Я намеревался найти Игнавуса и разгадать эту тайну, прежде чем ещё кто-нибудь из солдат Пакта пострадает»."
"""Based off information Taimi sent me, I headed to the Iron Marches to investigate reports of Mordrem activity. Vines and other plant creatures have been sighted as far east as Ascalon, choking everything in their path.<br><br>I assisted the charr and defended the area around Monger's Sink, killing Mordrem and helping soldiers where I could. I acquired samples of dragon minion tissue that may help us understand our enemy. Brutus Rendflesh sent me a Mordrem seed to keep. I may be able to cultivate it into something useful, but I'll probably need a variety of materials.""","«Основываясь на информации, которую прислала мне Тайми, я направился в Железные Марки, чтобы расследовать сообщения об активности Мордремов. Лозы и другие растительные существа были замечены даже на востоке, вплоть до Аскалона, душат все на своем пути.<br><br>Я помогал чаррам и защищал территорию вокруг Раковины Монгера, убивая Мордремов и помогая солдатам, где мог. Я приобрел образцы тканей драконьих миньонов, которые могут помочь нам понять нашего врага. Брут Рендфлеш прислал мне Семя Мордрема, которое я смогу сохранить, возможно, мне удастся вырастить из него что-нибудь полезное, но мне, вероятно, понадобятся различные материалы»."
"""Based on ancient asuran research done by the supergenius Zinn, Taimi has devised a way to counter certain powerful magic abilities. Learn this Mastery to gain access to the Counter Magic special action skill that allows you to turn your enemy's attacks back on themselves.""","«Основываясь на древних асуранских исследованиях, проведенных сверхгением Зинном, Тайми разработал способ противостоять определенным мощным магическим способностям. Изучите это мастерство, чтобы получить доступ к специальному навыку действия «Противодействие магии», который позволяет вам отражать атаки вашего врага на них самих»."
"""Based on what you brought me, I think they should be around...here.""","«Судя по тому, что ты мне принес, я думаю, они должны быть где-то… здесь»."
"""Based on your last public report, the individuals involved in the Shing Jea crash are your leading suspects.""","«Судя по вашему последнему публичному отчёту, лица, причастные к катастрофе в Шинг Джеа, являются вашими главными подозреваемыми»."
"""Bash your foe with the stock of your skale charmer, knocking them back.""","«Ударьте противника прикладом заклинателя чешуи, отбросив его назад»."
"""Bava Nisos: Come for the history, stay for the atmosphere.""","«Бава Нисос: Приходите ради истории, оставайтесь ради атмосферы»."
"""Be Free, Little Bot""","«Будь свободен, маленький бот»"
"""Be at peace, my lady. Tybalt and I are capable agents. We'll ensure your safety.""","— Будьте спокойны, миледи. Мы с Тибальтом — способные агенты. Мы обеспечим вашу безопасность."
"""Be at the right place at the right time, or you're just plain wrong!""","«Окажитесь в нужном месте в нужное время, иначе вы просто ошибаетесь!»"
"""Be brave. Prepare for battle. When you face the darkness, remember that you are not alone.""","«Будьте храбрыми. Готовьтесь к битве. Когда вы столкнетесь с тьмой, помните, что вы не одиноки»."
"""Be careful approaching the rifts. Cerus is looking for you. He got a taste, and he wants a bite.""","«Будь осторожен, приближаясь к разломам. Церус ищет тебя. Он почувствовал вкус и хочет перекусить»."
"""Be careful if you're headed west, the Inquest has a lab out there.""","«Будьте осторожны, если направляетесь на запад, у Следствия там есть лаборатория»."
"""Be careful in these parts, Commander. Watch your back, and make sure to camouflage yourself from Vinetooth.""","«Будьте осторожны в этих местах, командир. Будьте осторожны и обязательно замаскируйтесь от Вайнзуба»."
"""Be careful out there, Commander. This is the only waypoint we were able to set up for the Seraph.""","«Будьте осторожны, командир. Это единственная путевая точка, которую мы смогли установить для Серафима»."
"""Be careful out there, okay? May Lyssa watch over you.""","«Будь осторожен, ладно? Пусть Лисса присмотрит за тобой»."
"""Be careful, there's a lot of death and destruction swirling around this mill.""","«Будьте осторожны, вокруг этой мельницы кружится много смертей и разрушений»."
"""Be careful, there's danger all around us. Come back when you're stronger; we could use your help.""","«Будь осторожен, вокруг нас опасность. Возвращайся, когда станешь сильнее; нам понадобится твоя помощь»."
"""Be careful, this bomb is unstable. The smallest scratch could detonate it, so avoid combat. And move quickly—the fuse only lasts three minutes.""","«Будьте осторожны, эта бомба нестабильна. Малейшая царапина может взорвать её, поэтому избегайте боя. И двигайтесь быстро — взрыватель действует всего три минуты»."
"""Be careful. It doesn't seem to be lying, but I couldn't read it clearly.""","«Будьте осторожны. Кажется, это не ложь, но я не смог прочитать это ясно»."
"""Be careful. They may be businesspeople today, but they were all pirates not too long ago.""","«Будьте осторожны. Сегодня они могут быть бизнесменами, но не так давно все они были пиратами»."
"""Be careful. When centaurs get riled up, there's no stopping them.""","«Будьте осторожны. Когда кентавры разозлятся, их не остановить»."
"""Be healed, my friend.""","«Исцеляйся, друг мой»."
"""Be judicious about using your boost—use it too late before a turn, and you won't be able to make the corner.""","«Будьте разумны в использовании ускорения — используйте его слишком поздно перед поворотом, и вы не сможете пройти поворот»."
"""Be mindful as you explore the halls of the Wizard's Tower. Thousands of years of secrets, and not all of them are safe.""","«Будьте внимательны, исследуя залы Башни Волшебника. Тысячи лет тайн, и не все из них безопасны»."
"""Be on your guard in these parts, friend. There is a growing darkness here; I felt it in the Dream. Now I'm on a Wyld Hunt to protect these lands.""","«Будь настороже в этих краях, друг. Здесь сгущается тьма; я почувствовал это во сне. Теперь я на Дикой Охоте, чтобы защитить эти земли»."
"""Be pragmatic. Think of what we do here as """"enlightened brutality.""""""","«Будьте прагматичны. Думайте о том, что мы здесь делаем, как о «просвещенной жестокости»»»."
"""Be quick, but be careful. Also, be quick!""","«Будь быстр, но будь осторожен. И ещё, будь быстр!»"
"""Be quiet, and stay low. This area's crawling with bandits.""",«Молчи и оставайся на месте. Эта местность кишит бандитами».
"""Be ready for war—his true mistress. And if you're worried about me, don't be. I can face him. I moved on long ago.""","«Будь готова к войне — его истинной любовнице. И если ты беспокоишься обо мне, не беспокойся. Я могу встретиться с ним лицом к лицу. Я давно ушла»."
"""Be strong, son. I'm sure he's all right.""","«Будь сильным, сынок. Я уверен, что с ним все в порядке»."
"""Be the spirits' savior, or see the Eater savor.""",«Стань спасителем духов или увидишь вкус Пожирателя».
"""Be wise, """"Wayfinder.""""""","«Будь мудрым», «Путеводитель»»»."
"""Beacon of Ages Record #2591, Tyria, 1070 AE""","""Запись маяка веков"""
"""Bear is the most powerful among the Spirits of the Wild. She is a symbol of fortitude and self-reliance. She roared over me when I was a babe, and ever since, I've had Bear's courage in my heart.""","«Медведь — самый могущественный среди духов дикой природы. Она — символ силы духа и уверенности в своих силах. Она ревела надо мной, когда я был младенцем, и с тех пор в моем сердце живёт храбрость Медведя»."
"""Bear listens, but does not always answer.""","«Медведь слушает, но не всегда отвечает»."
"""Bear's Brown Ale is the finest beer in Hoelbrak, and those Sons of Svanir won't turn it down. While they're drunk and disorderly, you can free the captive minotaurs.""","«Коричневый эль Медведя — лучшее пиво в Хельбраке, и Сыны Сванира не откажутся от него. Пока они пьяны и бесчинствуют, ты можешь освободить пленных минотавров»."
"""Bear's breath! I didn't know that! I'll take the steel off your hands, but I can't do anything about the jotun. Though I do know someone who can...""","«Медвежье дыхание! Я этого не знал! Я заберу сталь с твоих рук, но с йотуном я ничего не могу сделать. Хотя знаю человека, который может…»"
"""Bear's familiar presence of strength and ferocity surrounding you reminds you to be like her and balance fighting with rest, just as she balances life with hibernation.""","«Привычное присутствие силы и свирепости Медведя, окружающее вас, напоминает вам, что вам нужно быть похожими на неё и балансировать между борьбой и отдыхом, так же, как она балансирует жизнь с спячкой»."
"""Bear's fur, those dredge may stink and have foul tempers, but they do know how to build.""","«Эти земснаряды из медвежьей шкуры могут вонять и иметь скверный характер, но они умеют строить»."
"""Bear's fur, what a mess! Still, waste not, want not. Hungry?""","«Медвежья шерсть, какой беспорядок! Но не тратьте зря, не хотите. Голодны?»"
"""Bear's teeth! How am I going to make that sculpture now? You, I need a hand. Bring me magic ice blocks and I'll make a statue so amazing, it will inspire a whole race of creatures.""","«Медвежьи зубы! Как я теперь буду делать эту скульптуру? Ты, мне нужна рука. Принеси мне волшебные ледяные глыбы, и я сделаю статую настолько удивительную, что она вдохновит целую расу существ»."
"""Bear's teeth, I can't start up this smokehouse and watch these kids at the same time.""","«Медвежьи зубы, я не могу заводить эту коптильню и одновременно наблюдать за этими ребятами»."
"""Bear, Wolf, Raven, and Snow Leopard...but my personal spirit is Eagle.""","«Медведь, Волк, Ворон и Снежный Барс… но мой личный дух — Орел»."
"""Bear, my spirit guide, teaches that there's a time to be forceful and a time to be gentle.""","«Медведь, мой духовный наставник, учит, что есть время быть сильным и время быть нежным»."
"""Because if I die, my legend stops growing.""","«Потому что, если я умру, моя легенда перестанет расти»."
"""Because if it weren't for you, I'd probably be dead.""","«Потому что если бы не ты, я бы, наверное, был мертв»."
"""Because of a recent arrival of players, this map is no longer a candidate to be closed.""",«Из-за недавнего прибытия игроков эта карта больше не является кандидатом на закрытие».
"""Because of you, our camp is that much safer. Many thanks for your work down here.""",«Благодаря тебе наш лагерь стал намного безопаснее. Большое спасибо за твою работу здесь».
"""Because the Dream shapes us all before we awaken, just as it is now shaping you. A darkness within it takes root in our own hearts and becomes a lasting shadow there.""","«Потому что Сон формирует нас всех до того, как мы просыпаемся, точно так же, как он сейчас формирует вас. Тьма внутри него пускает корни в наших сердцах и становится там вечной тенью»."
"""Because the Iron Legion motto is, """"Waste not, want not."""" Actually, that's my motto. But it's not an easy job, what with the Flame Legion attacking this place all the time.""","«Потому что девиз Железного Легиона: «Не растрачивай, не желай». На самом деле, это мой девиз. Но это непростая работа, учитывая, что Легион Пламени постоянно атакует это место»."
"""Because twelve years ago, someone in the thieves guild asked a kid on the street if she needed a place to stay.""","«Потому что двенадцать лет назад кто-то из гильдии воров спросил девушку на улице, нужно ли ей жилье»."
"""Because you already had your condition removal skill unlocked, you've been granted five hero points instead. You should equip your previously unlocked condition removal skill now.""","«Поскольку у вас уже был разблокирован навык снятия состояний, вместо этого вам было предоставлено пять очков героя. Вам следует использовать ранее разблокированный навык снятия состояний сейчас»."
"""Become a """"fast"""" zombie.""",«Станьте «быстрым» зомби».
"""Become a Reaper of Grenth, chilling and poisoning nearby foes.""","«Станьте Жнецом Грента, замораживая и отравляя врагов поблизости»."
"""Become a fire field, burning foes around you every second.""","«Станьте огненным полем, каждую секунду сжигающим врагов вокруг себя»."
"""Become a wisp of natural energy, traversing to the targeted location. When you reach the target, heal nearby allies and grant protection to your pet. Recharge is reduced if you heal another ally.""","«Станьте струйкой природной энергии, направляясь в указанное место. Когда вы достигнете цели, исцелите ближайших союзников и предоставьте защиту своему питомцу. Если вы исцелите другого союзника, перезарядка уменьшится»."
"""Become honored among the Exalted by challenging their champion each day, and unlock their finest treasures within the Forgotten City.""","«Станьте почитаемым среди Возвышенных, бросая вызов их чемпиону каждый день, и откройте их лучшие сокровища в Забытом городе»."
"""Become invisible, as long as you remain in place.""","«Стань невидимым, пока остаешься на месте»."
"""Become stealthed and immobile and gain access to kneel skills, which have increased projectile velocity. You can still dodge roll while kneeling. Kneel is canceled if you swap weapons or become disabled.""","«Стайте незаметным и неподвижным и получите доступ к навыкам стояния на коленях, которые увеличивают скорость снаряда. Вы все равно можете уклоняться от кувырка, стоя на коленях. Преклонение на коленях отменяется, если вы меняете оружие или становитесь инвалидом»."
"""Become tall, do heroics, and gain rewards!""","«Станьте высоким, совершайте героические поступки и получайте награды!»"
"""Been There, Done That""","""Был там, сделал это"""
"""Beer, ale, wine, food, dancers... Hmm, what else do I need to order?""","«Пиво, эль, вино, еда, танцоры... Хм, что ещё мне нужно заказать?»"
"""Beer, you say? Ah, yes. I would like some of this beverage. Thank you for your offer.""","«Пиво, говорите? Ах, да. Я бы хотел немного этого напитка. Спасибо за ваше предложение»."
"""Beetle racing is an ancient human sport, and the recent proliferation of the roller beetle has caused a resurgence of interest! Will you be competing today?""","«Гонки на жуках — древний человеческий вид спорта, и недавнее распространение кругложуков вызвало возрождение интереса! Будете ли вы участвовать в соревнованиях сегодня?»"
"""Before Heitor's barrier, my people moved more freely about Nayos. There was little fear of attack.""",«До барьера Эйтора мои люди передвигались по Найосу более свободно. Опасения нападения почти не было».
"""Before Zhaitan's corruption consumed Orr, Gallow's Hang was gathering point for the arts. Even now, the location has a commanding presence.""","«До того, как порча Зайтана поглотила Орра, Виселица была местом сбора искусств. Даже сейчас это место имеет внушительное присутствие»."
"""Before each of you splits off in pursuit of your pet research subject, let's make sure we coordinate our efforts.""","«Прежде чем каждый из вас отправится в погоню за своим любимым объектом исследования, давайте убедимся, что мы скоординируем наши усилия»."
"""Before long, a baker, a leather crafter, a tailor and their families had also been ordered to join the caravan. Is this a sign of support from the king or an act to remove opposition from his sight? It's a question I dare not voice.""","«Вскоре пекарю, кожевнику, портному и их семьям также было приказано присоединиться к каравану. Является ли это знаком поддержки со стороны короля или актом, направленным на то, чтобы убрать оппозицию из его поля зрения? Это вопрос, который я не смею озвучить»."
"""Before the Unseen could act, the duchess exposed them with the full power of the Veil. It was said that the mursaat attacked with powerful magics, killing the king's advisors and royal guard in seconds. Adelaide and her companions came to the king's defense with combined feedback spells, evacuating His Royal Highness through secret corridors at his direction.""","«Прежде чем Невидимые смогли действовать, герцогиня разоблачила их всей силой Завесы. Говорили, что мурсаат атаковали мощной магией, убив советников короля и королевскую стражу за считанные секунды. Аделаида и её спутники пришли на защиту короля с помощью комбинированных заклинаний обратной связи, эвакуируя Его Королевское Высочество через секретные коридоры по его указанию»."
"""Before we know it, there'll be no safe places left.""","«Прежде чем мы это узнаем, безопасных мест уже не останется»."
"""Before you ask, no, I'm not the missing recon squad leader. Nothing's ever easy, right?""","«Прежде чем ты спросишь: нет, я не пропавший командир разведотряда. Ничто не бывает лёгким, верно?»"
"""Before you begin your reconnaissance, there's a Shining Blade agent south of here who wants a word with you.""","«Прежде чем вы начнете разведку, к югу отсюда есть агент Сияющего Клинка, который хочет поговорить с вами»."
"""Before you drink anything, I should ask you—have you had beer before?""","«Прежде чем ты что-нибудь выпьешь, я должен спросить тебя: ты пил пиво раньше?»"
"""Before you follow Tybalt, speak with me, Initiate.""","«Прежде чем следовать за Тибальтом, поговори со мной, Посвященный»."
"""Before you head into Vabbi, I have information you're going to want to hear.""","«Прежде чем вы отправитесь в Вабби, у меня есть информация, которую вы захотите услышать»."
"""Before you is a complicated control panel with two key slots and a giant red button that says, """"PRESS ME.""""""",«Перед вами сложная панель управления с двумя прорезями для ключей и огромной красной кнопкой с надписью «НАЖМИТЕ МЕНЯ»»».
"""Before, we had guesses; now we have knowledge. Jormag's been very forthcoming. Did you know the two dragons are twinned?""","«Раньше у нас были догадки, теперь у нас есть знания. Йормаг был очень откровенен. Ты знал, что эти два дракона — близнецы?»"
"""Beggin' yer pardon, Cap'n, but I'm taking a break! Care for some ale?""","«Прошу прощения, капитан, но я делаю перерыв! Хотите эля?»"
"""Beggin' your pardon, everyone. Got a little rowdy there.""",«Прошу прощения у всех. Там немного похулиганили».
"""Begin your Super Adventure in World 1! Travel through the Sunny Glade into the Dark Woods, and confront the ruler of the Kingdom of Fungus!""",«Начните свое суперприключение в Мире 1! Путешествуйте через Солнечную поляну в Тёмный лес и сразитесь с правителем Королевства Грибов!»
"""Beginner """"Canach Says"""" Console""",«Новичок» «Канак говорит» «Консоль»
"""Beginning """"The Ascension"""" Journey""",«Начало» «Вознесение» «Путешествие»
"""Begone, interloper! These glyphs are mine.""","«Прочь, нарушитель! Эти глифы мои»."
"""Begone, you mange-ridden mutts! This land belongs to Dragon now!""","«Прочь, чесоточные дворняги! Теперь эта земля принадлежит Дракону!»"
"""Beheremok, a sword of power.""","«Бехеремок, меч силы»."
"""Beherrschung: """"Champions""""""","""Beherrschung: ""Чемпионы"""""""
"""Behold my greatest work—the power of the dragons, invested in a creature under my control!""","«Посмотрите на мою величайшую работу — силу драконов, вложенную в существо, находящееся под моим контролем!»"
"""Behold, my might!""","«Вот, моя мощь!»"
"""Behold, the nightmare realm.""","«Вот, царство кошмаров»."
"""Beigarth is asking for help with a special project. He swears that this new blade could cut mountains in half, but it requires a rare metal from the jotun-infested caves near Hoelbrak. This'll be a chance for me to test my might and impress Beigarth.""","«Бейгарт просит помощи со специальным проектом. Он клянется, что этот новый клинок может разрезать горы пополам, но для этого требуется редкий металл из кишащих йотунами пещер возле Хоэлбрака. Это будет для меня шансом проверить свою мощь и произвести впечатление на Бейгарта»."
"""Beigarth of the norn, Occam of the sylvari—both masters of their craft. I've also brought in the tengu Izu Steelshrike. I have something special in mind for him.""","«Бейгарт из норнов, Оккам из сильвари — оба мастера своего дела. Я также привел тенгу Изу Стального Шрайка. У меня есть для него кое-что особенное»."
"""Beigarth predicted there were steel scraps in the jotun cave, but he failed to foresee the signs of dragon worship and the body of a ritually murdered hunter. If anyone knows what this means, it will be Eir Stegalkin, who once fought the dragons and knows more about them than anyone in Hoelbrak.""","«Бейгарт предсказал, что в йотунской пещере были обломки стали, но он не смог предвидеть следы поклонения дракону и тело ритуально убитого охотника. Если кто-то знает, что это значит, так это Эйр Стегалкин, которая когда-то сражалась с драконами и знает о них больше, чем кто-либо в Хельбраке»."
"""Beigarth the Smith needs Deldrimor steel for his current project. He believes there are scraps of it in a local cave infested by jotun. As of yet, no one he sent to retrieve the scraps has returned.""","«Бейгарту Кузнецу нужна делдриморская сталь для его текущего проекта. Он полагает, что в местной пещере, зараженной йотунами, есть её обрывки. На данный момент никто, кого он послал за обрывками, не вернулся»."
"""Being in Maguuma, I... I feel sick just looking at it. Smelling it. Even if it's not...what happened. I'm not in the mood to write today.""","«Находясь в Магууме, я… мне становится плохо, просто глядя на это. Вдыхая запах. Даже если это не… то, что произошло. У меня нет настроения писать сегодня»."
"""Believe it or not, EVEN MORE FIRE!""","«Хотите верьте, хотите нет, ЕЩЁ БОЛЬШЕ ОГОНЯ!»"
"""Belinda, she...she told me a thousand stories about our family. Here. Where they lived, what they did.""","«Белинда, она... она рассказала мне тысячу историй о нашей семье. Здесь. Где они жили, чем занимались»."
"""Belle, Neva Masquerada""",«Красавица Невской Маскарады»
"""Beneath the dust, there is a small inscription: """"To the Winners of the 1320 Lion's Arch Tournament: Destiny's Edge. Last contestants standing: Rytlock Brimstone & Garm the wolf.""""""",«Под пылью есть небольшая надпись: «Победителям турнира Lion's Arch Tournament 1320: Destiny's Edge. Последние выжившие участники: Ритлок Жарокамень».
"""Beneath the fish nursery, you sense new life slumbering and stirring around you.""","«Под рыбным питомником вы чувствуете, как вокруг вас дремлет и бурлит новая жизнь»."
"""Beneath the protective leaves of the Pale Tree, each Sylvari has one piece of ground that they are particularly comfortable in.""","«Под защитными листьями Бледного Древа у каждого Сильвари есть участок земли, на котором им особенно комфортно»."
"""Beneath the tree's cooling shade, you can feel the landscaper's pride and accomplishment.""",«Под прохладной тенью дерева вы можете почувствовать гордость и достижения ландшафтного дизайнера».
"""Beneath the waves, in a grotto near the village of Hullgarden, an ancient shrine rests under a tree covered with red blossoms.""","«Под волнами, в гроте недалеко от деревни Халлгарден, под деревом, покрытым красными цветами, покоится древний храм»."
"""Benn Tenstrikes refuses to divulge my whereabouts to my father, so the Ministry has tossed him into prison for his trouble. He'd help us, if he still lives.""","«Бенн Тенстрайкс отказывается сообщить моему отцу мое местонахождение, поэтому Министерство бросило его в тюрьму за его проблемы. Он поможет нам, если он ещё жив»."
"""Benn tried to show me once, and I nearly shot his ear off.""","«Однажды Бенн пытался мне это показать, и я чуть не отстрелил ему ухо»."
"""Bercilak seems invincible, but your Dream hinted at a way to stop him. If you can discover the source of the knight's power, perhaps you can end his brutality.""","«Берсилак кажется непобедимым, но твой сон намекнул на способ остановить его. Если ты сможешь обнаружить источник силы рыцаря, возможно, ты сможешь положить конец его жестокости»."
"""Berddi resides in Rata Sum, where she's known for whipping the snap out of whippersnappers.""","«Бердди проживает в Рата-Сум, где она известна тем, что выбивает деньги из хулиганов»."
"""Besides the council's bounty, you'll have no shortage of spoils. The enemy invaders will be carrying loot, and as we seize territory, you'll be amply rewarded for your efforts.""","«Помимо награды совета, у вас не будет недостатка в трофеях. Вражеские захватчики будут нести добычу, и когда мы захватим территорию, вы будете щедро вознаграждены за свои усилия»."
"""Besides, honored guests must get a security detail. Right? Right, Rytlock?""","— Кроме того, почётные гости должны иметь охрану. Верно? Верно, Ритлок?"
"""Besides, what could possibly happen in the next week?""","«Кроме того, что может произойти на следующей неделе?»"
"""Best mine in Tyria, best guild in Tyria. It brings a little tear to my eye.""","«Лучшая шахта в Тирии, лучшая гильдия в Тирии. Это вызывает у меня слезу на глазах»."
"""Best watch your step in this area. My Seraph brothers and sisters maintain an outpost just north of here, but we're spread thin and constantly harassed by nearby bandits. The outlaws have three fortified camps to the west as well, so be careful. Anything you can do to secure this area would be appreciated.""","«Лучше будьте осторожны в этом районе. Мои братья и сестры-серафимы держат аванпост к северу отсюда, но мы рассредоточены и постоянно подвергаемся преследованиям со стороны местных бандитов. У преступников также есть три укрепленных лагеря на западе, так что будьте осторожны. Мы будем признательны за все, что вы можете сделать, чтобы обезопасить эту территорию»."
"""Better for...what, exactly?""",— Лучше для… чего именно?
"""Better get this to a rally point, on the double.""","«Лучше довести это до точки сбора, на дубле»."
"""Better luck next time, ladies.""","«Удачи в следующий раз, дамы»."
"""Between krait and ettins, I'm surprised we made it through with our cargo intact.""","«Между крайтами и эттинами, я удивлен, что мы сумели пройти с нашим грузом в целости и сохранности»."
"""Between us, she thinks very highly of you. And let's just say, she certainly has standards.""","«Между нами, она очень высокого мнения о тебе. И, скажем так, у неё определенно есть стандарты»."
"""Between you and me, alliances—especially this one—are fragile creatures. It was so difficult to assemble, I fear it may be impossible to preserve.""","«Между нами союзы — особенно этот — хрупкие существа. Их было так трудно собрать, что, боюсь, их невозможно будет сохранить»."
"""Between you and me, being this close to the Flame Legion's territory is thrilling. I hope they send more units. Slicing them in half never gets old.""","«Между нами, находиться так близко к территории Легиона Пламени – это захватывающе. Надеюсь, они пришлют больше отрядов. Разрезать их пополам никогда не надоест»."
"""Between you and me, it's a mess out here. Our own Centurion Truthbringer is stuck in the canyons, trying and failing to root out the Flame Legion in there. Those smokelickers are making fools of us at every turn. Lately, they've been breaking our containment perimeters and sneaking into the ruins of Old Piken Square. Rumor has it those fools think they can summon ghosts and use them to flank our northern defenses. As I said, it's a mess.""","«Между нами, здесь полный бардак. Наш собственный Центурион Несущий Истину застрял в каньонах, пытаясь, но безуспешно пытаясь искоренить там Легион Пламени. Эти дымолизцы дурачат нас на каждом шагу. В последнее время они нарушают наш периметр сдерживания и пробираются в руины Старой площади Пайкен. Ходят слухи, что эти дураки думают, что могут вызывать призраков и использовать их, чтобы обойти нашу северную оборону. сказал, что это беспорядок»."
"""Beyond that, looks like they've a camp farther north. Didn't get too close—big tower up there, kind of an eyesore.""","«Кроме того, похоже, что у них есть лагерь дальше на севере. Слишком близко не подходил — там большая башня, какое-то бельмо на глазу»."
"""Bhuer Goreblade, Tribune of the Iron Legion""","«Бхуэр Кровавый Клинок, Трибун Железного Легиона»"
"""Big Nose Ted injured Andrew during the bar fight, and Andrew has been bedridden ever since, too weak to even lift a mug. The medicine you retrieved should speed his recovery.""","«Большой Нос Тед ранил Эндрю во время драки в баре, и с тех пор Эндрю прикован к постели, слишком слаб, чтобы даже поднять кружку. Лекарство, которое вы достали, должно ускорить его выздоровление»."
"""Big help! Like you! Some day, trade shinies! Big shinies!""",«Большая помощь! Как ты! Когда-нибудь торговать блестками! Большие блестками!»
"""Bigger, But Not Faster""","«Больше, но не быстрее»"
"""Bill of Sale: """"The Machine""""""",«Купчая: «Машина»»»
"""Birth, growth, and death. That is nature's way. It applies to the smallest worm and to our world itself.""","«Рождение, рост и смерть. Таков путь природы. Это применимо и к самому маленькому червю, и к самому нашему миру»."
"""Bite foes, dealing additional damage for each condition afflicting anyone struck.""","«Кусайте противников, нанося дополнительный урон за каждое состояние, на которое наложен удар»."
"""Bite your foe, leaving them vulnerable.""","«Укуси врага, сделав его уязвимым»."
"""Bite your foe, siphoning health.""","«Кусай врага, выкачивая здоровье»."
"""Bitterfrost Frontier is one of the most naturally inhospitable places I've ever visited. It's inconceivable that anyone but Svanir choose to live here. I spoke with the kodan and quaggan leaders at Sorrow's Eclipse, and they advised me to speak with the quaggan shaman. The shaman warned me of the extreme cold at my destination, suggesting I speak with the Svanir who have some magical means to survive it. I have a plan to find out how they do it.""","«Граница Горького Мороза — одно из самых негостеприимных мест, которые я когда-либо посещал. Невероятно, чтобы кто-то, кроме Сванира, решил жить здесь. Я разговаривал с лидерами коданов и кваганов в Затмении Скорби, и они посоветовали мне поговорить с шаманом-кваганом. Шаман предупредил меня о сильном холоде в пункте моего назначения, предложив мне поговорить со сванирами, у которых есть какие-то магические средства, чтобы пережить это. план узнать, как они это делают»."
"""Black Night, White Stag""","«Чёрная ночь, белый олень»"
"""Black bears are territorial and private animals, but they form strong bonds with their friends and selflessly intervene when their friends are threatened. Despite their fearsome appearance, they primarily eat berries, fruit, and fish. —Acht""","«Чёрные медведи — территориальные и частные животные, но они образуют прочные связи со своими друзьями и самоотверженно вмешиваются, когда их друзьям угрожает опасность. Несмотря на свой устрашающий внешний вид, они в основном едят ягоды, фрукты и рыбу. — Ахт»"
"""Blackjack, eh? I like it! Let's test your skill, shall we?""","«Блэкджек, да? Мне нравится! Давайте проверим ваше мастерство, а?»"
"""Blast demonic energy in front of you, inflicting conditions on enemies it hits.""","«Выбрасывайте перед собой демоническую энергию, накладывая состояния на врагов, которых она поражает»."
"""Blast that Balthazar! He dove into the volcano's throat where I can't follow. If I'm going to catch up to him, I'll have to find a way to withstand the heat. That same—I think—spirit was waiting for me there. It told me of four ancient spirits of its kind who have been trapped and who can ward me against fire. I have to find and free them, and then I'll be able to go in after Balthazar.""","«Взорвите этого Бальтазара! Он нырнул в глотку вулкана, куда я не могу уследить. Если я собираюсь догнать его, мне придётся найти способ противостоять жаре. Тот же самый, я думаю, дух ждал меня там. Он рассказал мне о четырех древних духах своего рода, которые оказались в ловушке и могут защитить меня от огня. Я должен найти и освободить их, и тогда я смогу пойти за Бальтазаром»."
"""Blast the ground, damaging and knocking down nearby foes and leaping backward.""","«Взрывайте землю, нанося урон и сбивая с ног ближайших противников и отпрыгивая назад»."
"""Blast the ground, damaging nearby foes and leaping to your target.""","«Взрыв по земле, нанося урон ближайшим противникам и прыгая к цели»."
"""Blast your foe with life force, setting them alight.""","«Взорвите противника жизненной силой, подожгите его»."
"""Blasts foe with a cone attack, using all stored charges.""","«Взрывает противника конусной атакой, используя все накопленные заряды»."
"""Blasts foe with a massive attack, using all stored charges.""","«Поражает противника массированной атакой, используя все накопленные заряды»."
"""Blaze your way through Elona on the back of your trusty mount, and fend off the forces of Balthazar, God of War and Fire.<br><c=@reminder>(Requires the Path of Fire expansion.)</c>""","«Прокладывайте себе путь через Элону на спине своего верного скакуна и отбивайтесь от сил Бальтазара, бога войны и огня.<br><c=@reminder>(Требуется расширение «Путь огня»).</c>»"
"""Bleah, what an aftertaste. Still, I already feel strangely invigorated.""","«Блиа, какое послевкусие. Тем не менее, я уже чувствую себя странно бодрым»."
"""Blech, so messy.""","«Блех, какой беспорядок»."
"""Bleed yourself, then siphon health from your foe. Damage increases if your foe is bleeding.""","«Выпустите себе кровь, а затем выкачайте здоровье у противника. Урон увеличивается, если у вашего противника течет кровь»."
"""Bleed, poison, and weaken your foe with a strike from your rusty scrap.""","«Обескровьте, отравите и ослабьте врага ударом ржавого обломка»."
"""Bless me with Snow Leopard's likeness, and I will hunt down these dredge.""","«Благослови меня подобием Снежного Барса, и я выслежу этого драга»."
"""Bless you, merchant. You are truly doing the gods' work.""","«Будь здоров, купец. Ты действительно выполняешь работу богов»."
"""Blessed by the almighty Joko, you leap higher, take reduced fall damage, move quicker, break stuns, and evade attacks.""","«Благословенный всемогущим Джоко, вы прыгаете выше, получаете меньше урона от падения, двигаетесь быстрее, снимаете оглушение и уклоняетесь от атак»."
"""Blinded, you feel your limbs being bound, and fall, half dead on the ground.""","«Ослепнув, вы чувствуете, что ваши конечности связаны, и падаете полумертвым на землю»."
"""Blinding, immobilizing, or affecting a foe with crowd control heals nearby allies.<br><c=@reminder>Skills that strike many foes at the same time can heal multiple times.</c>""","«Ослепление, обездвиживание или воздействие на противника с помощью контроля толпы исцеляет ближайших союзников.<br><c=@reminder>Навыки, наносящие удары по множеству противников одновременно, могут исцелить несколько раз.</c>»"
"""Blinds nearby attackers, and deflects some ranged attacks.""",«Ослепляет нападающих поблизости и отражает некоторые атаки дальнего боя».
"""Blobs, Schmobs""","""Капли, Шмобы"""
"""Block attacks while striking foes in front of you, gaining barrier with each enemy you hit.""","«Блокируйте атаки, нанося удары противникам перед собой, получая барьер с каждым пораженным врагом»."
"""Block incoming attacks for a prolonged duration, and ready a counterattack that deals increased damage based on the attacks blocked.""","«Блокируйте входящие атаки на длительный период и готовьте контратаку, которая нанесет увеличенный урон в зависимости от заблокированных атак»."
"""Block incoming attacks. If an attack is blocked, Counterattack Kick can be used.""","«Блокируйте входящие атаки. Если атака заблокирована, можно использовать контратакующий удар»."
"""Block the next incoming attack. If you block an attack, gain barrier and an aura based on your current attunement.""","«Заблокируйте следующую входящую атаку. Если вы заблокируете атаку, получите барьер и ауру в зависимости от вашей текущей настройки»."
"""Block the next incoming attack. If you block an attack, heal yourself. If this skill follows a <c=@abilitytype>Finisher</c> skill, it blocks additional attacks.""","«Заблокируйте следующую входящую атаку. Если вы заблокируете атаку, исцелите себя. Если этот навык следует за навыком <c=@abilitytype>Finisher</c>, он блокирует дополнительные атаки»."
"""Block, dodge, or evade attacks.""","«Блокируйте, уклоняйтесь или уклоняйтесь от атак»."
"""Block, then counter with a kick and a quick retreat.""","«Блокируйте, затем контратакуйте ударом ноги и быстро отступайте»."
"""Blocked, absorbed, or reflected 20 attacks while wielding a shield in Thunderhead Peaks.""","«Заблокировал, поглотил или отразил 20 атак, используя щит в Грозовой Грядке»."
"""Blocks incoming attacks. Empowers Defiant Roar with each blocked attack, up to 3 stacks.""","«Блокирует входящие атаки. Каждая заблокированная атака усиливает «Непокорный рев», до 3 стаков»."
"""Blood Legion's cannon was impressive. Your upgrades will make it even more so. At last, time to see your invention in glorious battlefield action!""",«Пушка Кровавого Легиона была впечатляющей. Ваши улучшения сделают её ещё более впечатляющей. Наконец-то пришло время увидеть ваше изобретение в славных боях!»
"""Blood Legion—finest infantry in the world, the charr's relentless right arm—has set up challenges throughout the festival.""","«Кровавый Легион — лучшая пехота в мире, неумолимая правая рука чарра — бросал вызов на протяжении всего фестиваля»."
"""Bloodlust has been enhanced during this event! Gain bloodlust by capturing the ruins in each map. The effect is magnified if you control ruins in more than one map! Additionally, earn increased reward-track progress, increased magic find, and double the amount of World Experience!""","«Во время этого события жажда крови усилилась! Увеличьте жажду крови, захватив руины на каждой карте. Эффект усиливается, если вы контролируете руины более чем на одной карте! Кроме того, вы получите увеличенный прогресс в отслеживании наград, улучшенный поиск магии и удвоенное количество мирового опыта!»"
"""Bloodstains, but no bodies. Not a good sign.""","«Пятна крови, но тел нет. Нехороший знак»."
"""Blooms the spiderwort, tempting ire...""","«Цветет паутинник, гнев искушая...»"
"""Blow back foes with a mighty stomp, leaving them vulnerable.""","«Отбросьте противников могучим топотом, сделав их уязвимыми»."
"""Blow the conch, causing competitors to flee in fear.""","«Подуйте в раковину, заставив конкурентов в страхе разбежаться»."
"""Blue Ice Shining took the least damage, and we are making more rapid progress than the other sanctuaries. We'll be among the first to arrive in the south lands.""","«Сияние голубого льда пострадало меньше всего, и мы продвигаемся быстрее, чем другие святилища. Мы будем одними из первых, кто прибудет в южные земли»."
"""Blue moas are protective and paternal to their flock. Their bright red crests make them easy to rally around, and many a flock has survived due to the presence of a blue moa. —Acht""","«Синие моа защищают и отцовски относятся к своей стае. Их ярко-красные гребни позволяют лёгко сплотить их, и многие стаи выжили благодаря присутствию синих моа. — Ахт»"
"""Bluff is selected.<br>Fake a drink. If successful, no health is reduced. If opponent uses Belch, Bluff will be unavailable for two turns.""","«Выбран блеф.<br>Имитация напитка. В случае успеха здоровье не уменьшается. Если противник использует «Отрыжку», блеф будет недоступен в течение двух ходов»."
"""Blunt force trauma is your friend, and you enjoy sharing it with your enemies.""","«Травма тупым предметом — ваш друг, и вам нравится делиться ею со своими врагами»."
"""Boast to Mennerheim steadholders, impress spectators at the northeast sharpshooting range, slay hostile beasts, and help inexperienced hunters.""","«Похвастайтесь землевладельцами Меннергейма, впечатляйте зрителей на северо-восточном стрельбище, убивайте враждебных зверей и помогайте неопытным охотникам»."
"""Boasting colorful plumage that rivals that of the rainbow moa, the phoenix is a regal avian considered by many to be the ruler of all birds. The largest phoenixes are owned by Canthan royalty. —Acht""","«Обладая ярким оперением, которое может соперничать с радужным моа, феникс — царственная птица, которую многие считают повелителем всех птиц. Самые большие фениксы принадлежат кантанской королевской семье. — Ахт»"
"""Bodyguard to Aximus Steelcrusher, charr ambassador.""","«Телохранитель Аксимуса Сталкрашера, посол чарров»."
"""Bold move, coming here.""","«Смелый шаг, придя сюда»."
"""Bolt, the legendary sword. A weapon well-known to your profession.""","«Болт, легендарный меч. Оружие, хорошо известное вашей профессии»."
"""Bombard clustered enemies or demolish buildings with the trebuchet! Press and hold """"Fire Trebuchet"""" to shoot farther.""","«Бомбардируйте скопившихся врагов или разрушайте здания с помощью требушета! Нажмите и удерживайте кнопку «Огонь требушета», чтобы стрелять дальше»."
"""Boo, boo, and boo! Quaggan hates!""","«Бу, бу и бу! Квагган ненавидит!»"
"""Books are stacked on the left, paper and pens to the right... Everything had its place on Lyhr's desk—even a rusted stein, sitting atop an old journal with the letter """"R"""" carved on its leatherbound spine.""","«Книги сложены слева, бумага и ручки — справа… На столе Лира все имело свое место — даже ржавая кружка, стоящая на старом журнале с вырезанной на кожаном переплете буквой «Р»»."
"""Boomerang an axe in a line, striking foes each way.""","«Бумеранг — топор, стоящий в ряд, поражающий врагов во всех направлениях»."
"""Boost the potency of a projectile, and reflect it toward its creator.""",«Увеличьте мощь снаряда и отразите его в сторону создателя».
"""Boost the turtle's acceleration, max speed, and turning ability.""","«Увеличьте ускорение, максимальную скорость и способность черепахи поворачивать»."
"""Boost to experience, gold, magic find, and PvP and WvW reward track gains.""","«Повышение опыта, золота, магических находок и наград PvP и WvW отслеживается»."
"""Boost, Booster, Buffs, Buff, Consumable""","«Усиление, усиление, усиление, усиление, расходный материал»"
"""Borrow a springer by speaking to it, return stolen carrots, chase off groundhogs, kill harpies and destroy their eggs, and refill water troughs.""","«Одолжите спрингера, поговорив с ним, верните украденную морковь, прогоните сурков, убейте гарпий и уничтожьте их яйца, а также наполните корыта водой»."
"""Boss, the norn was too drunk to remember, just like me. Look, friend, you and me took the warband's chugger out for a spin after the moot.""","«Босс, норн был слишком пьян, чтобы помнить, как и я. Слушай, друг, мы с тобой покатались на чаггере банды после спора»."
"""Bossblitz: Halt, Hablion!""","«Боссблиц: Стой, Хаблион!»"
"""Both are sound plans. Lightbringer, I want you to recruit one of them. Your choice.""","«Оба плана хороши. Светоносный, я хочу, чтобы ты завербовал одного из них. Выбор за тобой»."
"""Both gangs fight for dominance of the forest, putting civilian lives at risk.""","«Обе банды борются за господство в лесу, подвергая риску жизни мирных жителей»."
"""Both travelers and locals use the upper levels of Hoelbrak's Great Lodge where, on the oak balconies, they find a welcome respite from a chill world: warmth, comfort, friends, good food, and better drink.""","«И путешественники, и местные жители пользуются верхними уровнями Великой Ложи Хоэлбрака, где на дубовых балконах они находят желанную передышку от холодного мира: тепло, комфорт, друзей, хорошую еду и лучшие напитки»."
"""Both, according to the residents. It was built to immortalize one of the corsair founders of modern Amnoon.""","«И то, и другое, по словам жителей. Он был построен, чтобы увековечить память одного из корсаров-основателей современного Амнуна»."
"""Boticca agreed that the Inquest and the Awakened are threats to her tribe, the Olmakhan. She suggested that we speak to the tribal elders and propose a collaboration that will benefit all of us.""","«Ботица согласилась, что Дознание и Пробужденные представляют угрозу для её племени Олмахан. Она предложила нам поговорить со старейшинами племени и предложить сотрудничество, которое принесет пользу всем нам»."
"""Bounce an orb of energy between foes and allies, granting random boons to allies and inflicting random conditions on foes.""","«Перебрасывайте сферу энергии между противниками и союзниками, даруя союзникам случайные блага и налагая случайные состояния на противников»."
"""Bounce an orb of energy between foes and allies. The first hit applies torment, while subsequent hits to enemies apply confusion. Allies that the orb bounces to gain fury and might.""","«Отбросьте сферу энергии между противниками и союзниками. Первый удар накладывает мучения, а последующие удары по врагам вызывают замешательство. Союзники, от которых шар отскакивает, обретают ярость и мощь»."
"""Bounce your axe between multiple foes, gaining might for each enemy struck.""","«Отбрасывайте топор между несколькими врагами, получая мощь за каждого пораженного врага»."
"""Bounces between foes and allies, applying random boons to allies and random conditions to foes.""","«Перескакивает между врагами и союзниками, применяя случайные блага к союзникам и случайные состояния к противникам»."
"""Bound by Mordrem magic, you are unable to attack.""","«Связанный магией Мордрема, ты не можешь атаковать»."
"""Bow at Sandstrewn Shrine to summon First Spear Dehvad, and collect medals from him for completing his tasks.""","«Поклонитесь в Песчаном святилище, чтобы призвать Дехвада Первого Копья, и получите от него медали за выполнение заданий»."
"""Bow your head, for you walk in the footsteps of the divine.""","«Склоните голову, ибо вы идете по стопам божественного»."
"""Braham Eirsson. You've probably heard of my mother. She's a """"famous hero,"""" a member of Destiny's Edge. Eir Stegalkin. I'm not bragging, mind you. I take after my father.""","«Брэм Эйрссон. Вы, наверное, слышали о моей матери. Она «знаменитый герой», член Destiny's Edge. Эйр Стегалкин. Я не хвастаюсь, заметьте. Я похож на своего отца»."
"""Braham and I battled Lonai while being shifted to increasingly remote and strange locations. When we finally defeated her, Blish and Gorrik managed to transport us back to Sayida's airship just as Rata Primus's self-destruct protocol detonated.""","«Мы с Брейхамом сражались с Лонай, перемещаясь во все более отдаленные и странные места. Когда мы наконец победили её, Блишу и Горрику удалось перенести нас обратно на дирижабль Саиды, как раз в тот момент, когда сработал протокол самоуничтожения Рата Примус»."
"""Braham and I tracked Taimi from the ley line hub into Dry Top. We caught up with her in the upper cliffs, where we found her surrounded by Inquest who were trying to steal her invention. They had incapacitated Scruffy and cornered her at the edge of a cliff. Braham and I gave them a sound beating before Phlunt and his associates arrived. Taimi ultimately handed over the W.R.D., since Phlunt's attendance at the summit hinged on it.<br><br>Taimi got a good scare today. Seeing her exposed and without the aid of her golem reminded me that, while she's a strong and brilliant kid, she still needs support and guidance from us—especially Braham.""","«Брэм и я выследили Тайми от узла силовой линии до Сухой Вершины. Мы догнали её на верхних скалах, где мы нашли её окруженной дознавателями, которые пытались украсть её изобретение. Они вывели Скраффи из строя и загнали её в угол на краю утеса. Мы с Брэмом сильно избили их до прибытия Фланта и его товарищей. Тайми в конечном итоге передала W.R.D, поскольку присутствие Фланта на вершине зависело от <br><br>Сегодня Тайми сильно напугалась. Увидев её обнаженной и без помощи голема, я напомнил мне, что, хотя она сильный и умный ребенок, ей все ещё нужна поддержка и руководство от нас, особенно от Брейхама»."
"""Braham and Ryland seemed to really hit it off and left to roam the celebration together. I heard from them over comms—sometimes deliberately, sometimes not—about how much fun they were having at the All-Legion Rally. Meanwhile I made my own tour and checked in the with the other imperators: Ash's Malice Swordshadow, Iron's Smodur the Unflinching, and Flame's Efram Greetsglory. My apologies for Aurene's disruption seemed to go over well, and I got a hint of some of the intrigues among the highest-ranking charr, but by the time I returned to Crecia, there were new problems to deal with. Braham had managed to land himself in the brig for enjoying the festivities a little too much. With Crecia's go-ahead, I went to bail him out.""","«Брэм и Райланд, казалось, действительно нашли общий язык и отправились вместе бродить по празднику. Я слышал от них по связи — иногда намеренно, иногда нет — о том, как весело они провели время на Собрании Всех Легионов. Тем временем я совершил свой собственный тур и связался с другими императорами: Злобой Меча Эша, Смодуром Непоколебимым Айроном и Эфрамом Приветствует Славу Айрона. Мои извинения за Разрушение Орин, казалось, прошло хорошо, и я получил намек на некоторые интриги среди высокопоставленных чарров, но к тому времени, когда я вернулся в Кресию, у него появились новые проблемы, с которыми нужно было разобраться."
"""Braham has gone after Svanir in the Shiverpeaks. What better opportunity to kill two birds with one stone: recruit him to Dragon's Watch, and find another corrupted sample for Taimi.""","«Брахем отправился за Сваниром в Шиверпики. Что может быть лучше, чем убить двух зайцев одним выстрелом: завербовать его в Дозор Дракона и найти ещё один испорченный образец для Тайми»."
"""Braham traveled to each of the three shrines devoted to the lost Spirits of the Wild, demanding their power and proving his worth to them. We're almost ready to go after Drakkar. Cloudseeker had some ideas, so I'm on my way back to Still Waters Speaking.""","«Брахем посетил каждое из трех святилищ, посвященных затерянным духам дикой природы, требуя их силы и доказывая им свою ценность. Мы почти готовы отправиться за Драккаром. У Искателя Облаков были кое-какие идеи, так что я возвращаюсь к разговору в Тихих Водах»."
"""Braham, Canach, and I caught up with the rest of the team and forged deep into the jungle dragon's stronghold as we tracked Zojja and Logan's trail. We found and saved our friends, but they weren't in any shape to continue, so I sent them to safety with Kasmeer and Rox. Caithe showed up, and despite my initial misgivings, she fought alongside us as we pursued Faolain on the way to where Trahearne was being held. We finally gave that warped abomination payback for Eir's murder.  And although Faolain's dead, we missed saving Trahearne. Mordremoth yanked him out of our grasp at the last moment.  It's time to free the marshal and end the dragon.""","«Брэм, Кэнак и я догнали остальную команду и прорвались глубоко в цитадель дракона джунглей, выслеживая след Зоджи и Логана. Мы нашли и спасли наших друзей, но они были не в состоянии продолжать, поэтому я отправил их в безопасное место вместе с Касмир и Роксом. Появилась Кейт, и, несмотря на мои первоначальные опасения, она сражалась вместе с нами, пока мы преследовали Фаолейн на пути к месту, где держал Трэхирн. Мы наконец-то отплатила этой извращённой мерзости за убийство Эйра. И хотя Фаолайн мёртв, мы упустили возможность спасти Трахирна, и в последний момент он вырвал его из наших рук. Пришло время освободить маршала и покончить с драконом."
"""Braham, Champion of Primordus""","«Брэм, Чемпион Примордуса»"
"""Braham, I haven't seen you since...well... Have you been feeling any better lately?""","«Брэм, я не видел тебя с тех пор… ну… ты в последнее время чувствуешь себя лучше?»"
"""Braham, a young norn claiming to be Eir Stegalkin's son, visits Rytlock Brimstone in his Black Citadel office and requests troop support to defend his homestead.""","«Брэм, молодой норн, утверждающий, что он сын Эйра Стегалкина, посещает Ритлока Жарокамня в его офисе в Чёрной Цитадели и просит о поддержке войск для защиты его усадьбы»."
"""Braham, are you...yourself?""","«Брэм, ты... сам?»"
"""Braham, focus!""","«Брэм, сосредоточься!»"
"""Braham, they took Ottilia and her family.""","«Брэм, они забрали Оттилию и её семью»."
"""Braham, you need to stay here, in Hoelbrak. The people of Cragstead will—""","«Брэм, тебе нужно остаться здесь, в Хоэлбреке. Жители Крэгстеда…»"
"""Braham: No. You stay, cowering around your bonfires. Soon as I restock my supplies, I'm going to get my people.""","«Брэм: Нет. Ты остаешься, съежившись у костров. Как только я пополню свои запасы, я приведу своих людей»."
"""Braham: Oh, we're so dead.""","""Брэхам: Ох, мы такие мёртвые."""
"""Braham: What about you, Eir?""","""Брэхам: А ты, Эйр?"""
"""Braham: You have to send troops. My friends, my home. We're losing everything. People are dying.""","«Брэм: Вы должны послать войска. Мои друзья, мой дом. Мы теряем все. Люди умирают»."
"""Braham—apparently fixated on overcrowding issues in Hoelbrak—asked me to come aid him in Hunter's Hearth. Given that I'm not especially busy, I'm on my way—although I'm questioning my helpfulness in terms of managing overpopulation.""","«Брэм, очевидно, зацикленный на проблемах перенаселенности Хоэлбрака, попросил меня прийти и помочь ему в Охотничьем Очаге. Учитывая, что я не особо занят, я уже в пути, хотя сомневаюсь в своей полезности с точки зрения борьбы с перенаселением»."
"""Brains and brawn, working as a team. Gotta love it.""","«Мозги и мускулы, работа в команде. Мне это нравится»."
"""Brains, brawn, and brigandry—I'll drink until you're pretty, and that'll be a while.""","«Мозги, мускулы и разбой — я буду пить, пока ты не похорошеешь, а это ненадолго»."
"""Branded creatures! Every day, they pour out of the Dragonbrand. We don't know how their numbers keep increasing, but we know how to cull them. Steeleye Span, a massive base established to support troop movements, has been instrumental in our success at keeping the Branded under control. The Iron Legion is there, and they're always in need of soldiers who can wield a weapon or spell.""","«Клейменные существа! Каждый день они выходят из Клейма Дракона. Мы не знаем, как их численность продолжает увеличиваться, но мы знаем, как их отбраковывать. Стальной Пробег, огромная база, созданная для поддержки передвижения войск, сыграла важную роль в нашем успехе в удержании Клейменных под контролем. Железный Легион здесь, и им всегда нужны солдаты, которые могут владеть оружием или заклинаниями»."
"""Branded crystals are accumulating on your armor. You move slower while impacted, and you are imprisoned in Branded crystal for 30 seconds on reaching 10 stacks.""","«Фирменные кристаллы накапливаются на вашей броне. Во время удара вы двигаетесь медленнее, и при достижении 10 зарядов вы попадаете в Фирменный кристалл на 30 секунд»."
"""Brangoire, Knight of Horror""","«Брангуар, рыцарь ужаса»"
"""Brave of you to say that so loudly. He hunts. Though, not for you. Yet.""",«Смелость с твоей стороны сказать это так громко. Он охотится. Хотя и не для тебя. Пока».
"""Bravo, %str1%""","""Браво, %str1%"""
"""Break down that bone gate, or this offensive is over!""","«Разрушьте эти костяные ворота, или наступление закончится!»"
"""Break grawl cages, destroy food sacks, and thin their numbers.""","«Разбивайте клетки с гравелами, уничтожайте мешки с едой и сокращайте их численность»."
"""Break stuns and dash toward your target, damaging and burning enemies around you when you reach your destination. You evade attacks as long as you are still traveling.""","«Снимайте оглушение и мчитесь к своей цели, нанося урон и поджигая врагов вокруг себя, когда доберетесь до места назначения. Вы уклоняетесь от атак, пока находитесь в пути»."
"""Break stuns, lunge at your foe, and strike them with the spirit orb.""","«Снимите оглушение, бросьтесь на врага и поразите его сферой духа»."
"""Break up fights, rouse knocked-out pirates with water, and eliminate the rum causing these problems.""","«Прекращайте драки, пробуждайте выведенных из строя пиратов водой и уничтожайте ром, вызывающий эти проблемы»."
"""Break up fights, salvage shipwrecked goods, return pillaged supplies, test Mehdi's grog, rouse sleeping corsairs, and catch bombs with water buckets.""","«Разрешайте драки, спасайте товары, потерпевшие кораблекрушение, возвращайте награбленные припасы, испытывайте грог Мехди, пробуждайте спящих корсаров и ловите бомбы ведрами с водой»."
"""Breakfast is confusing. I mean, what do you call it when you have it at night? Start-fast?""","«Завтрак сбивает с толку. Я имею в виду, как вы его называете, когда едите его вечером? Начать-быстро?»"
"""Breaking the jackals in isn't cruel, is it?""","«Вломиться к шакалам — это ведь не жестоко, не так ли?»"
"""Breaking, entering, and breaking some more!""","«Взлом, проникновение и ещё раз взлом!»"
"""Breaks stuns. Shatter the shard, applying bleeding to yourself but blowing out nearby Branded.""","«Снимает оглушение. Разбейте осколок, наложив на себя кровотечение, но взорвав близлежащий Клейменный»."
"""Breathe deep, and die!""",«Вдохни глубже и умри!»
"""Breathe. They would understand, and be glad to see you carry on.""","«Дыши. Они поймут и будут рады видеть, как ты продолжаешь»."
"""Breathtaking. Now, in reverse!""",«Захватывающе. Теперь наоборот!»
"""Breeder incoming! Come here, darling. I got plans for you.""","«Заводчик прибывает! Иди сюда, дорогая. У меня есть на тебя планы»."
"""Breeze Weaver, what should I expect from Alder's story? (Activity details)""","«Бриз Уивер, чего мне ожидать от рассказа Олдера? (Подробности мероприятия)»"
"""Brick-headed as always, Zojja. I expect my golems to kill you.""","«Как всегда, Зойджа, тупоголовый. Я ожидаю, что мои големы убьют тебя»."
"""Bright Shore. Led a small group east many weeks ago, then disappeared. Now we remain here.""","«Яркий Берег. Много недель назад возглавил небольшую группу на восток, а затем исчез. Теперь мы остаемся здесь»."
"""Bright ley energy flickers through the sand, attracted to Priory Researcher Elisa's presence on this map.""","«Яркая энергия лей мерцает сквозь песок, привлеченная присутствием на этой карте исследователя Приората Элизы»."
"""Bright noise, brief explosions that split light, tear life.""","«Яркий шум, короткие взрывы, которые расщепляют свет, разрывают жизнь»."
"""Brillant scientists. Gone too soon, their ideas forever lost.""","«Блестящие ученые. Ушли слишком рано, их идеи потеряны навсегда»."
"""Brilliant luck, maybe.""","«Может быть, блестящая удача»."
"""Brilliant! Simply brilliant! With your assistance, the Durmand Priory has not only compiled the lost tome of the Mad King's life, but has appended it with yet-untold stories from his reign as king! <br><br>Do you remember how I was previously impressed by your brilliance? Ignore that memory! NOW I am in awe! Truly! I do hope we can work together again in the future.<br><br>—Magister Tassi""","""Блестяще! Просто блестяще! С вашей помощью Приорат Дурманд не только собрал утраченный фолиант жизни Безумного Короля, но и дополнил его ещё нерассказанными историями из его правления на посту короля! <br><br>Помнишь, как я был впечатлен твоим талантом раньше? Не обращай внимания на это воспоминание! СЕЙЧАС я в восторге! Честно! Я очень надеюсь, что мы сможем снова работать вместе в будущем.<br><br>—Магистр Тасси"""
