english,translate
"""What business could you possibly have with me, female? You did notice that I wear the colors of the Sons of Svanir, didn't you?""","«Какое тебе дело до меня, женщина? Ты заметила, что я ношу цвета Сынов Сванира, не так ли?»"
"""What can I do for you, friend? I ask only that you tread lightly here. Bad enough that the dust-creatures keep fouling up this oasis.""","«Что я могу сделать для тебя, друг? Я прошу только, чтобы ты ступал здесь осторожно. Плохо настолько, что пылевые существа продолжают загрязнять этот оазис»."
"""What can I help you with, Soldier?""","— Чем я могу тебе помочь, солдат?"
"""What can you tell me about your order, Sunspear?""","— Что ты можешь рассказать мне о своем ордене, Солнечное Копьё?"
"""What comes next is an assault on the senses. A flurry of feathers, a scream into the maw of oblivion, a creeping coldness. But one sensation towers over them all—hope.""","«То, что следует дальше, — это нападение на чувства. Шквал перьев, крик в пасть забвения, ползучий холод. Но одно чувство возвышается над всеми ними — надежда»."
"""What difference would that have made, other than to elicit a little more fear...?""","«Какое это имело бы значение, кроме того, что вызвало бы немного больше страха…?»"
"""What do you do here, my lady?""","— Что вы здесь делаете, миледи?"
"""What do you know about Faolain, our leader?""","«Что ты знаешь о Фаолене, нашем лидере?»"
"""What do you mean """"almost""""?""",«Что значит «почти»?»
"""What do you mean by """"drake combat""""?""",«Что ты имеешь в виду под «боем с драконом»?»
"""What do you mean by """"interesting and completely safe"""" potions?""",«Что вы подразумеваете под «интересными и совершенно безопасными» зельями?»
"""What do you mean by """"moa combat""""?""",«Что ты имеешь в виду под «боем моа»?»
"""What do you mean by a """"jellyfish battle""""?""",«Что вы подразумеваете под «битвой медуз»?»
"""What do you mean, """"driven wild by chaotic ley energies""""?""",«Что ты имеешь в виду под словами «приводимые в бешенство хаотичной энергетической энергией»?»
"""What do you mean, """"grumpy old zealots""""?""",«Что вы имеете в виду под словами «старые сварливые фанатики»?»
"""What do you mean, """"make us sea-skritt""""?""",«Что ты имеешь в виду под словами «сделай нас морскими скриттами»?»
"""What do you mean, """"more dangerous than ever""""?""","«Что значит «более опасен, чем когда-либо»?»"
"""What do you seek here? Orr has nothing left to give, save ash and bones.""","«Что ты здесь ищешь? Орру больше нечего дать, кроме пепла и костей»."
"""What do you think we're tryin' to do, kid?""","— Как ты думаешь, что мы пытаемся сделать, малыш?"
"""What do you want, a treat? Fine enough work, but we've got a long way to go until we can call this problem solved.""","«Что тебе нужно, угощения? Достаточно хорошая работа, но нам предстоит пройти долгий путь, прежде чем мы сможем назвать эту проблему решенной»."
"""What do you want, pip-squeak?""","— Чего ты хочешь, пипец?"
"""What do you want, two legs?""","«Что тебе нужно, две ноги?»"
"""What do you want? At this rate, these little hump backs are never going to learn how to raise livestock.""",«Чего вы хотите? Такими темпами эти маленькие горбатые спины никогда не научатся разводить скот».
"""What do you want? Not like, in your whole life, what do you want, but just right now, from me, what do you want?""","«Чего ты хочешь? Не то чтобы за всю свою жизнь, чего ты хочешь, а прямо сейчас, от меня, чего ты хочешь?»"
"""What do you want? You are not of the Togatl, and you are not welcome here!""","«Чего ты хочешь? Ты не из Тогатля, и тебе здесь не рады!»"
"""What does """"tectonic"""" mean?""",«Что значит «тектонический»?»
"""What does that mean? We can fix it, right?""","«Что это значит? Мы можем это исправить, верно?»"
"""What does this """"thing"""" do? Have you noticed the complete absence of spectral weapons in the temple? That is what this """"thing"""" does. I apologize for my condescending tone, but you must admit it's warranted.""","«Что делает эта «штука»? Вы заметили полное отсутствие спектрального оружия в храме? Именно это и делает эта «штука». Прошу прощения за мой снисходительный тон, но согласитесь, это оправдано."
"""What good is power when it's afforded you by an evil master? What good is an army when you're standing against love, honor, and loyalty?""","«Какая польза от силы, если её дарует тебе злой хозяин? Какая польза от армии, когда ты противостояшь любви, чести и верности?»"
"""What happens in Peter's test map, stays in Peter's test map.""","«То, что происходит на тестовой карте Питера, остаётся на тестовой карте Питера»."
"""What have we here? Whatever it is, I bet I could make it delicious.""","«Что у нас здесь? Что бы это ни было, держу пари, что смогу сделать это вкусно»."
"""What have you done, fools? Contain that energy leak!""","«Что вы сделали, дураки? Сдержите эту утечку энергии!»"
"""What have you learned, Utogi?""","«Чему ты научился, Утоги?»"
"""What if I do? Adelbern's sword is no more, just like his nation.""","«А что, если я это сделаю? Меча Адельберна больше нет, как и его народа»."
"""What if that's what this is about? With the cavaliers stretched so thin, maybe Amnoon's asking King Joko to send troops.""","«Что, если речь идет именно об этом? Учитывая, что кавалеры настолько исчерпаны, возможно, Амнун просит короля Джоко прислать войска»."
"""What if we blew air through the molten iron, Whiskers? What do you think of that idea?""","«Что, если мы продуем воздух через расплавленное железо, Усы? Что ты думаешь об этой идее?»"
"""What in the name of Balthazar's horned helmet is wrong with you, guardsman? You're yammering away like a skritt caught red-handed.""","— Что с тобой, во имя рогатого шлема Бальтазара, не так, гвардеец? Ты ноешь, как скритт, пойманный с поличным."
"""What is a god? As far as I can tell, it's just another entity. More powerful, perhaps, but fallible.""","«Что такое бог? Насколько я могу судить, это просто ещё одна сущность. Возможно, более могущественная, но подверженная ошибкам»."
"""What is it you're doing here, exactly?""",— Что именно ты здесь делаешь?
"""What is it, citizen?""","— Что такое, гражданин?"
"""What is it, cub?""","— Что такое, детеныш?"
"""What is it? Oh, I see. Greetings.""","«Что такое? О, понятно. Приветствую»."
"""What is your inventor, Uzolan, working on?""",— Над чем работает ваш изобретатель Узолан?
"""What is, is. We will endure.""","«Что есть, то есть. Мы выдержим»."
"""What kind of question is that? Clearly, I walked. How else would one get here?""","- Что это за вопрос? Понятно, я шёл. А как ещё сюда попасть?"
"""What must it be like in the north, that they'd consider taming those...things just to get around?""","«Каково должно быть на севере, если они подумывают о приручении этих… тварей, просто чтобы передвигаться?»"
"""What part of """"secret society"""" wasn't explained to you? Keep your voice down, Initiate, and pretend you're buying an apple.""","«Какую часть «тайного общества» вам не объяснили? Потише, инициируйте и притворитесь, что покупаете яблоко»."
"""What put you in such a good mood, norn?""","— Что привело тебя в такое хорошее настроение, норн?"
"""What scares us is another long siege, replacing the charr with the ogres. I don't think Ebonhawke could take another enemy on its doorstep.""","«Что нас пугает, так это ещё одна долгая осада, в которой чарр заменят ограми. Я не думаю, что Эбонхок сможет захватить ещё одного врага у себя на пороге»."
"""What unmitigated joy to be able to change the weather at my whim! If only the prototype had been more powerful. Nevertheless, the design was cutting edge. My transatmospheric converter was a masterpiece of utter genius. I wish I'd had more funding.""","«Какая безграничная радость — иметь возможность изменять погоду по своей прихоти! Если бы только прототип был более мощным. Тем не менее, конструкция была передовой. Мой трансатмосферный преобразователь был шедевром абсолютной гениальности. Жаль, что у меня не было большего финансирования»."
"""What was your manager's name? Joon? Yes, I'd like to speak to her.""","«Как звали твоего менеджера? Джун? Да, я хотел бы поговорить с ней»."
"""What you need, stranger?""","— Что тебе нужно, незнакомец?"
"""What's Xunlai going to do next, hmm? Take our jobs? Teach our children?""","«Что Сюньлай собирается делать дальше, а? Отнять у нас работу? Учить наших детей?»"
"""What's a """"twinning effect""""?""",«Что такое «эффект двойников»?»
"""What's all this, then? Some problem? In need of the world-famous Krytan Ministry Guard?""",«Что же тогда все это значит? Какая-то проблема? Нужна всемирно известная критянская министерская гвардия?»
"""What's happening at the carnival, and where's the missing boy, Garand? Minister Caudecus seems personally interested in this boy's well-being. Concern for a missing child isn't unusual, but Caudecus has never been particularly soft-hearted.""","«Что происходит на карнавале и где пропавший мальчик, Гаранд? Министр Кодекус, кажется, лично заинтересован в благополучии этого мальчика. Беспокойство о пропавшем ребенке не является чем-то необычным, но Каудекус никогда не был особенно мягкосердечным»."
"""What's our plan, General?""","— Каков наш план, генерал?"
"""What's sharper than the wolf's sharpest teeth, quicker than the quickest leopard, and more adaptable than a hibernating bear?""","«Что может быть острее самых острых зубов волка, быстрее самого быстрого леопарда и более приспособляемым, чем впадающий в спячку медведь?»"
"""What's the old adage? 'Love will conquer all?' Let's hope that Tiachren's right...and Ysvelta can still be saved. Otherwise, deliberately walking into a Nightmare Court ambush might seem...unwise.""","«Какова старая поговорка? «Любовь победит все?» Будем надеяться, что Тиахрен права... и Исвелту ещё можно спасти. В противном случае намеренное попадание в засаду Кошмарного двора могло бы показаться... неразумным»."
"""What's the plan, Cap'n?""","«Какой план, капитан?»"
"""What's the plan, again?""","— Какой план, ещё раз?"
"""What's this opening in the ground, next to you?""",«Что это за отверстие в земле рядом с тобой?»
"""What's this place for, anyway?""","— И вообще, для чего это место?"
"""What's this, then? You dare peer into my domain?""",— Что же это такое? Ты смеешь заглядывать в мои владения?
"""What's wrong with me, Trahearne? What's wrong with you? Why are you trying to keep me from that camp?""","«Что со мной не так, Трахёрн? Что с тобой? Почему ты пытаешься удержать меня от этого лагеря?»"
"""What's your name, cub?""","— Как тебя зовут, детеныш?"
"""What's your specialty, Sophia?""","— Какая у тебя специальность, София?"
"""What, and let these moles take over our facility? What kind of an apprentice would I be?""","«Что, и позволить этим кротам захватить наш объект? Каким учеником я буду?»"
"""What, like these?""","«Что, вот такие?»"
"""What, really?""","«Что, правда?»"
"""What, scared?""","— Что, испугался?"
"""What? Fine, I'll take care of this, meself!""","— Что? Хорошо, я позабочусь об этом сам!"
"""What? How's that important? Jeez! What's important is that the volcano won't erupt and kill us all! Just focus, OK?""","«Что? Насколько это важно? Боже! Важно то, что вулкан не извергнется и не убьёт нас всех! Просто сосредоточься, ладно?»"
"""What? I mean, sure. On it.""","«Что? Я имею в виду, конечно. На этом»."
"""What? It's too soon! The bomb isn't primed. Tchch-akk! We'll have to set it off here, in the village. Evacuate all unnecessary skritt!""","«Что? Ещё слишком рано! Бомба не заряжена. Тчч-акк! Придётся взорвать её здесь, в деревне. Эвакуируйте всех ненужных скриттов!»"
"""What? Look, slack-jaw, I don't want any trouble. Stay away from me.""","— Что? Слушай, отвислая челюсть, я не хочу никаких неприятностей. Держись от меня подальше."
"""What? No! No. Too soon! The bomb isn't primed. We'll have to set it off here, in the village. Evacuate the young, and the old!""","«Что? Нет! Нет. Слишком рано! Бомба не заряжена. Нам придётся взорвать её здесь, в деревне. Эвакуировать молодых и старых!»"
"""What? No! You wake up! Huh? Okay, yes. Now pipe down and listen! The point is... The point! Is... The point is, I'm thirsty! I'm thirsty. All these interruptions make me dehy...dehydra...thirsty!""","""Что? Нет! Ты просыпаешься! А? Ладно, да. А теперь замолчи и слушай! Дело в том... Дело! В том... Дело в том, что я хочу пить! Я хочу пить. Все эти перерывы вызывают у меня обезвоживание... обезвоживание... жажду!"""
"""What? Tybalt, what are you planning?""","— Что? Тибальт, что ты задумал?"
"""What? What is this? This isn't what I want. Take it back, and bring me ale!""","«Что? Что это? Это не то, чего я хочу. Возьми это обратно и принеси мне пива!»"
"""What? Why would you risk our lives, MY life, for that coward?""","«Что? Зачем тебе рисковать нашей жизнью, МОЕЙ жизнью ради этого труса?»"
"""What? You got a better reason for being a pirate? The travel's hard, your crewmates smell, and then there's being seasick. Gold? Gold makes it all better.""","«Что? У тебя есть веская причина стать пиратом? Путешествие тяжёлое, от твоих товарищей по команде воняет, а ещё у тебя морская болезнь. Золото? Золото делает все лучше»."
"""Whatever any norn can accomplish, I can accomplish more mightily!""","«Все, что может сделать любой норн, я могу сделать ещё сильнее!»"
"""Whatever did this has to be pretty powerful, right?""","«Что бы это ни было, это должно быть очень мощно, верно?»"
"""Whatever does, we'll drive it to the surface.""","«Что бы ни случилось, мы выгоним его на поверхность»."
"""Whatever it is you're doing here, it's not going to work.""","«Что бы вы здесь ни делали, это не сработает»."
"""Whatever it takes, I guess. Good luck.""","«Я думаю, чего бы это ни стоило. Удачи»."
"""Whatever you've seen, it can't be a real threat. Claw Island can withstand any assault!""","«Что бы вы ни видели, это не может представлять собой реальной угрозы. Claw Island выдержит любое нападение!»"
"""When Braham goes missing in the hunt for Rytlock and Crecia, the commander travels west to find him. Beyond the door in the mountains lies a long-forgotten lake remembered only in norn legend, home to the terrifying source of the whispers plaguing the Far Shiverpeaks...""","«Когда Брэм пропадает во время охоты за Ритлоком и Кресией, командир отправляется на запад, чтобы найти его. За дверью в горах лежит давно забытое озеро, о котором вспоминают только норнские легенды, где находится ужасающий источник шепотов, преследующих Дальние Шиверпики...»"
"""When Cutha woke, he was greeted by sounds of panic and flame. He ran to the window just in time to witness a dragon perch on a nearby rooftop. """"Rodgort,"""" they whispered. """"Rodgort is my name.""""""","""Когда Кута проснулся, его встретили звуки паники и пламени. Он подбежал к окну как раз вовремя, чтобы увидеть дракона, сидящего на соседней крыше. ""Родгорт"", - прошептали они. - ""Родгорт - мое имя."""""""
"""When Drakkar rose from the ice, we sent an emissary to the Vigil Keep for aid. He never returned.""","«Когда Драккар поднялся изо льда, мы отправили эмиссара в Крепость Бдения за помощью. Он так и не вернулся»."
"""When Faren and I went to the bandit hideout, we had the advantage of surprise. We found prisoners locked in cages and freed them. One of the prisoners had managed to steal important papers from a bandit, including a missive ordering future attacks on the city. Captain Thackeray should know about this.""","«Когда мы с Фареном отправились в убежище бандитов, у нас было преимущество внезапности. Мы нашли заключенных, запертых в клетках, и освободили их. Одному из заключенных удалось украсть у бандита важные документы, в том числе приказ о будущих нападениях на город. Капитан Теккерей должен знать об этом»."
"""When Grenth's powers were raw and new, he crafted a weapon more sinister than he intended. Verdarach summons victims of horrific battles as vengeful wraiths, eager to conscript the newly slain.""","«Когда силы Грента были ещё грубы и новы, он создал оружие более зловещее, чем он предполагал. Вердарач вызывает жертв ужасающих сражений как мстительных призраков, жаждущих призывать вновь убитых»."
"""When Hullgardener Gregorios is around, give him the flower you picked.""","«Когда рядом будет Халлгарден Грегориос, отдай ему цветок, который ты сорвал»."
"""When I cook meat, I simmer it slow and mean.""","«Когда я готовлю мясо, я тушу его медленно и грубо»."
"""When I find out where they took the prisoners, I'll contact you.""","«Когда я узнаю, куда они увезли пленных, я свяжусь с вами»."
"""When I grow up, I'm going to be a brave hero!""","«Когда я вырасту, я стану храбрым героем!»"
"""When I joined my order, I swore to fight Zhaitan. I will die for Tyria, if I must. However, I believe that together we can win.""","«Когда я присоединился к своему ордену, я поклялся сражаться с Зайтаном. Я умру за Тирию, если придётся. Однако я верю, что вместе мы сможем победить»."
"""When I joined the Lionguard, I never imagined they'd ship me off to the worst haven in Tyria, give me a hammer, and tell me to repair the wall all day.""","«Когда я присоединился к Львиной страже, я никогда не предполагал, что они отправят меня в худшее убежище Тирии, дадут мне молоток и скажут целый день чинить стену»."
"""When I left, some of the faculty were convinced the attack was imminent.""","«Когда я ушёл, некоторые преподаватели были убеждены, что нападение неизбежно»."
"""When I questioned Ignavus, he confessed that he and Syska had been selling Pact weaponry and supplies on the black market. The last time he saw her was at a secret meeting with the Flame Legion near Onager Bivouac, which became my next stop.""","«Когда я допросил Игнавуса, он признался, что они с Сиской продавали оружие и припасы Пакта на чёрном рынке. В последний раз он видел её на секретной встрече с Легионом Пламени возле бивуака Онагер, которая стала моей следующей остановкой»."
"""When I returned to Captain Thackeray's office, he had a favor to ask. Children from the orphanage were given a free day at the carnival. At the end of the day, one was missing. Thackeray wants me to help the Seraph find the child.""","«Когда я вернулся в офис капитана Теккерея, он попросил меня об одолжении. Детям из приюта был предоставлен свободный день на карнавале. В конце дня одного пропало. Теккерей хочет, чтобы я помог Серафиму найти ребенка»."
"""When I returned to the forge, Hilina told me that Taimi and Gorrik had already finished analyzing the dredge parts. She would make the necessary modifications to the resonance crystals in the amphitheater. With everything in place, it was time to put our bold plan into action.""","«Когда я вернулся в кузницу, Хилина сказала мне, что Тайми и Горрик уже закончили анализ частей драги. Она внесет необходимые изменения в резонансные кристаллы в амфитеатре. Когда все было на месте, пришло время претворить в жизнь наш смелый план»."
"""When I see the Temple of the Ages, I feel hopeful and sad at the same time.""","«Когда я вижу Temple of the Ages, я чувствую надежду и грусть одновременно»."
"""When I tell people that I know you, they don't believe me. You're getting so famous!""","«Когда я говорю людям, что знаю тебя, они мне не верят. Ты становишься таким знаменитым!»"
"""When I think of mourning, I think of quiet. How can they carry on like that?""","«Когда я думаю о трауре, я думаю о тишине. Как они могут так продолжать?»"
"""When I travel with others through dangerous territory, I am most likely to""","«Когда я путешествую с другими по опасной территории, я, скорее всего, так и сделаю»"
"""When I was a kid, my nanny let me practice with a toy bow.""","«Когда я был ребенком, моя няня позволяла мне тренироваться с игрушечным луком»."
"""When I was an infant, I was abandoned at an orphanage. A kind couple adopted me and became my family. However, I've always wondered about my birth parents.""","«Когда я был младенцем, меня бросили в приюте. Добрая пара усыновила меня и стала моей семьей. Однако я всегда задавался вопросом о своих биологических родителях»."
"""When I was still a kid, I had a vision. A Spirit of the Wild spoke to me and offered its guardianship. That Spirit was ______.""","«Когда я был ещё ребенком, у меня было видение. Дух дикой природы заговорил со мной и предложил свою опеку. Этим духом был ______»."
"""When I was too little to fly, I dreamed of it. I still dreamed after he died, but the promise of endless freedom and joy wasn't real anymore. His heart and mind were tethered to the ground, and in the end his body joined them.""","«Когда я был слишком мал, чтобы летать, я мечтал об этом. Я все ещё мечтал после его смерти, но обещание бесконечной свободы и радости больше не было реальным. Его сердце и разум были привязаны к земле, и в конце концов его тело присоединилось к ним»."
"""When I was young, I had the opportunity to perform in the circus, but I turned it down. To this day, I'm sorry I didn't leap at the chance.""","«Когда я был молод, у меня была возможность выступать в цирке, но я отказался от неё. До сих пор сожалею, что не воспользовался этой возможностью»."
"""When I was young, a famed hero returning from battle stopped and gave me his pauldrons. Ever since, I've worn them as my own, and I make every attempt to live up to his legend. I too will be a conqueror.""","«Когда я был молод, прославленный герой, возвращавшийся с битвы, остановился и дал мне свои наплечники. С тех пор я ношу их как свои собственные и делаю все возможное, чтобы оправдать его легенду. Я тоже буду победителем»."
"""When I was younger, I was holed up in a ruined camp, and I fought off a company of Modniir with a broken sword, a box of explosives, and a fractured collarbone.""","«Когда я был моложе, я скрывался в разрушенном лагере и отбивался от роты Модниира со сломанным мечом, ящиком со взрывчаткой и сломанной ключицей»."
"""When I'm through with the wolf, it won't be carrying anything very far.""","«Когда я закончу с волком, он ничего далеко не унесет»."
"""When Jormag appeared, he drove many creatures to the south to find refuge. The Voice of Koda led us here to Song of Final Exile. We are not the only ones—the quaggan town of Urgulp is also made up of refugees from the north. It is easy for problems and conflicts to arise when dealing with this kind of transition, and there are many that could use a helping hand.""","«Когда появился Йормаг, он погнал множество существ на юг в поисках убежища. The Voice of Koda привел нас сюда, к Песне Последнего Изгнания. Мы не единственные — квагганский город Ургулп также состоит из беженцев с севера. При таком переходе легко могут возникнуть проблемы и конфликты, и многие из них могли бы пригодиться для помощи»."
"""When Koda called, we taught the spirit of fire what to destroy. Then we suffered Koda's rage.""","«Когда Кода позвонил, мы научили духа огня, что нужно разрушать. Затем мы испытали ярость Коды»."
"""When Lion's Arch was flooded by the rise of the nation of Orr, the Durmand Priory rescued the city's survivors.""","«Когда Lion's Arch была затоплена во время восстания народа Орр, монастырь Дурманд спас выживших жителей города»."
"""When Mordremoth's power seeped into the earth, some sought to harness it, control it—bringing forth new dangers. Heroes faced those enemies head-on with a spark of bravery and a warrior's might.""","«Когда сила Мордремота просочилась в землю, некоторые стремились обуздать её, контролировать её, создавая новые опасности. Герои столкнулись с этими врагами лицом к лицу, проявив искру храбрости и силу воина»."
"""When Palawa Joko returns, we must organize a parade in his honor.""","«Когда Palawa Joko вернется, мы должны организовать парад в его честь»."
"""When Renewing Gaze triggers, this trait restores a portion of the recharge time needed by your healing, utility, and elite skills.<br><c=@reminder>Excludes racial skills.</c>""","«Когда срабатывает «Renewing Gaze», эта черта восстанавливает часть времени перезарядки, необходимого для ваших лечебных, полезных и элитных навыков.<br><c=@reminder>Исключая расовые навыки.</c>»"
"""When Secondborn Lonicera sacrificed herself to protect the Pale Tree, a small root sprung from the ground where she breathed her final breath. That root took the shape of a mighty bow.""","«Когда Второрожденная Лонисера пожертвовала собой, чтобы защитить Pale Tree, из земли вырос небольшой корень, где она сделала свой последний вздох. Этот корень принял форму могучего лука»."
"""When Stim State expires, you are healed.""","«Когда стим-состояние истечет, вы исцелитесь»."
"""When Zhaitan rose from slumber, the dragon found a long-dead nation and claimed it.""","«Когда Зайтан проснулся ото сна, дракон нашёл давно умерший народ и захватил его»."
"""When Zhaitan rose, countless undead spewed into the lands. They seem to bubble up all over, especially in this swamp. Shadowheart was set up to contain the undead, but holding so many back is a struggle. There's an asuran krewe researching what compels these monsters, but they don't have answers yet. We'll never give this place up, but we can't defend it alone.""","«Когда Зайтан восстал, на земли хлынуло бесчисленное количество нежити. Кажется, они пузырятся повсюду, особенно в этом болоте. Сердце Тени было создано, чтобы сдерживать нежить, но сдерживать такое количество — это борьба. Есть асуран-креве, который исследует, что заставляет этих монстров, но у них пока нет ответов. Мы никогда не сдадим это место, но мы не сможем защитить его в одиночку»."
"""When a <c=@abilitytype>phantasm</c> becomes a clone, it transfers its boons to you.""","«Когда <c=@abilitytype>фантом</c> становится клоном, он передает вам свои дары»."
"""When a <c=@abilitytype>phantasm</c> is created, grant it distortion.""","«Когда создан <c=@abilitytype>фантом</c>, дайте ему искажение»."
"""When a match reaches the time limit, matches will end, and a victor will be declared.""","«Когда матч достигнет лимита времени, матч закончится и будет объявлен победитель»."
"""When a roar was heard from somewhere out west, many worried that Scarlet Briar managed to rouse an Elder Dragon during her destructive attack on Lion's Arch. Now, mysterious incursions into Brisban Wildlands have alerted Tyria's heroes to a new threat reaching across its frontiers to tear at its foundations.""","«Когда откуда-то с запада послышался рев, многие забеспокоились, что Скарлет Шиповник сумела пробудить Старшего Дракона во время её разрушительной атаки на Львиную Арку. Теперь таинственные вторжения в Дебрях Брисбана предупредили героев Тирии о новой угрозе, пересекающей её границы и разрушающей её основы»."
"""When a warband goes bad, they tend to go together. How many warbands have defected to the Flame Legion for the tantalizing promise of power?""","«Когда банда портится, они, как правило, объединяются. Сколько банд перешло на сторону Легиона Пламени ради заманчивых обещаний власти?»"
"""When a whole company of Seraph die, people notice. I heard the ministers used the death of Falcon Company to blame the Queen for wasting troops and funds in Ebonhawke.""","«Когда умирает целая рота Серафимов, люди это замечают. Я слышал, что министры использовали смерть роты Соколов, чтобы обвинить королеву в растрате войск и средств в Эбонхоке»."
"""When an aegis you applied blocks an attack, it unleashes a Mystic Rebuke.""","«Когда примененная вами эгида блокирует атаку, она вызывает Mystic Rebuke»."
"""When an enemy force captures this objective, the remaining supplies will self-destruct, damaging any nearby players.""","«Когда вражеские силы захватят эту цель, оставшиеся припасы самоуничтожятся, нанося урон всем находящимся поблизости игрокам»."
"""When any race of Tyria faces extinction, it portends dark times for us all. The Priory came here to investigate the disappearance of the skritt and the dredge. We found ourselves up to our necks in quaggans and hylek, seeking refuge from the undead of Orr. While our order pushes south to scout and study the risen monsters, some of us have been tasked to stay behind and do what we can to preserve these innocent creatures.""","«Когда какой-либо расе Тирии грозит исчезновение, это предвещает тёмные времена для всех нас. Приорат прибыл сюда, чтобы расследовать исчезновение скриттов и драгов. Мы оказались по шею в кваганах и хилеках, ища убежища от нежити Орра. Пока наш орден продвигается на юг, чтобы разведать и изучить восставших монстров, некоторым из нас было поручено остаться и сделать все возможное, чтобы сохранить этих невинных существ»."
"""When applying a boon to an ally, also apply might to nearby allies.""","«Применяя дар к союзнику, также применяйте мощь к ближайшим союзникам»."
"""When ascending the narrow path off the plateau, destroy all the Mordrem tendrils without being hit by their poison area attacks.""","«Поднимаясь по узкой тропе с плато, уничтожьте все усики Мордрема, не попав под их ядовитую атаку по области»."
"""When captured, camps generate supplies for their owner's team in World vs. World.""",«При захвате лагеря производят припасы для команды своего владельца в World vs. World».
"""When checked, the Compact button will be disabled in the Inventory panel.""","«Если этот флажок установлен, кнопка «Сжать» на панели «Инвентарь» будет отключена."
"""When dealing with those less powerful than me, I get my way by intimidating them. Weaklings!""","«Имея дело с теми, кто менее силен, чем я, я добиваюсь своего, запугивая их. Слабаки!»"
"""When dealing with those less powerful than me, I make fair bargains with them.""","«Имея дело с теми, кто менее силен, чем я, я заключаю с ними честные сделки»."
"""When dealing with those less powerful than me, I protect them. They are smaller, but they have value.""","«Имея дело с теми, кто менее силен, чем я, я защищаю их. Они меньше, но имеют ценность»."
"""When dealing with those less powerful than me, I""","«Имея дело с теми, кто менее силен, чем я, я»"
"""When depleted, foes will temporarily suffer a negative effect.""",«При истощении противники временно получают отрицательный эффект».
"""When destroyed, gyros explodes and damage nearby enemies.""",«При уничтожении гироскопы взрываются и наносят урон ближайшим врагам».
"""When dusk fell upon the Zephyrites and the last gleam of moonglow lit their way, only prosperity could save them.""","«Когда сумерки опустились на Зефиритов и последний отблеск лунного света осветил их путь, только процветание могло спасти их»."
"""When enemies die, they enhance nearby foes with multiple boons. Strip any enemy boon to inflict them with weakness and damage nearby foes.""","«Когда враги умирают, они усиливают ближайших противников множеством даров. Лишите любого вражеского дара, чтобы сделать их слабыми и нанести урон ближайшим противникам»."
"""When enraged, enemies deal 100%% increased damage while they're low on health but can no longer critically hit. Enemies deal 10%% less damage when not enraged.""","«В ярости враги наносят на 100%% больше урона, пока у них мало здоровья, но они больше не могут нанести критический удар. Враги наносят на 10%% меньше урона, когда они не в ярости»."
"""When entering combat, your first <c=@abilitytype>Ambush</c> attack applies confusion. This ability refreshes when you use a <c=@abilitytype>Shatter</c> skill.""","«При входе в бой ваша первая атака <c=@abilitytype>Засада</c> вызывает замешательство. Эта способность обновляется, когда вы используете навык <c=@abilitytype>Раскол</c>»."
"""When gaining might at or above the threshold, gain stability. Might grants bonus power.""","«Получая мощь, достигающую порога или превышающую его, вы обретаете стабильность. Могущество даёт дополнительную силу»."
"""When glaciers move, they produce energy that collects in snowdrifts and frigid waters. This ancient trench is a natural reservoir for this phenomenon.""","«Когда ледники движутся, они производят энергию, которая накапливается в сугробах и холодных водах. Эта древняя траншея является естественным резервуаром для этого явления»."
"""When gliding down into the Mordrem prison camp, land within the marked target zone.""","«Спускаясь в лагерь военнопленных Мордрема, приземлитесь в отмеченной целевой зоне»."
"""When he laughs, I want to punch my shield. There's something about it that makes me nuts.""","«Когда он смеется, мне хочется пробить свой щит. Есть в этом что-то, что сводит меня с ума»."
"""When he left the mortal world, was he enraged?""","«Когда он покинул мир смертных, был ли он в ярости?»"
"""When his son was born, he selflessly volunteered to answer for his ancestor's crimes, so that Bhuer could reclaim the Gore warband name with honor.""","«Когда у него родился сын, он самоотверженно вызвался ответить за преступления своего предка, чтобы Бхуэр мог с честью вернуть себе имя банды Гора»."
"""When historians talk of this moment, they will say that you were there for it all.""","«Когда историки говорят об этом моменте, они скажут, что вы были рядом со всем этим»."
"""When holding an object, your weapon skills will be replaced with the skills of the object. Different types of objects can have different skills. Try using one of your new skills now.""","«Когда вы держите предмет, ваши навыки обращения с оружием будут заменены навыками этого объекта. Различные типы объектов могут иметь разные навыки. Попробуйте использовать один из ваших новых навыков прямо сейчас»."
"""When impressing the opposite sex, I challenge them to show me their worth.""","«Производя впечатление на противоположный пол, я призываю их показать мне свою ценность»."
"""When impressing the opposite sex, I impress them with MY great accomplishments!""","«Производя впечатление на противоположный пол, я впечатляю их МОИМИ великими достижениями!»"
"""When impressing the opposite sex, I make sure to compliment their great accomplishments.""","«Производя впечатление на противоположный пол, я обязательно хвалю их выдающиеся достижения»."
"""When impressing the opposite sex, I""","«Когда я впечатляю противоположный пол, я»"
"""When it comes alongside, get aboard!""","«Когда он подойдёт к нам, садитесь на борт!»"
"""When it disrupts my city, your fun is my problem.""","«Когда это разрушает мой город, ваше веселье становится моей проблемой»."
"""When life doesn't give your homestead what you need, you just gotta take it yourself. Life's not fair, so why play by its rules?""","«Когда жизнь не даёт твоей усадьбе того, что тебе нужно, ты просто должен взять это сам. Жизнь несправедлива, так зачем играть по её правилам?»"
"""When locked, foes are immune to control effects.""",«При запирании враги невосприимчивы к эффектам контроля».
"""When mining ore while in Auric Basin, you will gain Auric Slivers in addition to normal materials. You also have a chance to mine special items from ore nodes all around the Heart of Maguuma.""",«При добыче руды в Золотом бассейне вы получаете золотые щепки в дополнение к обычным материалам. У вас также есть шанс добывать особые предметы из рудных узлов по всему Сердцу Магуумы».
"""When monsters use big attacks, you should dodge by either double tapping a direction or using V.""","«Когда монстры используют сильные атаки, вам следует уклоняться, дважды нажимая в направлении или используя V»."
"""When morning arrived, Isgarren informed us that he can't continue onward until the curse is broken, so we will proceed on and rely on his guidance from the camp. He asked that we be on the lookout for anything that might be able to break the curse, and we certainly will be. For now, we will continue to search for the ritual grounds, and for Vloxx.""","«Когда наступило утро, Исгаррен сообщил нам, что он не может продолжать идти дальше, пока проклятие не будет снято, поэтому мы продолжим путь и полагаемся на его руководство из лагеря. Он попросил, чтобы мы были в поисках всего, что могло бы снять проклятие, и мы обязательно будем это делать. А пока мы продолжим поиски места проведения ритуала и Влоккса»."
"""When my guard's up, think strategically. Head-on attacks don't always land, so get creative.""","«Когда я настороже, думайте стратегически. Лобовые атаки не всегда достигают цели, так что проявите творческий подход»."
"""When my rollers have been prepared for its return to the sea, I will call for you.""","«Когда мои катки будут готовы к возвращению в море, я позову вас»."
"""When one of yours dies, one of ours is made.""","«Когда один из ваших умирает, создается один из наших»."
"""When opening a crafting station, you will be brought to the """"Production"""" tab. Recipes you've already unlocked are shown in the list to the left. Selecting them will bring up the recipe on the right.""","«При открытии крафтовой станции вы попадете на вкладку «Производство». Рецепты, которые вы уже разблокировали, показаны в списке слева. При их выборе справа появится рецепт»."
"""When portals lead you to the edge, things can be a bit chaotic.""","«Когда порталы ведут вас к краю, все может быть немного хаотичным»."
"""When submitting a bug for review, please be sure to do so as close to the source of the issue as possible, as your location will provide important information when reproducing the issue.""","«Отправляя ошибку на проверку, обязательно делайте это как можно ближе к источнику проблемы, поскольку ваше местоположение предоставит важную информацию при воспроизведении проблемы»."
"""When supplies are low, this boost is the way to go!""","«Когда запасы на исходе, этот импульс — то, что нужно!»"
"""When swapping weapons, gain quickness. The next ranger weapon skill you use will recharge faster.""","«При смене оружия увеличивайте скорость. Следующий навык рейнджера, который вы используете, будет перезаряжаться быстрее»."
"""When the Hullgardeners speak of a legend on a wavehawk, they speak of you.""","«Когда жители Халлгардена говорят о легенде на волновом ястребе, они говорят о вас»."
"""When the Jade Wind came and turned the sea to stone, did we give up?""","«Когда пришёл Нефритовый Ветер и превратил море в камень, мы сдались?»"
"""When the Mists Tide comes...I have no doubt that any defense assistance you can provide would be valuable, it would.""","«Когда наступит Прилив Туманов... Я не сомневаюсь, что любая помощь в обороне, которую вы можете оказать, будет ценной, так оно и есть»."
"""When the Nightmare Tree is mine, I'll use her as kindling to burn down the Grove.""","«Когда Кошмарное Дерево станет моим, я использую его как растопку, чтобы сжечь Рощу»."
"""When the Priory team faltered, the Vigil stepped in to finish the job. With Rytlock's help, Gahn and I defeated the necromancer Rissa and destroyed the dragon crystal...and put the undead monstrosity that used to be Howl the Brazen to rest. Gahn told me that my new Vigil mentor will be waiting for me in Lion's Arch, and I agreed to check in to begin my training as a Vigil recruit.""","«Когда команда Приората дрогнула, Бдение вмешалось, чтобы завершить работу. С помощью Ритлока мы с Ганом победили некроманта Риссу и уничтожили кристалл дракона... и упокоили чудовище-нежить, которое раньше было Воем Наглым. Ган сказал мне, что мой новый наставник Бдения будет ждать меня в Львиной Арке, и я согласился зарегистрироваться, чтобы начать обучение в качестве рекрута Бдения»."
"""When the Temple of Ages was destroyed, the boundary between this realm and the Mists became weaker. As a result, creatures from the Underworld have been able to pass into the swamp.""","«Когда Храм Веков был разрушен, граница между этим царством и Туманами стала слабее. В результате существа из Подземного мира смогли пройти в болото»."
"""When the cubs break out, it's your chance to steal a cabbage for Fang!""","«Когда детеныши выбегут, это твой шанс украсть капусту для Клыка!»"
"""When the demon's defiance is broken, his bloodlust increases. Each stack reduces both incoming defiance damage and stun duration when defiance is broken.""","«Когда неповиновение демона сломлено, его жажда крови возрастает. Каждый стак уменьшает как входящий урон неповиновения, так и продолжительность оглушения, когда неповиновение сломлено»."
"""When the details of Glint's legacy are revealed, the commander and Aurene must prove their trust for one another and prepare their allies for the battle of their lives: bringing down the Crystal Dragon.""","«Когда раскрываются подробности наследия Глинта, командир и Орин должны доказать свое доверие друг другу и подготовить своих союзников к битве всей их жизни: победе над Хрустальным Драконом»."
"""When the dwarves took on Primordus, they learned much about traveling through Tyria's heated core. Learn this Mastery to travel long distances as the dwarves did.""","«Когда гномы вступили в бой с Примордусом, они многое узнали о путешествиях по горячему ядру Тирии. Изучите это мастерство, чтобы путешествовать на большие расстояния, как это делали гномы»."
"""When the dwarves undertook the Rite of the Great Dwarf, destroyer activity underground ceased for a time. However, with the awaking of Primordus years later, that victory proved ephemeral.""","«Когда гномы провели Обряд Великого Гнома, деятельность разрушителей под землей на время прекратилась. Однако с пробуждением Примордуса много лет спустя эта победа оказалась эфемерной»."
"""When the dwarves went into the Depths, the dredge made these diggings their own.""","«Когда гномы ушли в Глубины, драга сделала эти раскопки своими собственными»."
"""When the nightmare starts, an entity calls to me. I run—run into a sea of dArkness. But no matter how hard I try to escape, it keeps calling me.""","«Когда начинается кошмар, сущность зовет меня. Я бегу… бегу в море тьмы. Но как бы сильно я ни пытался убежать, она продолжает звать меня»."
"""When the path already exists, will your eyes help you find it or lead you astray?""","«Когда путь уже существует, помогут ли твои глаза найти его или собьют с пути?»"
"""When the race begins, be in the starting area to avoid being disqualified.""","«Когда гонка начнется, будьте в стартовой зоне, чтобы избежать дисквалификации»."
"""When the reactor blew, the world's fabric turned inside-out. Some things will never be the same.""","«Когда взорвался реактор, ткань мира вывернулась наизнанку. Некоторые вещи никогда не будут прежними»."
"""When the stars are wrong, life cannot live.""","«Когда звезды ошибаются, жизнь не может жить»."
"""When the time comes, he'll tell you all the secrets we've discovered.""","«Когда придёт время, он расскажет тебе все секреты, которые мы открыли»."
"""When the tower was opened, the Priory set out to deliver Marjory's antitoxin to its heart. It's clear they've failed. We need you to enter the tower, recover the antitoxin, and finish our mission.""","«Когда башня была открыта, Приорат намеревался доставить антитоксин Марджори в её сердце. Ясно, что они потерпели неудачу. Нам нужно, чтобы вы вошли в башню, добыли антитоксин и завершили нашу миссию»."
"""When the undead come, they'll try to destroy every living thing. There are some plants here with defenses of their own that we could make use of.""","«Когда придёт нежить, они попытаются уничтожить все живое. Здесь есть растения, обладающие собственной защитой, которую мы могли бы использовать»."
"""When the water isn't deep enough, improvise.""","«Когда вода недостаточно глубока, импровизируйте»."
"""When the waves recede, what tales may you find etched in the sands of time?""","«Когда волны отступят, какие истории вы сможете найти, запечатленные в песках времени?»"
"""When this effect expires, any active fishing party effect stacks will end unless you return to a skiff.""","«Когда срок действия этого эффекта истечет, все активные эффекты рыболовной группы закончатся, если вы не вернетесь на лодку»."
"""When this reaches the maximum amount of stacks, remove all stacks, then Pilfer. Overrides existing artifacts.""","«Когда количество стеков достигнет максимального, удалите все стопки, а затем украсть. Переопределяет существующие артефакты»."
"""When this stance ends, deal damage based on the number of stacks and daze enemies if at the maximum number of stacks.""","«Когда эта стойка заканчивается, наносите урон в зависимости от количества стаков и ошеломляйте врагов, если количество стаков максимальное»."
"""When traveling through dangerous territory, I am most likely to %str1%""","""При путешествии по опасной территории я, скорее всего, %str1%"""
"""When used in the Mystic Forge with a Mist-Infused Jade Catalyst, Emblems of the Avenger, and Grandmaster Mark Shards, this can be turned into a Corrupted Hero weapon.""","«При использовании в Мистической кузнице с наполненным туманом нефритовым катализатором, инсигниями Мстителя и осколками гроссмейстерской метки его можно превратить в оружие оскверненного героя»."
"""When used in the Mystic Forge, this gift upgrades Hero's weapons to Mistforged Hero's weapons.""",«При использовании в Мистической кузнице этот дар улучшает оружие Героя до оружия Героя Туманной Кузни».
"""When using a skill that targets enemies, changing your target will cause the skill to update with the new target.""","«При использовании навыка, нацеленного на врагов, изменение цели приведет к обновлению навыка с учётом новой цели»."
"""When we get there, just come with me and talk to the Zaishen.""","«Когда мы доберемся туда, просто пойдём со мной и поговорим с Зайшеном»."
"""When we're done, you'll be my slave.""","«Когда мы закончим, ты будешь моим рабом»."
"""When you Steal, you and all nearby allies gain fury, might, and swiftness for 10 seconds.""","«Когда вы воруете, вы и все ближайшие союзники получаете ярость, мощь и быстроту на 10 секунд»."
"""When you absolutely want to turn your foes into jelly, this is your weapon.""","«Если вам очень хочется превратить своих врагов в желе, это ваше оружие»."
"""When you activate a signet, you gain a fire shield.""","«Когда вы активируете печатку, вы получаете огненный щит»."
"""When you apply burning to a foe, remove a boon.""","«Когда вы применяете горение к врагу, снимайте благо»."
"""When you apply poison to a foe, steal some health from them.""","«Когда вы применяете яд к противнику, вы украдите у него немного здоровья»."
"""When you are downed, consider using your new skill to fend off remaining foes.""","«Когда вы побеждены, рассмотрите возможность использования вашего нового навыка, чтобы отбиться от оставшихся врагов»."
"""When you are training a young hunter, you must never make the prey too easy or the hunt too quick. They must not learn that they hunt solely for the reward, for the taking of a prize, for then they will use any means available and dishonor themselves as they do. Instead, time must be spent to allow them to fail, to follow the wrong path so that they will feel joy on rediscovering tracks, to miss their first arrow so that they will be driven to not miss their second. The hunt, like all things, is in the process, in yearning to become better. The real quarry is oneself, and that hunt has no end.""","«Когда вы обучаете молодого охотника, вы никогда не должны делать добычу слишком лёгкой или слишком быстрой. Они не должны учиться тому, что охотятся исключительно ради награды, ради получения приза, ибо тогда они будут использовать любые доступные средства и бесчестить себя, как они это делают. Вместо этого нужно тратить время на то, чтобы позволить им потерпеть неудачу, пойти по неправильному пути, чтобы они почувствовали радость, вновь обнаруживая следы, чтобы они пропустили свою первую стрелу, чтобы они были вынуждены не пропустить вторую. Охота, как и все вещи, находится в процессе Настоящая добыча – это сам процесс, стремление стать лучше, и этой охоте нет конца»."
"""When you begin healing an ally, you use """"Search and Rescue"""" on them.""","«Когда вы начинаете лечить союзника, вы используете на нем «Поиск и спасение»."
"""When you cast a <c=abilitytype>glamour</c>, allies near the glamour gain resistance and superspeed.""","«Когда вы накладываете <c=abilitytype>гламур</c>, союзники рядом с гламуром получают сопротивление и сверхскорость»."
"""When you cast a cantrip, gain a random new stolen skill. Stolen skills deal more damage.<br><c=@reminder>(Requires a marked target. Overwrites existing stolen skills.)</c>""","«Когда вы применяете заговор, вы получаете новый случайный украденный навык. Украденные навыки наносят больше урона.<br><c=@reminder>(Требуется отмеченная цель. Перезаписывает существующие украденные навыки.)</c>»"
"""When you change your active homestead plot, all your placed decorations will be returned to storage.""","«Когда вы меняете активный приусадебный участок, все размещенные вами украшения вернутся на хранение»."
"""When you chill a foe, you also inflict torment on them.""","«Когда вы охлаждаете врага, вы также причиняете ему мучения»."
"""When you critically strike, attack your enemies from behind or their flanks, or strike a defiant foe, you'll inspire yourself with Kalla's Fervor.<br>Gain access to <c=@abilitytype>Citadel Order</c> skills.""","«Когда вы наносите критический удар, атакуете врагов сзади или с флангов или наносите удар непокорному противнику, вы вдохновляетесь рвением Каллы.<br>Получите доступ к навыкам <c=@abilitytype>Порядок Цитадели</c>»."
"""When you disable a foe, gain a boon based upon your current attunement.""","«Когда вы выводите врага из строя, вы получаете дар, зависящий от вашей текущей настройки»."
"""When you disable an enemy that is afflicted by 5 or more stacks of confusion or torment, inflict confusion and torment on enemies around the target.""","«Когда вы выводите из строя врага, на которого наложено 5 или более стаков замешательства или мучений, вы вызываете замешательство и мучения врагов вокруг цели»."
"""When you equip different healing and utility skills, they also change your tool belt. Press [lbracket]%str1%[rbracket] to use the first one of your tool belt skills.""","«Когда вы используете различные лечебные и полезные навыки, они также меняют ваш пояс с инструментами. Нажмите [lbracket]%str1%[rbracket], чтобы использовать первое из ваших навыков пояса с инструментами»."
"""When you finally see the full scale of eternity, will your mind be able to decipher it?""","«Когда ты наконец увидишь всю шкалу вечности, сможет ли твой разум её расшифровать?»"
"""When you gain Mirage Cloak, your illusions also gain it.""","«Когда вы получаете плащ-мираж, ваши иллюзии также получают его»."
"""When you gain a boon, it is shared with your pet.""","«Когда вы получаете дар, он делится с вашим питомцем»."
"""When you gain a level, you earn a hero point. Hero points allow you to buy new skills and abilities through the Skills and Traits panel.""","«Когда вы получаете уровень, вы зарабатываете очко героя. Очки героя позволяют вам покупать новые навыки и способности через панель «Навыки и черты»."
"""When you gain swiftness or superspeed, you also gain vigor.""","«Когда вы получаете быстроту или сверхскорость, вы также получаете энергию»."
"""When you grant aegis or stability, grant quickness.<br><c=@reminder>This can affect multiple targets simultaneously.</c>""","«Когда вы даруете эгиду или стабильность, даруйте быстроту.<br><c=@reminder>Это может воздействовать на несколько целей одновременно.</c>»"
"""When you grant might to yourself, grant yourself additional might. Gain increased critical-strike chance while at or above the might threshold.""","«Когда вы даруете себе мощь, даруйте себе дополнительную мощь. Получите повышенный шанс критического удара, пока порог силы равен или превышает его»."
"""When you grant protection to an ally, cleanse conditions from them.""","«Когда вы предоставляете защиту союзнику, очищайте его от состояний»."
"""When you grant yourself chaos aura, if you already have chaos aura, detonate your chaos aura to grant yourself boons and inflict conditions on enemies.""","«Когда вы даруете себе ауру хаоса, если у вас уже есть аура хаоса, взорвите свою ауру хаоса, чтобы получить дары и наложить состояния на врагов»."
"""When you grant yourself might, grant it to nearby allies as well.""","«Когда вы даруете себе мощь, даруйте её и ближайшим союзникам»."
"""When you heal an ally, you are also healed.""","«Когда вы исцеляете союзника, вы тоже исцеляетесь»."
"""When you heal an ally, you heal yourself.""","«Когда вы исцеляете союзника, вы исцеляете себя»."
"""When you hit with a <c=@abilitytype>Primal Burst</c> skill, extend the duration of your berserk. Critical-hit chance is increased while berserk.""","«Когда вы наносите удар умением <c=@abilitytype>Первобытный взрыв</c>, продлевается продолжительность вашего берсерка. В состоянии берсерка увеличивается вероятность критического удара»."
"""When you inflict bleeding on an enemy with 6 or more stacks of bleeding, also inflict burning and torment.""","«Когда вы вызываете кровотечение у врага с 6 или более зарядами кровотечения, вы также вызываете горение и мучения»."
"""When you inflict crippled, chilled, or immobile, you also inflict vulnerability.""","«Когда вы наносите калеку, охлаждение или обездвиживание, вы также наносите уязвимость»."
"""When you inflict slow, you and your illusions' outgoing critical-strike damage is increased for a duration.""","«Когда вы наносите замедление, исходящий критический урон от вас и ваших иллюзий на некоторое время увеличивается»."
"""When you interrupt a foe, recharge one of your equipped-weapon skills at random.<br><c=@reminder>Only affects weapon skills that are recharging.</c>""","«Когда вы прерываете врага, вы случайным образом перезаряжаете один из навыков вашего экипированного оружия.<br><c=@reminder>Влияет только на те навыки оружия, которые перезаряжаются.</c>»"
"""When you kill a foe, you remove conditions.""","«Когда вы убиваете врага, вы снимаете состояния»."
"""When you leave the Command Core, head north toward the Diessa gate. You'll pass between some giant statues, and the gate is at the end. It drops you in Nolan; the hatchery is just to the north.""","«Когда вы покинете командное ядро, идите на север к воротам Диссы. Вы пройдёте между гигантскими статуями, и ворота будут в конце. Они попадут в Нолан; инкубаторий находится чуть севернее»."
"""When you lose all your health, your character will enter a downed state. The goal here is to rally by either using your downed skills to fill your health back up or helping to kill a creature. Other players can also assist you by reviving you during this time.""","«Когда вы потеряете все свое здоровье, ваш персонаж перейдёт в сбитое состояние. Цель здесь — сплотиться, либо используя свои сбитые навыки, чтобы восстановить свое здоровье, либо помогая убить существо. Другие игроки также могут помочь вам, оживив вас в это время»."
"""When you or one of your minions is downed, create a Poison Nova. Summon a jagged horror when you kill a foe.""","«Когда вы или один из ваших миньонов побеждены, создайте Ядовитое кольцо. Призовите зазубренного ужаса, когда убьёте врага»."
"""When you or your pet unleash, gain biorythm every interval for a duration. When you reach the biorythm stack threshold, the next time you or your pet unleash, gain both bonuses from Vow of the Untamed.""","«Когда вы или ваш питомец освобождаетесь, вы получаете биоритм каждый интервал в течение определенного времени. Когда вы достигнете порога стека биоритмов, в следующий раз, когда вы или ваш питомец высвобождаетесь, получите оба бонуса от «Клятвы неукротимых»."
"""When you place a trap, gain protection.""","«Когда вы ставите ловушку, получаете защиту»."
"""When you purchase something from the Black Lion Trading Company Gem Store, it is delivered by global mail. Any character on your account can claim it.""","«Когда вы покупаете что-то в магазине драгоценных камней торговой компании Black Lion, оно доставляется по всему миру. Любой персонаж в вашей учётной записи может претендовать на это»."
"""When you reach the final boss, the real challenge begins!""","«Когда вы доберетесь до финального босса, начнется настоящее испытание!»"
"""When you remove or corrupt a boon from an enemy, gain barrier.""","«Когда вы снимаете или портите дар врага, вы получаете барьер»."
"""When you say """"we,"""" who are you referring to? Tyria as a whole, or Kryta?""","«Когда ты говоришь «мы», кого ты имеешь в виду? Тирию в целом или Крайту?»"
"""When you say you'll defend something, you really mean it!""","«Когда вы говорите, что будете что-то защищать, вы действительно это имеете в виду!»"
"""When you see splashing around your bobber, set the hook!""","«Когда вы увидите брызги вокруг вашего поплавка, установите крючок!»"
"""When you speak with a sylvari, the detector will read physiological indicators that may reveal their true intentions.""","«Когда вы разговариваете с сильвари, детектор считывает физиологические показатели, которые могут раскрыть их истинные намерения»."
"""When you steal, create a field around yourself that grants allies protection. Granting dark aura to yourself removes a condition from nearby allies.</c>""","«Когда вы воруете, создайте вокруг себя поле, обеспечивающее защиту союзникам. Наделение себя тёмной аурой снимает состояние с ближайших союзников.</c>»"
"""When you strike an enemy with a <c=@abilitytype>Beast</c> ability, cast Lesser """"Sic 'Em!"""" on the enemy.""","«Когда вы поражаете врага способностью <c=@abilitytype>Зверь</c>, используйте на врага Lesser «""Sic 'Em!""""»."
"""When you successfully evade an attack, gain vigor.""","«Когда вы успешно уклоняетесь от атаки, вы обретаете энергию»."
"""When you summon a creature, deal damage to enemies around that creature.<br><c=@reminder>Spirits and minions are creatures.</c>""","«Когда вы вызываете существо, наносите урон врагам вокруг этого существа.<br><c=@reminder>Духи и миньоны — это существа.</c>»"
"""When you take damage over a percentage of your maximum health, heal for the difference, then steal life from that foe.""","«Когда вы получаете урон, превышающий процент вашего максимального здоровья, вылечите разницу, а затем украдите жизнь у этого врага»."
"""When you thought you were close to the Peak, a dredge would knock you back.""","«Когда вы думали, что находитесь близко к Пику, драга отбрасывала вас назад»."
"""When you trigger <c=@abilitytype>Band Together</c>, gain energy and reduce the recharge of the enhanced skill.""","«Когда вы активируете <c=@abilitytype>Объединиться</c>, вы получаете энергию и уменьшаете время перезарядки улучшенного навыка»."
"""When you use a <c=@abilitytype>rage</c> skill, inflict burning on nearby enemies.<c=@abilitytype>Rage</c> skills extend berserk longer.""","«Когда вы используете навык <c=@abilitytype>ярости</c>, вы вызываете ожог у ближайших врагов. Навыки <c=@abilitytype>Ярости</c> продляют состояние берсерка дольше»."
"""When you use a Legendary Entity skill, a magical scythe appears and spins around you, dealing damage to enemies.""","«Когда вы используете навык легендарной сущности, вокруг вас появляется волшебная коса, которая вращается, нанося урон врагам»."
"""When you use a heal skill, gain resistance.""","«Когда вы используете навык лечения, вы получаете сопротивление»."
"""When you use a healing skill, grant nearby allies swiftness and remove movement-impairing conditions from them.""","«Когда вы используете навык исцеления, даруйте ближайшим союзникам скорость и снимаете с них состояния, затрудняющие передвижение»."
"""When you use a healing skill, heal allies in the area and grant them protection.""","«Когда вы используете навык исцеления, исцеляйте союзников в области действия и предоставляйте им защиту»."
"""When you use a healing skill, heal around your pet and create a water field attached to them. When you combo a water field with a blast finisher, sprout a Lesser Seed of Life at the location.""","«Когда вы используете навык исцеления, исцеляйте своего питомца и создайте прикрепленное к нему водное поле. Когда вы комбинируете водное поле с завершающим взрывом, в этом месте прорастает Lesser Seed of Life»."
"""When you use an elite skill, launch projectiles that inflict burning at nearby foes.""","«Когда вы используете элитный навык, запускайте снаряды, которые поджигают ближайших противников»."
"""When you use an instrument above the note threshold, create an afterimage that plays that instrument after a delay.""","«Когда вы используете инструмент выше порога ноты, создайте остаточное изображение, которое играет на этом инструменте после задержки»."
"""When you use this consumable, your character will drop a cow on your enemies to finish them in PvP and WvW. Lasts for one hour.""","«Когда вы используете этот расходный материал, ваш персонаж бросает корову на ваших врагов, чтобы добить их в PvP и WvW. Длится один час»."
"""When you're all done high-fiving and backslapping each other, you may want to head down to the stasis chamber.""","«Когда вы закончите давать друг другу пять и хлопать друг друга по спине, возможно, вам захочется отправиться в стазис-камеру»."
"""When you're close to an object you can use, you can interact with it with the <c=@Quest>[lbracket]F[rbracket]</c> key.""","«Когда вы находитесь рядом с объектом, который можете использовать, вы можете взаимодействовать с ним с помощью клавиши <c=@Quest>[lbracket]F[rbracket]</c>»."
"""When you're close to them, revive a fallen ally with [lbracket]%str1%[rbracket].""","«Когда вы приблизитесь к ним, оживите павшего союзника с помощью [lbracket]%str1%[rbracket]»."
"""When you're doing serious research, good help is hard to find.""","«Когда вы проводите серьёзные исследования, хорошую помощь найти трудно»."
"""When you're hot, you're hot!""","«Когда тебе жарко, тебе жарко!»"
"""When you're ready, let me know your plan and I'll open the doors for you.""","«Когда будешь готов, дай мне знать свой план, и я открою тебе двери»."
"""When you're rolling at high speed, hold back on the saddle as you begin to turn. You'll lose traction and slide, setting up a dynamic cornering maneuver!""","«Когда вы катитесь на высокой скорости, держитесь за седло, когда начинаете поворачивать. Вы потеряете сцепление с дорогой и будете скользить, создавая динамичный маневр на повороте!»"
"""When you've got the glow, your body's gold!""","«Когда ты сияешь, твое тело золотое!»"
"""When you've got to go fast, you can expend your beetle's stamina to perform a high-velocity boost. Careful though—your turning ability will suffer for a few seconds.""","«Когда вам нужно ехать быстро, вы можете потратить выносливость своего жука, чтобы разогнаться до высокой скорости. Однако будьте осторожны — ваша способность поворачиваться пострадает на несколько секунд»."
"""When your mech is struck while under half health, it activates Exigency Protocols, gaining damage reduction and regeneration for a short duration. Regeneration boons you apply are stronger.""","«Когда ваш механизм получает удар, когда его здоровье ниже половины, он активирует протоколы срочности, получая снижение урона и регенерацию на короткое время. Применяемые вами дары регенерации становятся сильнее»."
"""When your world burns, your failure will be their final thought.""","«Когда ваш мир сгорит, ваша неудача станет их последней мыслью»."
"""Whenever I plan, I fall asleep.""","«Каждый раз, когда я планирую, я засыпаю»."
"""Whenever a Chancel of Echoes appears during combat, interact with it to acquire a random dirge. Perform these dirges to help allies and hinder foes.""","«Каждый раз, когда во время боя появляется «Шансел эха», взаимодействуйте с ним, чтобы получить случайную панихиду. Выполняйте эти панихиды, чтобы помочь союзникам и помешать врагам»."
"""Whenever a clone would be summoned, you instead stock a <c=@abilitytype>blade</c>. Blades persist indefinitely until used. Your shatters are replaced with <c=@abilitytype>Bladesongs</c> that consume your stocked blades, but still count as shatters for the purposes of core traits.<br><br><c=@reminder>While out of combat, you will automatically stock a blade every 10 seconds.</c>""","«Каждый раз, когда вызывается клон, вместо этого вы запасаетесь <c=@abilitytype>клинком</c>. Лезвия сохраняются неопределенно долго, пока не будут использованы. Ваши осколки заменяются <c=@abilitytype>Песнями клинка</c>, которые потребляют имеющиеся у вас клинки, но по-прежнему считаются осколками для целей основных характеристик.<br><br><c=@reminder>Находясь вне боя, вы автоматически запасаете клинок каждые 10 секунд.</c>"""
"""Whenever it rains, I can't help but wonder what's washing out of the junkyard into the water table...""","«Каждый раз, когда идет дождь, я не могу не задаться вопросом, что смывается со свалки в грунтовые воды…»"
"""Whenever you heal an ally, your outgoing healing to others is improved for a short time.""","«Каждый раз, когда вы исцеляете союзника, ваше исходящее исцеление других на короткое время улучшается»."
"""Whenever you inflict fear, you also chill. Chill lasts longer.""","«Всякий раз, когда вы вызываете страх, вы также охлаждаетесь. Холод длится дольше»."
"""Whenever you use a Legendary Assassin skill or while channeling Impossible Odds, fire enchanted daggers at nearby enemies.""","«Каждый раз, когда вы используете навык легендарного убийцы или используете «Impossible Odds», стреляйте зачарованными кинжалами в ближайших врагов»."
"""Where are they, then? With your bombardment distracting the Flame Legion, it should be an easy matter to sneak up to that peak.""","«Тогда где они? Поскольку твоя бомбардировка отвлекает Flame Legion, подкрасться к этой вершине должно быть легко»."
"""Where are you going, worm?""","— Куда ты идешь, червяк?"
"""Where are you on to, next?""",— Куда ты направляешься дальше?
"""Where can I find Jimoh, to help her?""","«Где я могу найти Джимо, чтобы помочь ей?»"
"""Where cloth armor frays and metal armor rusts, leather armor comforts and protects.""","«Там, где тканевые доспехи изнашиваются, а металлические ржавеют, кожаные доспехи утешают и защищают»."
"""Where did he... Oh, he's probably down at the pub again.""","«Где он… О, он, наверное, снова в пабе»."
"""Where do you find it, then?""",— Тогда где ты его находишь?
"""Where does this road lead, Mother?""","«Куда ведёт эта дорога, мама?»"
"""Where is my guidance? Where is my neatly paved path to """"enlightenment""""?""",«Где мое руководство? Где мой аккуратно проложенный путь к «просветлению»?»
"""Where life goes, so too should you.""","«Куда идет жизнь, туда же следует и вам»."
"""Where life goes—so, too, should you.""","«Куда идет жизнь, туда же следует и вам»."
"""Where one path ends, another begins.""","«Там, где заканчивается один путь, начинается другой»."
"""Where others see waste, you see an opportunity to leap into action!""","«Там, где другие видят расточительство, вы видите возможность начать действовать!»"
"""Where strength and logic can't prevail, good old-fashioned cunning can win the day. Waine never knew what hit him. The Order of Whispers is thorough, I'll give them that.""","«Там, где сила и логика не могут победить, старая добрая хитрость может победить. Уэйн никогда не знал, что его поразило. Орден Шепота действенен, я им это отдам»."
"""Where the lava flows, upward you must go.""","«Там, где течёт лава, ты должен идти вверх»."
"""Where there was once only ice and death, let the light shine forth.""","«Там, где когда-то были только лед и смерть, пусть воссияет свет»."
"""Where there's light, there's shadow.""","«Где есть свет, там есть тень»."
"""Where was I? Oh, yes. The Guild Wars. Still angry over the loss of Ascalon, the charr struck hard while humanity fought with itself.""","«Где я был? О, да. Войны гильдий. Все ещё злясь на потерю Аскалона, чарры нанесли сокрушительный удар, пока человечество сражалось само с собой»."
"""Where was I? Oh, yes.""","«Где я был? О, да»."
"""Where's Kay? I'll be fine here. Why don't you, ah...go see what the holdup is?""","«Где Кей? Мне здесь будет хорошо. Почему бы тебе, э… не пойти посмотреть, в чем дело?»"
"""Where's home, little fella?""","«Где дом, малыш?»"
"""Where's your invitation, demon?""","«Где твое приглашение, демон?»"
"""Whether it bleeds blood or sap, we will bring it down.""","«Независимо от того, течет ли он кровью или соком, мы его уничтожим»."
"""Whew! It's over, for now.""",«Уф! На данный момент все кончено».
"""Whew—whoa, whoa, that's a...that's a long way down. No. I can do this. I'm big, brave, strong. That's right!""","«Фу… эй, эй, это… это очень далеко. Нет. Я могу это сделать. Я большой, храбрый, сильный. Это правда!»"
"""Which beast will you challenge? Devourer, siamoth, or jungle raptor?""","«Какому зверю ты бросишь вызов? Пожирателю, сиамоту или тропическому хищнику?»"
"""Which beast will you challenge? Fire elemental, cavern scutter, or plated behemoth?""","«Какому зверю ты бросишь вызов? Огненному элементалю, пещерному бегемоту или латному чудовищу?»"
"""Which beast will you challenge? Fire elemental, lynx, or murellow?""","«Какому зверю ты бросишь вызов? Огненному элементалю, рыси или муреллоу?»"
"""Which beast will you challenge? Jungle troll, spider, or bear?""","«Какому зверю ты бросишь вызов? Троллю джунглей, пауку или медведю?»"
"""Which beast will you challenge? Jungle troll, warg, or bear?""","«Какому зверю ты бросишь вызов? Троллю джунглей, варгу или медведю?»"
"""Which beast will you challenge? Pinipal, warg, or moa?""","«Какому зверю ты бросишь вызов? Пинипалу, варгу или моа?»"
"""Which beast will you challenge? Tar elemental, cavern scutter, or murellow?""","«Какому зверю ты бросишь вызов? Элементалю смолы, пещерному бродяге или муреллоу?»"
"""Which beast will you challenge? Warg, wasp, or moa?""","«Какому зверю ты бросишь вызов? Варгу, осе или моа?»"
"""Which came first, the critic or the egg? It is hard to tell, but the former seems to be well armed with the latter. Comprehend the nature of these critical missiles in order to take your first steps in creating the legendary precursor The Bard.""","«Что было первым, критик или яйцо? Трудно сказать, но первое, похоже, хорошо вооружено вторым. Поймите природу этих критических снарядов, чтобы сделать свои первые шаги в создании легендарного предшественника Барда»."
"""Which is why I'm here, digging through ruins, destroying every dress I brought along...hoping to find...something? Anything that might help me figure this out... But I've kind of hit a stopping place.""","«Именно поэтому я здесь, копаюсь в руинах, уничтожаю каждое платье, которое принес с собой… в надежде найти… что-нибудь? Что-нибудь, что могло бы помочь мне разобраться в этом… Но я вроде как остановился»."
"""Which lab do you assist at? Wait, you don't look capable of crafting even a simple hammer, let alone a complicated arcane implement. Talk to one of our master craftsmen and broaden that mind of yours.""","«В какой лаборатории вы помогаете? Подождите, вы не выглядите способным изготовить даже простой молоток, не говоря уже о сложном загадочном орудии. Поговорите с одним из наших мастеров и расширьте свой кругозор»."
"""Which of the tribal cultures of Tyria would you like to investigate, Agent?""","«Какую из племенных культур Тирии вы хотели бы исследовать, агент?»"
"""Which spirits do norn revere the most? (pause) Home-brewed, of course.""","«Какие духи норны почитают больше всего? (пауза) Домашние, конечно»."
"""Whichever you decide, I'm going with you. You could use the help—and I owe it to Tybalt.""","— Что бы ты ни решил, я пойду с тобой. Тебе могла бы пригодиться помощь — и я в долгу перед Тибальтом."
"""While Braham investigated ways to open the door, I pitched in to help the United Legions sabotage Bangar's army in the region, destroying a series of communication towers that were helping the Dominion plot artillery strikes against us.""","«Пока Брэм искал способы открыть дверь, я принялся помогать Объединенным легионам саботировать армию Бангара в этом регионе, уничтожив ряд коммуникационных башен, которые помогали Доминиону планировать артиллерийские удары по нам»."
"""While Courage is active, incoming strike damage and condition damage is reduced.""","«Пока активна храбрость, входящий урон от ударов и урон от состояний уменьшаются»."
"""While Forge Master Hilina pressed on with forging more of the new Dragonsblood weapons, I tracked down a number of Branded enemies to test our initial batch. Though the weapons were clearly not as powerful as the original Dragonsblood Spear, they were still quite effective and would surely give us an advantage if we could make enough for all of our allies. I reached out to Taimi and Gorrik to report my findings, and Gorrik began calculating how much time we would need.""","«Пока мастер кузни Хилина продолжала создавать новые виды оружия «Драконова кровь», я выследил несколько Клейменных врагов, чтобы протестировать нашу первоначальную партию. Хотя оружие было явно не таким мощным, как оригинальное Копьё «Драконья кровь», оно все же было достаточно эффективным и наверняка дало бы нам преимущество, если бы мы смогли сделать достаточно для всех наших союзников. Я обратился к Тайми и Горрику, чтобы сообщить о своих выводах, и Горрик начал подсчитывать, сколько времени нам понадобится»."
"""While Lazarus's illusion remains in place, he is invulnerable.""","«Пока иллюзия Лазаря остается на месте, он неуязвим»."
"""While Photon Forge is active, your outgoing strike damage is increased based on your current heat.""","«Пока активна Photon Forge, урон от вашего исходящего удара увеличивается в зависимости от вашего текущего тепла»."
"""While Taimi continued her research at the ley line hub, Rox, Braham, and I investigated the waypoint disruption at Concordia. We found the fort ravaged by jungle tendrils and other creatures. I led the search party that rescued Lindsay and some of her colleagues before fending off the remaining attackers at Goldenlight Hallow lab. Tactician Art mentioned that the vines started sprouting from the ground shortly after a shipment of magical artifacts arrived. I'm not sure of the connection there.<br><br>Rox made an offhand comment about Taimi. I think the kid is getting on her nerves.""","«Пока Тайми продолжала свои исследования в узле лей-линий, Рокс, Брэхам и я исследовали нарушение путевой точки в Конкордии. Мы обнаружили форт, разрушенный щупальцами джунглей и другими существами. Я возглавил поисковую группу, которая спасла Линдси и некоторых её коллег, прежде чем отбиться от оставшихся нападавших в лаборатории «Goldenlight Hallow». Тактик Арт упомянул, что лозы начали прорастать из земли вскоре после прибытия партии магических артефактов. Я не уверен в связь есть.<br><br>Рокс сделала небрежный комментарий о Тайми. Думаю, ребенок действует ей на нервы»."
"""While a rift is closing, escape through a portal with a lost keepsake and return it to its owner.""","«Пока разлом закрывается, сбегите через портал с потерянным сувениром и верните его владельцу»."
"""While a true observation, just telling them to get to work would probably be more succinct.""","«Хотя это верное наблюдение, просто сказать им, чтобы они приступили к работе, вероятно, было бы более лаконично»."
"""While active, the Mordrem pheromones enable you to gather samples from vine chambers.""",«В активном состоянии феромоны Мордрема позволяют вам собирать образцы из камер с виноградными лозами».
"""While adventuring, you may encounter special challenges that advance your skills.""","«Во время приключений вы можете столкнуться с особыми испытаниями, которые улучшат ваши навыки»."
"""While airborne and moving at high speed, hold to climb. Release to level out.""","«Находясь в воздухе и двигаясь на высокой скорости, удерживайте, чтобы набрать высоту. Отпустите, чтобы выровняться»."
"""While airborne, hold to dive toward the ground and accelerate. Release to level out.""","«Находясь в воздухе, удерживайте, чтобы нырнуть к земле и ускориться. Отпустите, чтобы выровняться»."
"""While airborne, rapidly dash forward.""","«Находясь в воздухе, быстро бросьтесь вперёд»."
"""While airborne, use the [lbracket]%str1%[rbracket] key to dash forward in a barrel roll, giving your mount a burst of speed at the cost of energy.""","«Находясь в воздухе, используйте клавишу [lbracket]%str1%[rbracket], чтобы броситься вперёд в бочке, придавая вашему скакуну прирост скорости за счёт энергии»."
"""While all boats float, this one does so in a way that is contrary to every known law of physics or magic.""","«Хотя все лодки плавают, эта делает это вопреки всем известным законам физики и магии»."
"""While assisting researchers in gathering magic, collect 50 orbs with your skimmer.""","«Помогая исследователям в сборе магии, соберите 50 сфер с помощью скиммера»."
"""While at 33%% health or less, slay five enemies within 5 minutes of each other.""","«Пока у вас 33%% здоровья или меньше, убейте пять врагов с разницей в 5 минут»."
"""While at or above the might threshold, gain increased power. Power bonuses are doubled while attuned to fire.""","«Находясь на пороге мощи или выше, вы получаете увеличенную силу. Бонусы к силе удваиваются, если вы настроены на стрельбу»."
"""While being carried by a ley line, you can exit before the end of the path with the [lbracket]%str1%[rbracket] key to dash away from the ley-line path or the [lbracket]%str2%[rbracket] key to dismount and drop out.""","«Находясь на лей-линии, вы можете выйти до конца пути с помощью клавиши [lbracket]%str1%[rbracket], чтобы оторваться от лей-линии, или клавиши [lbracket]%str2%[rbracket], чтобы спешиться и выпасть»."
"""While being chased by Inquest, Meliza dropped an old ritual coin near a waterfall just east of the Command Complex. If you retrieve it, she'll be grateful.""","«Во время преследования дознания Мелиза уронила старую ритуальную монету возле водопада к востоку от командного комплекса. Если вы её найдёте, она будет вам благодарна»."
"""While being pursued by the Mordrem beast, avoid taking any hit.""","«Пока вас преследует мордремский зверь, избегайте любого удара»."
"""While being pursued by the Mordrem beast, do not die.""","«Не умирай, пока тебя преследует мордремский зверь»."
"""While being pursued by the Mordrem beast, find and retrieve all 23 Echoes of Glint.""","«Пока вас преследует мордрем, найдите и заберите все 23 отголоска блика»."
"""While burrowed, this skill is locked.""","«Пока этот навык закопан, он заблокирован»."
"""While caught in the ice storm, your health will drop rapidly.""","«Пока вы попали в ледяной шторм, ваше здоровье быстро упадет»."
"""While challenge mode is active, complete the Cosmic Observatory raid encounter with all players surviving being possessed by Residual Anxiety exactly one time.""","«Пока активен режим испытания, завершите рейд Космической обсерватории, чтобы все игроки, оставшиеся в живых, были одержимы остаточной тревогой, ровно один раз»."
"""While challenge mode is active, complete the Cosmic Observatory raid encounter without being hit by Spinning Nebula.""","«Пока активен режим испытания, завершите рейд Космической обсерватории, не получив удара от Вращающейся туманности»."
"""While challenge mode is active, complete the Harvest Temple raid encounter after absorbing 5 Share the Void attacks.""","«Пока активен режим испытания, завершите рейд «Храм Жатвы», поглотив 5 атак «Поделиться Бездной»."
"""While challenge mode is active, complete the Harvest Temple raid encounter without allowing the enemy to gain more than three stacks of Void Empowerment.""","«Пока активен режим испытания, завершите рейд «Храм Жатвы», не позволив противнику получить более трех стаков «Усиления Бездны»."
"""While challenge mode is active, complete the Kaineng Overlook raid encounter after triggering Equalization Matrix.""","«Пока активен режим испытания, завершите рейдовое столкновение на смотровой площадке Кайненг после запуска Матрицы выравнивания»."
"""While challenge mode is active, complete the Kaineng Overlook raid encounter without being hit by Dragon Slash—Rush or Dragon Slash—Wave.""","«Пока активен режим испытания, завершите рейдовое столкновение на Кайненгской смотровой площадке, не получив ударов «Удара дракона — Натиск» или «Удар дракона — Волна»."
"""While challenge mode is active, complete the Temple of Febe raid encounter with all of Cerus's emotional aspects empowered.""","«Пока активен режим испытания, завершите рейдовое сражение в Храме Фебе, усилив все эмоциональные аспекты Церуса»."
"""While challenge mode is active, complete the Temple of Febe raid encounter without taking damage from Cerus's Wail of Despair or Pool of Despair skills.""","«Пока активен режим испытания, завершите рейдовое столкновение в Храме Фебе, не получив урона от навыков Церуса «Вой отчаяния» или «Пруд отчаяния»."
"""While challenge mode is active, complete the Xunlai Jade Junkyard raid encounter without taking damage from the Devouring Void.""","«Пока активен режим испытания, завершите рейдовую схватку на Нефритовой свалке Сюньлай, не получив урона от Пожирающей Бездны»."
"""While challenge mode is active, defeat Ankka while she has 6 or more stacks of Power of the Void in the Xunlai Jade Junkyard raid encounter.""","«Пока активен режим испытания, победите Анкку, пока у неё есть 6 или более стаков Силы Бездны, в рейдовом столкновении на Сюньлайской нефритовой свалке»."
"""While challenge mode is active, defeat Mai Trin and the Echo without dying or being afflicted with the Exposed condition.""","«Пока активен режим испытания, победите Mai Trin и Эхо, не умирая и не попадая в состояние «Открытость»."
"""While clinging to a wall with your skyscale, hold the jump key to charge your flight meter and release it to launch into the air. This requires at least one bar of endurance. If you also have the Wall Launch Skyscale Mount Mastery trained, this ability charges faster and launches farther.""","«Цепляясь за стену с помощью небесных весов, удерживайте кнопку прыжка, чтобы зарядить счётчик полёта, и отпустите её, чтобы взлететь в воздух. Для этого требуется как минимум одна полоска выносливости. Если вы также обучены навыку «Запуск скайскейла со стены», эта способность заряжается быстрее и запускает дальше»."
"""While clinging to a wall with your skyscale, hold the jump key to charge your flight meter, and release it to launch into the air. This requires at least one bar of endurance.""","«Цепляясь за стену с помощью небесной шкалы, удерживайте кнопку прыжка, чтобы зарядить счётчик полёта, и отпустите её, чтобы взлететь в воздух. Для этого требуется как минимум одна полоска выносливости»."
"""While clinging to a wall, hold to charge a jump. Release to jump.""","«Цепляясь за стену, удерживайте, чтобы совершить прыжок. Отпустите, чтобы прыгнуть»."
"""While defending Overlake Haven, you saw a strange undead creature. Neither you, nor your companion, had ever seen its like. Now you return to the Grove, to ask advice of the Pale Tree.""","«Защищая Озерную Гавань, вы увидели странное существо-нежить. Ни вы, ни ваш спутник никогда не видели подобного. Теперь вы возвращаетесь в Рощу, чтобы спросить совета у Бледного Древа»."
"""While disguised as Blood Legion, the Flame Legion plans to sabotage Iron Legion's new siege engine. Samona Ironclaw is standing by to help you prevent the Flame Legion from turning Iron against Blood.""","«Замаскировавшись под Blood Legion, Flame Legion планирует саботировать новую осадную машину Железного Легиона. Самона Железный Коготь готов помочь вам не дать Легиону Пламени обратить Железо против Крови»."
"""While disguised as Iron Legion, the Flame Legion plans to assassinate Blood Legion Centurion Volante Tornpaw. Such an act would provoke dangerous conflict between Blood and Iron. Wroda the Quick is standing by to help you avert this crisis.""","«Замаскировавшись под Iron Legion, Flame Legion планирует убить центуриона Кровавого Легиона Воланте Рыжелапа. Такой поступок спровоцирует опасный конфликт между Кровью и Железом. Wroda the Quick готова помочь вам предотвратить этот кризис»."
"""While disguised as a Risen, free slaves, attack krait, and destroy their defenses.""","«Находясь под видом Восставшего, освобождайте рабов, атакуйте крайтов и уничтожайте их оборону»."
"""While disguised, infiltrate the Nightmare Court camps and rescue the white stag.""","«Переодевшись, проникните в лагерь Кошмарного двора и спасите белого оленя»."
"""While diving for treasure in Sawtooth Bay, an adventurer sighted a disrupted portal.""","«Ныряя в поисках сокровищ в заливе Пилообразного, искатель приключений заметил разрушенный портал»."
"""While earning your place with the Rift Hunters, head out to explore the islands of Skywatch Archipelago.""","«Заслужив место среди Охотников за Разломами, отправляйтесь исследовать острова архипелага Небесного Дозора»."
"""While fighting Scarlet's Prime Hologram, never hit a hologram without the respective attunement.""","«Сражаясь с Прайм-голограммой Скарлет, никогда не бейте по голограмме без соответствующей настройки»."
"""While flying, decrease altitude.""",«Во время полёта уменьшайте высоту».
"""While here, I have discovered my purpose: to face evil and destroy it. Even now, I sense my destiny calling me to awaken. My time is soon.""","«Находясь здесь, я обнаружил свою цель: противостоять злу и уничтожить его. Даже сейчас я чувствую, что моя судьба зовет меня пробудиться. Мое время скоро»."
"""While in Armistice Bastion, use travel skills to teleport to merchants or to quickly return to Tyria.""","«Находясь в Бастионе Перемирия, используйте навыки путешествия, чтобы телепортироваться к торговцам или быстро вернуться в Тирию»."
"""While in Celestial Avatar form, your healing of others is significantly increased. Healing another player with a Celestial Avatar skill reduces the cooldown of Celestial Avatar. <br><c=@reminder>Cooldown can only be reduced once per outgoing heal and will occur even if the affected player is at full health.</c>""","«В форме Небесного Аватара ваше исцеление других значительно увеличивается. Исцеление другого игрока с помощью навыка Небесного Аватара сокращает время восстановления Небесного Аватара. <br><c=@reminder>Время восстановления может быть уменьшено только один раз за каждое исходящее исцеление, и это произойдёт, даже если у пораженного игрока полное здоровье.</c>»"
"""While in Harbinger Shroud, gain an aura that pulses each interval to grant boons to yourself and nearby allies.""","«Находясь в Саване Предвестника, вы получаете ауру, которая пульсирует каждый интервал, даруя блага себе и ближайшим союзникам»."
"""While in a Convergence, turning in essences grants you the Wizard's Blessing, increasing your combat effectiveness.""","«Находясь в состоянии Конвергенции, сдача эссенций даёт вам Благословение Волшебника, повышая вашу боевую эффективность»."
"""While in combat, a percentage of healing you apply to yourself is stored by your Medical Dispersion Field. Each interval, stored healing is spent to heal nearby allies.""","«Во время боя процент исцеления, которое вы применяете к себе, сохраняется в вашем медицинском рассеивающем поле. Каждый интервал сохраненное исцеление тратится на исцеление ближайших союзников»."
"""While in party mode, you will only be able to see your own character and party members. If you have no one in your party, you will only see yourself.""","«В режиме группы вы сможете видеть только своего персонажа и членов группы. Если в вашей группе никого нет, вы увидите только себя»."
"""While in shroud, transfer conditions from your tethered ally and cleanse conditions from yourself. Each condition removed in this fashion heals a percentage of your base health and grants your tethered ally barrier.""","«Находясь в саване, перенесите состояния со своего привязанного союзника и очистите состояния от себя. Каждое снятое таким образом состояние восстанавливает определенный процент вашего базового здоровья и даёт вашему привязанному союзнику барьер»."
"""While in the arena, you will be able to participate in the fights and exercises directly.""","«Находясь на арене, вы сможете непосредственно участвовать в боях и упражнениях»."
"""While in wisp form, you can jump as long as you have energy. Each jump consumes one energy bar. Gather wandering memories to replenish energy and get back to the top of the Harvest Temple!""","«Находясь в форме огонька, вы можете прыгать, пока у вас есть энергия. Каждый прыжок потребляет одну полоску энергии. Собирайте блуждающие воспоминания, чтобы пополнить энергию и вернуться на вершину Храма Урожая!»"
"""While infiltrating the gang, you learned Two-Blade Pete's despicable plan. He's going to poison a well in the city's merchant district. Logan Thackeray needs to know about this right away.""","«Проникнув в банду, вы узнали о подлом плане Пита с двумя клинками. Он собирается отравить колодец в торговом районе города. Логан Теккерей должен узнать об этом немедленно»."
"""While inside the Urban Battleground fractal, your team killed all the chickens in the city.""","«Находясь внутри фрактала Городского поля битвы, ваша команда убила всех цыплят в городе»."
"""While journeying through Darkrime Delves in the Scrying Pool's visions, explore to find lost treasures.""","«Путешествуя по Тёмным подземельям в видениях Пруда провидения, исследуйте его в поисках затерянных сокровищ»."
"""While looking for the boy, I was attacked by carnies. Although I didn't find Garand, there's something suspicious about those multicolored tents. I should tell Logan.""","«Когда я искал мальчика, на меня напали карни. Хотя Гаранда я не нашёл, есть что-то подозрительное в этих разноцветных палатках. Я должен сказать Логану»."
"""While looking for the legendary white stag, I came upon a hunter named Gavin. I rescued him from trouble, and he offered to help with my quest.""","«В поисках легендарного белого оленя я наткнулся на охотника по имени Гэвин. Я спас его от неприятностей, и он предложил свою помощь в моих поисках»."
"""While mounted on your skyscale, defeat 25 Kryptis throughout Nayos.""","«Находясь на небесной шкале, победите 25 криптисов на территории Найоса»."
"""While mounted on your skyscale, destroy Kryptis turrets throughout Heitor's territory in Inner Nayos.""","«Находясь на небесной шкале, уничтожьте турели Криптиса на территории Эйтора во Внутреннем Найосе»."
"""While mounted, use %num1%/%num2% Soul Binders on Dragonfall.""","«Находясь верхом, используйте %num1%/%num2% Soul Binders на Dragonfall»."
"""While moving at high speed, hold to reduce friction with the ground and increase turning speed. Release once facing in the desired direction to reengage friction.""","«Во время движения на высокой скорости удерживайте, чтобы уменьшить трение о землю и увеличить скорость поворота. Отпустите один раз, повернувшись в нужном направлении, чтобы снова включить трение»."
"""While near a Kryptis Drainer, you lose health each second.""","«Находясь рядом с водосборником Криптиса, вы теряете здоровье каждую секунду»."
"""While no Masteries are required, a warclaw mount is recommended for navigating the environment.""","«Хотя никакого мастерства не требуется, для навигации по окружающей среде рекомендуется использовать боевого когтя»."
"""While no masteries are required, gliding is recommended for select encounters.""","«Хотя никаких навыков не требуется, в некоторых случаях рекомендуется планировать»."
"""While on Castora, when your health reaches 25%%, create a barrier and reduce your healing skill's current cooldown.""","«Находясь на Касторе, когда ваше здоровье достигнет 25%%, создайте барьер и уменьшите текущее время восстановления вашего навыка исцеления»."
"""While on your skiff, you and your party or squad members receive a bonus to your fishing power based on your total number of catches from fishing nodes.""","«Находясь на лодке, вы и члены вашей группы или отряда получаете бонус к вашей рыболовной силе в зависимости от общего количества улова в рыболовных узлах»."
"""While on your skiff, you and your party or squad members receive an amount of fishing power based on your total number of catches from fishing nodes. <br><br>Increases your skiff's hit points by 2,500.""","«Находясь на скифе, вы и члены вашей группы или отряда получаете количество рыболовной силы, зависящее от общего количества улова в рыболовных узлах. <br><br>Увеличивает очки жизни вашего скифа на 2500»."
"""While other spiders use debilitating or paralyzing poison, forest-spider poison is simply corrosive and destructive. Fortunately they are immune to the acidic qualities of their own poison, but they do need to eat quickly. —Acht""","«В то время как другие пауки используют изнурительный или парализующий яд, яд лесных пауков просто разъедает и разрушает. К счастью, они невосприимчивы к кислотным свойствам собственного яда, но им нужно быстро есть. — Ахт»"
"""While others make idle threats, only the Vigil offer effective resistance against those vile abominations.""","«В то время как другие выдвигают пустые угрозы, только Бдительные оказывают эффективное сопротивление этим мерзким мерзости»."
"""While out of combat, interact with survivalist supply stashes to apply stealth on yourself.""","«Находясь вне боя, взаимодействуйте с тайниками с припасами выживших, чтобы применить к себе невидимость»."
"""While participating, you've been granted temporary access to Advanced Gliding Mastery, allowing you to glide indefinitely without using endurance.""","«Во время участия вам был предоставлен временный доступ к продвинутому мастерству планирования, позволяющему летать бесконечно, не тратя выносливости»."
"""While performing rites at the Ox Shrine or while fighting Drakkar, prove your bravery to Ox and absorb damage from falling ice orbs.""","«Выполняя обряды в Храме Быка или сражаясь с Драккаром, докажите Быку свою храбрость и поглотите урон от падающих ледяных шаров»."
"""While piloting a siege turtle, collect 10 power orbs in a row without getting hit by the ravenous wanderer's shock waves during the final battle of Gyala Delve.""","«Управляя осадной черепахой, соберите подряд 10 силовых сфер, не попав под ударные волны голодного странника во время финальной битвы в Гьяла-Дельве»."
"""While progressing the Incursive Investigation: Working Together achievement, discover the Agony-Torn Gloves in a quickplay fractal.""","«Продвигая достижение «Инкурсивное расследование: работая вместе», найдите «Agony-Torn Gloves» во фрактале быстрой игры»."
"""While purified, you're immune to conditions and regenerate health for a short time.""","«Пока вы очищены, вы невосприимчивы к состояниям и на короткое время восстанавливаете здоровье»."
"""While rescuing Tegwen from the krait, I also helped an asura named Larra. It was fortunate she was there, because she saw the skritt making off with the Orrian mirror. She's promised to help us retrieve it from the rat-creatures.""","«Спасая Тегвен от крайтов, я также помог асуре по имени Ларра. Ей повезло, что она была там, потому что она видела, как скритт убегал с оррианским зеркалом. Она обещала помочь нам вернуть его от крысоподобных существ»."
"""While several species of skimmers exhibit bioluminescent properties, the Lantern's glowing features eclipse all of its other brethren when it comes to sheer brightness.""","«Хотя некоторые виды скиммеров обладают биолюминесцентными свойствами, светящиеся особенности Фонаря затмевают всех его других собратьев, когда дело доходит до чистой яркости»."
"""While spectating in the Arborstone Arena, you are unable to use combat skills or mounts.""","«Наблюдая за происходящим на арене Арборстоун, вы не можете использовать боевые навыки или ездовых животных»."
"""While spectating the Ooze Pit trials, you are unable to use combat skills or mounts.""","«Наблюдая за испытаниями в Слизной яме, вы не можете использовать боевые навыки или ездовых животных»."
"""While springers excel at high jumping, taking the high road isn't always their best route.""","«Хотя спрингеры преуспевают в прыжках в высоту, идти по большой дороге не всегда для них лучший маршрут»."
"""While the Battle for the Jade Sea is not active, find Marjory around the Outer Terrace.""","«Пока битва за Нефритовое море не активна, найдите Марджори на Внешней террасе»."
"""While the Battle for the Jade Sea is not active, find Marjory in Seafarer's Enclave.""","«Пока битва за Нефритовое море не активна, найдите Марджори в Анклаве мореплавателей»."
"""While the Battle for the Jade Sea is not active, find Marjory in the Harvest Complex.""","«Пока битва за Нефритовое море не активна, найдите Марджори в Комплексе Жатвы»."
"""While the Lionguard was busy tracking Mai Trin's movements, I helped Kiel quell Aetherblade threats along the Bloodtide Coast. The Lionguard are decoding messages all throughout the area, containing vital information on the whereabouts of the Aetherblades' base. With that information in hand, we were able to track down its location. Turns out they were hiding in Lion's Arch all along, tucked away in a cave southwest of the city. Looks like Kiel and I know where we're headed next.""","«Пока Львиная стража была занята отслеживанием перемещений Mai Trin, я помогал Киэлю подавлять угрозы Этерклинков на Берегу Кровавого Прилива. Львиная стража расшифровывает сообщения по всей территории, содержащие важную информацию о местонахождении базы Эфирных клинков. Имея эту информацию на руках, мы смогли отследить её местоположение. Оказывается, они все это время прятались в Львиной Арке, спрятавшись в пещере к юго-западу от города. Я знаю, куда мы направимся дальше»."
"""While the Powerful Foes challenge is active, keep all Flame Legion legionnaires alive while defending the Flame Citadel during the Fireheart Rise Dragon Response Mission.""","«Пока активно испытание «Могучие враги», сохраните в живых всех легионеров Легиона Пламени, защищая Пламенную Цитадель во время миссии реагирования «Восстание Дракона Fireheart Rise»."
"""While the charr have pulled back from Ebonhawke's walls, the ogres have used the quiet to set up camp in vacated areas. We're trying to advance through Sapper's Delve in order to halt the ogres at Foulbear Kraal. It's been a bloody slog, and we'd be grateful for any help you could give us in pushing back the ogres.""","«Пока чарры отступили от стен Эбонхока, огры воспользовались тишиной, чтобы разбить лагерь на освободившихся участках. Мы пытаемся продвинуться через Саперную раскопку, чтобы остановить огров в Краале Гниломедведя. Это была кровавая утомительная работа, и мы будем благодарны за любую помощь, которую вы можете оказать нам в оттеснении огров»."
"""While the concept of making purchases with such an unwieldy substance seems illogical, we seem poised to use **DATA CORRUPTED** as a form of currency for some time.""","«Хотя концепция совершения покупок с таким громоздким веществом кажется нелогичной, мы, похоже, готовы использовать **ДАННЫЕ ПОВРЕЖДЕНЫ** в качестве формы валюты в течение некоторого времени»."
"""While the other gods slept, Grenth took up his throne—beckoning his companions to dance and howl beneath the stars. It was said that his powers were most potent when the moon was highest in the sky.""","«Пока другие боги спали, Грент занял свой трон, приглашая своих товарищей танцевать и выть под звездами. Говорили, что его силы были наиболее могущественными, когда луна была самой высокой в ??небе»."
"""While the river otters found in the Castoran inland appear paradisiacal, don't let their charm disarm you! I suspect that they've adapted to the richly magical ecosystem and have become adept at maneuvering the numerous predators found across the island. They tend to linger near the riverside in broods, giving them quick access to the complex channel system. One swipe from their tail and you may find yourself debilitated and vulnerable. —Acht""","«Хотя речные выдры, обитающие в глубине Касторана, кажутся райскими, не позволяйте их обаянию обезоружить вас! Я подозреваю, что они адаптировались к богатой магией экосистеме и стали искусными в маневрировании многочисленными хищниками, обитающими по всему острову. Они имеют тенденцию задерживаться выводками у берега реки, предоставляя им быстрый доступ к сложной системе каналов. Одно движение их хвоста, и вы можете оказаться ослабленным и уязвимым. — Ахт»"
"""While the scandal led to a sham of a trial against our great founder, Zinn, the Reactor Blast ability of the *DATA CORRUPTED* Golem was a power management marvel.""","«Хотя скандал привел к инсценировке суда над нашим великим основателем Зинном, способность «Взрыв реактора» *ДАННЫЕ ПОВРЕЖДЕНЫ* Голема была чудом управления энергией»."
"""While the world rumbles after the loss of another Elder Dragon, Cantha mourns the death of our protector and savior.""","«Пока мир сотрясается после потери ещё одного Старшего Дракона, Канта оплакивает смерть нашего защитника и спасителя»."
"""While traveling to the Mordrem prison camp, find and rescue the five ordnance masters from the Pact: Baroosh, Shashoo, Beigarth, Izu, and Occam.""","«Отправляясь в лагерь для военнопленных Мордрем, найдите и спасите пятерых мастеров артиллерийского вооружения из Пакта: Баруша, Шашу, Бейгарта, Изу и Оккама»."
"""While under the effects of a Fool's Dog Treat, sit or sleep in the dog park in Lion's Arch for several minutes.""","«Находясь под действием лакомства для дураков, посидите или поспите несколько минут в парке для собак в Львиной Арке»."
"""While under the effects of a Fool's Ocular Tonic, successfully complete events.""","«Находясь под действием тоника для дураков, успешно завершайте события»."
"""While under the effects of a Fool's Tall Tonic, complete any fractal.""","«Находясь под действием Тоника высокого дурака, завершите любой фрактал»."
"""While under the effects of a Fool's Tall Tonic, complete laps of a roller beetle race or an adventure in Central Tyria.""","«Находясь под действием тоника «Высокий дурак», пройдите круг в гонках на жуках-катальщиках или приключитесь в Центральной Тирии»."
"""While under the effects of a Fool's Tall Tonic, participate in fashion shows in Lion's Arch as a contestant or audience voter.""","«Находясь под действием Тоника для дураков, участвуйте в показах мод в Львиной Арке в качестве участника или избирателя публики»."
"""While under the effects of a Fool's Tall Tonic, participate in the defeat of Knaebelag the Terror in Inner Nayos.""","«Находясь под действием Тоника высокого дурака, примите участие в победе над Кнебелагом Ужасом во Внутреннем Найосе»."
"""While under the effects of a Fool's Tall Tonic, sit in chairs in Central Tyria. (Chairs you own do not count.)""","«Находясь под действием Тоника высокого дурака, сядьте на стулья в Центральной Тирии. (Стулья, которые у вас есть, не учитываются.)»"
"""While under the effects of a Fool's Tall Tonic, successfully complete events.""","«Находясь под действием Тоника высокого дурака, успешно завершайте события»."
"""While under the effects of a Spiked Choya Psionic Tonic, complete the hardest fractal you can.""","«Находясь под действием шипастого псионического тоника Чойя, пройдите самый сложный фрактал, какой сможете»."
"""While under the ghostly aura of certain Halloween foods, collect the final reward of an explorable path in Ascalon Catacombs.""","«Находясь под призрачной аурой некоторых блюд Хэллоуина, соберите последнюю награду за пройденный путь в катакомбах Аскалона»."
"""While under the ghostly aura of certain Halloween foods, collect the final reward of any explorable path of the Ruined City of Arah.""","«Находясь под призрачной аурой некоторых хэллоуинских блюд, соберите последнюю награду на любом исследованном пути в разрушенном городе Арах»."
"""While under the ghostly aura of certain Halloween foods, loot the chest atop the Vizier's Tower in Straits of Devastation.""","«Находясь под призрачной аурой некоторых блюд Хэллоуина, обыщите сундук на вершине Башни Визиря в Проливе Опустошения»."
"""While under the ghostly aura of certain Halloween foods, loot the final chest of Sharkmaw Caverns in Lion's Arch.""","«Находясь под призрачной аурой некоторых блюд Хэллоуина, обыщите последний сундук в пещерах Акульей Пасти в Львиной Арке»."
"""While under the ghostly aura of certain Halloween foods, loot the final chest of the Deepstone fractal.""","«Находясь под призрачной аурой некоторых хэллоуинских блюд, обыщите последний сундук фрактала Глубинного камня»."
"""While under the ghostly aura of certain Halloween foods, loot the final chest of the Urban Battleground fractal.""","«Находясь под призрачной аурой некоторых хэллоуинских блюд, обыщите последний сундук фрактала Городского поля битвы»."
"""While under the ghostly aura of certain Halloween foods, vanquish Tequatl the Sunless and loot its chest.""","«Находясь под призрачной аурой некоторых хэллоуинских блюд, победите Текуатля Бессолнечного и обыщите его сундук»."
"""While under the ghostly aura of certain Halloween foods, vanquish the Shadow Behemoth and loot its chest.""","«Находясь под призрачной аурой некоторых блюд Хэллоуина, победите Теневого Бегемота и обыщите его сундук»."
"""While under this effect, you are able to attempt to purge the Kryptis corruption from your target.""","«Находясь под этим эффектом, вы можете попытаться очистить цель от порчи Криптиса»."
"""While visiting the Mists Vault after purchasing a Legendary Weapon Starter Key from the Wizard's Vault, speak with Field Archivist Cierle about future visits.""","«Посещая Mists Vault после покупки стартового ключа от легендарного оружия в Wizard's Vault, поговорите с полевым архивариусом Сирле о будущих посещениях»."
"""While wielding a staff, gain endurance for each initiative point spent. Gain bonus power, which is increased when wielding a staff.""","«Во время владения посохом вы получаете выносливость за каждое потраченное очко инициативы. Получите дополнительную силу, которая увеличивается при использовании посоха»."
"""While you are in Kralkatorrik's Brandstorm, your health will drop rapidly.""","«Пока вы находитесь в Брандшторме Кралькаторрика, ваше здоровье быстро падает»."
"""While you are in combat, grant fury to yourself and nearby allies each interval.""","«Пока вы в бою, каждый раз даруйте ярость себе и ближайшим союзникам»."
"""While you are in combat, grant might to yourself and nearby allies each interval.""","«Пока вы находитесь в бою, каждый раз даруйте мощь себе и ближайшим союзникам»."
"""While you are under the effects of fury, convert a percentage of your outgoing critical-strike damage into healing.""","«Пока вы находитесь под действием ярости, преобразуйте процент исходящего вами критического урона в исцеление»."
"""While you have any unique Legendary Dwarf Stance beneficial effect active, deal damage to nearby enemies when you are attacked.""","«Пока у вас активен какой-либо уникальный полезный эффект легендарной стойки гнома, наносите урон ближайшим врагам, когда на вас нападают»."
"""While you have resolution, all damage dealt is increased, and you gain might when you strike foes. Resolution granted to you lasts longer.""","«Пока у вас есть решимость, весь наносимый урон увеличивается, и вы получаете мощь, когда наносите удары по противникам. Разрешение, предоставленное вам, длится дольше»."
"""While you have swiftness, movement-impairing conditions have reduced duration. When you gain swiftness, lose a movement-impairing condition.""","«Пока у вас есть скорость, длительность состояний, затрудняющих передвижение, сокращается. Когда вы получаете скорость, избавьтесь от состояний, затрудняющих передвижение»."
"""While you were at the marketplace, you missed the Mordant Crescent squad that passed through here.""","«Пока вы были на рынке, вы пропустили отряд Мордант-Кресент, проходивший здесь»."
"""While you're in the fraenir's ice storm, your health will drop rapidly.""","«Пока вы находитесь в ледяном шторме френира, ваше здоровье быстро падает»."
"""While your drum is playing, deal damage to enemies you disable.""","«Пока играет ваш барабан, наносите урон врагам, которых вы выводите из строя»."
"""While your griffon dives, release [lbracket]%str1%[rbracket] to end the dive and level out. Use this to maintain speed and to reach distant checkpoints.""","«Пока ваш грифон ныряет, отпустите [lbracket]%str1%[rbracket], чтобы завершить погружение и выровняться. Используйте это, чтобы поддерживать скорость и достигать удаленных контрольных точек»."
"""While your health is above the threshold, strike damage dealt is increased.""","«Пока ваше здоровье выше порога, наносимый урон увеличивается»."
"""While your health is above the threshold, your pet deals increased strike damage. Your pet swap gains recharge reduction.""","«Пока ваше здоровье выше порога, ваш питомец наносит увеличенный урон от ударов. Перезарядка вашего питомца уменьшается»."
"""Whine at someone else, will you?""","— Поныть на кого-нибудь ещё, ладно?"
"""Whips the target with its tail, knocking back foes in front.""","«Хлестнет цель хвостом, отбрасывая противников впереди»."
"""Whiptail devourers are especially deadly ranged attackers, using poison and a volley of tail spikes to take down prey from a distance. —Acht""","«Хлыстохвостые пожиратели особенно смертоносны на дальних дистанциях: они используют яд и залп хвостовых шипов, чтобы уничтожить добычу на расстоянии. — Ахт»"
"""Whirl around, damaging enemies and granting barrier to allies if an enemy is struck.""","«Вращайтесь, нанося урон врагам и создавая барьер для союзников, если враг поражен»."
"""Whirl around, throwing spears that cripple foes and pull them to you.""","«Повернитесь вокруг, бросая копья, которые калечат врагов и притягивают их к вам»."
"""Whirl in a target's direction, slashing foes along your path.""","«Повернитесь в направлении цели, сметая противников на своем пути»."
"""Whirl your staff around, striking nearby enemies.""","«Вращайте свой посох, поражая ближайших врагов»."
"""Whirl your staff, damaging nearby enemies and inspiring allies.""","«Вращайте свой посох, нанося урон ближайшим врагам и вдохновляя союзников»."
"""Whirlwind Attack, Explodes on Death""","«Вихревая атака, взрывается при смерти»"
"""Whiskers, I need a flash of inspiration.""","«Усы, мне нужна вспышка вдохновения»."
"""Whiskey! Bartender, gimme a whiskey! Make it neat!""","«Виски! Бармен, дайте мне виски! Сделайте аккуратно!»"
"""Whisper agents report a strange creature leading the attack on Overlake. Know anything about that, Branthyn?""","«Агенты «Шепота» сообщают о странном существе, возглавляющем нападение на Оверлейк. Знаешь что-нибудь об этом, Брантин?»"
"""Whispers Agent: We've got a live one! Arrows through both legs. He can't move, but he's breathing.""","«Агент шепчет: У нас есть живой! Стрелы пронзили обе ноги. Он не может двигаться, но дышит»."
"""White Mantle cultists have made a """"hit list"""" of those they intend to assassinate. This is troubling proof that the cult is meddling in Krytan affairs at the highest level. Logan Thackeray has to be informed so he can find a way to protect the Queen.""","«Культисты Белой Мантии составили «расстрельный список» тех, кого они собираются убить. Это тревожное доказательство того, что культ вмешивается в дела Крайты на самом высоком уровне. Необходимо проинформировать Логана Теккерея, чтобы он мог найти способ защитить Королеву»."
"""White moas are particularly ornery birds that assault their foes with chilling screeches, pecks, harmonic cries, and a frenzied attack style. —Acht""","«Белые моа — особенно злобные птицы, которые нападают на своих врагов леденящими кровь визгами, клевками, гармоничными криками и бешеной атакой. — Ахт»"
"""White ravens are exceedingly rare. This exceptionally intelligent and elegant bird is nonetheless a deadly fighter, neutralizing foes by clawing at their eyes and blinding them while evading their counterattacks. —Acht""","«Белые вороны чрезвычайно редки. Эта исключительно умная и элегантная птица, тем не менее, является смертоносным бойцом, нейтрализующим врагов, царапая их глаза и ослепляя их, уклоняясь от их контратак. — Ахт»"
"""Who are the crafting trainers, exactly?""",«Кто именно тренеры по ремеслу?»
"""Who are we fighting against, again?""",«Против кого мы снова сражаемся?»
"""Who are you calling ignorant, you twitchy little bookworm?""","«Кого ты называешь невеждой, ты, маленький нервный книжный червь?»"
"""Who are you people? Commander Samuelsson didn't mention an escort, and you certainly don't look like Vanguard!""","«Кто вы, люди? Командир Самуэльссон не упомянул об эскорте, и вы уж точно не похожи на Авангард!»"
"""Who are you scoundrels, and what's your wager?""","«Кто вы, негодяи, и какова ваша ставка?»"
"""Who are you, exactly?""",— Кто ты?
"""Who dares? This is a sacred place. First to Lyssa, now to Zhaitan. Begone, or you'll defile it!""","«Кто смеет? Это священное место. Сначала Лиссе, теперь Зайтану. Уходите, иначе оскверните его!»"
"""Who did you say you were again, fella?""","— Ты кем, по-твоему, ты был, парень?"
"""Who do you think you are, barging into my office like this?""","«Как ты думаешь, кто ты такой, что врываешься вот так в мой кабинет?»"
"""Who is the king of the crabs? Whoever conquered the most crustaceans, of course!""","«Кто король крабов? Разумеется, тот, кто покорил больше ракообразных!»"
"""Who knew, when Balthazar brought us here, that it would lead to the greatest discovery of the century!""","«Кто знал, что когда Бальтазар привез нас сюда, это приведет к величайшему открытию века!»"
"""Who prayed to be invaded? As far as I'm concerned, Balthazar's armored horrors are worse than the Branded.""","«Кто молился о вторжении? Насколько я понимаю, бронированные ужасы Бальтазара хуже Клейменных»."
"""Who wouldn't? Just look at this place. From the exterior farms all the way to his palatial estate, everything is magificent, all due to his leadership.""","«Кто бы не стал? Просто взгляните на это место. От внешних ферм до его роскошного поместья, все великолепно, и все это благодаря его руководству»."
"""Who's so high and mighty now, huh?""","«Кто теперь такой высокий и могучий, а?»"
"""Who, Logan?""","— Кто, Логан?"
"""Who, me? Well...yes. I dug up this locked chest. Was told it was cursed and if I opened it the wrong way, """"foul consequences will arise before the victim."""" Drivel, right? Will you back me up?""","""Кто, я? Ну... да. Я откопал этот запертый сундук. Мне сказали, что он проклят, и если я открою его не так, """"против жертвы возникнут ужасные последствия""."" Чепуха, да? Вы поддержите меня?"""
"""Who? Nevermind, I see them.""","«Кто? Неважно, я их вижу»."
"""Who? Who's got you, Taimi?""","— Кто? Кто тебя схватил, Тайми?"
"""Whoa, buddy. It's okay. We're just here to, you know, stop you. You're literally tearing apart the fabric of the Mists!""","«Эй, приятель. Все в порядке. Мы здесь только для того, чтобы остановить тебя. Ты буквально разрываешь ткань Туманов!»"
"""Whoa, never seen one of those before! Is it made of sand?""","«Ого, никогда раньше не видел такого! Он сделан из песка?»"
"""Whoa, you're actually doing it!""","«Ого, ты действительно это делаешь!»"
"""Whoa. Don't want to talk to you, thanks.""","«Ого. Не хочу с тобой разговаривать, спасибо»."
"""Whoever created this tower's astral circutry was a total moron! Oh, it was the Priory? ...Er, sorry about that.""","«Тот, кто создал астральную схему этой башни, был полным идиотом! О, это был Приорат? ...Э-э, извините»."
"""Whoever or whatever this Consortium is, they can't just throw their trash in our waters.""","«Кем бы или чем бы ни был этот Консорциум, они не могут просто выбрасывать свой мусор в наши воды»."
"""Whole shipment of supplies """"misplaced."""" If we lose soldiers for want of bandages, I'll see that quartermaster court-martialed.""","«Вся партия припасов «неуместна». Если мы потеряем солдат из-за отсутствия бинтов, я доведу этого интенданта до военного трибунала»."
"""Whole tickets are hard to come by, but ticket scraps can be found quite often inside Black Lion Chests dropped all over the world.  You'll want to pick up some keys from the Gem Store to open them.""","«Целые билеты достать трудно, но обрывки билетов довольно часто можно найти в сундуках Чёрного льва, разбросанных по всему миру. Чтобы открыть их, вам понадобится взять несколько ключей в магазине драгоценных камней»."
"""Whoops. Well then, I suppose Branthyn and I will be taking over on behalf of the Vigil.""","«Упс. Что ж, тогда, я полагаю, мы с Брантином возьмем на себя управление Дежурством»."
"""Why are you asking me? Wait, don't answer that. Fear, huh? Well, fear is meant to be conquered. Face your fears and you take its power. Or magic.""","«Почему ты спрашиваешь меня? Подожди, не отвечай на это. Страх, да? Ну, страх нужно победить. Посмотри в глаза своим страхам, и ты возьмешь его силу. Или магию»."
