english,translate
"""I sense Sohothin's presence. Rurik, my son! You've returned!""","«Я чувствую присутствие Сохотина. Рюрик, сын мой! Ты вернулся!»"
"""I sense a deep thirst inside you. Perhaps my rum will ease it? I'm in a playful mood today. Answer me a riddle, and I'll share with you.""","«Я чувствую внутри тебя глубокую жажду. Может быть, мой ром облегчит её? У меня сегодня игривое настроение. Ответь мне на загадку, и я поделюсь с тобой»."
"""I sense fear in her, Lady Faolain. How delightful. But can she harness it? Are you sure she is worthy?""","«Я чувствую в ней страх, леди Фаолейн. Как восхитительно. Но сможет ли она обуздать его? Вы уверены, что она достойна?»"
"""I sense that we are not alone, T.""","«Я чувствую, что мы не одни, Ти»."
"""I sent out golems to serve as beacons to portal to, but they're all reporting as off-line aside from the ones just down the hall here. If you clear out the floors, they'll probably start coming online.""","«Я отправил големов в качестве маяков для портала, но они все сообщают, что отключены от сети, за исключением тех, что находятся в коридоре. Если вы очистите этажи, они, вероятно, начнут подключаться к сети»."
"""I shall use my might to collect trophies that prove my worth, then drink and boast of my victories.""","«Я буду использовать свою силу, чтобы собирать трофеи, доказывающие мою ценность, а затем пить и хвастаться своими победами»."
"""I should flee, but they'll hunt me.""","«Мне следует бежать, но они будут охотиться за мной»."
"""I should go with them! If they find another ship, who's going to sail it? I could help... Captain? Captain!""","«Я должен пойти с ними! Если они найдут другой корабль, кто будет на нем плавать? Я мог бы помочь… Капитан? Капитан!»"
"""I should go, then. To ensure justice is served. And...just in case.""",«Тогда мне пора идти. Чтобы обеспечить торжество справедливости. И… на всякий случай».
"""I should say good-bye to you now, while I can, %str1%.""","""Я должен попрощаться с тобой сейчас, пока могу, %str1%."""
"""I should, eh? The ballads I could write after this journey alone...""","«Я должен, а? Баллады, которые я мог бы написать после этого путешествия в одиночку…»"
"""I sought out the dredge community on the ice floe to the south. They had an extensive oil extraction operation, but conflict with the Branded had cost them many lives and damaged their equipment. Still grieving from their losses and left with barely enough oil to get through the winter, their leader, Varya, was in no mood to share what little they had left. By channeling Aurene's magic I was able to clear the Brand crystals from their equipment, freeing up their oil reserves and earning Varya's cooperation.""","«Я разыскал сообщество драгировщиков на льдине на юге. Они вели обширную операцию по добыче нефти, но конфликт с Клейменными стоил им многих жизней и повредил их оборудование. Все ещё скорбя о своих потерях и оставшись с едва достаточным количеством нефти, чтобы пережить зиму, их лидер, Варя, не была в настроении делиться тем немногим, что у них осталось. Используя магию Аурин, я смог очистить кристаллы Клейма из их оборудования, высвободив их запасы нефти и заслужив сотрудничество Вари»."
"""I sparred with Eir, both physically and verbally, and she taught me a very important lesson about taking what I've learned so far and using it to prepare for my showdown with Mikkel Toivosson. I'm ready now, in both body and mind. On to the championship!""","«Я спарринговал с Эйр, как физически, так и словесно, и она преподала мне очень важный урок о том, как использовать то, что я узнал до сих пор, и использовать его для подготовки к поединку с Миккелем Тойвоссоном. Теперь я готов и телом, и разумом. Вперёд, к чемпионату!»"
"""I speak of the old ways: Proofs of Legend. Rare items available to the oldest heroes, or those whose achievements have brought them particular distinction.""","«Я говорю о старых способах: «Доказательства легенды». Редкие предметы, доступные самым старым героям или тем, чьи достижения принесли им особую известность»."
"""I spent most of my life guiding the hands of war. In death, I sought more amiable company.""","«Большую часть своей жизни я провел, руководя военными. После смерти я искал более дружелюбной компании»."
"""I spit on your """"geologistical."""" The world doesn't change like that.""",«Я плюю на ваше «геологическое». Мир так не меняется».
"""I spoke briefly with the leaders of each Order, and they agreed that each would designate an individual leader for their troops in Orr, all reporting to me.""","«Я кратко поговорил с лидерами каждого ордена, и они согласились, что каждый назначит отдельного лидера для своих войск в Орре, и все они будут подчиняться мне»."
"""I spoke with Eir and we set out to confront the Sons of Svanir leader, Vidkun. He may have a dragon minion on his side, but we have Minotaur himself. Together, we'll stop Vidkun's attacks on Minotaur and his kind.""","«Я поговорил с Эйр, и мы отправились противостоять лидеру Сынов Сванира, Видкуну. На его стороне может быть миньон-дракон, но у нас есть сам Минотавр. Вместе мы остановим нападения Видкуна на Минотавра и ему подобных»."
"""I spoke with Mender Aviala, and asked how to find antidote for the poison Caithe mentioned. It's so rare that I will have to steal it from the trolls.""","«Я говорил с Мендером Авиалой и спросил, как найти противоядие от яда, упомянутого Кейт. Он настолько редкий, что мне придётся украсть его у троллей»."
"""I spoke with Tegwen and her friend, Carys, about the fall of Claw Island. Because of a cursed mirror, they'd both seen the ravages of Orr first-hand, and they were very willing to come and assist the Priory.""",«Я говорил с Тегвен и её подругой Кэрис о падении Острова Когтя. Благодаря проклятому зеркалу они оба своими глазами видели разрушительные действия Орра и очень хотели прийти и помочь Приорату».
"""I spoke with my father, Clement Forktail, in the Black Citadel stockade. He was eager to prove he's left the Flame Legion behind, and he told me how to contact the Flame Legion so I can continue my investigation.""","«Я разговаривал со своим отцом, Клементом Форктейлом, в частоколе Чёрной Цитадели. Ему очень хотелось доказать, что он покинул Легион Пламени, и он рассказал мне, как связаться с Легионом Пламени, чтобы я мог продолжить расследование»."
"""I spoke with the Pale Tree and told her about Tiachren and Ysvelta. I asked her about the Dream, and she told me that only two sylvari have ever dreamed of facing the dragons head-on—me, and Caithe. I wonder what that means? Nevertheless, the Mother was proud of me, and I look forward to my next adventure.""","«Я говорил с Бледным Древом и рассказал ей о Тиахрен и Исвелте. Я спросил её о Сне, и она сказала мне, что только двое сильвари когда-либо мечтали встретиться с драконами лицом к лицу — я и Кейт. Интересно, что это значит? Тем не менее, Мать гордилась мной, и я с нетерпением жду моего следующего приключения»."
"""I spoke with the Pale Tree and told her about defeating Bercilak. I asked her about the Dream, and she told me that only two sylvari have ever dreamed of facing the dragons head-on—me, and Caithe. I wonder what that means? Nevertheless, the Mother was proud of me, and I look forward to my next adventure.""","«Я говорил с Бледным Древом и рассказал ей о победе над Берсилаком. Я спросил её о Сне, и она рассказала мне, что только двое сильвари когда-либо мечтали встретиться с драконами лицом к лицу — я и Кейт. Интересно, что это значит? Тем не менее, Мать гордилась мной, и я с нетерпением жду моего следующего приключения»."
"""I spoke with the Pale Tree and told her about the white stag. I asked her about the Dream, and she told me that only two sylvari have ever dreamed of facing the dragons head-on—me, and Caithe. I wonder what that means? Nevertheless, the Mother was proud of me, and I look forward to my next adventure.""","«Я говорил с Бледным Древом и рассказал ей о белом олене. Я спросил её о Сне, и она рассказала мне, что только двое сильвари когда-либо мечтали встретиться с драконами лицом к лицу — я и Кейт. Интересно, что это значит? Тем не менее, Мать гордилась мной, и я с нетерпением жду моего следующего приключения»."
"""I started off in the direction Anise had suggested, and before I knew it, I was following a trail of White Mantle corpses. I found the exemplar in a trap, so it's a good thing I came along when I did. I rescued her, and we proceeded together from there, despite her attempts to get rid of me.""","«Я направился в направлении, предложенном Анис, и, прежде чем я это осознал, я пошёл по следу из трупов Белых Мантий. Я нашёл экземпляр в ловушке, так что хорошо, что я пришёл в это время. Я спас её, и мы вместе пошли оттуда, несмотря на её попытки избавиться от меня»."
"""I still can't believe you walked up to that one and said, """"Rrrrowrrr... Frrrieeeend...""""""","«Я до сих пор не могу поверить, что ты подошёл к этому и сказал: «Р-р-р-р-р-р-р-р... Фр-р-р-р-р-р-р-р-р-р-р-р...»»»"
"""I still need a rescue. Oh, gods, I hope they don't just forget about me...""","«Мне все ещё нужна помощь. О боги, надеюсь, они обо мне просто не забудут…»"
"""I stole it. All from that undersea Inquest laboratory. Zee, here, is going to reverse engineer them and get me some new gadgets.""",«Я украл это. Все из той подводной следственной лаборатории. Зи собирается провести их реверс-инжиниринг и достать мне несколько новых гаджетов».
"""I struck a bargain to get my sire's key back. In return for my help with a salvage operation, the scrappers Isola and Braugit will return what's mine.""","«Я заключил сделку, чтобы вернуть ключ моего отца. В обмен на мою помощь в спасательной операции разборщики Изола и Браугит вернут то, что принадлежит мне»."
"""I study all the elements, but I wear a gem that symbolizes my love of ______.""","«Я изучаю все стихии, но ношу драгоценный камень, который символизирует мою любовь к ______»."
"""I study the echoes that revenants connect with. Recently, I made contact with one who was... Well, alive. They referred to themselves as Razah, and revenants are able to act as their conduit in battle.""","«Я изучаю эхо, с которым общаются ревенанты. Недавно я вступил в контакт с тем, кто был... ну, живым. Они называли себя Разой, и ревенанты могут выступать в качестве их проводника в бою»."
"""I summon you, minion. Rise!""","«Я вызываю тебя, миньон. Поднимись!»"
"""I suppose a fort is the next logical step. I don't like giving the dragons such a visible target, but what choice do we really have?""","«Я полагаю, что форт — это следующий логический шаг. Мне не нравится давать драконам такую ??видимую цель, но какой у нас действительно есть выбор?»"
"""I suppose so. I forget that Jennah can handle herself. She is right, though. My path leads me beyond Divinity's Reach.""","«Думаю, да. Я забыл, что Дженна может справиться сама. Хотя она права. Мой путь ведёт меня за пределы Divinity's Reach»."
"""I suppose. But if we can convince them to reconsider and join us, it'd surely turn the tide in our favor.""","«Полагаю. Но если мы сможем убедить их передумать и присоединиться к нам, это наверняка переломит ситуацию в нашу пользу»."
"""I surveyed the area surrounding the fleet wreckage and debriefed several of the Pact survivors. They provided information about where the Mordrem Guard are taking high-value prisoners, and they steered me toward a village of friendly hylek who can aid me in my search for Trahearne and Destiny's Edge.""","«Я обследовал территорию вокруг обломков флота и опросил нескольких выживших членов Пакта. Они предоставили информацию о том, где Мордремская гвардия забирает ценных пленников, и направили меня к деревне дружелюбных хайлеков, которые могут помочь мне в поисках Трэхирна и Destiny's Edge»."
"""I surveyed the new island from a high point and spotted Kralkatorrik's wing. While Taimi sent a chopper to collect blood from it, I went looking for her research assistant to pick up Gorrik's seismic instruments.""","«Я осмотрел новый остров с высокой точки и заметил крыло Кралькаторрика. Пока Тайми послала вертолет, чтобы собрать с него кровь, я пошёл искать её научного сотрудника, чтобы забрать сейсмические инструменты Горрика»."
"""I sustain Zhaitan, and Zhaitan makes me strong.""","«Я поддерживаю Зайтана, а Зайтан делает меня сильным»."
"""I swear to you. If you and your fellow warriors hold this ground with us, you will have your land again.""","«Клянусь тебе. Если ты и твои товарищи-воины удержишь эту землю вместе с нами, ты снова получишь свою землю»."
"""I swear, I have to do everything myself. Fine! If that's how it is, I will do everything myself. To the core!""","«Клянусь, я должен все сделать сам. Прекрасно! Если так, я все сделаю сам. До мозга костей!»"
"""I swear, I won't harm you.""","«Клянусь, я не причиню тебе вреда»."
"""I swear, for every grain of sand in this desert, there's a groundhog waiting to eat my lentils.""","«Клянусь, на каждую песчинку в этой пустыне найдётся сурок, готовый съесть мою чечевицу»."
"""I swear, if I could recycle this parental unit, I would.""","«Клянусь, если бы я мог утилизировать этот родительский модуль, я бы это сделал»."
"""I swore to myself I'd never go back to jail, and yet...here we are. This one's for you, Serentine.""","«Я поклялся себе, что никогда не вернусь в тюрьму, и все же… вот и мы. Это для тебя, Серентина»."
"""I take it your """"talk"""" with Queen Jennah didn't go as planned...""","«Я так понимаю, твой «разговор» с королевой Дженной прошёл не так, как планировалось…»"
"""I talked with the bouncer inside the tavern in Lion's Arch. With the proper passwords, I was allowed into the secret Order of Whispers hideout.""",«Я разговаривал с вышибалой в таверне Львиной Арки. Благодаря правильным паролям меня пропустили в секретное убежище Ордена Шепота».
"""I tamed my drake when it was a hatchling. Now, it follows me everywhere. It has proven itself a relentless and powerful friend.""","«Я приручил своего селезня, когда он был ещё детенышем. Теперь он следует за мной повсюду. Он зарекомендовал себя как безжалостный и могущественный друг»."
"""I teamed up with Korukahn of the Order of Whispers to track down Klaes, a norn who had one of the necromancer Rissa's amulets. Klaes was corrupted and insane and had to be put down, but we did establish a connection between the amulet and the sudden surge of undead. Korukhan and I decided to check in with Rytlock and the other order reps before we proceed.""","«Я объединился с Коруканом из Ордена Шепота, чтобы выследить Клааса, норна, у которого был один из амулетов некроманта Риссы. Клаас был испорчен и безумен, и его пришлось уничтожить, но мы установили связь между амулетом и внезапным наплывом нежити. Корухан и я решили проверить Ритлока и других представителей ордена, прежде чем продолжить»."
"""I tell you, nothing's better than sitting here firing a cannon at an Ascalon structure and watching the ghosts work up a frenzy because we're disturbing them. Nothing in this whole wide world.""","«Я говорю вам, нет ничего лучше, чем сидеть здесь, стрелять из пушки по строению Аскалона и смотреть, как призраки приходят в ярость, потому что мы их беспокоим. Ничего в этом большом мире»."
"""I tested my Ghostbore musket with the help of Craze Steelgrinder and the Grind warband. The test results were very encouraging, and I even collected a trophy to prove how far we pushed into ghost territory. The preliminary tests are now complete, and it's time to update Tribune Goreblade.""","«Я протестировал свой мушкет Ghostbore с помощью Craze Steelginder и отряда Точила. Результаты испытаний были очень обнадеживающими, и я даже собрал трофей, чтобы доказать, как далеко мы продвинулись на территорию призраков. Предварительные испытания завершены, и пришло время обновить Tribune Goreblade»."
"""I thank you for your bravery. Together, we have stood against darkness and prevailed.""",«Я благодарю вас за вашу храбрость. Вместе мы противостояли тьме и победили».
"""I think I am all right. Faolain is a manipulator, and I almost fell into her trap. I almost despaired. I almost gave up. Thank you for helping me.""","«Думаю, со мной все в порядке. Фаолайн — манипулятор, и я чуть не попал в её ловушку. Я почти отчаялся. Я почти сдался. Спасибо, что помог мне»."
"""I think I can reactivate them. After all, I am a genius!""","«Думаю, я смогу их активировать. В конце концов, я гений!»"
"""I think I understand. I don't agree, but I understand.""","«Думаю, я понимаю. Я не согласен, но я понимаю»."
"""I think I'll get by, thanks.""","«Думаю, я справлюсь, спасибо»."
"""I think I'm ready for the next step with Grimur. Makes me kind of nervous, though. What if he's not serious about me?""","«Думаю, я готов к следующему шагу с Гримуром. Хотя это меня немного нервирует. Что, если он несерьезно относится ко мне?»"
"""I think he said it was """"Alastia."""" He probably meant Alastia Crow, she's crew of a ship docked southeast of Nebo Terrace.""","«Я думаю, он сказал, что это была «Аластия». Вероятно, он имел в виду Аластию Кроу, члена экипажа корабля, пришвартованного к юго-востоку от Террасы Небо»."
"""I think so too, Yutatta.""","— Я тоже так думаю, Ютатта."
"""I think so. I encountered this once before, in the jungle. It feels...druidic.""","«Думаю, да. Я уже сталкивался с этим однажды, в джунглях. Это кажется… друидским»."
"""I think the braziers power the room. If we can activate them, we can open the door.""","«Я думаю, что жаровни питают комнату. Если мы сможем их активировать, мы сможем открыть дверь»."
"""I think the world's going to scrap. When the human gods start showing up, you know the situation must be bad.""","«Я думаю, что мир рухнет. Когда начнут появляться человеческие боги, вы поймете, что ситуация должна быть плохой»."
"""I think we've recovered fairly well, all things considered.""","«Я думаю, что мы довольно хорошо восстановились, учитывая все обстоятельства»."
"""I think you scared them off. The bridges are safe for now at least, so thank you.""","«Я думаю, ты их спугнул. По крайней мере, мосты пока в безопасности, так что спасибо»."
"""I think you'll find that a little bit of planning—tactics, defenses, and the like—can go a long way toward victory.""","«Я думаю, вы обнаружите, что небольшое планирование — тактика, защита и тому подобное — может иметь большое значение для победы»."
"""I think you're right, Demmi. It's time for you to make a stand. Tybalt and I will help you.""","«Думаю, ты прав, Демми. Пришло время тебе встать на ноги. Мы с Тибальтом тебе поможем»."
"""I thought I felt something...different. It's fascinating, what you smell like. What you feel like.""","«Я думал, что чувствую что-то... другое. Это потрясающе, как ты пахнешь. Что ты чувствуешь»."
"""I thought soap was made from fat, but now my clothes are greasier than ever.""","«Я думал, что мыло делается из жира, но теперь моя одежда стала ещё жирнее, чем когда-либо»."
"""I thought that dredge leader would put up more of a fight. How embarrassing, dying so easily. We should revive him and give him another chance to fight. Then he can die with honor.""","«Я думал, что этот лидер драгов будет сопротивляться сильнее. Как неловко умереть так лёгко. Мы должны оживить его и дать ему ещё один шанс сражаться. Тогда он сможет умереть с честью»."
"""I thought the Luxons and Kurzicks didn't get along, but you two seem pretty friendly.""","«Я думал, что Люксоны и Курзики не ладят, но вы двое, похоже, довольно дружелюбны»."
"""I thought the team was down, but they're getting right back up again!""","«Я думал, что команда упала, но они снова встают!»"
"""I thought this would end it, but I still feel darkness and death in this place, even with the great wurm dead.""","«Я думал, что это положит этому конец, но я все ещё чувствую тьму и смерть в этом месте, даже несмотря на то, что великий червь мертв»."
"""I thought we had enough water, but it looks like that's because he was saving it all for me.""","«Я думал, что у нас достаточно воды, но, похоже, это потому, что он берег её для меня»."
"""I thought we were sent here to investigate, not leap to conclusions. Correlation does not imply causation.""","«Я думал, нас послали сюда для расследования, а не для поспешных выводов. Корреляция не подразумевает причинно-следственную связь»."
"""I thought you were smarter than this, Zojja.""","«Я думал, ты умнее этого, Зоджа»."
"""I told Eir about the Jormag-worshipping jotun and she wanted to look into it immediately. The Sons of Svanir are always trying to spread Jormag's influence, so Eir and I are headed to confront them and see what they know.""","«Я рассказал Эйр о йотунах, поклоняющихся Йормагу, и она хотела немедленно разобраться в этом. Сыны Сванира всегда пытаются распространить влияние Йормага, поэтому мы с Эйр направляемся противостоять им и посмотреть, что они знают»."
"""I told Lieutenant Francis about Andrew's injury, but he had no medical supplies to spare. Thieves had intercepted his most recent shipment. He told me where I could find them.""","«Я рассказал лейтенанту Фрэнсису о травме Эндрю, но у него не было запасных медикаментов. Воры перехватили его последнюю партию. Он сказал мне, где я могу их найти»."
"""I told Thackeray that the bandits were planning to poison the water supply. I had to choose: go with him to stop the poisoners, or go to save Quinn. It wasn't an easy decision.""","«Я рассказал Теккерею, что бандиты планировали отравить водопровод. Мне пришлось выбирать: пойти с ним, чтобы остановить отравителей, или пойти спасать Куинна. Это было непростое решение»."
"""I told Trahearne about the Ogotl hylek and their Eye of the Sun, and he was very concerned. We decided to take immediate action. We're going to find the Ogotl and stop their devious plan.""","«Я рассказал Трэхирну об оготлах-хилеках и их Оке Солнца, и он был очень обеспокоен. Мы решили принять немедленные меры. Мы собираемся найти оготлей и остановить их коварный план»."
"""I told an Inquest agent I'd kill him if he didn't hand over his skritt prisoner, and he said, """"I don't give a skritt.""""""","«Я сказал агенту дознания, что убью его, если он не выдаст своего пленника-скритта, и он сказал: «Мне плевать на скритт»»»."
"""I told him that his idea was a mere thesicle, and a small one at that.""","«Я сказал ему, что его идея — всего лишь тезис, притом небольшой»."
"""I told the Inquest chaos energy was a misnomer. Mind you, dragon energy is tricky, so I can see how they flubbed it.""","«Я сказал Инквесту, что энергия хаоса — это неправильное название. Имейте в виду, энергия дракона сложна, поэтому я вижу, как они её ошиблись»."
"""I told them they need to put more guards on the Crow's Nest, but they ignored me...again.""","«Я сказал им, что им нужно поставить больше охраны в Воронье Гнездо, но они меня проигнорировали… снова»."
"""I told you somewhere in Tyria, not en Route to a literal Moon. You're looking for a skritt-friend of a skritt friend, which probably is someone that exhibits skritt-like behavior, such as hoarding and appreciating shinies.""","«Я говорил тебе где-то в Тирии, а не на пути к настоящей Луне. Ты ищешь друга-скритта для друга-скритта, который, вероятно, демонстрирует поведение, подобное скритту, например, копит и ценит блестки»."
"""I told you, brother. Kormir knows our troubles and guides us to safety.""","«Я же говорил тебе, брат. Кормир знает наши проблемы и выводит нас в безопасное место»."
"""I took Harrinton's journal to Captain Thackeray. He's not yet convinced that Tervelan is a traitor, but does think we should question him about the Screaming Falcons.""","«Я отнес дневник Харринтона капитану Теккерею. Он ещё не убежден, что Тервелан — предатель, но считает, что нам следует допросить его о «Кричащих соколах»."
"""I took part in the mission to airlift the Searing Cauldron into Orr and fire it off against Zhaitan's army. The mission was a success, but only due to the bravery and sacrifice of our pilot, Arda Gyreshriek. Arda went missing after the blast, so Laranthir of the Wild and I set out to find her and bring her home safely.""","«Я принимал участие в миссии по переброске Пылающего Котла в Орр и обстреливал из него армию Зайтана. Миссия увенчалась успехом, но только благодаря храбрости и самопожертвованию нашего пилота Арды Гирешрик. Арда пропала после взрыва, поэтому мы с Ларантиром Диким отправились найти её и благополучно доставить домой»."
"""I tracked and found the white stag, but in my moment of triumph, Gavin betrayed me and escaped with the poor creature. I was wrong to trust him, even though he seemed so honorable.""","«Я выследил и нашёл белого оленя, но в момент моего триумфа Гэвин предал меня и сбежал вместе с бедным созданием. Я ошибался, доверяя ему, хотя он казался таким благородным»."
"""I traveled to Morgan's Spiral to meet Gairwen, Bercilak's current love interest. He killed her true love, and she hates him with a passion. After I helped defend her love's grave, she told me that Bercilak's armor made him powerful. To find out how, I will seek the armorsmith who forged it.""","«Я отправился в Спираль Моргана, чтобы встретиться с Гейрвен, нынешним любовным увлечением Берсилака. Он убил её настоящую любовь, и она ненавидит его со страстью. После того, как я помог защитить могилу её любви, она сказала мне, что доспехи Берсилака сделали его могущественным. Чтобы узнать, как это сделать, я найду оружейника, который выковал их»."
"""I underestimated these squeaking beasts. You were right, Crusader. No matter how small, every set of hands—or scrabbly claws—is important to our cause.""","«Я недооценил этих визжащих зверей. Ты был прав, Крестоносец. Какими бы маленькими они ни были, каждая пара рук — или царапающих когтей — важна для нашего дела»."
"""I undermine those who oppose me, making my victories swift and definitive.""","«Я подрываю тех, кто противостоит мне, делая свои победы быстрыми и окончательными»."
"""I understand why the wardens must be sent out to patrol other areas, but with so few of us left here, and the undead stepping up their attacks of late, I worry that Wardenhurst could fall.""","«Я понимаю, почему стражей нужно отправлять патрулировать другие районы, но, поскольку нас здесь осталось так мало, а нежить в последнее время усиливает свои атаки, я беспокоюсь, что Уорденхерст может пасть»."
"""I understand, Mother Tree. May I ask you something else?""","«Я понимаю, Мать-Древо. Могу я спросить тебя кое-что ещё?»"
"""I understand, but I still reserve the right to complain while doing my part.""","«Я понимаю, но я все равно оставляю за собой право жаловаться, выполняя свою часть работы»."
"""I understand. I don't know why it chose me, but I will do my best.""","«Я понимаю. Я не знаю, почему он выбрал меня, но я сделаю все, что смогу»."
"""I understand. I wish you all a swift recovery, Captain.""","«Я понимаю. Желаю вам всем скорейшего выздоровления, капитан»."
"""I understand. I'm in the Priory, too.""",— Я понимаю. Я тоже в Приорате.
"""I updated Tribunes Goreblade and Brimstone on my progress, and reported on the Flame Legion's interest in my weapon prototype. Brimstone's keeping a close eye on all Flame Legion activity, so he's coming to observe my weapon's next field test.""","«Я проинформировал Tribunes Goreblade и Brimstone о своих успехах и сообщил об интересе Легиона Пламени к моему прототипу оружия. Жарокамень пристально следит за всей деятельностью Легиона Пламени, поэтому он придёт наблюдать за следующим полевым испытанием моего оружия»."
"""I use the good sense that Raven gave me to solve mysteries. We can't always tell, at first look, what has happened. I find the truth.""","«Я использую здравый смысл, который дал мне Рейвен, чтобы разгадывать загадки. Мы не всегда можем с первого взгляда сказать, что произошло. Я нахожу правду»."
"""I used to be like that, but then I grew up.""","«Раньше я был таким, но потом я вырос»."
"""I volunteered to fight Vallus in the arena—whatever his crimes, he deserved to die fighting, not butchered like a helpless animal. He fought with honor, but in the end I defeated him. I will remember my father not as a deserter, but as a soldier who refused to leave a member of his warband behind.""","«Я вызвался сразиться с Валлусом на арене — какими бы ни были его преступления, он заслужил смерть в бою, а не зарезанный, как беспомощное животное. Он сражался с честью, но в конце концов я победил его. Я буду помнить своего отца не как дезертира, а как солдата, который отказался оставить члена своей банды»."
"""I wait to the east, high on the cliffs.""","«Я жду на востоке, высоко на скалах»."
"""I wake from nightmares—screaming, confused, and scared. It's getting wOrse. I've decided to talk to a mender. I've probably just been working too hard.""","«Я просыпаюсь от кошмаров — кричу, растеряна и напугана. Становится всё хуже. Я решила поговорить с мастером. Наверное, я просто слишком много работала»."
"""I want this on record: the food down here is the nastiest slop I've ever tasted. Just crap. If I survive, I want a vacation. Or a bonus. I'll flay anyone who tries to return me to field ops.""","«Я хочу зафиксировать это: еда здесь — самые отвратительные помои, которые я когда-либо пробовал. Просто дерьмо. Если я выживу, мне нужен отпуск. Или бонус. Я сдеру кожу с любого, кто попытается вернуть меня в полевые операции»."
"""I want to heal it! I was trained by one of the menders that was healing Mother—sorry, the Pale Tree—and I thought those techniques could work here.""","«Я хочу его исцелить! Меня обучал один из мастеров, исцелявший Мать — извини, Бледное Древо — и я подумал, что эти техники могут сработать и здесь»."
"""I want to make sure everything's perfect, so I'll go survey the build site.""","«Я хочу убедиться, что все в порядке, поэтому пойду осмотреть стройплощадку»."
"""I want to, but my father still expects a dowry, and a feast is out of the question in this place.""","«Хочу, но отец ещё ждет приданого, а о пире в этом месте не может быть и речи»."
"""I want you to meet Tybalt – your Watcher. You may have chosen to join the Order of Whispers, but our trust is earned – not given.""","«Я хочу, чтобы ты познакомился с Тибальтом — твоим Наблюдателем. Возможно, ты решил присоединиться к Ордену Шепотов, но наше доверие заслужено, а не оказано»."
"""I wanted to confront the high priestess as well as Chief Quecuan. Since she's not here, we'll have to try something else.""","«Я хотел противостоять верховной жрице, а также главному Кекуану. Поскольку её здесь нет, нам придётся попробовать что-то ещё»."
"""I warn you, move along.""","— Предупреждаю, идите дальше."
"""I warned Captain Thackeray about the impending attack on the orphanage and the hospital. We had to act quickly. Logan sent Lieutenant Francis with some soldiers in one direction, while he and I went in the other.""","«Я предупредил капитана Теккерея о готовящемся нападении на приют и больницу. Нам пришлось действовать быстро. Логан отправил лейтенанта Фрэнсиса с несколькими солдатами в одном направлении, а мы с ним пошли в другом»."
"""I was being sarcastic. Truth is, the Flame Legion sticks its nose into everything the legions are doing. Around here, their shaman has it in for us. He sends his agents up here just for spite.""","«Я был саркастичен. По правде говоря, Легион Пламени сует свой нос во все, что делают легионы. Здесь их шаман готов на нас. Он посылает сюда своих агентов просто назло»."
"""I was born to undo your master's work. If I must kill you to achieve that, so be it.""","«Я был рожден, чтобы разрушить работу твоего хозяина. Если для этого мне придётся убить тебя, пусть будет так»."
"""I was curious, too...""",«Мне тоже было любопытно…»
"""I was desperate, and turned to thievery to pay my creditors.""","«Я был в отчаянии и обратился к воровству, чтобы расплатиться с кредиторами»."
"""I was expecting carnage, but this...Mordremoth actually took down the entire fleet.""","«Я ожидал кровавой бойни, но этот… Мордремот фактически уничтожил весь флот»."
"""I was genuinely hoping for a conviction based on a preponderance of the evidence...but this works, too.""","«Я искренне надеялся на приговор, основанный на перевесе доказательств... но это тоже работает»."
"""I was here before you, and though it's none of your business, I'm in the midst of an important mission.""","«Я был здесь до вас, и хотя это не ваше дело, я выполняю важную миссию»."
"""I was just about to put an end to them, but you beat me to it.""","«Я собирался положить им конец, но ты меня опередил»."
"""I was lucky to have you with me. You fight well. I'm just awaiting my extraction now. If you're interested in any of my extra disguises, I could oblige you.""","«Мне повезло, что ты был со мной. Ты хорошо сражаешься. Я сейчас просто жду своего извлечения. Если тебя интересует какая-либо из моих дополнительных маскировок, я могу тебе помочь»."
"""I was one of two winners in the Big Brawl's qualifying round, a free-for-all open to all norn. Now, we both face a special challenge that decides who moves on to the semifinals. I welcome this test. Each victory brings me closer to a shot at Mikkel.""","«Я был одним из двух победителей квалификационного раунда «Большой потасовки», открытого для всех норнов. Теперь перед нами обоими стоит особая задача, которая решает, кто выйдёт в полуфинал. Я приветствую это испытание. Каждая победа приближает меня к выстрелу в Миккеля»."
"""I was ordered into action alongside Tribune Rytlock Brimstone. Together, we stopped Duke Barradin's attack on Smokestead.""",«Мне было приказано действовать вместе с Трибуном Ритлоком Жарокамнем. Вместе мы остановили атаку герцога Баррадина на Смокстед».
"""I was pinned down behind a rock, and their cannons were blasting holes in the ground all around me.""","«Меня прижало к камню, а их пушки проделывали дыры в земле вокруг меня»."
"""I was raised among the common folk of Divinity's Reach. We're the working class, the cogs that keep the city running. I help out at a tavern owned by my friends, Andrew and his daughter Petra.""","«Я вырос среди простых людей Divinity's Reach. Мы — рабочий класс, винтики, которые поддерживают работу города. Я помогаю в таверне, принадлежащей моим друзьям, Эндрю и его дочери Петре»."
"""I was supposed to get Demmi safely out of Divinity's Reach, but I got sacked by Ministry Guards.""","«Я должен был благополучно вывезти Демми из Divinity's Reach, но меня уволила стража Министерства»."
"""I was supposed to meet him here. Oh, sparks. They must have captured him. Hurry. He's in mortal peril.""","«Я должен был встретиться с ним здесь. О, искры. Должно быть, они схватили его. Поторопитесь. Он в смертельной опасности»."
"""I was surprised to find Petra waiting for me at the bandit cave. She insisted on coming with me, and together we penetrated their defenses and found the stolen supplies. To my surprise, we also ran into Twitchy Jake, who mentioned Big Nose Ted as well. I don't know how he got out, but he should still be in prison.""","«Я был удивлен, обнаружив, что Петра ждет меня в бандитской пещере. Она настояла на том, чтобы пойти со мной, и вместе мы проникли через их оборону и нашли украденные припасы. К моему удивлению, мы также столкнулись с Твичи Джейком, который также упомянул Большеносого Теда. Я не знаю, как он выбрался, но он все ещё должен быть в тюрьме»."
"""I was there, though you'd never have known it.""","«Я был там, хотя ты никогда об этом не узнал»."
"""I was there, you know. At the reactor. When it blew. I've never seen such horror in my life. Great balls of magic cascaded down upon us, spinning us around, up, and down. I was lucky. Others were less so.""","«Знаешь, я был там. У реактора. Когда он взорвался. Я никогда в жизни не видел такого ужаса. Огромные магические шары обрушивались на нас, вращая нас вверх и вниз. Мне повезло. Другим повезло меньше»."
"""I was too late to save Kilik, but I rescued the rest of the heket warriors. Chieftain Xipil agreed to assist us. Scout Yakuti sent the heket to join Rytlock on the front lines.""","«Я опоздал, чтобы спасти Килика, но я спас остальных воинов-хекетов. Вождь Ксипил согласился нам помочь. Разведчик Якути послал хекетов присоединиться к Ритлоку на передовой»."
"""I was with a group, my friends... And then the building collapsed... I've completely lost my bearings. I don't recognize anything. Where are we? Is it safe?""","""Я был с группой, мои друзья... А потом здание рухнуло... Я совсем потерял ориентацию. Ничего не узнаю. Где мы? Это безопасно?"""
"""I wasn't originally going to be stationed here, but I heard of Arpi's experiments and had to come see for myself.""","«Изначально меня здесь не планировали размещать, но я слышал об экспериментах Арпи и должен был приехать и посмотреть»."
"""I wasn't sure the master-at-arms was cut out for this, but I've been pleasantly surprised.""","«Я не был уверен, что магистр оружия создан для этого, но я был приятно удивлен»."
"""I wasn't...I wasn't scared. H-h-honest. The shaman is dead, right? Is she gone? You sure? I want to go now. Don't worry. I can get home by myself.""","«Я не... Я не боялся. Х-ч-честно. Шаман мертв, да? Она ушла? Ты уверен? Я хочу пойти сейчас. Не волнуйся. Я смогу добраться до дома сама»."
"""I wear ______ on the battlefield. Because of this, I am recognized and given proper respect.""",«Я ношу ______ на поле боя. Благодаря этому меня узнают и оказывают должное уважение».
"""I went easy on you. It's not a show if I clobber you immediately. No suspense. But you gave the spectators a momentary thrill. As a reward, I'll let you buy supplies from our armory.""","«Я с тобой помягче. Это не шоу, если я тебя тут же забью. Никакого напряжения. Но ты вызвал у зрителей минутный восторг. В награду я разрешу тебе купить припасы из нашего арсенала»."
"""I went looking for a missing Pact squad and found Ferghen, once the Pact's premier scout, now corrupted and hunting his fellow squadmates in a lethal game of cat-and-mouse. We defeated him, but not without serious casualties. I also learned that Ferghen's squad had located a powerful weapon that the Pact could employ against Zhaitan's army: a Searing Cauldron, much like the one that destroyed Ascalon centuries ago. We set out to collect that weapon.""","«Я отправился на поиски пропавшего отряда Пакта и нашёл Фергена, когда-то главного разведчика Пакта, теперь развращенного и охотящегося на своих товарищей по отряду в смертельной игре в кошки-мышки. Мы победили его, но не без серьёзных потерь. Я также узнал, что отряд Фергена обнаружил мощное оружие, которое Пакт может использовать против армии Зайтана: Горящий котел, очень похожий на тот, который уничтожил Аскалон много веков назад. оружие»."
"""I went over the plan of attack and did what I could to reassure our gathered forces that we had Kralkatorrik's own prophecy—his vision of a world without him—on our side. The forge master, meanwhile, informed me that the modifications to the resonance crystals were complete. With everything ready and everyone in place, I joined Aurene and Caithe near the first resonance crystal.""","«Я обдумал план нападения и сделал все, что мог, чтобы заверить собравшиеся силы в том, что на нашей стороне собственное пророчество Кралькаторрика — его видение мира без него. Тем временем мастер кузни сообщил мне, что модификации резонансных кристаллов завершены. Когда все было готово и все на местах, я присоединился к Аурин и Кейт возле первого резонансного кристалла»."
"""I went to Tela Range to collect supplies for Steelbane and found Flame recruiters bullying a fellow Blood Legion soldier. I helped her fight them off, but the supplies were destroyed in the process. Now I have to report back to Steelbane empty-handed.""","«Я отправился на полигон Тела, чтобы собрать припасы для Стилбейна, и обнаружил, что вербовщики Пламени издеваются над товарищем-солдатом Кровавого Легиона. Я помог ей отбиться от них, но припасы были уничтожены в процессе. Теперь мне придётся вернуться к Стилбейну с пустыми руками»."
"""I went to charr territory and won the semifinals of the Big Brawl. Knut opened this competition up to fighters of all races, from all over the world. I had to beat a centaur, a sylvari, and a charr—not easy, but in the end I defeated them all. I'm almost ready to face Mikkel Toivosson, but first I need to speak with Eir.""","«Я отправился на территорию чарров и выиграл полуфинал Большой Потасовки. Кнут открыл это соревнование для бойцов всех рас со всего мира. Мне пришлось победить кентавра, сильвари и чарра — нелегко, но в итоге я победил их всех. Я почти готов встретиться с Миккелем Тойвоссоном, но сначала мне нужно поговорить с Эйр»."
"""I went to see Zojja at her laboratory near Rata Sum. She said that Snaff's first apprentice, Kudu, was showing off a new invention...that looks suspiciously like a rip-off of my old invention, the VAC weather-changer. Now I'm going to go see if that rat's plagarized my work.""","«Я пошёл к Зодже в её лабораторию недалеко от Рата Сум. Она сказала, что первый ученик Снаффа, Куду, демонстрировал новое изобретение... которое подозрительно похоже на подделку моего старого изобретения, переключателя погоды VAC. Теперь я пойду посмотреть, не украла ли эта крыса мою работу»."
"""I went to the Horn of Maguuma, and all I got were these minis.""",«Я отправился на Рог Магуумы и получил только эти мини».
"""I went with Gahn Towerbreaker and the Vigil to investigate the disappearance of my fallen comrade's body. We travelled to Snowdrift Haven and fought off an undead raiding party. We also recovered an amulet much like the one Howl used to wear. The amulets are connected to the necromancer Rissa, so we decided to check in with the other orders before we proceed.""","«Я отправился с Ганом Разрушителем Башен и Дежурством, чтобы расследовать исчезновение тела моего павшего товарища. Мы отправились в Снежную Гавань и отбили отряд нежити, напавшей на него. Мы также нашли амулет, очень похожий на тот, который носил Хоул. Амулеты связаны с некромантом Риссой, поэтому мы решили проверить другие ордены, прежде чем продолжить»."
"""I will be the principal, Legate Minister. I'd like to request a short recess to select my second.""","«Я буду директором, министр-легат. Я хотел бы попросить небольшой перерыв, чтобы выбрать второго»."
"""I will defend us from attackers and, unless it would force me to abandon my post, fight anyone we attack.""","«Я буду защищать нас от нападающих и, если это не заставит меня покинуть свой пост, сражаться с любым, на кого мы нападем»."
"""I will die to keep them away from you, if I have to. Work quickly, old friend.""","«Я умру, чтобы уберечь их от тебя, если придётся. Работай быстрее, старый друг»."
"""I will do my best, your Majesty. May Dwayna watch over us all.""","«Я сделаю все, что смогу, Ваше Величество. Пусть Двейна присмотрит за всеми нами»."
"""I will find a solution to the human problem. If not today, then tomorrow, or the next.""","«Я найду решение человеческой проблемы. Если не сегодня, то завтра или после»."
"""I will go with you. Our fates are bound together, and from this day forward, we fight as one.""","«Я пойду с тобой. Наши судьбы связаны, и с этого дня мы сражаемся как один»."
"""I will make plans with the leaders of the orders and gather troops at that location. You deserve some well-earned rest, my friend.""","«Я составлю планы вместе с лидерами орденов и соберу войска в этом месте. Ты заслуживаешь заслуженного отдыха, мой друг»."
"""I will of course help. As long as some people stick hard to their values, there's hope.""","«Я, конечно, помогу. Пока некоторые люди твердо придерживаются своих ценностей, надежда есть»."
"""I will remove you all from this forest, root and stem, like the weeds you are.""","«Я удалю вас всех из этого леса, с корнем и стеблем, как сорняки, которыми вы и являетесь»."
"""I will trust you. Tell me, what can I do?""","«Я доверяю тебе. Скажи мне, что я могу сделать?»"
"""I will, Lady Wi. Thank you for everything. The Order of Whispers has been a godsend.""","«Я так и сделаю, леди Ви. Спасибо вам за все. Орден Шепота был настоящей находкой»."
"""I will, Mother. I swear it.""","«Я сделаю это, мама. Я клянусь»."
"""I will, as soon as I finish fine-tuning this poison launcher. I just need more time.""","«Я сделаю это, как только закончу настройку этого ядовитого гранатомета. Мне просто нужно больше времени»."
"""I will. Thanks, Zojja.""","«Я так и сделаю. Спасибо, Зоджа»."
"""I win, as expected.""","«Я выиграл, как и ожидалось»."
"""I wish I could go out and fight, but those days are over for me.""","«Я бы хотел выйти и драться, но те дни для меня прошли»."
"""I wish that were true, but they cannot be saved. We are showing them mercy and returning them to the soil.""","«Хотелось бы, чтобы это было правдой, но их невозможно спасти. Мы проявляем к ним милосердие и возвращаем их на землю»."
"""I wish you peace, friend.""","«Желаю тебе мира, друг»."
"""I withstood the Exalted trials of strength, wisdom, and teamwork in order to secure the egg in a chamber built by the Forgotten for this purpose. Now that it's safe—at least for now—I can continue on to my next objectives: find my friends and break Mordremoth.""","«Я выдержал испытания силы, мудрости и командной работы Возвышенных, чтобы сохранить яйцо в камере, построенной Забытыми для этой цели. Теперь, когда это безопасно — по крайней мере, на данный момент — я могу перейти к следующим целям: найти своих друзей и сломить Мордремота»."
"""I won't distract you, then.""",— Тогда я не буду тебя отвлекать.
"""I won't pretend to understand how they work, but I won't complain.""","«Я не буду притворяться, что понимаю, как они работают, но и не буду жаловаться»."
"""I wonder if everyone will hijack this map for PVP testing, too.""","«Интересно, будут ли все использовать и эту карту для PvP-тестирования?»"
"""I wonder what they needed the tools for? If they would just ask, maybe we'd trade with them.""","«Интересно, для чего им понадобились эти инструменты? Если бы они просто спросили, возможно, мы бы поторговались с ними»."
"""I worked with the Shining Blade and Captain Thackeray to lure the White Mantle cultists into a trap and defeat them. Afterward, Exemplars Mehid and Salia told me they may have found my parents' last residence. They're coming with me to investigate.""","«Я работал вместе с Сияющим Клинком и капитаном Теккереем, чтобы заманить культистов Белой Мантии в ловушку и победить их. После этого Образцы Мехид и Салия сказали мне, что, возможно, нашли последнее жилище моих родителей. Они пойдут со мной, чтобы провести расследование»."
"""I would cast it on Demmi again, but Lyssa's Veil can only be placed on an individual once a day.""","«Я бы снова наложил его на Демми, но Вуаль Лиссы можно надеть на человека только один раз в день»."
"""I would die for my warband, especially ______, my sparring partner.""","«Я готов умереть за свой отряд, особенно за ______, моего спарринг-партнера»."
"""I would expect it to coalesce back within Augury Rock, but it could take on a different form instead. Let's be cautious.""","«Я ожидал, что он снова объединится в Авгури-Роке, но вместо этого он может принять другую форму. Давайте будем осторожны»."
"""I would like to be able to count on you in a pinch, soldier.""","«Я хотел бы иметь возможность рассчитывать на тебя в трудную минуту, солдат»."
"""I would take up all of your time if I could, but many more here wish to hear your stories. Baroness Yolanda seemed most eager to make your acquaintance.""","«Я бы занял все ваше время, если бы мог, но многие здесь хотят услышать ваши истории. Баронесса Иоланда, похоже, очень хотела познакомиться с вами»."
"""I would turn you invisible, then you'd try to make it to the northern exits here without our soldiers, or """"seekers"""" detecting you. You could fix Ash Legion flags along the way to prove you passed by.""","«Я бы сделал тебя невидимым, и тогда ты попытался бы добраться до северных выходов здесь так, чтобы наши солдаты или «искатели» не заметили тебя. По пути ты мог бы установить флаги Пепельного Легиона, чтобы доказать, что ты прошёл мимо»."
"""I wouldn't underestimate Waine. Magic sword or no, surviving in the pit-fighter arenas for so many years takes skill.""","«Я бы не стал недооценивать Уэйна. Магический меч или нет, но выживание на аренах бойцовских пит-стопов в течение стольких лет требует умения»."
"""I write this so others will remember. We fought Jormag, but the devastation was overwhelming. Our sanctuaries were sinking. Retreat was the only option.""","«Я пишу это, чтобы другие помнили. Мы сражались с Йормагом, но опустошение было огромным. Наши святилища тонули. Отступление было единственным выходом»."
"""I yell an ingredient, my sous-chef throws me that ingredient. Could you handle that?""","«Я кричу «ингредиент», а мой су-шеф бросает мне этот ингредиент. Ты справишься?»"
"""I'd be honored to, Josir.""","«Для меня большая честь, Джосир»."
"""I'd better make my way up there, then.""",— Тогда мне лучше пойти туда.
"""I'd buy anything from you. Seriously, anything. What do you have there?""","«Я бы купил у тебя что угодно. Серьёзно, что угодно. Что у тебя там есть?»"
"""I'd call that a step in the right direction. I learned from two sources that the Eye of Janthir was on Orr, but getting into Abaddon's temple proved difficult. It was sealed and would not open until we repaired the magical network that connected it to all the other gods' reliquaries. Abaddon, keeper of secrets, took his security very seriously.""","«Я бы назвал это шагом в правильном направлении. Я узнал из двух источников, что Око Джантира находится на Орре, но попасть в храм Абаддона оказалось сложно. Он был запечатан и не откроется, пока мы не починим магическую сеть, соединяющую его с реликвариями всех других богов. Абаддон, хранитель тайн, очень серьёзно относился к своей безопасности»."
"""I'd destroy you for this, but it seems my DDR is out of energy for now.""","«Я бы уничтожил тебя за это, но, похоже, в моей ГДР сейчас нет энергии»."
"""I'd even set my water flask down on it. I tell you, I got out of there fast.""","«Я бы даже поставил на него флягу с водой. Говорю вам, я быстро оттуда выбрался»."
"""I'd feel bad, if I could.""","«Мне было бы плохо, если бы я мог»."
"""I'd heard of your achievements, Herald, but I must admit, you exceeded the rumor. Well done—quite worthy of the Vigil.""","«Я слышал о твоих достижениях, Вестник, но должен признать, ты превзошёл слухи. Молодец, вполне достоин Бдения»."
"""I'd hoped that Cerus was a smarter warrior than his brother, but... I've been wrong before, I'll admit that.""","«Я надеялся, что Церус окажется более умным воином, чем его брат, но… Раньше я ошибался, признаю это»."
"""I'd keep me under your hat, for now. Get to know me a little before doing anything severe.""","«Я бы пока держал себя под твоей шляпой. Познакомься со мной немного, прежде чем делать что-то серьёзное»."
"""I'd like to believe we're living through a natural process, but—""","«Мне хотелось бы верить, что мы живём в рамках естественного процесса, но…»"
"""I'd like to better understand the Dragons' influence on the land, the plants, and the creatures of our world. Perhaps one day, we can heal the Dragonbrand.""","«Я хотел бы лучше понять влияние Драконов на землю, растения и существ нашего мира. Возможно, однажды мы сможем исцелить Драконье клеймо»."
"""I'd like to know more about that special consultant, but this situation is deteriorating even faster than I expected.""","«Я хотел бы узнать больше об этом специальном консультанте, но ситуация ухудшается даже быстрее, чем я ожидал»."
"""I'd like to say it's a lovely view, but really...it isn't.""","«Я хотел бы сказать, что это прекрасный вид, но на самом деле… это не так»."
"""I'd like to try sneaking by the """"seekers"""" again. Make me invisible.""",«Я бы хотел ещё раз попробовать прокрасться мимо «искателей». Сделай меня невидимым».
"""I'd like to, but I really don't want to get in trouble.""","«Мне бы хотелось, но я действительно не хочу попасть в беду»."
"""I'd love a chance to really study these ruins, maybe even organize a dig.""","«Мне бы очень хотелось по-настоящему изучить эти руины, возможно, даже организовать раскопки»."
"""I'd love some more information about these relics, Ikur.""","«Мне бы хотелось получить больше информации об этих реликвиях, Икур»."
"""I'd love to shoot some zombies in the face, but my hands are a bit full.""","«Мне бы хотелось выстрелить зомби в лицо, но у меня заняты руки»."
"""I'd offer the traditional pirate's greeting, but your spleen is better unperforated.""","«Я бы поприветствовал традиционное пиратское приветствие, но лучше не перфорировать селезёнку»."
"""I'd personally find it more disorienting to have someone else's experiences as myself, but it shouldn't impact my data collection. Are you sure?""","«Лично меня бы больше дезориентировало наличие чужого опыта, но это не должно повлиять на мой сбор данных. Вы уверены?»"
"""I'd rather not, thanks.""","«Я бы не хотел, спасибо»."
"""I'd recommend practicing with a dodging dummy first. Once you master the timing on dodging, you can master your class-specific skills with a sparring partner.""","«Я бы порекомендовал сначала потренироваться с манекеном для уклонения. Как только вы научитесь рассчитывать время уклонения, вы сможете отточить свои классовые навыки вместе со спарринг-партнером»."
"""I'd say it does, yes.""","«Я бы сказал, что да»."
"""I'd say we should just torch the place and rid ourselves of him, but there are still innocents at the manor.""","«Я бы сказал, что нам следует просто поджечь это место и избавиться от него, но в поместье все ещё есть невиновные»."
"""I'd say we've bagged our limit for one day. Back to the camp, so we can exaggerate about just how many we got.""","«Я бы сказал, что мы исчерпали свой лимит на один день. Возвращаемся в лагерь, чтобы можно было преувеличить, сколько у нас есть»."
"""I'd say, """"Praise Dwayna,"""" if I didn't know better.""","«Я бы сказал: «Слава Дуэйне», если бы не знал, что лучше»."
"""I'd sling him across my back and call him """"Killer.""""""",«Я бы перекинул его через спину и назвал «Убийцей»».
"""I'd try to explain it to you, but we'd both be wasting our time at that point.""","«Я бы попытался объяснить это тебе, но в этот момент мы оба зря потратим время»."
"""I'll admit it, the C.L.E.A.N. 5000 is a remarkable golem, but I'm a little worried that Rooba cares for it too much.""","«Я признаю, C.L.E.A.N. 5000 — замечательный голем, но меня немного беспокоит, что Руба слишком о нем заботится»."
"""I'll always make room for you, Grimur. But...won't they miss you in Lion's Arch?""","«Я всегда найду для тебя место, Гримур. Но... разве им не будет не хватать тебя в Львиной Арке?»"
"""I'll be on the lookout, then.""",— Тогда я буду начеку.
"""I'll be ready, Eir. Be safe.""","«Я буду готова, Эйр. Будь в безопасности»."
"""I'll bet they like it """"charr"""" broiled.""","«Держу пари, им нравится, когда «чарр» поджаривается»."
"""I'll destroy you myself! In Jormag's name, I will kill you all!""","«Я уничтожу вас сам! Во имя Йормага, я убью вас всех!»"
"""I'll do my best, Caithe. Thank you for warning me.""","«Я сделаю все, что смогу, Кейт. Спасибо, что предупредила меня»."
"""I'll drink you under the table, lubber!""","«Я выпью тебя под столом, болван!»"
"""I'll get right to it, then.""",— Тогда я сразу перейду к делу.
"""I'll get the door. My device was damaged in the prior chaos, so I've lost a bit of control, but I'm still quite capable.""","«Я открою дверь. Мое устройство было повреждено во время предыдущего хаоса, поэтому я немного потерял контроль, но я все ещё вполне способен»."
"""I'll get the job done, Legionnaire.""","«Я выполню свою работу, легионер»."
"""I'll handle this. Go, and seal the gates behind you.""",«Я разберусь с этим. Иди и запечатай за собой ворота».
"""I'll install one on the outer door next week. I should probably do it now, but the sub-matrix circuitry gives me a headache.""","«На следующей неделе я установлю его на внешнюю дверь. Вероятно, мне следует сделать это сейчас, но схема подматрицы вызывает у меня головную боль»."
"""I'll just be a few moments. Easy enough to keep them from my equipment, I imagine.""","«Я буду всего на несколько минут. Думаю, достаточно лёгко удержать их от моего оборудования»."
"""I'll just wait and see, then.""",— Тогда я просто подожду и посмотрю.
"""I'll keep asking. You hear anything, let me know.""","«Я буду продолжать спрашивать. Если что-нибудь услышите, дайте мне знать»."
"""I'll keep going, then, to preserve the memory of everything that was lost.""","«Тогда я продолжу идти, чтобы сохранить память обо всем, что было потеряно»."
"""I'll kill you again, traitors!""","«Я убью вас снова, предатели!»"
"""I'll make sure everyone who helped gets their due, right after I depoison the water.""","«Я позабочусь о том, чтобы все, кто помог, получили по заслугам, сразу после того, как обезвредю воду»."
"""I'll need more of the poison. A lot more. Once I know exactly what it is, I can neutralize it.""","«Мне понадобится больше яда. Намного больше. Как только я точно узнаю, что это такое, я смогу его нейтрализовать»."
"""I'll never forget Tybalt, but now duty calls. The Lionguard is evacuating the populace, the Durmand Priory safeguards the harbor, and the Vigil musters at Fort Marriner.""","«Я никогда не забуду Тибальта, но теперь меня зовет долг. Львиная стража эвакуирует население, Приорат Дурманд охраняет гавань, а Дежурство собирается в форте Марринер»."
"""I'll pin them down, you take them out!""","«Я их придавлю, ты их вынимай!»"
"""I'll pretend I didn't hear that. Did you find another book, at least? I can't stress the importance of those documents enough. In the wrong hands...""","«Сделаю вид, что не слышал этого. Ты нашёл хотя бы другую книгу? Я не могу переоценить важность этих документов. В чужих руках…»"
"""I'll relay what I understand from the ward investigators. In short, the fractals generated here in Lion's Arch have been destabilized by recent events—both the Kryptis and Janthir conflicts.""","«Я передам то, что я понял от следователей округа. Короче говоря, фракталы, созданные здесь, в Львиной Арке, были дестабилизированы недавними событиями — конфликтами на Криптисе и Джантире»."
"""I'll remember that, if I find any.""","«Я запомню это, если найду»."
"""I'll remember you always, you nameless thing.""","«Я всегда буду помнить тебя, безымянное существо»."
"""I'll send for a healer. In the meantime, there's plenty of food around.""",«Я пошлю за целителем. А пока вокруг полно еды».
"""I'll take Canal Ward. Undead will be coming out of the sea. If they're sending scouts, I'll find them there.""","«Я возьму Канал-Уорд. Нежить выйдёт из моря. Если они пришлют разведчиков, я найду их там»."
"""I'll take my leave now, Your Majesty. I know you're busy. Thank you.""","«А сейчас я пойду, Ваше Величество. Я знаю, что вы заняты. Спасибо»."
"""I'll talk to you later, kid.""","— Я поговорю с тобой позже, малыш."
"""I'll trust your instincts on this one, but if you don't mind, I'll send a priority message to Captain Thackeray before I meet you.""","«В этом вопросе я доверяю твоей интуиции, но, если ты не возражаешь, я отправлю приоритетное сообщение капитану Теккерею, прежде чем встретиться с тобой»."
"""I'll try """"Demmi.""""""",«Я попробую «Демми»»».
"""I'll try """"Kryta.""""""","""Я попробую ""Крайту."""""""
"""I'll wait until that day, then.""",— Тогда я подожду до этого дня.
"""I'm Ash Legion. I use cunning to overcome my enemies. The Ash Legion teaches stealth and subterfuge. We end battles before they begin with infiltration, information gathering, and precision strikes.""","«Я — Пепельный Легион. Я использую хитрость, чтобы победить своих врагов. Пепельный Легион учит скрытности и уловкам. Мы заканчиваем сражения до того, как они начнутся, с помощью проникновения, сбора информации и точных ударов»."
"""I'm Blood Legion. I charge straight into battle. The Blood Legion pushes to the front line in any combat. We're powerful and bold, and none can match our prowess on the field.""","«Я — Кровавый Легион. Я бросаюсь прямо в бой. Кровавый Легион в любом бою выходит на передовую. Мы сильны и смелы, и никто не может сравниться с нашим мастерством на поле боя»."
"""I'm Brave, You Know""","«Я храбрый, ты знаешь»"
"""I'm Director Camillus, head of the ward's fractal research division. I'm sure you have many questions about our work, and I will try to answer the ones I can.""","«Я директор Камиллус, глава отделения фрактальных исследований в округе. Я уверен, что у вас есть много вопросов о нашей работе, и я постараюсь ответить на те, на которые смогу»."
"""I'm Gamli, the """"provisioner"""" assigned by the Guild Initiative. We need a place to eat and relax. The Initiative recommends a mess hall. I think a proper tavern would be better! What do you say?""","«Я Гамли, «обеспечиватель», назначенный Инициативой Гильдии. Нам нужно место, где можно поесть и отдохнуть. Инициатива рекомендует столовую. Я думаю, что настоящая таверна будет лучше! Что вы скажете?»"
"""I'm Gamli. It's good to meet you, Grimur. I think of myself as more of a barkeep than a provisioner.""","«Я Гамли. Приятно познакомиться, Гримур. Я считаю себя скорее барменом, чем поставщиком провизии»."
"""I'm Iron Legion. I march to the boom of war machines. The Iron Legion has ignited our industrial revolution. We perfected metalwork, cannons, and—most importantly—guns.""","«Я Железный Легион. Я иду под грохот военных машин. Железный Легион зажег нашу промышленную революцию. Мы усовершенствовали металлообработку, пушки и, что самое важное, оружие»."
"""I'm Sophia Carriker, retired captain. Here to establish a war room for the guild.""","«Я София Кэррикер, капитан в отставке. Здесь, чтобы создать военную комнату для гильдии»."
"""I'm Two-Tibs A'whisker, and this is Bloodcovered Backstabbin' Blackjack the Blade. Yarr. Raise the crow's foot and rope down the jib-jabber-gabber...thingy...""","«Я — Двузубый А'Ус, а это Окровавленный Удар в Спину Блэкджек Клинок. Ярр. Поднимите гусиную лапку и спустите веревку по кливеру… штуковина…»"
"""I'm a bit busy, here.""",— Я здесь немного занят.
"""I'm a dynamistician. I see the currents within you, and you're not a messenger. Fight me. I wish to experience the ebb and flow of your energies—both the dark and the light.""","«Я динамист. Я вижу потоки внутри тебя, а ты не посланник. Сражайся со мной. Я хочу испытать приливы и отливы твоих энергий – как тьмы, так и света»."
"""I'm a hero. I save everyone, including little girls like you.""","«Я герой. Я спасаю всех, включая таких маленьких девочек, как ты»."
"""I'm a little busy here, need something?""","— Я здесь немного занят, что-то нужно?"
"""I'm a pirate. A pirate, I be. This is my ship, and to come aboard, the price is entertainment. You can either dance the famous pirate polka, or—if you don't know that—you can fight me and take a lesson in pirate clashing. What'll it be?""","«Я пират. Я пират. Это мой корабль, и цена за то, чтобы подняться на него, — развлечение. Ты можешь либо станцевать знаменитую пиратскую польку, либо — если ты этого не знаешь — сразиться со мной и взять урок пиратского боя. Что это будет?»"
"""I'm a problem solver, not problem starter. You'll love me in this town.""","«Я решаю проблемы, а не начинаю их. Ты полюбишь меня в этом городе»."
"""I'm a soldier in the Ash Legion, and""","«Я солдат Пепельного Легиона, и»"
"""I'm a soldier in the Blood Legion, and""",«Я солдат Кровавого Легиона и»
"""I'm a soldier in the Iron Legion, and""",«Я солдат Железного Легиона и»
"""I'm a whisper in the night, eyes that glow in darkness. I stand in shadow, and my mask is the monster you fear.""","«Я шепот в ночи, глаза светятся во тьме. Я стою в тени, и моя маска — монстр, которого ты боишься»."
"""I'm afraid I don't follow such matters. If it's gossip you're after, ask the cook.""","«Боюсь, я не слежу за такими делами. Если вам нужны сплетни, спросите повара»."
"""I'm afraid I don't have anything for you yet, Commander. Come back when you've become a Great Champion of the allied factions.""","«Боюсь, у меня пока нет для вас ничего, командующий. Возвращайтесь, когда станете Великим Чемпионом союзных фракций»."
"""I'm afraid it's less a question of """"if"""" than of """"when.""""""","«Боюсь, это вопрос не столько «если», сколько вопроса «когда»»."
"""I'm afraid that's a question for our city council, but sandstorm damage to your quarter was worse than initial estimates.""","«Боюсь, это вопрос к нашему городскому совету, но ущерб вашему кварталу от песчаной бури оказался сильнее, чем первоначально предполагалось»."
"""I'm already done. When the Sunless get a taste of my alchemy, they'll know they've been in a fight.""","«Я уже закончил. Когда Бессолнечные почувствуют вкус моей алхимии, они поймут, что участвовали в битве»."
"""I'm always happy to see the Flame Legion take one to the gut, and dredge, too. It's good news all around. Now maybe things can get back to normal around here.""","«Я всегда рад видеть, как Легион Пламени берет кого-то в кишку, а также выкапывает. Это хорошие новости для всех. Теперь, возможно, здесь все вернется на круги своя»."
"""I'm at your disposal, ready to defend the haven!""","«Я в вашем распоряжении, готов защитить убежище!»"
"""I'm aware, thanks for the tip.""","«Я знаю, спасибо за подсказку»."
"""I'm busy, you know.""","— Я занят, ты знаешь."
"""I'm called Shadow. I, uh, got out just today.""","«Меня зовут Тень. Я, эм, вышёл только сегодня»."
"""I'm collecting care packages for Seraph who are on patrol. You can drop them off here, and I'll make sure they get delivered.""","«Я собираю посылки для Сэрафима, который находится в патруле. Вы можете оставить их здесь, и я позабочусь о том, чтобы их доставили»."
"""I'm coming! Hold on, Aurene!""","«Я иду! Держись, Орин!»"
"""I'm coming, Taimi!""","— Я иду, Тайми!"
"""I'm completely fine, honestly!""","«Я в полном порядке, честно!»"
"""I'm concerned the krait will take advantage of the confusion created by the undead. Make sure they're not up to anything funny, will you?""","«Я обеспокоен тем, что крайты воспользуются замешательством, созданным нежитью. Убедитесь, что они не замышляют ничего смешного, хорошо?»"
"""I'm convinced there's a chemical reaction between meat and beer. I drank a lot, but I was in full control the entire time.""","«Я убежден, что между мясом и пивом существует химическая реакция. Я много пил, но все время полностью контролировал ситуацию»."
"""I'm dealing with a situation at my homestead in Hoelbrak...a situation that you caused, Slayer. I can't say any more until I get your side of the story, so I need you to come see me as soon as possible so we can sort this out. See you soon. —Eir Stegalkin""","«Я имею дело с ситуацией в моей усадьбе в Хельбраке... ситуацией, которую ты спровоцировал, Истребитель. Я не могу сказать больше, пока не узнаю твою точку зрения, поэтому мне нужно, чтобы ты пришёл ко мне как можно скорее, чтобы мы могли во всем разобраться. До скорой встречи. —Эйр Стегалкин»"
"""I'm dignified even when up to my ears in mud. It's what makes people respect me. A serious, thoughtful demeanor is the route to success.""","«Я испытываю чувство собственного достоинства, даже когда по уши в грязи. Это то, что заставляет людей уважать меня. Серьёзное, вдумчивое поведение — путь к успеху»."
"""I'm done for now, but Eyes likes to talk. Go to him if you've got more questions.""","«На данный момент я закончил, но Глаза любят поговорить. Если у тебя есть ещё вопросы, иди к нему»."
"""I'm done with your games, and I'm finished with you. I am not your dearheart.""",«Я закончил с твоими играми и закончил с тобой. Я не твоя дорогая».
"""I'm exchanged by children, and at pubs over tankards of ale. But bring me to a courtroom, and you'll be condemned to jail. What am I?""","«Меня обменивают дети и в пабах за кружки эля. Но приведите меня в зал суда, и вас приговорят к тюремному заключению. Кто я?»"
"""I'm ferocious. Threatening violence gets me further than anything else. I'm a natural, though I do try to use my powers of intimidation for good.""","«Я свирепый. Угроза насилием заводит меня дальше, чем что-либо ещё. Я естественный человек, хотя и стараюсь использовать свои силы запугивания во благо»."
"""I'm filled with glee as I read the damage estimates from your rampage through my old lab in Rata Primus. I hope you made good use of the magneton weaponry my former supervisors thought was """"a colossal waste of money"""" when you tore that place down around their ears.""","«Меня переполняет радость, когда я читаю оценки ущерба от вашего буйства в моей старой лаборатории в Рата Примусе. Надеюсь, вы хорошо использовали магнетонное вооружение, которое мои бывшие начальники считали «колоссальной тратой денег», когда вы разрушили это место вокруг их ушей»."
"""I'm fine, thanks. Farewell.""","«Я в порядке, спасибо. Прощайте»."
"""I'm fine. I understand everything, and I'm ready to go.""",«Со мной все в порядке. Я все понимаю и готов идти».
"""I'm fine. Thanks to your bravery, that thing didn't touch me at all.""",«Со мной все в порядке. Благодаря твоей храбрости эта штука меня вообще не тронула».
"""I'm forging a Pact to deal with the Elder Dragons. The three major orders of Tyria have agreed to join, but we also need you and your skills.""","«Я заключаю Пакт, чтобы разобраться со Старшими Драконами. Три главных ордена Тирии согласились присоединиться, но нам также нужны вы и ваши навыки»."
"""I'm fresh out of Kralkatite right now, but I'll see what I can do to help.""","«Я только что покинул Кралкатите, но посмотрю, чем смогу помочь»."
"""I'm getting latent magic readings all over the island. This """"pirate curse"""" thing might be real.""",«Я получаю показания скрытой магии по всему острову. Это «пиратское проклятие» может быть реальным».
"""I'm glad I rate slightly higher than being smashed in the guts by an earth elemental. Anyway, I, uh, made a picnic...""","«Я рад, что моя оценка немного выше, чем быть разбитым в кишках земным элементалем. В любом случае, я устроил пикник…»"
"""I'm glad Jawripper sent you to me. You've been an asset. I hate to lose you, but your skills are needed at Ashford Forum. Tell Beata Heavyspear I sent you. <br>—Frissa Splattershot""","«Я рад, что Джавриппер послал тебя ко мне. Ты принёс мне пользу. Ненавижу тебя терять, но твои навыки нужны на Эшфордском форуме. Скажи Беате Хэвиспир, что я тебя послал. <br>—Фрисса Сплаттершот»"
"""I'm glad to have survived, but it hurts to lose such a close friend. Even with this little one by my side, I still miss her. Thank you for going with me. It helped more than you can know.""","«Я рад, что выжил, но мне больно терять такого близкого друга. Даже с этой малышкой рядом со мной, я все ещё скучаю по ней. Спасибо, что пошли со мной. Это помогло больше, чем вы можете себе представить»."
"""I'm glad to see that Jora still commands respect, but I'm worried about those two. Can you watch over them?""","«Я рад видеть, что Жора по-прежнему пользуется уважением, но я беспокоюсь об этих двоих. Ты можешь присмотреть за ними?»"
"""I'm glad to see you examining the more inventive route! I assure you, you won't regret it.""","«Я рад видеть, что вы изучаете более изобретательный маршрут! Уверяю вас, вы не пожалеете об этом»."
"""I'm glad you found a lesson to enjoy. Now, please use the remaining time for your own personal studies.""","«Я рад, что вы нашли урок, который вам понравится. Теперь, пожалуйста, используйте оставшееся время для своих личных занятий»."
"""I'm glad you heard the call, then.""","— Тогда я рад, что ты услышал звонок."
"""I'm glad you're here. We can get through anything, as long as we're together.""","«Я рад, что ты здесь. Мы можем пройти через все, пока мы вместе»."
"""I'm going as fast as I can. The Mordrem are back, sniffing around this whole area.""","«Я иду так быстро, как могу. Мордремы вернулись и обнюхивают всю эту местность»."
"""I'm going to focus more on the hindquarters, try to geld a few centaurs.""","«Я собираюсь больше сосредоточиться на задних конечностях, постараюсь кастрировать нескольких кентавров»."
"""I'm going to get the survivors to Hoelbrak. Make sure they get shelter and food, let Whitebear know that we didn't need his help. Then, I'll start looking for the Alliance base. Save the prisoners.""","«Я собираюсь доставить выживших в Хоэлбрак. Убедитесь, что они получили кров и еду, дайте понять Белому Медведю, что нам не нужна его помощь. Затем я начну искать базу Альянса. Спасите пленников»."
"""I'm going to get us out of here, and then I need you to get me into Fahranur.""","«Я собираюсь вытащить нас отсюда, а затем мне нужно, чтобы ты доставил меня в Фахранур»."
"""I'm going to join the Order of Whispers, and become a real operative. In time, I'll do what you do—help to save the world.""","«Я собираюсь вступить в Орден Шепота и стать настоящим оперативником. Со временем я сделаю то же, что и вы — помогу спасти мир»."
"""I'm going to rain fire and death on those centaurs from a distance, but it will be blind firing. I need someone on the inside to do some real damage. What do you think?""","«Я собираюсь обрушить на этих кентавров огонь и смерть на расстоянии, но это будет слепая стрельба. Мне нужен кто-то внутри, чтобы нанести реальный ущерб. Что ты думаешь?»"
"""I'm going to walk away, now. Bye.""",«Я сейчас уйду. Пока».
"""I'm going to win, no matter what.""","«Я выиграю, несмотря ни на что»."
"""I'm going too. They're already scared, but seeing someone they know will help.""","«Я тоже пойду. Они уже напуганы, но встреча с кем-то из их знакомых поможет»."
"""I'm going with Bear, just like my dad. What about you?""","«Я пойду с Медведем, как и мой отец. А ты?»"
"""I'm good, thank you.""","«Я в порядке, спасибо»."
"""I'm grateful for all that you've done, Lady Wi. If I'm ever able to return to Kryta, I hope to see you again.""","«Я благодарен за все, что вы сделали, леди Ви. Если я когда-нибудь смогу вернуться на Крайту, я надеюсь увидеть вас снова»."
"""I'm grateful that you opened my eyes. Now, I must see to the main gate. I sent my best scout to observe the enemy, and he should be back soon.""","«Я благодарен, что ты открыл мне глаза. Теперь мне нужно осмотреть главные ворота. Я послал своего лучшего разведчика наблюдать за врагом, и он должен скоро вернуться»."
"""I'm happy with the quiet, myself. See you later.""",«Я сам доволен тишиной. Увидимся позже».
"""I'm hearing from my informants that some of your troops are going a bit soft on civilians. Do I need to remind you that these """"civilians"""" have been hounding the charr for generations? This isn't the time for forgiveness. Get with it, or I'll find someone else who will.""","«Я слышал от своих информаторов, что некоторые из ваших солдат проявляют мягкость к гражданским лицам. Нужно ли мне напоминать вам, что эти «гражданские лица» преследовали чарров на протяжении нескольких поколений? Сейчас не время для прощения. Смиритесь с этим, или я найду кого-нибудь другого, кто это сделает»."
"""I'm hearing rumors of Inquest poking around near Brandview. Evil asura are nothing to sneeze at, and they couldn't have come at a worse time. Scouts have pinpointed a location we believe to be their headquarters. Someone should give them a reason to pack up and leave.""","«До меня доходят слухи о том, что Инквест орудует возле Брэндвью. Злые асуры не заслуживают внимания, и они не могли прийти в худшее время. Разведчики определили место, которое, как мы полагаем, является их штаб-квартирой. Кто-то должен дать им повод собрать вещи и уйти»."
"""I'm here for an item, sir.""","«Я здесь за предметом, сэр»."
"""I'm here on official business. Move along, before I throw you in a cell.""","«Я здесь по служебным делам. Проходите, а то я брошу вас в камеру»."
"""I'm here to hunt, not to flirt.""","«Я здесь, чтобы охотиться, а не флиртовать»."
"""I'm hoping to visit Lion's Arch soon, see Grimur, and maybe get some sightseeing in.""","«Я надеюсь вскоре посетить Львиную Арку, увидеть Гримура и, возможно, осмотреть достопримечательности»."
"""I'm hunting a culinary delicacy, a favorite of Lord Beetlestone: fresh skale eggs. To be honest, I'm not certain I can do it alone. An adventurer, you say? Think you can help?""","«Я охочусь за кулинарным деликатесом, любимым лакомством лорда Битлстоуна: свежими яйцами из чешуи. Честно говоря, я не уверен, что смогу сделать это в одиночку. Вы говорите, искатель приключений? Думаете, вы сможете помочь?»"
"""I'm impressed that you would still fight at our side, after how we treated you.""","«Я впечатлен тем, что ты все ещё будешь сражаться на нашей стороне после того, как мы с тобой обращались»."
"""I'm in a hurry to save the world, so I'll check in later.""","«Я спешу спасти мир, поэтому зайду позже»."
"""I'm in a kingdom of sand, and everything is sinking under me.""","«Я в царстве песка, и все подо мной тонет»."
"""I'm in, let's go.""","— Я в деле, пойдём."
"""I'm just browsing, thanks.""","«Я просто просматриваю, спасибо»."
"""I'm just homesick, I guess. I miss my family in Lion's Arch.""","«Думаю, я просто скучаю по дому. Я скучаю по своей семье в Львиной Арке»."
"""I'm just interested in a chat, if you have the time.""","«Мне просто интересно поболтать, если у тебя есть время»."
"""I'm leaving tomorrow, you know?""","«Я уезжаю завтра, понимаешь?»"
"""I'm listed with the Durmand Priory as an expert in ancient magics, including lost Flame Legion arts.""","«Я числюсь в Приорате Дурманд как эксперт по древней магии, включая утерянные искусства Легиона Пламени»."
"""I'm loath to admit it, but I require some assistance.""","«Мне не хочется в этом признаваться, но мне нужна помощь»."
"""I'm looking for King Adelbern's legendary weapon, the sword called Magdaer.""","«Я ищу легендарное оружие короля Адельберна, меч Магдаэр»."
"""I'm looking for Mi-Sun, actually. You know her?""",«На самом деле я ищу Ми-Сун. Ты её знаешь?»
"""I'm looking for a friend of mine, a young woman from out of town. Have you seen her?""","«Я ищу свою подругу, девушку из другого города. Ты её видел?»"
"""I'm looking for recruits. If you're brave enough, report to me.""","«Я ищу рекрутов. Если ты достаточно смел, доложи мне»."
"""I'm looking to acquire any Mordrem parts you come across, and I have plenty of bandit crests to trade.""","«Я хочу приобрести любые детали Мордрема, которые вам попадутся, и у меня есть много бандитских гербов на продажу»."
"""I'm loyal...to the Sunspears. You'll...have to murder me, Scourge.""","«Я верен... Солнечным Копьям. Тебе... придётся убить меня, Скордж»."
"""I'm mostly trying to make his life easier, but diplomacy isn't my strong suit.""","«В основном я пытаюсь облегчить ему жизнь, но дипломатия не моя сильная сторона»."
"""I'm no skaald, but my homestead was attacked by dredge and charr—Flame Legion. One of their weapons knocked me into a snowbank and caused a mini avalanche. By the time I dug myself out, everyone was dead.""","«Я не скаальд, но на мою усадьбу напали драги и чарры — Легион Пламени. Одно из их орудий отбросило меня в сугроб и вызвало мини-лавину. К тому времени, как я выкопал себя, все были мертвы»."
"""I'm no soldier, but a debt is a debt. Honor demands I repay it. What's my first duty?""","«Я не солдат, но долг есть долг. Честь требует, чтобы я отдал его. Каков мой первый долг?»"
"""I'm not afraid of the Awakened, but I'll feel better fighting them with a Sunspear by our side.""","«Я не боюсь Пробуждённых, но я буду чувствовать себя лучше, сражаясь с ними, имея на нашей стороне Солнечное Копьё»."
"""I'm not done! This mask wasn't just a mask! It was like no other mask! Made swimming through the water feel like an eel! I mean, made ya feel like an eel swimming in the water! You know what I...""","«Я ещё не закончила! Эта маска была не просто маской! Она не была похожа ни на одну другую маску! Плавание по воде заставило почувствовать себя угрем! Я имею в виду, заставило тебя почувствовать себя угрем, плывущим в воде! Знаешь, что я…»"
"""I'm not dying in this accursed jungle, and neither are you.""","«Я не умираю в этих проклятых джунглях, и ты тоже»."
"""I'm not interested in apologies, I—""","«Меня не интересуют извинения, я…»"
"""I'm not interested, thanks.""","«Мне это не интересно, спасибо»."
"""I'm not ready yet, Tribune. I'll return when I am.""","«Я ещё не готов, Трибьюн. Я вернусь, когда буду»."
"""I'm not saying you're wrong. We can deal with Jormag later, if it comes to that. But Primordus is the threat right now.""","«Я не говорю, что ты неправ. Мы можем разобраться с Йормагом позже, если до этого дойдёт. Но сейчас угрозу представляет Примордус»."
"""I'm not sure exactly, but I believe it's my duty to help the Forever Tree flourish... And maybe help the Warden remember who it was once.""","«Я не уверен точно, но считаю своим долгом помочь Вечному Древу процветать… И, возможно, помочь Стражу вспомнить, кем оно было когда-то»."
"""I'm not sure the ghosts can ever be completely defeated, but you put a dent in them. Thank you!""","«Я не уверен, что призраков можно когда-либо полностью победить, но вы оставили им след. Спасибо!»"
"""I'm not sure they planned anything. It was Mordremoth, wasn't it?""","«Я не уверен, что они что-то планировали. Это был Мордремот, не так ли?»"
"""I'm not sure what I just stepped in, and I'm afraid to look.""","«Я не уверен, во что я только что вошёл, и боюсь смотреть»."
"""I'm not sure what happened out there, but...I'm sorry it turned out like this.""","«Я не уверен, что там произошло, но... мне жаль, что так получилось»."
"""I'm not sure. They're pressing with every available airship, and I hear that the Pact has been working on a special weapon that packs a wallop.""","«Я не уверен. Они атакуют всеми доступными дирижаблями, и я слышал, что Пакт работает над специальным оружием, которое способно нанести удар»."
"""I'm not surprised to see you're involved here, Hobbs; good to see you.""","«Я не удивлен, что ты здесь замешан, Хоббс; рад тебя видеть»."
"""I'm not, no.""","«Я нет, нет»."
"""I'm off, then.""",— Тогда я пошёл.
"""I'm okay for now, thanks.""","«Сейчас со мной все в порядке, спасибо»."
"""I'm okay, I'm okay. Where were we?""","«Я в порядке, я в порядке. Где мы были?»"
"""I'm okay, Mommy. See? Not a scratch.""","«Со мной все в порядке, мамочка. Видишь? Ни единой царапины»."
"""I'm old, and this lake has grown too dangerous! Skale, drakes, and Grenth knows what else lurking under the waters.""","«Я стар, и это озеро стало слишком опасным! Скейл, селезни и Грент знают, что ещё скрывается под водой»."
"""I'm on the municipal council, chairman of the arts committee. I'm a sculptor. In fact, this statue of Lord Beetlestone is my work.""","«Я член муниципального совета, председатель комитета по искусству. Я скульптор. Фактически, эта статуя лорда Битлстоуна — моя работа»."
"""I'm out of Bovarin beef, but don't panic. I ordered more. Those ranchers at Bovarin Estate really know how to do cows right.""","«У меня закончилась говядина Боварина, но не паникуйте. Я заказал ещё. Владельцы ранчо в Боварине действительно знают, как правильно готовить коров»."
"""I'm out of apples, you stupid cow. Ack! You got spit all over my tunic.""","«У меня закончились яблоки, ты, глупая корова. Ах! Ты заплевала мне всю тунику»."
"""I'm picking up a MASSIVE Elder Dragon energy signature! It's not real, but try telling my sensors that...""","«Я улавливаю ОГРОМНУЮ энергетическую подпись Старшего Дракона! Это нереально, но попробуйте сообщить моим сенсорам, что…»"
"""I'm picking up abnormal rift readings. Nearest Astral Ward, report for defense!""","«Я фиксирую аномальные показания разлома. Ближайшая астральная палата, сообщите о защите!»"
"""I'm pretty sure the master-at-arms, the chief engineer, and the doc survived the crash. Still, none of them have made it back.""","«Я почти уверен, что магистр, главный инженер и доктор выжили при крушении. Однако никто из них не вернулся»."
"""I'm proud of my contributions in Divinity's Reach. Once, I""",«Я горжусь своим вкладом в Divinity's Reach. Однажды я»
"""I'm relocating to the Eye of the North. It's just too dangerous. The fighting is too near. I will see you there, Commander.""","«Я переезжаю в Око Севера. Это слишком опасно. Бои слишком близко. Увидимся там, командир»."
"""I'm rich, you know.""","«Я богат, ты знаешь»."
"""I'm right behind you, sir!""","«Я прямо за вами, сэр!»"
"""I'm running experiments: sleeping golems that simplify golem repair, golem assistants with personality, and golem welders tasked with fine-tuning my creations. But I'm having trouble with some golems going haywire.""","«Я провожу эксперименты: спящие големы, которые упрощают ремонт големов, големы-помощники с индивидуальностью и големы-сварщики, которым поручена тонкая настройка моих творений. Но у меня проблемы с тем, что некоторые големы выходят из строя»."
"""I'm selling my remaining jewelry to get enough money to finish the trip. Have a look, and see if there's anything you want to buy.""","«Я продаю оставшиеся драгоценности, чтобы получить достаточно денег для завершения поездки. Посмотрите и посмотрите, хотите ли вы что-нибудь купить»."
"""I'm sensing a lot of Kryptis activity nearby, but it's...suppressed, somehow. Far away. But not.""","«Я чувствую поблизости сильную активность Криптиса, но она… каким-то образом подавлена. Далеко. Но нет»."
"""I'm sick of ya needlin' me! If yer lookin' for a fight, you've got one!""","«Мне надоело, что ты во мне нуждаешься! Если ты ищешь драки, она у тебя есть!»"
"""I'm smart, see? I got lots of papers filled up with squiggles.""","«Я умный, понимаешь? У меня много бумаг, исписанных закорючками»."
"""I'm so cold, my frostbite has frostbite.""","«Мне так холодно, у меня обморожение есть обморожение»."
"""I'm so glad to be back in Lion's Arch! Not that I didn't like the guild hall, but...""","«Я так рада вернуться в Львиную Арку! Не то чтобы мне не нравился зал гильдии, но…»"
"""I'm so hungry, I could eat a whole dolyak!""","«Я так голоден, что могу съесть целый долик!»"
"""I'm so hungry, I could eat whatever those young wurms are eating.""","«Я так голоден, что могу съесть все, что едят эти молодые червячки»."
"""I'm so mad, I could... Argh, I can't show my anger. Not here. I need to head back to Hoelbrak, see if I can convince Whitebear to send reinforcements to Cragstead. Don't suppose you'd like to come?""","«Я так зол, что мог бы… А-а-а, я не могу показать свой гнев. Не здесь. Мне нужно вернуться в Хоэлбрак, посмотреть, смогу ли я убедить Белого Медведя послать подкрепление в Крэгстед. Думаешь, ты не захочешь приехать?»"
"""I'm so sorry, Mother. What shall I do to help you?""","«Мне очень жаль, мама. Что мне сделать, чтобы помочь тебе?»"
"""I'm so tired of hearing about all these bandit attacks. I should move someplace nicer, like Elona.""","«Я так устал слышать обо всех этих бандитских нападениях. Мне следует переехать куда-нибудь получше, например, в Элону»."
"""I'm sorry, Fergg. I know this must have been hard.""","«Мне очень жаль, Фергг. Я знаю, что это, должно быть, было тяжёло»."
"""I'm sorry, Ftokchak. Your people were brave. They died protecting their friends and family.""","«Мне очень жаль, Фтокчак. Твой народ был храбрым. Они погибли, защищая своих друзей и семью»."
"""I'm sorry, I can't stay. I must power the pylon for Westwatch.""","«Извините, я не могу остаться. Мне нужно привести в действие пилон Западного дозора»."
"""I'm sorry, I don't have time to help you right now.""","«Извини, у меня сейчас нет времени помочь тебе»."
"""I'm sorry, I have no time to help you.""","«Извини, у меня нет времени тебе помочь»."
"""I'm sorry, I'm not ready to... He can't be...""","«Извини, я не готов... Он не может быть...»"
"""I'm sorry, Laranthir. I can't play favorites. I need these troops battle ready, and they don't trust you.""","«Мне очень жаль, Ларантир. Я не могу выбирать фаворитов. Мне нужно, чтобы эти войска были готовы к бою, а они тебе не доверяют»."
"""I'm sorry, Marshal. We can't seem to isolate the problem.""","«Мне очень жаль, маршал. Кажется, мы не можем изолировать проблему»."
"""I'm sorry, Soo-Won. We have to do this!""","«Мне очень жаль, Су-Вон. Мы должны это сделать!»"
"""I'm sorry, but I can only sell my goods to members of the Vigil.""","«Извините, но я могу продавать свои товары только членам Дозора»."
"""I'm sorry, but I don't do small talk.""","«Извините, но я не веду светских бесед»."
"""I'm sorry, but my wares are for Priory members only.""","«Извините, но мои товары предназначены только для членов Приората»."
"""I'm sorry, but our liability insurance doesn't extend to passengers. I'm sure you understand.""","«Извините, но наша страховка ответственности не распространяется на пассажиров. Я уверен, вы понимаете»."
"""I'm sorry, siegemaster. It's just—""","«Мне очень жаль, мастер осады. Это просто…»"
"""I'm sorry. I so admire the things you've done. Throughout the city, women like me wish they could be more like you. I need a moment to regain my composure.""","«Мне очень жаль. Я так восхищаюсь тем, что вы сделали. По всему городу такие женщины, как я, хотели бы быть больше похожими на вас. Мне нужно время, чтобы восстановить самообладание»."
"""I'm sorry. With Widd's failed experiment running around, I can't allow you to use the crafting stations.""",«Мне очень жаль. Из-за неудачного эксперимента Видда я не могу позволить вам использовать ремесленные станции».
"""I'm still connected with the rest of me, even if I'm not all in one place.""","«Я все ещё связан со всем остальным, даже если я не весь в одном месте»."
"""I'm still having nightmares, but I'm glad we cleared that spider cave. Looking on the bright side, I found some real culinary delights! <br><br>—Elain""","«Мне все ещё снятся кошмары, но я рада, что мы очистили эту паучью пещеру. Если посмотреть на светлую сторону, я нашёл настоящие кулинарные изыски! <br><br>—Элейн»"
"""I'm still not certain what just happened, but those...things...should just stay in their realm.""","«Я до сих пор не уверен, что только что произошло, но эти… твари… должны оставаться в своем царстве»."
"""I'm studying the gwyldell. Based on my research, they might be related to treants—they're really powerful. A little mischievous.""","«Я изучаю гвилделлов. Судя по моим исследованиям, они могут быть родственниками трентов — они действительно могущественны. Немного озорны»."
"""I'm studying these Deldrimor structures for the Priory. Something seems to be missing, though. Part of the mechanism isn't functioning. You haven't come across any odd objects recently, have you?""","«Я изучаю эти структуры Делдримора для Приората. Однако чего-то, кажется, не хватает. Часть механизма не работает. Вы в последнее время не сталкивались с какими-либо странными объектами, не так ли?»"
"""I'm supposed to figure out if you're trustworthy, and if you are...well, then you get to know more.""","«Я должен выяснить, заслуживаешь ли ты доверия, и если да… ну, тогда ты узнаешь больше»."
"""I'm sure I can look after myself, thank you. I didn't make it to subassessor in the Consortium by being careless.""","«Я уверен, что смогу позаботиться о себе, спасибо. Я не попал на должность субэксперта в Консорциуме из-за своей неосторожности»."
"""I'm sure we'll have a full-time, no-holds-barred arena in no time!""","«Я уверен, что в кратчайшие сроки у нас будет полноценная и беспрепятственная арена!»"
"""I'm sure you'll be excited to know there are Mordrem maws in the canyon. Fun, right?""","«Я уверен, вы будете рады узнать, что в каньоне есть мордремские утробы. Забавно, правда?»"
"""I'm surprised by how many hylek have rallied to the cause, though I probably shouldn't be. They don't have much more to lose. Most are refugees from undead invasions or local residents defending their homes.""","«Я удивлен тем, как много хайлеков присоединилось к этому делу, хотя мне, вероятно, не следовало бы. Им особо нечего терять. Большинство из них — беженцы от вторжения нежити или местные жители, защищающие свои дома»."
"""I'm telling you, they've built something dangerous in that cave.""","«Говорю вам, в этой пещере построили что-то опасное»."
"""I'm the Crush legionnaire. You got a problem, you take it up with me.""","«Я легионер Crush. У тебя проблема, реши её со мной»."
"""I'm the law around here, and the law is stretched pretty thin.""","«Я здесь закон, а закон довольно сильно растянут»."
"""I'm told it's getting worse. Centaurs trampling fields, burning houses, killing farmers...""","«Мне сказали, что становится все хуже. Кентавры вытаптывают поля, сжигают дома, убивают фермеров…»"
"""I'm trying not to sleep—too scareD to even close my eyes... So scared. Whispers come from the forest all night long, calling me, taunting me, possessing me.""","«Я пытаюсь не спать — слишком напугана, чтобы даже закрыть глаза… Так напугана. Всю ночь из леса доносятся шепоты, зовут меня, насмехаются надо мной, овладевают мной»."
"""I'm trying to WORK here, Commander. No offense.""","«Я пытаюсь РАБОТАТЬ здесь, коммандер. Без обид»."
"""I'm warning you! I'll k-kill her, I mean it! Stay away from me!""","«Я предупреждаю тебя! Я к-убью её, я серьёзно! Держись от меня подальше!»"
"""I'm watching you, rowdy.""","«Я слежу за тобой, хулиган»."
"""I'm well aware. The smart ones are evacuating, coming here, where we can protect them.""","«Я прекрасно знаю. Умные эвакуируются и приезжают сюда, где мы сможем их защитить»."
"""I'm willing to go, just not during the day. The hylek are most active then.""","«Я готов пойти, но не днем. Хилеки тогда наиболее активны»."
"""I'm with Frostbite. The boss, Destiny's Edge, and airships killed Zhaitan...how did it go so wrong this time?""",«Я за Frostbite. Босс Destiny's Edge и дирижабли убили Зайтана… почему на этот раз все пошло не так?»
"""I'm working on a machine based on dredge technology. It's a sonic silencer. I shoot people, and they stop talking.""","«Я работаю над машиной, основанной на технологии землечерпалки. Это звуковой глушитель. Я стреляю в людей, и они перестают говорить»."
"""I'm...I'm Two-Tibs A'whisker, and this is...uh...Bloodcovered Backstabbin' Blackjack the Blade. Yeah...and our wager's two fistfuls of gold. Are you in?""","«Я... я Двухтибский А'Ус, а это... э-э... Окровавленный Удар в Веру Блэкджек Клинок. Да... и наша ставка — две пригоршни золота. Ты в деле?»"
"""I'm...a collector, you could say. I mainly need them to decorate my lodge to the north.""","«Я... можно сказать, коллекционер. В основном они мне нужны, чтобы украсить мой домик на севере»."
"""I've already considered that. Trahearne, you've never joined an order, yet they all respect you. You've studied Orr all your life. Will you lead us?""","«Я уже об этом подумал. Трэхирн, ты никогда не вступал в орден, но все тебя уважают. Ты всю жизнь изучал Орра. Ты возглавишь нас?»"
"""I've always been fascinated by dredge weaponry. It seems likely that some remains, hidden around Mole's Head somewhere.""","«Меня всегда восхищало землечерпалочное вооружение. Вполне вероятно, что некоторые из них спрятаны где-то в районе Кротовой Головы»."
"""I've always wanted to be an archaeologist. I like solving puzzles, and history is the greatest puzzle of all.""","«Я всегда хотел быть археологом. Мне нравится разгадывать головоломки, а история — величайшая головоломка из всех»."
"""I've attempted direct wrench-to-face contact in an effort to drive the Inquest away, but their skulls are especially thick. Think you could do better?""","«Я пытался напрямую контактировать лицом к лицу, пытаясь отогнать Следствие, но их черепа особенно толсты. Думаешь, ты мог бы добиться большего?»"
"""I've bartered the lush vistas, the endless horizons, the gentle caress of rain like sweet honey...""","«Я променял пышные виды, бесконечные горизонты, нежную ласку дождя, как сладкий мед...»"
"""I've beaten you, but you don't know it yet.""","«Я победил тебя, но ты ещё этого не знаешь»."
"""I've been away, traveling across the land.""","«Я был в отъезде, путешествовал по стране»."
"""I've been fighting the undead for years, and I've never seen anything like it.""",«Я сражаюсь с нежитью уже много лет и никогда не видел ничего подобного».
"""I've been hearing all sorts of buzz about the considerate outsider going around taking the time to learn, understand, and assist where possible. We are grateful and hope you feel welcome in our home from now on.""","«Я слышал всевозможные слухи о том, что внимательный посторонний человек находит время, чтобы учиться, понимать и помогать, где это возможно. Мы благодарны и надеемся, что с этого момента вы почувствуете себя желанным гостем в нашем доме»."
"""I've been saving this for a rainy day, but I suppose now is as good a time as any.""","«Я приберегал это на чёрный день, но полагаю, что сейчас самое подходящее время, как и любое другое»."
"""I've been so happy since I met Grimur. I tell you, everyone should have someone that makes them smile.""","«Я был так счастлив с тех пор, как встретил Гримура. Говорю вам, у каждого должен быть кто-то, кто заставляет его улыбаться»."
"""I've been sorting through these ruins for awhile now, trying to find something revealing about the humans who lived here. The only things I've found have been garbage.""","«Я уже некоторое время разбираюсь в этих руинах, пытаясь найти что-нибудь интересное о людях, которые здесь жили. Единственное, что я нашёл, это мусор»."
"""I've been tracking your legend, %str1%. Don't look so surprised, and don't expect me to tell you how long I've been following your progress. All you need to know is that I was in the Grove when you emerged from your pod. You've come a long way since then.""","""Я следил за твоей легендой, %str1%. Не выгляди таким удивленным и не жди, что я скажу тебе, как долго я слежу за твоим прогрессом. Все, что тебе нужно знать, это то, что я был в Роще, когда ты вышёл из своей капсулы. С тех пор ты прошёл долгий путь""."
"""I've been tracking your legend, %str1%. Don't look so surprised, and don't expect me to tell you how long I've been following your progress. All you need to know is that I was there when you fought the dead duke, Barradin. You've come a long way since then.""","""Я следил за твоей легендой, %str1%. Не выгляди таким удивленным и не жди, что я скажу тебе, как долго я слежу за твоим прогрессом. Все, что тебе нужно знать, это то, что я был там, когда ты сражался с мёртвым герцогом Баррадином. С тех пор ты прошёл долгий путь""."
"""I've been trying to get past the tragedy that befell this village. I've decided to sell my old military mementos, if you're interested. I need to make a new start.""","«Я пытался пережить трагедию, постигшую эту деревню. Я решил продать свои старые военные сувениры, если вам интересно. Мне нужно начать все сначала»."
"""I've changed my mind. No, thank you.""","«Я передумал. Нет, спасибо»."
"""I've devoted my life to the gods, but I've never known them like people did in ages past. And I probably never will.""","«Я посвятил свою жизнь богам, но никогда не знал их так, как люди в прошлые века. И, вероятно, никогда не узнаю»."
"""I've done a lot of things wrong in my life. But this one thing, I'm gonna do right.""",«Я сделал много ошибок в своей жизни. Но одну вещь я сделаю правильно».
"""I've done what I can, but it's like you said. The Void just keeps coming.""","«Я сделал все, что мог, но, как ты и сказал. Пустота продолжает наступать»."
"""I've enjoyed our little waltz, but the night is coming to an end.""","«Мне понравился наш маленький вальс, но ночь подходит к концу»."
"""I've failed you, Balthazar!""","«Я подвел тебя, Бальтазар!»"
"""I've finally found the location of a Dragon's Eye! I need to get it from the dredge, but they've got it locked up. Want to help me liberate it?""","«Наконец-то я нашёл местонахождение Глаза Дракона! Мне нужно достать его из драги, но они заперли его. Хочешь помочь мне освободить его?»"
"""I've fought enough wurms to last a lifetime. Keep going towards the cave, you can't miss it.""","«Я сражался с червями достаточно, чтобы продержаться всю жизнь. Продолжайте идти к пещере, вы не пропустите её»."
"""I've found a way that I could sneak you into the area to collect the plants, but first you have to answer one question.""","«Я нашёл способ провести вас в это место и собрать растения, но сначала вам нужно ответить на один вопрос»."
"""I've given you a list. I even titled it """"Beetle Saddle.""""""",«Я дал вам список. Я даже назвал его «Седло жука»».
"""I've got a limited supply, but if you're interested, I can show you what I've got. You won't see a selection like this anywhere else.""","«У меня ограниченный ассортимент, но если вам интересно, я могу показать вам, что у меня есть. Такого выбора вы больше нигде не увидите»."
"""I've got an idea, Mom. It'll be okay.""","«У меня есть идея, мама. Все будет хорошо»."
"""I've got nothing, but I'll go look.""","«У меня ничего нет, но я пойду посмотрю»."
"""I've got plenty of ore here ready for smelting. It's tough work, but it helps keep this town running.""","«У меня здесь много руды, готовой к переплавке. Это тяжёлая работа, но она помогает поддерживать жизнь этого города»."
"""I've got so many problems around my fields, I can't deal with them all: cows to maintain, plants to tend, and a wurm infestation! Worst of all, bandits keep trying to burn all my hay!""","«У меня так много проблем на моих полях, что я не могу справиться со всеми ними: нужно содержать коров, ухаживать за растениями и нашествие червей! Хуже всего то, что бандиты продолжают пытаться сжечь все мое сено!»"
"""I've got work to do. And unless you're here to see the sights, so do you.""","«У меня есть работа. И если ты здесь не для того, чтобы осмотреть достопримечательности, ты тоже»."
"""I've had a rival ever since I was young. He's intelligent, treacherous, and cunning. I lost our last fight, but next time we meet, I'll even the score.""","«Соперник у меня был с юных лет. Он умный, коварный и хитрый. Наш последний бой я проиграл, но при следующей встрече я сравняю счёт»."
"""I've had better ale, but I'm enjoying this well enough.""","«У меня был эль получше, но он мне очень нравится»."
"""I've had more experience with icebrood than destroyers, but they all die if you hit them hard enough. Let's move out and find those missing skritt.""","«У меня больше опыта работы с ледяными выводками, чем с разрушителями, но они все умрут, если ударить по ним достаточно сильно. Давайте выйдём и найдём пропавших скриттов»."
"""I've had my fill of the Flame Legion. They're always causing trouble. If they knew about these arrowheads, they'd have my head.""","«Я уже устал от Легиона Пламени. Они всегда доставляют неприятности. Если бы они знали об этих наконечниках стрел, они бы оторвали мою голову»."
"""I've had reports of increasing banditry across Kryta. If you're willing to do your part for the Crown, help stamp those criminals out.""","«Я получил сообщения о росте бандитизма на Крайте. Если вы готовы внести свой вклад в дело Короны, помогите искоренить этих преступников»."
"""I've heard from a reliable friend that you have an interest in treasure. Come see me in Lion's Arch, and we can explore that desire.""","«Я слышал от надёжного друга, что тебя интересуют сокровища. Приходи ко мне в Львиную Арку, и мы сможем изучить это желание»."
"""I've heard it, but with """"Haivossen Kenning"""" instead of """"Groznev Delve.""""""","""Я слышал, но с """"Хайвоссеном Кеннингом"""" вместо """"Грознева"""""""""
"""I've heard of that device—Whispers agents stole a copy of the blueprints, but we couldn't figure out your bizarre telemetry. There's a working prototype?""","«Я слышал об этом устройстве — агенты «Шепота» украли копию чертежей, но нам не удалось выяснить вашу странную телеметрию. Есть работающий прототип?»"
"""I've heard of you, %str1%. Would you mind helping me with a small task? If so, I'll give you first choice of the items I intend to sell.""","""Я слышал о тебе, %str1%. Не мог бы ты помочь мне с небольшим заданием? Если да, то я предложу тебе первый выбор предметов, которые я собираюсь продать."""
"""I've heard of you. I'd love to test your fighting prowess against my own, but I'm unfortunately busy with my students. Perhaps if you come around later, we'll see who the superior fighter is, hmm?""","«Я слышал о тебе. Мне бы хотелось проверить твое боевое мастерство против своих, но, к сожалению, я занят своими учениками. Возможно, если ты придёшь позже, мы увидим, кто лучший боец, а?»"
"""I've heard the rumors. Undead, coming in under stealth. Do you believe it?""",«Я слышал слухи. Нежить проникает скрытно. Ты веришь этому?»
"""I've heard you have a way about you, %str1%. Care to test that against someone who wears shadows like armor?""","""Я слышал, что у тебя есть свой подход, %str1%. Не хочешь проверить это на ком-то, кто носит тени, как доспехи?"""
"""I've just finished delivering disguises to Alarin. A complete and total, utter and unmitigaged success. As are all my successes. Lucky for you, I have a few extra spy kits if you want to buy one.""","«Я только что закончил маскировку Аларина. Полный и тотальный, абсолютный и абсолютный успех. Как и все мои успехи. К счастью для вас, у меня есть несколько дополнительных шпионских комплектов, если вы захотите их купить»."
"""I've just finished the latest batch of our new, lighter brew: Monastery Light. I think it's going to be a big hit. Would you care to try some?""","«Я только что допил последнюю партию нашего нового, более лёгкого напитка: «Монастырский свет». Думаю, он будет иметь большой успех. Не хотите ли попробовать?»"
"""I've known tough times, but I never gave up on either myself or my kingdom. I was proud to %str1%""","""Я пережил трудные времена, но никогда не сдавался ни перед собой, ни перед своим королевством. Я гордился %str1%"""
"""I've locked down Caudecus's estate for further investigation, but I have three problems still in front of me.""","«Я запер поместье Каудека для дальнейшего расследования, но передо мной все ещё стоят три проблемы»."
"""I've made something of myself, and the only thing I regret is that I never recovered my sister's body.""","«Я добился чего-то, и единственное, о чем я сожалею, это то, что я так и не нашёл тело своей сестры»."
"""I've made something of myself, and the only thing I regret is that I never searched for my true parents.""","«Я добился чего-то, и единственное, о чем я сожалею, это то, что я никогда не искал своих настоящих родителей»."
"""I've made something of myself, and the only thing I regret is that I turned down a chance to perform in the circus.""","«Я добился чего-то, и единственное, о чем я сожалею, это то, что отказался от шанса выступить в цирке»."
"""I've never done it before, but how hard can it be?""","«Я никогда раньше этого не делал, но насколько это может быть сложно?»"
"""I've never seen so much... Oh, I can't even say it!""","«Я никогда столько не видел... Ох, я даже не могу этого сказать!»"
"""I've no time for idle patter. Say what you will, and leave me be.""","«У меня нет времени на пустую болтовню. Говори, что хочешь, и оставь меня в покое»."
"""I've noticed all the work you've been doing in service of the legions. The time has come for you to return to the Black Citadel for more orders. Well done, soldier.<br>— Tribune Rytlock Brimstone""","«Я заметил всю работу, которую вы проделали на службе легионам. Пришло время вам вернуться в Чёрную Цитадель за новыми приказами. Молодец, солдат.<br>— Трибун Ритлок Жарокамень»"
"""I've only heard Isgarren's voice once before, when I was very little...""","«Я слышал голос Исгаррена раньше только один раз, когда был совсем маленьким…»"
"""I've received a disturbing missive from the rogue sylvari Scarlet—maybe you've heard of her? She's definitely heard of me, and she's issued a challenge of sorts. I'm heading to Twilight Arbor to confront her and figure out why she's taken such an interest in my past. I hope you'll join me. If you have any questions, Warden Idon is stationed in Caeldon Forest outside Twilight Arbor. He can update you on the situation inside.<br><br>Until then,<br>—Caithe""","«Я получил тревожное сообщение от разбойницы Сильвари Скарлет — может быть, вы слышали о ней? Она определенно слышала обо мне, и она бросила своего рода вызов. Я направляюсь в Сумеречную беседку, чтобы противостоять ей и выяснить, почему она так интересуется моим прошлым. Надеюсь, вы присоединитесь ко мне. Если у вас есть вопросы, Страж Идон находится в Кэлдонском лесу недалеко от Сумеречной беседки. Он может сообщить вам новости ситуация внутри.<br><br>А пока,<br>—Кейт"""
"""I've received a letter from Tybalt Leftpaw, who has been assigned to me as my new Order of Whispers contact. I need to meet him in Lion's Arch.""","«Я получил письмо от Тибальта Левой Лапы, назначенного мне в качестве моего нового контактного лица в Ордене Шепота. Мне нужно встретиться с ним в Львиной Арке»."
"""I've received a letter from the Royal Palace, requesting I come for an audience with the queen. I'd better make haste.""",«Я получил письмо из Королевского дворца с просьбой прийти на аудиенцию к королеве. Мне лучше поторопиться».
"""I've researched the situation extensively. The Orrians will strike here, on Claw Island.""","«Я тщательно изучил ситуацию. Оррианцы нанесут удар здесь, на острове Когтя»."
"""I've seen many things in my travels, but never have I seen a sentient being birthed from a plant.""","«Я много чего повидал в своих путешествиях, но никогда не видел разумного существа, рожденного из растения»."
"""I've seen much, but never such amazing things as what I saw in the Mist War.""","«Я видел многое, но никогда не было таких удивительных вещей, как то, что я видел во время Туманной войны»."
"""I've seen old relics everywhere around here. They seem dangerous, they do. Might be worth disabling them...in the name of safety, of course.""","«Я видел здесь повсюду старые реликвии. Они кажутся опасными, да. Возможно, стоит отключить их… во имя безопасности, конечно»."
"""I've seen sunsets in Elona, sunrises in Ascalon, Kryta's wide blue sea, and the canopy of the Maguuma. I love Tyria.""","«Я видел закаты в Элоне, рассветы в Аскалоне, широкое синее море Крайты и купол Магуумы. Я люблю Тирию»."
"""I've seen the Orrians swarm and I've seen them lurk, but I've never seen them set traps. Are they capable of tactical thinking?""","«Я видел, как оррианцы роятся, и видел, как они прячутся, но никогда не видел, чтобы они расставляли ловушки. Способны ли они к тактическому мышлению?»"
"""I've seen things you know. Strange things, like pirates leaping right out of the barrels over there. Peculiar, isn't it? You believe me, don't you?""","«Знаете, я видел вещи. Странные вещи, например, пираты, выпрыгивающие прямо из бочек. Странно, не правда ли? Вы мне верите, не так ли?»"
"""I've seen you. With that hat, you're just about everywhere.""",«Я тебя видел. В этой шляпе ты повсюду».
"""I've seen your proof, but the high priestess is not here. She's gone to prepare for the procession.""","«Я видел твое доказательство, но верховной жрицы здесь нет. Она ушла готовиться к процессии»."
"""I've sent our best scout to observe their approach. When they come, we will be ready to—""","«Я послал нашего лучшего разведчика наблюдать за их приближением. Когда они прибудут, мы будем готовы…»"
"""I've spent a long time on this problem, and this is our best option. Part of leading is accepting the cost of that choice. The truth is, as high as the price is to learn what we've learned, I've never regretted it.""","«Я потратил много времени на эту проблему, и это наш лучший вариант. Частью лидерства является принятие цены этого выбора. Правда в том, что, как бы высока ни была цена за изучение того, чему мы научились, я никогда об этом не сожалел»."
"""I've spent a long time on this problem, and this is our best option. Part of leading is accepting the cost of that choice.""","«Я потратил много времени на эту проблему, и это наш лучший вариант. Частью лидерства является принятие цены этого выбора»."
"""I've stayed my hand before, brother. No more. Today I obliterate the balance that chains us together.""","«Раньше я останавливал свою руку, брат. Больше нет. Сегодня я уничтожаю баланс, который связывает нас вместе»."
"""I've traveled very far to get here. It's very dirty, isn't it?""","«Я проделал очень долгий путь, чтобы попасть сюда. Здесь очень грязно, не так ли?»"
"""I've tried to bring them back together, without success. I know I am missing something, but what?""","«Я пытался собрать их вместе, но безуспешно. Я знаю, что что-то упускаю, но что?»"
"""I've tried to bring them back together, without success. I know I'm missing something, but what?""","«Я пытался собрать их вместе, но безуспешно. Я знаю, что что-то упускаю, но что?»"
"""I've wanted to do this for so long. GET OUT OF HERE! GO! You heard me, OUT!""","«Я так давно хотел это сделать. УЙДИТЕ ОТСЮДА! УЙДИТЕ! Вы меня услышали, ВЫЙДИТЕ!»"
"""I've worked at a number of places over the years, and none ever treated me to a private party for work I'd done. I'm glad Jok decided to open up shop here in Ebonhawke.""","«Я работал во многих местах на протяжении многих лет, и никто никогда не приглашал меня на частную вечеринку из-за моей работы. Я рад, что Джок решил открыть магазин здесь, в Эбонхоке»."
"""I, uh... I'm sorry to hear that. Thank you for your time.""","«Я, э-э… мне жаль это слышать. Спасибо, что уделили время»."
"""I, uh—""","— Я, э-э…"
"""I, um...I...oh, no! You seen my fingers? Think. Think. Think. What was last place I remember seeing them? Nose? No, not there.""","«Я, эм... я... о, нет! Ты видел мои пальцы? Подумай. Подумай. Подумай. Где я в последний раз видел их? Нос? Нет, не там»."
"""I... Apologies, I'm at a bit of a loss. Some of our ward are missing, or...worse. I've been able to find a few of their dog tags, but... Are you able to help? Is that too much to ask? My soldiers...""","«Я… прошу прощения, я в некоторой растерянности. Некоторые из наших подопечных пропали или… того хуже. Мне удалось найти несколько их жетонов, но… Вы можете помочь? Это слишком многого, о чем я прошу? Мои солдаты…»"
"""I... I'm sorry, I...""","«Я... прости, я...»"
"""I... No. No, of course not. Of course not.""","«Я... Нет. Нет, конечно нет. Конечно нет»."
"""I...I never wanted to be a soldier. I'm only a seeker of truth. But...yes. I will lead this pact to the gates of Arah, and together, we will see Zhaitan destroyed.""","«Я… я никогда не хотел быть солдатом. Я всего лишь ищу истину. Но… да. Я приведу этот пакт к вратам Араха, и вместе мы увидим уничтожение Зайтана»."
"""I...I...you're right. Amini, to the front! Protect the retreat. Everyone else: flee!""","«Я... я... ты прав. Амини, вперёд! Защищай отступление. Все остальные: бегите!»"
