english,translate
"""Good job. Now, let's make a bomb of our own. Let's find some oracyte!""",«Хорошая работа. Теперь давайте сделаем бомбу самостоятельно. Давайте найдём орацит!»
"""Good luck and safe travels, friend.""","«Удачи и безопасного путешествия, друг»."
"""Good luck to each of you, and may Tyria prevail in the days ahead.""","«Удачи каждому из вас, и пусть Тирия победит в предстоящие дни»."
"""Good luck with everything. If you ever need to regroup, you're always welcome here.""","«Удачи во всем. Если вам когда-нибудь понадобится перегруппироваться, вам всегда здесь рады»."
"""Good luck with that, Sergeant. I don't play the waiting game.""","«Удачи в этом, сержант. Я не играю в ожидание»."
"""Good luck with your """"non-recruitment"""" drive.""",«Удачи в вашей кампании против вербовки».
"""Good luck, Commander. Bring us back a dragon trophy!""","«Удачи, командир. Верните нам трофей дракона!»"
"""Good luck, Lightbringer. We're all counting on you.""","«Удачи, Светоносный. Мы все рассчитываем на тебя»."
"""Good luck, Lightbringer.""","«Удачи, Светоносный»."
"""Good luck, then.""",— Тогда удачи.
"""Good morning, Vabbians. May the rising sun evoke the brilliant, enduring ascent of your divine king, Palawa Joko.""","«Доброе утро, ваббианцы. Пусть восходящее солнце напомнит о блестящем и продолжительном восхождении вашего божественного короля Палавы Джоко»."
"""Good news from the front! The centaur advance has been repelled. Back to work, everybody.""",«Хорошие новости с фронта! Наступление кентавров отбито. Все возвращайтесь к работе».
"""Good news: They set up the security in a hurry. Consoles are shoddy. Crack 'em, literally, and you'll do us all a favor.""","«Хорошие новости: они в спешке установили охрану. Консоли дрянные. Взломайте их в буквальном смысле, и вы окажете всем нам услугу»."
"""Good ol' Master Bronk taught me the benefits of superior firepower. He liked to say, """"When it comes to besting the enemy, there's no such thing as 'overkill.'""""""","«Старый добрый мастер Бронк научил меня преимуществам превосходной огневой мощи. Он любил говорить: «Когда дело доходит до победы над врагом, не бывает такого понятия, как «перебор»»»»."
"""Good scratch, I think. Floaty people will be nice neighbors.""","«Думаю, хорошая царапина. Плавучие люди будут хорошими соседями»."
"""Good that you could make it. Beneath our feet is the Crucible of Eternity. Kudu is building some sort of weapon here, and Zojja has already gone inside to stop him.""","«Хорошо, что ты смог это сделать. Под нашими ногами находится Горнило Вечности. Куду строит здесь какое-то оружие, а Зойджа уже зашёл внутрь, чтобы остановить его»."
"""Good thing we aren't paying you by the hour. C'mon, let's keep moving.""","«Хорошо, что мы не платим вам почасово. Давай, продолжим»."
"""Good thing you're here. Ballista is about to bite that trader's head off. And as long as she isn't eyeing my noggin, I'm inclined to let her have her snack.""","«Хорошо, что ты здесь. Баллиста собирается откусить этому торговцу голову. И пока она не смотрит на мою голову, я склонен позволить ей перекусить»."
"""Good tidings, citizen.""","«Хорошие новости, гражданин»."
"""Good to know, but I'm going to leave now.""","«Приятно знать, но сейчас я собираюсь уйти»."
"""Good to know. 'Bye, now.""",«Приятно знать. До свидания».
"""Good to know. Now, back to worship.""",«Приятно знать. А теперь вернемся к поклонению».
"""Good to see you too, Leadclaw. Let's take a look at what you've got.""","«Я тоже рад тебя видеть, Свинцовый Коготь. Давай посмотрим, что у тебя есть»."
"""Good to see you, Commander. Some of your associates are already in the field. They were eager to help.""","«Рад вас видеть, коммандер. Некоторые из ваших соратников уже находятся на поле боя. Они очень хотели помочь»."
"""Good to see you, Commander. The Vigil is interested in any prophet crystals or shards you recover from Strike Missions, particularly the blue ones.""","«Рад вас видеть, командир. Дежурство интересуется любыми кристаллами пророков или осколками, которые вы добываете в ходе ударных миссий, особенно синими»."
"""Good to see you, Commander. Unfortunately, this is a """"private defense quorum."""" They'll let you mingle, but Smodur's not taking tips on crisis handling.""","«Рад вас видеть, коммандер. К сожалению, это «кворум частной обороны». Они позволят вам пообщаться, но Смодур не принимает советов по урегулированию кризисных ситуаций»."
"""Good to see you, my brother. On the other side of this wall is a Separatist camp. I've been out here monitoring their activities for some time now, but how'd you like to go in and shake things up?""","«Рад тебя видеть, брат мой. По другую сторону этой стены находится лагерь сепаратистов. Я уже некоторое время наблюдаю здесь за их деятельностью, но не хочешь ли ты пойти и встряхнуть ситуацию?»"
"""Good work, everyone. Take inventory, and find out if we lost any research in the attack.""","«Все молодцы. Проведите инвентаризацию и выясните, не потеряли ли мы какие-либо исследования в результате нападения»."
"""Good work, krewe. Your work is marginally acceptable this time!""","«Хорошая работа, Креве. На этот раз твоя работа едва ли приемлема!»"
"""Good work, soldier.""","«Хорошая работа, солдат»."
"""Good work, squad! We made it.""","«Хорошая работа, отряд! Мы справились»."
"""Good work. Now, let's see if the rebuilt prototype will be any less volatile.""","«Хорошая работа. Теперь посмотрим, будет ли восстановленный прототип менее нестабильным»."
"""Good work. Once I finish my preparations, I can use this to seal the portal.""","«Хорошая работа. Как только я закончу приготовления, я смогу использовать это, чтобы запечатать портал»."
"""Good, Better, Nest""","«Хорошо, лучше, гнездо»"
"""Good, I'll see you on the outside.""","«Хорошо, увидимся снаружи»."
"""Good, I—what's going on?""","— Хорошо, я… что происходит?"
"""Good, because I can use all the help I can get. We're spread thin; I've got cooks out scouting the mountains for Flame Legion. How dirty do you want to get your hands, Commander?""","«Хорошо, потому что мне пригодится любая помощь, которую я могу получить. Мы рассредоточены; у меня есть повара, которые разведывают горы в поисках Легиона Пламени. Насколько вы хотите испачкать свои руки, командир?»"
"""Good, good. The feast grows. Group will grow. More eggs, more friends!""","«Хорошо, хорошо. Праздник растет. Группа будет расти. Больше яиц, больше друзей!»"
"""Good, when Mordremoth turns its full power on them, Tyria won't know what hit it.""","«Хорошо, когда Мордремот обратит на них всю свою мощь, Тирия не узнает, что по нему ударило»."
"""Good, you must be getting close.""","— Хорошо, ты, должно быть, уже близко."
"""Good, you've found it. The amulet's power faded ages ago, but the knowledge of Akeem must be kept secret.""","«Хорошо, ты его нашёл. Сила амулета исчезла много лет назад, но знания Акима следует держать в секрете»."
"""Good-bye, Ankle Biters""","«До свидания, кусатели лодыжек»"
"""Good-bye, and good luck.""",«До свидания и удачи».
"""Good-bye, spooky voice.""","«Прощай, жуткий голос»."
"""Good-bye, world.""","«Прощай, мир»."
"""Good. First my sister, then the Zephyrite Masters, now the Pact fleet. Mordremoth has to be stopped. For good.""","«Хорошо. Сначала моя сестра, затем Мастера Зефиритов, теперь флот Пакта. Мордремота нужно остановить. Навсегда»."
"""Good. I leave this in your hands then. Since Captain Thackeray has such faith in you, so do I. I need to get back to the Ministry. We'll talk again soon.""","«Хорошо. Тогда я оставляю это в твоих руках. Поскольку капитан Теккерей так верит в тебя, я тоже. Мне нужно вернуться в Министерство. Мы скоро поговорим снова»."
"""Good. Now, everyone, keep this worker safe.""","«Хорошо. Теперь все, берегите этого рабочего»."
"""Good. Operations are running smoothly, at least for now.""","«Хорошо. Операции идут гладко, по крайней мере, на данный момент»."
"""Good. We need a complete sweep, Lightbringers. Watch for anything strange, but stay alert for danger.""","«Хорошо. Нам нужна полная зачистка, Светоносные. Следите за всем странным, но будьте внимательны к опасности»."
"""Good. You're ready. The sooner we can find that fool norn, the sooner we can quit this foul place.""","«Хорошо. Ты готов. Чем скорее мы найдём этого дурака норна, тем скорее мы сможем покинуть это мерзкое место»."
"""Good—day, citizen.""","«Добрый день, гражданин»."
"""Gorr is a famous asura inventor. His recent treatises on the nature of magic were so ground-breaking that Arcane Council threatened his life to keep him from publishing them. The Order of Whispers helped Gorr escape their clutches, and now hides him from the Council's watchful eye.""","«Горр — известный изобретатель асур. Его недавние трактаты о природе магии были настолько новаторскими, что Тайный Совет угрожал ему жизнью, чтобы удержать его от их публикации. Орден Шепотов помог Горру вырваться из их лап и теперь скрывает его от бдительного ока Совета»."
"""Gorr's Vacumagic Polarizer did a fantastic job against the Orrians in his laboratory. With this, we have a fighting chance against the undead controlling Claw Island.""","«Вакумагический поляризатор Горра проделал фантастическую работу против оррианцев в его лаборатории. Благодаря этому у нас есть шанс сразиться с нежитью, контролирующей Остров Когтей»."
"""Gorrik thinks Petey could make a good mount, if grown to an appropriate size. He gave me a list of all the materials that a beetle would need to grow big. I'll find them.""","«Горрик думает, что из Пити получится хорошее животное, если он вырастет до подходящего размера. Он дал мне список всех материалов, которые потребуются жуку, чтобы вырасти большим. Я найду их»."
"""Gortho, Son of Malik""","«Горто, сын Малика»"
"""Got a lot of rocks and rubble to clear. Skimmers are good for that, you know.""","«Надо расчистить много камней и щебня. Знаете, для этого хорошо подходят скиммеры»."
"""Got an interesting visitor today. Ex-Xunlai by the name of Mi Shen showed up, ranting about how Joon shut his program down and dismantled his prototype (sounds like her). If completed, it'd be the largest mech ever built. All he needed to do was finish the design of its central power core—or so he says. Pieces should have been sent to the junkyard. Gonna have a scavenging team poke around, see what they can find. In the meantime, I've set him up in a lab to show what he can do. Keeping an eye on him—I think that one's playing a few cards short of a full deck.""","«Сегодня появился интересный посетитель. Появился бывший Сюньлай по имени Ми Шен, разглагольствуя о том, как Джун выключил свою программу и разобрал свой прототип (похоже на неё). Если он будет завершен, это будет самый большой мех, когда-либо построенный. Все, что ему нужно было сделать, это закончить проектирование его центрального силового ядра — или он так говорит. Детали должны были быть отправлены на свалку. А пока я поместил его в лабораторию, чтобы показать, на что он способен. Присматриваю за ним — я думаю, что разыгрывают на несколько карт меньше полной колоды»."
"""Got any new gadgets for me, Zee?""","— Зи, у меня есть какие-нибудь новые гаджеты?"
"""Got enough rations and supplies to stay alive, but not nearly enough to make a meaningful pursuit against Eparch.""","«У меня достаточно продовольствия и припасов, чтобы остаться в живых, но недостаточно, чтобы предпринять осмысленное преследование Эпарха»."
"""Got the wayfinder's help, did you? You wanna help me? Prep needs to start...well, now.""","«Путеводитель тебе помог, да? Хочешь помочь мне? Подготовку нужно начинать… ну, прямо сейчас»."
"""Got what you came for, Taimi. Let's get you back through the portal.""","«Я получил то, за чем пришёл, Тайми. Давай вернем тебя через портал»."
"""Gotcha. So, why didn't you help that norn?""",«Попался. Так почему ты не помог этому норну?»
"""Gotta say, you Awakened scrap with style.""","«Должен сказать, ты стильно пробудился»."
"""Go—make for the pass! If only one reaches the others, enough, it will be!""","«Идите, идите к перевалу! Если только один доберется до остальных, этого будет достаточно!»"
"""Grab that Orrian gulper fish before it goes, uh, worse!""","«Хватайте эту оррианскую рыбу-глотателя, пока все не стало ещё хуже!»"
"""Grab the crab! Earn points by picking it up, holding onto it, and stealing it from other players.""","«Хватай краба! Зарабатывай очки, поднимая его, держась за него и крадя его у других игроков»."
"""Grab the reins and take control of the mount. Once done, it will no longer follow a path.""","«Возьми поводья и возьми под свой контроль скакуна. Как только это будет сделано, он больше не будет следовать по тропе»."
"""Grab the unfortunate adventurer's harpoon, and fight your way out of the great jungle wurm's innards.""",«Хватайте гарпун несчастного искателя приключений и пробивайтесь из недр огромного лесного червя».
"""Grab what you can, mateys. We meet up back at the reef.""","«Хватайте, что можете, приятели. Мы встретимся на рифе»."
"""Grab your blades, crew!""","«Хватайте лезвия, команда!»"
"""Grammie West's Best Recipes, Vol. 96""","«Лучшие рецепты Грэмми Уэста, том 96»"
"""Grant boons to allies whenever you use a Legendary Entity Skill, depending on which skill was used.""","«Предоставляйте дары союзникам каждый раз, когда вы используете навык легендарной сущности, в зависимости от того, какой навык был использован»."
"""Grant boons to nearby allies as you launch a wave of temporal energy that damages and stops enemies it passes through, then returns to you. Touching the returning wave reduces the recharge of this skill.""","«Дайте дары ближайшим союзникам, когда вы запускаете волну темпоральной энергии, которая наносит урон и останавливает врагов, через которых она проходит, а затем возвращается к вам. Прикосновение к возвращающейся волне уменьшает перезарядку этого умения»."
"""Grant boons to nearby allies when you successfully combo a field with a blast, leap, or whirl finisher. Your function gyro is now a blast finisher.<br><c=@reminder>Whirl finishers can only trigger this trait once per interval.</c>""","«Предоставляйте блага ближайшим союзникам, когда вы успешно комбинируете поле с финишером «Взрыв», «Прыжок» или «Вихрь». Ваш функциональный гироскоп теперь является финишером взрыва.<br><c=@reminder>Финишеры «Вихрь» могут активировать эту черту только один раз за интервал.</c>»"
"""Grant fury, might, and swiftness to yourself and nearby allies.""","«Дарит ярость, мощь и быстроту себе и ближайшим союзникам»."
"""Grant me your strength, my friend.""","«Даруй мне свою силу, мой друг»."
"""Grant might and fury to nearby allies when you disable an enemy. <br><c=@reminder>Disables include stun, taunt, daze, knockback, pull, knockdown, sink, float, fear, and launch.</c>""","«Когда вы выводите врага из строя, даруйте союзникам поблизости мощь и ярость. <br><c=@reminder>В число отключений входят оглушение, насмешка, ошеломление, отбрасывание, притягивание, нокдаун, погружение, плавание, страх и запуск.</c>»"
"""Grant nearby allies 5 stacks of might, fury, and swiftness for 8 seconds while in combat. (Cooldown: 30 Seconds)""","«Во время боя даруйте ближайшим союзникам 5 стаков мощи, ярости и быстроты на 8 секунд. (Перезарядка: 30 секунд)»"
"""Grant stability, and break yourself and your allies out of stun and cripple.""",«Предоставьте стабильность и избавьте себя и своих союзников от оглушения и покалечения».
"""Grant superspeed, might, and fury to nearby allies after using an elite skill.""","«После использования элитного умения дайте союзникам поблизости суперскорость, мощь и ярость»."
"""Grant swiftness to yourself and allies, while removing chill, cripple, and immobilize.""","«Дайте быстроту себе и союзникам, одновременно снимая охлаждение, калечение и обездвиживание»."
"""Grant vigor to yourself and allies, while weakening nearby foes.""","«Придайте бодрость себе и союзникам, ослабив при этом противников поблизости»."
"""Grant virtues to your allies with [lbracket]%str1%[rbracket]. While they recharge, your virtues will not affect you.""","«Дайте своим союзникам добродетели с помощью [lbracket]%str1%[rbracket]. Пока они перезаряжаются, ваши добродетели не повлияют на вас»."
"""Grant yourself aegis, quickness, swiftness, resistance, and might when striking an enemy with your mount's <c=@abilitytype>engage</c> skill.""","«Подарите себе эгиду, проворство, быстроту, сопротивляемость и мощь, нанося удар врагу с помощью навыка <c=@abilitytype>взаимодействие</c> вашего скакуна»."
"""Granted swiftness by Balthazar, god of war.""","«Быстрота дарована Бальтазаром, богом войны»."
"""Granted swiftness by Dwayna, goddess of life.""","«Быстрота дарована Двейной, богиней жизни»."
"""Granted swiftness by Grenth, god of death.""","«Быстрота дарована Грентом, богом смерти»."
"""Granted swiftness by Kormir, goddess of truth.""","«Скорость дарована Кормиром, богиней истины»."
"""Granted swiftness by Lyssa, goddess of illusion.""","«Быстрота дарована Лиссой, богиней иллюзий»."
"""Granted swiftness by Melandru, goddess of nature.""","«Быстрота дарована Меландру, богиней природы»."
"""Grants 10,000 karma.""",«Дарит 10 000 кармы».
"""Grants 10,000 world experience.""",«Дарит 10 000 мирового опыта».
"""Grants 2,500 world experience.""",«Даёт 2500 мирового опыта».
"""Grants 25,000 world experience.""",«Даёт 25 000 мирового опыта».
"""Grants 5,000 world experience.""",«Даёт 5000 мирового опыта».
"""Grants a 33%% chance to reward bonus wood logs while gathering, in addition to gathering results. Material types are determined by your character level and location in the world.""","«Даёт 33%% шанс получить бонусные бревна во время сбора, в дополнение к результатам сбора. Типы материалов определяются уровнем вашего персонажа и местоположением в мире»."
"""Grants the combined full effects of the Mist Offensive Potion, Mist Defensive Potion, and Mist Mobility Potion. Using this potion in the Fractals of the Mists applies the effect to your entire group.""","«Даёт объединенные полные эффекты зелья нападения тумана, зелья защиты тумана и зелья передвижения в тумане. Использование этого зелья во фракталах Тумана применяет эффект ко всей вашей группе»."
"""Grants the combined full effects of the Mist Offensive Potion, Mist Defensive Potion, and Mist Mobility Potion.""","«Дарит полный эффект зелья нападения тумана, зелья защиты тумана и зелья передвижения тумана»."
"""Grants you a bundle item that has 10 charges of red-, blue-, green-, and yellow-colored fireworks and a one-time Dragon Finale firework that grants a 50%% Magic Find boost to all nearby allies.<br><c=@flavor>""""Fortune favors the bold!""""</c>""","""Даёт вам набор, содержащий 10 зарядов фейерверков красного, синего, зелёного и жёлтого цвета, а также одноразовый фейерверк ""Финал дракона"", который даёт 50%% ускорение магического поиска всем союзникам поблизости.<br><c=@flavor>""""Удача любит смелых!""""</c>"""
"""Grants you a bundle item that has 10 charges of red-, blue-, green-, and yellow-colored fireworks and a one-time finale firework that grants a 50%% magic-find boost to all nearby allies.<br><c=@flavor>""""No tricks—just treats and colors that can't be beat.""""</c>""","""Даёт вам комплект, содержащий 10 зарядов фейерверков красного, синего, зелёного и жёлтого цвета, а также одноразовый финальный фейерверк, который увеличивает на 50%% усиление поиска магии всем ближайшим союзникам.<br><c=@flavor>""""Никаких уловок — только угощения и цвета, которые невозможно превзойти.""""</c>"""
"""Grawl are primitive, but noble. They take solace from their religious rituals and care deeply for their families.""","«Гролы примитивны, но благородны. Они находят утешение в своих религиозных ритуалах и глубоко заботятся о своих семьях»."
"""Grawl spooked my dolyak and stole the potions I was transporting. My escort, Glynis, went north to recover the stolen shipment.""","«Грол напугал моего долика и украл зелья, которые я перевозил. Мой эскорт, Глинис, отправился на север, чтобы забрать украденный груз»."
"""Great Job, %str1%""","«Отличная работа, %str1%»"
"""Great Jormag, speaker of all truths! Please accept our power so you may grant us yours in return!""","«Великий Йормаг, говорящий все истины! Пожалуйста, прими нашу силу, чтобы взамен даровать нам свою!»"
"""Great catch today, Harb. Hope your knife's ready to scale.""","«Сегодня отличный улов, Харб. Надеюсь, твой нож готов к работе»."
"""Great chasms, steep and jagged cliffs...""","«Великие пропасти, крутые и зубчатые скалы...»"
"""Great game is what makes a great hunt, and few beasts are greater than the ferocious tiger. Sightings of such a creature have been made around Tyria. With a veteran hunter's tutelage, this glorious hunt could be yours.""","«Отличная дичь — вот что делает охоту успешной, и немногие звери превосходят свирепого тигра. Такое существо видели по всей Тирии. Под опекой опытного охотника эта славная охота может стать вашей»."
"""Great job! You unlocked the recipe for Practice Copper Ring, who's recipe will now appear in your production pane. Both of your crafted items should be in your inventory. Open your inventory now so you can use your new jewelry.""","«Отличная работа! Вы разблокировали рецепт Практикующего медного кольца, рецепт которого теперь появится на вашей производственной панели. Оба созданных вами предмета должны быть в вашем инвентаре. Откройте свой инвентарь сейчас, чтобы вы могли использовать свои новые украшения»."
"""Great to have you here to help keep the peace, if need be. There was some trouble during the opening ceremony that I'd like to avoid.""","«Здорово, что вы здесь, чтобы помочь сохранить мир, если это будет необходимо. Во время церемонии открытия возникли некоторые проблемы, которых я хотел бы избежать»."
"""Great to have you lead the way, Commander!""","«Как здорово, что вы идете впереди, командир!»"
"""Great work. The longer we hold this location, the better chance we have at winning this war.""","«Отличная работа. Чем дольше мы удерживаем это место, тем больше у нас шансов на победу в этой войне»."
"""Great! I'm glad you agreed to """"tavern"""" over """"mess hall."""" You're clearly a smart bunch.""","«Отлично! Я рад, что вы согласились на «таверну» вместо «столовой». Вы явно умная компания»."
"""Great! Now locate the recipe for the Practice Herb Mix and create one of those using the """"Craft"""" button.""","«Отлично! Теперь найдите рецепт смеси тренировочных трав и создайте один из них, используя кнопку «Создать»»."
"""Great! Now locate the recipe for the Practice Rawhide Leather Square and create one of those using the """"Craft"""" button.""","«Отлично! Теперь найдите рецепт квадрата из сыромятной кожи и создайте один из них, используя кнопку «Создать»»."
"""Great! Now locate the recipe for the practice bolt of jute and create one of those using the """"Craft"""" button.""","«Отлично! Теперь найдите рецепт практического джутового болта и создайте один из них, используя кнопку «Создать»»."
"""Great! Now, navigate to the skills and traits tab by selecting this tab.""","«Отлично! Теперь перейдите на вкладку навыков и черт, выбрав эту вкладку»."
"""Great! Now, we grab the eggs and leave before the griffons come back. Or the dredge.""","«Отлично! Теперь мы возьмем яйца и уйдём до того, как вернутся грифоны. Или драга»."
"""Great! Okay, first question. What is the name of Zojja's golem?""","«Отлично! Хорошо, первый вопрос. Как зовут голема Зоджи?»"
"""Great! Talk to Lodgemaster Carthage. Boar slaying, here we come!""","«Отлично! Поговорите с ложимейстером Карфагеном. Убийство кабанов, вот и мы!»"
"""Great, fix me up!""","«Отлично, поправь меня!»"
"""Great, give it to me.""","«Отлично, отдай мне»."
"""Greatly reduces non-siege weapon damage to cannons, mortars, and oil pots.""","«Значительно снижает урон от осадных орудий, наносимый пушкам, минометам и горшкам с маслом»."
"""Green is the color I want to remember. Not the red of flames or the blackened plateau. The bridge, even it was green.""","«Я хочу запомнить зелёный цвет. Не красный цвет пламени или почерневшее плато. Мост, даже он был зелёным»."
"""Green with life, Caladbolg adapts to your hand. Double-click to select its form.""","«Зелёный от жизни, Каладболг адаптируется к вашей руке. Дважды щёлкните, чтобы выбрать его форму»."
"""Greer's blight scratches the land, and passages through the caverns have caved in.""","«Чуть Грира царапает землю, и проходы в пещерах обвалились»."
"""Greer, the Blightbringer""","«Грир, Несущая гибель»"
"""Greer, the Blightbringer: (groans)""","""Грир, Несущая Мор: (стонет)"""
"""Greer, the Blightbringer: Bravery. A trait of the ignorant.""","«Грир, Губительница: храбрость. Признак невежества»."
"""Greer, the Blightbringer: Nescience will speed your decay!""","«Грир, Губительница: Незнание ускорит ваше разложение!»"
"""Greer, the Blightbringer: Ura, Decima... Return to...the foundry...""","«Грир, Губительница: Ура, Децима... Вернитесь в... литейный цех...»"
"""Greer, the Blightbringer: You come once more to court death?""","«Грир, Губитель: Ты снова пришёл судить смерть?»"
"""Greer, the Blightbringer: You could worship us, Malice Swordshadow. Let us guide you.""","«Грир, Губительница: Ты могла бы поклоняться нам, Злая Тень Меча. Позвольте нам вести вас»."
"""Greer, the Blightbringer: You...are not weak.""","«Грир, Губитель: Ты... не слабый»."
"""Greetings from the Mists! It's time for another WvW World Restructuring beta test. It will run for one week beginning next Friday at reset. To participate, you'll need to set your WvW guild in the WvW panel.""","«Привет из Туманов! Пришло время для ещё одного бета-теста WvW World Restructuring. Он продлится одну неделю, начиная со следующей пятницы, после перезагрузки. Чтобы принять участие, вам нужно будет указать свою гильдию WvW на панели WvW»."
"""Greetings from the land of Guilty Tears. I owe you a debt of gratitude for helping us deal with the grawl camp. The tribe remains unusually organized, but we expect they'll fall apart shortly. Best regards. —Sizza""","«Привет из страны Слез Виновности. Я в долгу перед тобой за то, что ты помог нам разобраться с лагерем гралов. Племя остается необычайно организованным, но мы ожидаем, что оно вскоре развалится. С наилучшими пожеланиями. — Сизза»"
"""Greetings from the puppies. They're growing happily and healthily. I think they miss you. They spent a whole afternoon sniffing around for you after you'd gone. Visit again soon. <br><br>Scruffy says, """"Woof!"""" <br><br>—Danador""","""Привет от щенков. Они растут счастливыми и здоровыми. Я думаю, они скучают по тебе. Они провели целый день, обнюхивая тебя после твоего ухода. Скоро зайди снова. <br><br>Скраффи говорит: ""Гав!"" <br><br>—Данадор"""
"""Greetings there, visitor! A grand time you choose to drop by, what with the harvest in full swing.""","«Приветствую вас, гость! Прекрасное время, когда вы решили зайти, учитывая, что сбор урожая в самом разгаре»."
"""Greetings! You want to know more about collecting things, don't you?""","«Привет! Вы хотите узнать больше о коллекционировании вещей, не так ли?»"
"""Greetings, %str1%!""","""Привет, %str1%!"""
"""Greetings, Captain. We're looking for help in patrolling Treemarch Estuary for undead threats.""","«Приветствую, капитан. Нам нужна помощь в патрулировании Устья Древмарча на предмет угроз нежити»."
"""Greetings, I am the assistant to Lord Beetlestone's head chef. And you are?""","«Приветствую, я помощник шеф-повара лорда Битлстоуна. А вы?»"
"""Greetings, Initiate. The Preceptors are expecting you.""","«Приветствую, Посвященный. Наставники ждут вас»."
"""Greetings, Mist Warrior!""","«Привет, Туманный Воин!»"
"""Greetings, citizen.""","«Приветствую, гражданин»."
"""Greetings, comrade!""","«Привет, товарищ!»"
"""Greetings, customer. Which of our most recent Black Lion weapon sets would you like to view?""","«Приветствую, покупатель. Какой из наших последних наборов оружия Black Lion вы хотели бы посмотреть?»"
"""Greetings, featherless one.""","«Приветствую тебя, бесперый»."
"""Greetings, friend. Have you come to enjoy a glass of our famous beer? Or perhaps you're interested in the Eldvin Monastery Brew of the Month Club?""","«Приветствую, друг. Ты пришёл насладиться бокалом нашего знаменитого пива? Или, может быть, тебя интересует клуб «Эльдвинское монастырское пиво месяца»?»"
"""Greetings, friend. How can I assist you today?""","«Приветствую, друг. Чем я могу помочь тебе сегодня?»"
"""Greetings, friend.""","«Привет, друг»."
"""Greetings, guild member. I'm Grimur, the notary assigned to your guild by the Initiative. How may I assist you?""","«Приветствую, член гильдии. Я Гримур, нотариус, назначенный в вашу гильдию Инициативой. Чем я могу вам помочь?»"
"""Greetings, hero! Today, the world is one day older—which makes it quite old. If you're here to celebrate our time in Tyria, I have just the thing...if you can bring me proof of your deeds.""","«Приветствую, герой! Сегодня мир стал на один день старше, а это делает его довольно старым. Если ты здесь, чтобы отпраздновать наше время в Тирии, у меня есть именно то, что нужно… если ты сможешь принести мне доказательства своих поступков»."
"""Greetings, honored guest. Would you care for some refreshments?""","«Приветствую, уважаемый гость. Не желаете ли чего-нибудь освежиться?»"
"""Greetings, junior artificer. Come to assist me in constructing new stewards? I'd be ever grateful.""","«Приветствую, младший инженер. Пришли помочь мне построить новых управляющих? Буду всегда благодарен»."
"""Greetings, mate.""","«Привет, приятель»."
"""Greetings, my amphibious friend. We heard you talking to that guard. Maybe we can help.""","«Приветствую, мой друг-амфибия. Мы слышали, как ты разговаривал с этим охранником. Может быть, мы сможем помочь»."
"""Greetings, my large friend. We've come to speak with your chief about the hordes of Branded creatures gathering nearby.""","«Приветствую, мой большой друг. Мы пришли поговорить с вашим вождем о толпе Клейменных существ, собравшихся поблизости»."
"""Greetings, organic creature. Just kidding, it's me in here.""","«Привет, органическое существо. Шучу, это я здесь»."
"""Greetings, respected Lion's Archians.""","«Приветствую вас, уважаемые Львиные Архиане»."
"""Greetings, salutations, and good tidings to you.""","«Привет, приветствия и добрые вести вам»."
"""Greetings, small asura. May the winds bless your fate.""","«Приветствую, маленький асура. Пусть ветры благословят твою судьбу»."
"""Greetings, tavernmaster. May the winds lift you to glory.""","«Приветствую, трактирщик. Пусть ветры вознесут тебя к славе»."
"""Greetings, traveler! Interested in buying the finest armor in the Shiverpeaks?""","«Приветствую, путешественник! Хотите купить лучшую броню в Шиверпиках?»"
"""Greetings, traveler. Welcome to Ossencrest Climb, home of the finest wool ever shorn.""","«Приветствую, путешественник. Добро пожаловать в Оссенкрест-Климб, дом лучшей шерсти, когда-либо стриженной»."
"""Greetings, traveler.""","«Приветствую тебя, путник»."
"""Greetings, two legs.""","«Привет, две ноги»."
"""Greetings, unknown—entity. I—am—RST—417. I—must—ask—you—questions—pertinent—to—our—research.""","«Приветствую, неизвестная сущность. Я — RST — 417. Я — должен — задать — вам — вопросы, относящиеся — к — нашему — исследованию»."
"""Greetings. What brings you in today? Are you reporting a crime? If so, I'll need to get some paperwork from upstairs first.""","«Приветствую. Что привело вас сегодня? Вы сообщаете о преступлении? Если да, то сначала мне нужно получить кое-какие документы наверху»."
"""Greetings. What brings you to the Seraph headquarters today? If you're reporting a crime, I'll need to get some paperwork from upstairs first.""","«Приветствую. Что привело вас сегодня в штаб-квартиру «Серафимов»? Если вы сообщаете о преступлении, сначала мне нужно будет получить кое-какие документы наверху»."
"""Grendich Public Records, Volume XIV: Transcripts, Depositions, and Official Proceedings""","«Публичные отчёты Грендича, том XIV: стенограммы, показания и официальные разбирательства»"
"""Grenth is the god of darkness, ice, and death. His acolytes know that the veil between worlds is thin. Death does not frighten me. Even the darkest nights give me comfort because Grenth watches over me.""","«Грент — бог тьмы, льда и смерти. Его помощники знают, что завеса между мирами тонка. Смерть меня не пугает. Даже самые тёмные ночи приносят мне утешение, потому что Грент наблюдает за мной»."
"""Grenth's guts, what are you doing with a bomb?""","«Кишки Грента, что ты делаешь с бомбой?»"
"""Grenth, I call upon your power!""","«Грент, я призываю твою силу!»"
"""Grenth, I'm coming to meet you!""","«Грент, я иду встретиться с тобой!»"
"""Grenth, the god of death, blessed me when I was young.""","«Грент, бог смерти, благословил меня, когда я был молодым»."
"""Grenth, your power flows through me.""","«Грент, твоя сила течет через меня»."
"""Griffon hatchlings are extremely energetic and precocious.<br>Combine a Gold, Silver, and Yellow Mini Griffon Hatchling with 20 Unidentifed Dyes in the Mystic Forge to create a Mini Fire Griffon Hatchling.""","«Детеныши грифона чрезвычайно энергичны и не по годам развиты.<br>Объедините золотого, серебряного и жёлтого детеныша мини-грифона с 20 неопознанными красками в Мистической кузнице, чтобы создать мини-детеныша огненного грифона»."
"""Griffon hatchlings are extremely energetic and precocious.<br>Combine a black, white, and red griffon hatchling with 12 Unidentifed Dyes in the Mystic Forge to create a Mini Gold Griffon Hatchling.""","«Детеныши грифона чрезвычайно энергичны и не по годам развиты.<br>Объедините детеныша чёрного, белого и красного грифона с 12 неопознанными красками в Мистической кузнице, чтобы создать мини-детеныша золотого грифона»."
"""Griffon hatchlings are extremely energetic and precocious.<br>Combine a white, yellow, and blue griffon hatchling with 12 Unidentifed Dyes in the Mystic Forge to create a Mini Silver Griffon Hatchling.""","«Детеныши грифона чрезвычайно энергичны и не по годам развиты.<br>Объедините детеныша белого, жёлтого и синего грифона с 12 неопознанными красками в Мистической кузнице, чтобы создать мини-детеныша серебряного грифона»."
"""Grimur sent me the most beautiful statuette. Next time he visits, I think I'll cook that new marmox recipe for him.""","«Гримур прислал мне самую красивую статуэтку. В следующий раз, когда он придёт, думаю, я приготовлю для него новый рецепт мармокса»."
"""Ground level, before a checkpoint.""","«Уровень земли, перед контрольно-пропускным пунктом»."
"""Group content designed for parties of 5 players. Dungeons are broken into easier story mode experiences that let you fight alongside Destiny's Edge, learning more about their story, and the more challenging explorable mode, which requires more coordination and skill.""","«Групповой контент предназначен для групп из 5 игроков. Подземелья разбиты на более простые сюжетные режимы, которые позволяют вам сражаться вместе с Destiny's Edge, узнавая больше об их истории, и более сложный режим исследования, который требует большей координации и навыков»."
"""Growing from the lowlands' mire, life towers ever-green.""","«Вырастая из низинной трясины, вечнозеленые башни жизни»."
"""Grug, obviously!""","«Груг, очевидно!»"
"""Grymm was a sword-for-hire who crewed such notable ships as the Salma's Grace under Captain Osh Moran, the Pride under Captain Cobiah Marriner, and the Nadir Shill under Captain Yomm.""","«Гримм был наемником, который командовал такими выдающимися кораблями, как «Благодать Салмы» под командованием капитана Оша Морана, «Гордость» под командованием капитана Кобии Марринера и «Надир Шилл» под командованием капитана Йомма»."
"""Guard Killer V: 20%% (total) more damage to guards. Gain endurance after killing a guard, lord, or supervisor.""","«Убийца стражников V: на 20%% (всего) больше урона стражникам. Выносливость увеличивается после убийства стражника, лорда или надзирателя»."
"""Guard! Someone, help me!""","«Охранник! Кто-нибудь, помогите мне!»"
"""Guardians use pistols to ignite their foes with a hail of bullets, unleashing justice from afar.""","«Стражи используют пистолеты, чтобы поджечь своих врагов градом пуль, свершая правосудие издалека»."
"""Guarding the vital port of Lion's Arch, Claw Island is the lynchpin in its defenses against the rising tide of undead shambling north from Orr.""","«Остров Когтя, охраняющий жизненно важный порт Львиной Арки, является стержнем защиты от нарастающей волны нежити, продвигающейся на север от Орра»."
"""Guards defend enemy objectives including camps, keeps, and towers.""","«Охранники защищают объекты противника, включая лагеря, крепости и башни»."
"""Guards gain Iron Hide, reducing incoming damage by 50%%.""","«Охранники получают Железную шкуру, уменьшающую входящий урон на 50%%»."
"""Guess you didn't notice my muscles. Strength, of course.""","«Думаю, ты не заметил моих мышц. Сила, конечно»."
"""Guide the arrows, my claw.""","«Направляй стрелы, мой коготь»."
"""Guild Trader<br>• Limited, Discounted, Rotating Selection Merchant""","«Гильдейский торговец<br>• Торговец с ограниченным ассортиментом, скидками и меняющимся выбором»"
"""Guild Wars 2 Credits as of June 1, 2013""",«Кредиты Guild Wars 2 по состоянию на 1 июня 2013 г».
"""Guild Wars 2 is undergoing maintenance. We apologize for any inconvenience this may cause and hope to have it accessible again soon. For more information, please see the support page at <a=1>http://support.guildwars2.com</a>.""","«Guild Wars 2 находится на техническом обслуживании. Приносим извинения за возможные неудобства и надеемся, что игра снова станет доступна в ближайшее время. Для получения дополнительной информации посетите страницу поддержки по адресу <a=1>http://support.guildwars2.com</a>»."
"""Guild Wars 2 uses Havok™. © Copyright 1999-2013 Havok.com, Inc. (and its licensors). All rights reserved. See Havok.com for details.""","«В Guild Wars 2 используется Havok™. © Copyright 1999-2013 Havok.com, Inc. (и её лицензиаров). Все права защищены. Подробности см. на Havok.com»."
"""Guild Wars 2 was unable to connect because the server received too many connection attempts from your Internet (IP) address. Please wait a few minutes and try again. NOTE: Are you using Network Address Translation (NAT)? If so, contact Guild Wars support to obtain additional connections.""","«Guild Wars 2 не удалось подключиться, поскольку сервер получил слишком много попыток подключения с вашего Интернет-адреса (IP). Подождите несколько минут и повторите попытку. ПРИМЕЧАНИЕ. Используете ли вы преобразование сетевых адресов (NAT)? Если да, обратитесь в службу поддержки Guild Wars для получения дополнительных подключений»."
"""Guild missions are weekly challenges for your guild. The currently available missions are listed in the Guild Missions tab of the Guild panel. Select the mission you want to run and start it; you'll then have a limited amount of time to complete its objectives. If you fail, you can run it again at no cost. The first time your guild successfully completes a mission each week, it will award your guild favor. The first time you personally complete each mission in a week, you'll receive a personal reward.""","«Миссии гильдии — это еженедельные испытания для вашей гильдии. Доступные на данный момент миссии перечислены на вкладке «Миссии гильдии» на панели «Гильдия». Выберите миссию, которую вы хотите выполнить, и начните её; после этого у вас будет ограниченное количество времени для выполнения её целей. Если вы потерпите неудачу, вы можете запустить её снова бесплатно. Когда ваша гильдия в первый раз успешно завершает миссию каждую неделю, она будет наградить вас благосклонностью гильдии. Когда вы впервые лично завершите каждую миссию за неделю, вы получите личная награда»."
"""Guilds are a great way to connect to a community and make new friends. Each guild has its own chat channel and list of members to see who's available to play with. Members cooperate to purchase additional upgrades such as leveling bonuses, shared item vaults, and the ability to throw parties. <p>You can join a guild or start your own!""","«Гильдии — отличный способ подключиться к сообществу и завести новых друзей. У каждой гильдии есть собственный канал чата и список участников, где можно увидеть, с кем можно играть. Участники сотрудничают, чтобы приобретать дополнительные улучшения, такие как бонусы за повышение уровня, общие хранилища предметов и возможность устраивать группы. <p>Вы можете присоединиться к гильдии или создать свою собственную!»"
"""Guilds are a great way to make friends, explore Tyria with others, and gain access to better vaults and bonuses. Press the <c=@Quest>[lbracket]G[rbracket]</c> key or click the Guild button in the top left to find out more.""","«Гильдии — отличный способ завести друзей, исследовать Тирию вместе с другими и получить доступ к лучшим хранилищам и бонусам. Нажмите клавишу <c=@Quest>[lbracket]G[rbracket]</c> или кнопку «Гильдия» в левом верхнем углу, чтобы узнать больше»."
"""Guilds are a great way to make friends, explore Tyria with others, and gain access to bonuses. Press the <c=@Quest>[lbracket]G[rbracket]</c> key or click the Guild button in the top left to find out more.""","«Гильдии — отличный способ завести друзей, исследовать Тирию вместе с другими и получить доступ к бонусам. Нажмите клавишу <c=@Quest>[lbracket]G[rbracket]</c> или нажмите кнопку «Гильдия» в левом верхнем углу, чтобы узнать больше»."
"""Gundayo, the Rune[s] of Honesty""","«Гундайо, руна честности»"
"""Guns, Germs, and Steal""","«Оружие, микробы и воровство»"
"""Guys, I think there's someone here!""","«Ребята, кажется, здесь кто-то есть!»"
"""Gwen stirred the hearts of the survivors once more with talk of brighter tomorrows. The charr feared the Ebon Vanguard in the north, and they would fear them in the south as well.""","«Гвен ещё раз взволновала сердца выживших разговорами о светлом будущем. Чарры боялись Эбенового Авангарда на севере, и они будут бояться его и на юге»."
"""Ha ha ha! You attempt to retake Tarir. How amusing. Outnumbered and outmatched, you will all die horribly!""","«Ха-ха-ха! Вы пытаетесь вернуть Тарир. Как забавно. Превзойденные численностью и превосходящие силы, вы все умрете ужасной смертью!»"
"""Ha ha ha. Hello, dearheart! I see your friends have already abandoned you. How does it feel?""","«Ха-ха-ха. Привет, дорогая! Я вижу, твои друзья уже бросили тебя. Как ты себя чувствуешь?»"
"""Ha! Did it, I did it. Finders keepers, me.""","«Ха! Сделал это, я сделал это. Хранители Искателей, я»."
"""Ha! Didn't see me, eh? Well, I see you. Too bad!""","«Ха! Не видел меня, да? Ну, я вижу тебя. Жаль!»"
"""Ha! Fair 'nough, but my cup's a little empty, if you catch my meanin'. Another drink would help jog the ol' noggin.""","«Ха! Ладно, но моя чашка немного пуста, если ты понимаешь, что я имею в виду. Ещё одна рюмка помогла бы подтолкнуть старую голову»."
"""Ha! I heard the chef bellowing from here. As long as I get more free omelettes, I'm in. Let's get moving.""","«Ха! Я слышал отсюда рев шеф-повара. Пока я получу больше бесплатных омлетов, я в деле. Поехали»."
"""Ha! If undead drakes were tasty, we'd be dining like kings tonight. Take 'em down!""","«Ха! Если бы дрейки-нежить были вкусными, мы бы сегодня ужинали как короли. Уничтожьте их!»"
"""Ha! Maybe if you could hold your drink better, like me, you'd have fought Issormir.""","«Ха! Возможно, если бы ты умел лучше держать свой напиток, как я, ты бы сразился с Иссормиром»."
"""Ha! Not if they want to live. They can have their pitiful swamp, but nobody messes with my—""","«Ха! Нет, если они хотят жить. Они могут получить свое жалкое болото, но никто не трогает мое…»"
"""Ha! Stupid seperatists, getting in the way of me killing Flame Legion! Seriously, I hate those guys.""","«Ха! Глупые сепаратисты мешают мне убить Легион Пламени! Серьёзно, я ненавижу этих парней»."
"""Ha! There's only one """"finest"""" smith in Tyria, and you're looking at him. I stand ready to prove it.""","«Ха! В Тирии есть только один «лучший» кузнец, и ты смотришь на него. Я готов это доказать»."
"""Ha! Too bad it's not your decision. Iron built the weapon, so Iron will make the choice.""","«Ха! Жаль, что это не твое решение. Железо создало оружие, поэтому Железо сделает выбор»."
"""Ha! Welcome, sylvari. Lured you here, trapped you here...now you die here.""","«Ха! Добро пожаловать, сильвари. Заманили тебя сюда, поймали здесь… теперь ты умрешь здесь»."
"""Ha, a jump like that? A baby could do it. You're not a baby, are you?""","«Ха, такой прыжок? Ребенок мог бы это сделать. Ты ведь не ребенок, не так ли?»"
"""Ha, easy! Stakk.""","«Ха, лёгко! Стакк»."
"""Ha, there's nothing the Legions can't handle.""","«Ха, нет ничего, с чем Легионы не смогли бы справиться»."
"""Ha, you've got me there.""","«Ха, ты меня поймал»."
"""Had Her Majesty's gamble at the coliseum paid off, our forces would be much more formidable.""","«Если бы ставка Её Величества на Колизей оправдалась, наши силы были бы гораздо более грозными»."
"""Had to abort experiment due to difficulty with Scruffy. Never thought the day would come when I was more agile out of it than in, but here we are. I should have designed those controls with further developments in mind, but...I guess I was optimistic.""","«Пришлось прервать эксперимент из-за трудностей со Скраффи. Никогда не думал, что настанет день, когда я буду более проворным вне этого, чем внутри, но вот мы здесь. Я должен был проектировать эти элементы управления с учётом дальнейших разработок, но… думаю, я был оптимистом»."
"""Had to butt in, did you?""","— Пришлось вмешаться, да?"
"""Hah! For a race with such big...ahem...muscles, norn sure have tiny brains.""",«Ха! Для расы с такими большими… хм… мускулами у норнов наверняка крошечный мозг».
"""Hah! You're a tadpole. Do you know the secrets of the Masters of Om? No? Seek them out, challenge them, defeat them. Only then will you be worthy of challenging me, the Grandmaster of Om.""","«Ха! Ты головастик. Знаешь ли ты секреты Мастеров Ома? Нет? Ищи их, бросай им вызов, побеждай их. Только тогда ты будешь достоин бросить вызов мне, Грандмастеру Ома»."
"""Haha! Good job, shroomies. Let's go until we're needed.""","«Ха-ха! Хорошая работа, грибники. Пойдём, пока мы не потребуются»."
"""Haha! Now, those sylvari will pay for not volunteering for our experiments!""","«Ха-ха! Теперь эти сильвари заплатят за то, что не вызвались участвовать в наших экспериментах!»"
"""Haha, I guess. For every one of Zee's gadgets that saved my life, TWO have either gotten me caught or just blown up.""","«Ха-ха, я думаю. На каждое устройство Зи, которое спасло мне жизнь, ДВА либо поймали меня, либо просто взорвали»."
"""Hail, %str1%. You stand in the holy light of the Sun God. All here have seen you master the Challenge of Vision. Now, we would hear your words. Speak! Tell us your tale.""","""Славься, %str1%. Ты стоишь в святом свете Бога Солнца. Все здесь видели, как ты справился с Испытанием Зрения. Теперь мы услышим твои слова. Говори! Расскажи нам свою историю."""
"""Hail, Herald of the Pale Tree! A fine day for battle, wouldn't you say?""","«Слава тебе, Вестник Бледного Древа! Прекрасный день для битвы, не так ли?»"
"""Hail, Mother. We seek your wisdom.""","«Славься, Мать. Мы ищем твоей мудрости»."
"""Hail, Slayer. For Hoelbrak's sake, I hope Eir is right about you.""","«Славься, Истребительница. Ради Хоэлбрака, я надеюсь, что Эйр права насчет тебя»."
"""Hail, adventurer! I'm here to help you succeed in exploring the Heart of Maguuma and other endgame content here in Guild Wars 2.""","«Славься, искатель приключений! Я здесь, чтобы помочь тебе преуспеть в исследовании Сердца Магуумы и других эндгейм-контента здесь, в Guild Wars 2»."
"""Hail, and well met.""","«Привет, и добро пожаловать»."
"""Hail, citizen.""","«Здравствуйте, гражданин»."
"""Hail, stranger.""","«Здравствуй, незнакомец»."
"""Hail, traveler. May Balthazar protect you in these dangerous times.""","«Славься, путник. Пусть Бальтазар защитит тебя в эти опасные времена»."
"""Hail, traveler.""","«Здравствуй, путник»."
"""Half-man, half-bull, all dead.""","«Получеловек-полубык, все мертвы»."
"""Halloween Guide, Phase 1""","«Путеводитель по Хэллоуину, фаза 1»"
"""Halloween Guide, Phase 2""","«Путеводитель по Хэллоуину, фаза 2»"
"""Halloween Guide, Phase 3""","«Путеводитель по Хэллоуину, фаза 3»"
"""Halloween Guide, Phase 4""","«Путеводитель по Хэллоуину, фаза 4»"
"""Halloween or not, there's work to do.""","«Хэллоуин или нет, но есть работа»."
"""Halloween, Mad King, hallow, costume""","«Хэллоуин, Безумный король, Хэллоуин, костюм»"
"""Hallucinations, a remarkable tactic. Stay alert!""","«Галлюцинации, замечательная тактика. Будьте начеку!»"
"""Halt! I say, halt! Stop right there. Stop, stop, stop!""","«Стой! Я говорю: стой! Стоп тут же. Стоп, стоп, стоп!»"
"""Halt! If the centaurs break through on this end, Captain Thackeray and his forces will be outnumbered. We need to defend this gate!""","«Стой! Если кентавры прорвутся с этой стороны, капитан Теккерей и его силы будут в меньшинстве. Нам нужно защитить эти ворота!»"
"""Halt, citizen. Ministers only beyond this point.""","«Стой, гражданин. Министры только после этой точки»."
"""Halt, intruder.""","«Стой, нарушитель»."
"""Halt. No one's allowed—wait. You rescued Queen Jennah. On behalf of the Shining Blade, you have our thanks.""",«Стой. Никому не позволено — подожди. Ты спас королеву Дженну. От имени Сияющего Клинка мы благодарим тебя».
"""Hammer and mace skills deal increased damage when striking a disabled or defiant foe. Gain adrenaline when you disable a foe.<br><c=@reminder>Disables include stun, taunt, daze, knockback, pull, knockdown, sink, float, fear, and launch.</c>""","«Навыки молота и булавы наносят увеличенный урон при ударе по обездвиженному или непокорному противнику. Вы получаете адреналин, когда вы обездвиживаете врага.<br><c=@reminder>Отключение включает оглушение, насмешку, ошеломление, отбрасывание, притягивание, нокдаун, погружение, плавание, страх и запуск.</c>»"
"""Hand in runestones and unbound energy, run over wisps, use the jackal's Pounce skill on tormented dust devils, and destroy remnants.""","«Передавайте рунные камни и несвязанную энергию, пробегайте по огонькам, используйте навык шакала «Наброс» на измученных пыльных дьяволов и уничтожайте остатки»."
"""Hand over the crystal, runt.""","— Отдай кристалл, коротышка."
"""Handling Void magic saps your strength. At 10 stacks, it will become lethal.""",«Обращение с магией Бездны истощает ваши силы. При 10 зарядах она станет смертельной».
"""Hands off, butterfingers! You'll never take me down!""","«Руки прочь, бабочки! Вам меня никогда не сломить!»"
"""Handwritten on this page torn from a journal: """"Our survey expedition arrived here from the Priory in 1327 AE, just after the Zephyrite airships fell from the sky.""""""","""На этой странице, вырванной из журнала, написано от руки: """"Наша исследовательская экспедиция прибыла сюда из Приората в 1327 ПИ, сразу после того, как дирижабли Зефиритов упали с неба."""""""
"""Hang in there, soldier. Medic, keep up the good work. We can't lose her. She's too valuable.""","«Держись, солдат. Медик, продолжай в том же духе. Мы не можем потерять её. Она слишком ценна»."
"""Hang in there, soldier. We'll handle this.""","«Держись, солдат. Мы с этим справимся»."
"""Hang on tight! This supercharged tool makes clean cuts through any tree, but it's a wild ride.""","«Держитесь крепче! Этот мощный инструмент аккуратно спилит любое дерево, но это дикая поездка»."
"""Hang on, let's take a moment.""","«Подожди, давай воспользуемся моментом»."
"""Hang on, that sounds dangerous. Don't we need to check in with someone before we go further? Does the order know you're doing this?""","«Подожди, это звучит опасно. Разве нам не нужно поговорить с кем-нибудь, прежде чем идти дальше? Орден знает, что ты это делаешь?»"
"""Hang tight, I'll be back.""","«Держись, я вернусь»."
"""Happiness is relative. In Rata Sum, I was surrounded by geniuses, but they treated me like a skritt. Here, I'm surrounded by idiots, but some here recognize my greatness.""","«Счастье относительно. В Рата Суме меня окружали гении, но обращались со мной как со скриттом. Здесь меня окружают идиоты, но некоторые здесь признают мое величие»."
"""Happy Birthday, %str1%!""","«С Днем Рождения, %str1%!»"
"""Happy Birthday, Mama!""","«С Днем Рождения, мама!»"
"""Happy to help, cub.""","— Рад помочь, детеныш."
"""Harbors are the temporal crossroads where life on land intersects life at sea. They remind us that existence, though often viewed in fragments, is of one whole.""","«Гавань — это временной перекресток, где жизнь на суше пересекается с жизнью на море. Они напоминают нам, что существование, хотя его часто рассматривают фрагментарно, представляет собой одно целое»."
"""Harb—Unstilled Harbor, that is—and Churning Rapids could always use a paw with the day's catch. Musing Fox might need help with the bridges, too. No doubt you'll find others to help as well.""","«Харб – то есть Неспокойная гавань – и Чернинг-Рапидс всегда могут пригодиться лапе с дневным уловом. Мусинг Фокс тоже может нуждаться в помощи с мостами. Без сомнения, ты найдёшь и других, кто поможет»."
"""Hare didn't guide you to any bunny-related items, did she?""","«Хэйр не показывала тебе какие-либо предметы, связанные с кроликами, не так ли?»"
"""Hare's whiskers! The yeti is real. Now, where is it? Quick, find more of its fur.""",«Заячьи усы! Йети настоящий. Где он? Быстро найдите ещё его меха».
"""Harness the resonating power you feel in the air into a powerful, directed blast.""","«Превратите резонирующую силу, которую вы чувствуете в воздухе, в мощный направленный взрыв»."
"""Harnessing the Scrying Pool, the commander experiences a vision of the past that sheds light on the forces marshaling in the north.""","«Используя Пул провидения, командир видит видение прошлого, которое проливает свет на силы, собирающиеся на севере»."
"""Harpies, huh? They a problem for you?""","— Гарпии, да? Они для тебя проблема?"
"""Harpoon guns, longbows, short bows, pistols, rifles, torches, warhorns, and sigils.""","«Гарпунные ружья, длинные луки, короткие луки, пистолеты, винтовки, факелы, боевые рога и символы»."
"""Harr. Yer seein' things. 'Tis naught but smoke and shadows, ya coward.""","— Харр. Ты видишь вещи. Это не что иное, как дым и тени, ты, трус."
"""Harvested from the Arctic Jellyfish of Frostgorge Sound, Snowden Drifts, and Lornar's Pass.""","«Добыто из арктических медуз в проливе Морозного ущелья, в дрейфах Сноудена и на перевале Лорнара»."
"""Has everyone made peace with their gods, spirits, deities...or trees? Good.""","«Все ли примирились со своими богами, духами, божествами… или деревьями? Хорошо»."
"""Hatched with care.<br>Combine 1 Silver and Gold, 1 Red and White, and 1 Black and Green Cuckoo Hatchling with 20 Unidentified Dyes in the Mystic Forge to create a Blazing Cuckoo Hatchling.""","«Выведено с осторожностью.<br>Объедините 1 серебряного и золотого, 1 красного и белого и 1 чёрного и зелёного детеныша кукушки с 20 неопознанными красками в Мистической кузнице, чтобы создать пылающего детеныша кукушки»."
"""Hatched with care.<br>Combine 1 Yellow, 1 Blue, and 1 Light Blue and Purple Cuckoo Hatchling with 8 Unidentified Dyes in the Mystic Forge to create a Red and White Cuckoo Hatchling. Combine 1 Brown and 2 Yellow Cuckoo Hatchlings with 12 Unidentified Dyes in the Mystic Forge to create a Silver and Gold Cuckoo Hatchling.""","«Выведено с осторожностью.<br>Объедините 1 жёлтого, 1 синего и 1 голубого и фиолетового детеныша кукушки с 8 неопознанными красками в Мистической кузнице, чтобы создать красно-белого детеныша кукушки. Объедините 1 коричневого и 2 жёлтых детеныша кукушки с 12 неопознанными красками в Мистической кузнице, чтобы создать серебряного и золотого детеныша кукушки»."
"""Hatched with care.<br>Combine 1 Yellow, 1 White, and 1 Brown Cuckoo Hatchling with 20 Unidentified Dyes in the Mystic Forge to create a Celestial Cuckoo Hatchling.""","«Выведено с осторожностью.<br>Объедините 1 жёлтого, 1 белого и 1 детеныша коричневой кукушки с 20 неопознанными красками в Мистической кузнице, чтобы создать детеныша небесной кукушки»."
"""Hatched with care.<br>Combine 1 albino, 1 blue, and 1 green mini turtle hatchling with 8 Unidentified Dyes in the Mystic Forge to create a Mini Yellow Turtle Hatchling.<br>Combine 1 albino and 2 green mini turtle hatchlings with 8 Unidentified Dyes in the Mystic Forge to create a Mini Black and Cyan Turtle Hatchling.""","«Вылупились осторожно.<br>Объедините 1 детеныша мини-черепашки-альбиноса, 1 синего и 1 зелёного цвета с 8 неопознанными красками в Мистической кузнице, чтобы создать детеныша мини-жёлтой черепахи.<br>Объедините 1 детеныша мини-черепахи-альбиноса и 2 зелёных черепахи с 8 неопознанными красками в Мистической кузнице, чтобы создать детеныша мини-чёрно-голубой черепахи»."
"""Hatched with care.<br>Combine 1 black and cyan, 1 albino, and 1 blue mini turtle hatchling with 12 Unidentified Dyes in the Mystic Forge to create a Mini Silver Turtle Hatchling.""","«Вылупились с осторожностью.<br>Объедините 1 детеныша чёрной и голубой, 1 альбиноса и 1 детеныша синей мини-черепахи с 12 неопознанными красками в Мистической кузнице, чтобы создать детеныша мини-серебряной черепахи»."
"""Hatched with care.<br>Combine 1 gold, 1 white and purple, and 1 black and cyan mini turtle hatchling with 20 Unidentified Dyes in the Mystic Forge to create a Mini Blazing Turtle Hatchling.<br>Combine 1 gold, 1 silver, and 1 yellow mini turtle hatchling with 20 Unidentified Dyes in the Mystic Forge to create a Mini Celestial Turtle Hatchling.""","«Вылупились осторожно.<br>Объедините 1 золотую, 1 детеныша белой и фиолетовой и 1 чёрно-голубую мини-черепашку с 20 неопознанными красками в Мистической кузнице, чтобы создать мини-детеныша пылающей черепахи.<br>Объедините 1 детеныша золотой, 1 серебряной и 1 жёлтой мини-черепахи с 20 неопознанными красками в Мистической кузнице, чтобы создать детеныша мини-небесной черепахи»."
"""Hatched with care.<br>Combine 1 white and purple, 1 silver, and 1 albino mini turtle hatchling with 15 Unidentified Dyes in the Mystic Forge to create a Mini Gold Turtle Hatchling.""","«Выведено с осторожностью.<br>Объедините 1 белую и фиолетовую, 1 серебряную и 1 детеныша мини-черепахи-альбиноса с 15 неопознанными красками в Мистической кузнице, чтобы создать детеныша мини-золотой черепахи»."
"""Hatched with care.<br>Combine 1 yellow, 1 albino, and 1 blue mini turtle hatchling with 12 Unidentified Dyes in the Mystic Forge to create a Mini White and Purple Turtle Hatchling.""","«Выведено с осторожностью.<br>Объедините 1 детеныша жёлтой, 1 альбиноса и 1 синей мини-черепахи с 12 неопознанными красками в Мистической кузнице, чтобы создать мини-детеныша белой и фиолетовой черепахи»."
"""Have a face-to-face conversation with King Palawa Joko in the episode """"Long Live the Lich.""""""",«Поговорите с глазу на глаз с королем Палавой Джоко в эпизоде ??«Да здравствует Лич»»».
"""Have a free miniature claim ticket, on us!""",«Возьмите с нас бесплатный миниатюрный билет!»
"""Have a good time, but not too good.""","«Хорошо провести время, но не слишком хорошо»."
"""Have a seat by the fire. My place may be remote, but it's as comfortable as any Hoelbrak tavern and you're safe inside.""","«Присаживайтесь у костра. Пусть мое место и отдаленное, но оно так же комфортно, как и любая таверна Хоелбрака, и внутри вы в безопасности»."
"""Have at her, Sir Brangoire!""","""Держитесь за неё, сэр Брангуар!"""
"""Have at you, charlatan!""","«Давай, шарлатан!»"
"""Have courage, my children. You are almost home.""","«Наберитесь мужества, дети мои. Вы почти дома»."
"""Have fun, just not too much.""","«Развлекайтесь, только не слишком много»."
"""Have you been to Holdland Camp? It's just southwest of here, and aptly named. Those centaurs really dug themselves in, and they refuse to let go of these lands. That camp is a major threat to us.""",«Вы бывали в лагере Холдланд? Он находится к юго-западу отсюда и имеет удачное название. Эти кентавры действительно окопались и отказываются отпускать эти земли. Этот лагерь представляет собой серьёзную угрозу для нас».
"""Have you ever seen a finer griffon? No, you haven't. That's because Beaker is the best. He has the sharpest talons and the toughest beak.""","«Вы когда-нибудь видели более красивого грифона? Нет, не видели. Это потому, что Кубок лучший. У него самые острые когти и самый крепкий клюв»."
"""Have you seen my boy? He's got black hair and blue eyes, and he—""","«Вы видели моего мальчика? У него чёрные волосы и голубые глаза, и он…»"
"""Have you seen the propaganda the Separatists have been putting up. It's pitiful. They think they're fighting for Ascalon, but they're just causing trouble, killing their own kind for their cause.""","«Вы видели пропаганду, которую ведут сепаратисты? Это жалко. Они думают, что сражаются за Аскалон, но на самом деле они просто создают проблемы, убивая себе подобных ради своего дела»."
"""Have you spoken to the order officials? If they have doubts, those doubts could prove fatal to the Pact, and to Tyria.""","«Вы говорили с представителями ордена? Если у них есть сомнения, эти сомнения могут оказаться фатальными для Пакта и Тирии»."
"""Have you tried the beer we brew at the monastery? It's the best stuff you will ever taste. If you get some time, head in and buy some.""","«Вы пробовали пиво, которое мы варим в монастыре? Это лучшее, что вы когда-либо пробовали. Если у вас будет время, зайдите и купите немного»."
"""Having reached the gates of Lion's Arch, the duchess and her attache were finally granted entry into the city. They were escorted to the palace by the Lionguard; it was """"a humid evening, despite the coastal breeze."""" Even at that hour, King Jadon was engaged in council with his advisors as charr forces amassed on the eastern Krytan border. Duchess Adelaide presented the king with the diplomatic parcel as he made introductions. When King Jadon addressed the emissary from the White Mantle, the duchess noticed three imposing figures garbed in golden robes and armor, with multiple sets of dark ethereal wings emerging from their backs. They hovered quietly, flanking the """"stout but stern man in unusually vibrant attire"""" in a corner of the inner chamber.""","«Достигнув ворот Львиной Арки, герцогине и её атташе наконец разрешили войти в город. Их сопровождала во дворец Львиная гвардия; это был «влажный вечер, несмотря на прибрежный бриз». Даже в этот час король Джейдон со своими советниками совещался, пока силы чарр концентрировались на восточной границе с Крайтой. Герцогиня Аделаида вручила королю дипломатическую посылку, когда он знакомился. Когда король Джейдон обратился к Будучи эмиссаром Белой Мантии, герцогиня заметила три внушительные фигуры, одетые в золотые одежды и доспехи, с множеством пар тёмных эфирных крыльев, торчащих из их спин. Они тихо парили, окружая «толстого, но сурового человека в необычно ярком одеянии» в углу внутреннего зала."
"""Having trouble tracking down skimmer stuff, buddy?""","«У тебя проблемы с отслеживанием скиммеров, приятель?»"
"""Havroun Svena took us into the Mists to investigate Valda's illness, and we were immediately attacked by the Sons of Svanir! This must be what Valda was ranting about. I need to see if she can tell us more about what happened to her.""","«Хаврун Свена взял нас в Туманы, чтобы расследовать болезнь Валды, и на нас немедленно напали Сыны Сванира! Должно быть, именно об этом разглагольствовала Валда. Мне нужно посмотреть, сможет ли она рассказать нам больше о том, что с ней случилось»."
"""Havroun Weibe's barrier shield has been destroyed. Raven has left Jora's Keep, and the blizzard will remain active.""","«Барьерный щит Хавруна Вейбе разрушен. Ворон покинул Крепость Джоры, а метель продолжит действовать»."
"""He ate that defeat like a bowl of cereal in the morning, folks!""","«Ребята, он съел это поражение, как тарелку хлопьев утром!»"
"""He can call me whatever names he wants, so long as he delivers the weapon.""","«Он может называть меня как угодно, лишь бы доставил оружие»."
"""He conjures light to guide you to this tomb, where he's been left to rot.""","«Он вызывает свет, который приведет вас к этой могиле, где его оставили гнить»."
"""He could hear his opponents nearing as he stood before Utahein, whose nostrils flared at the tinge of blood that wafted through the air. He had one chance to do this right.""","«Он мог слышать приближение своих противников, стоя перед Утахейном, чьи ноздри раздулись от привкуса крови, доносившегося в воздухе. У него был один шанс сделать все правильно»."
"""He is loyal to the crown, true. But I wonder if he's loyal to the head it rests upon.""","«Он верен короне, это правда. Но мне интересно, верен ли он голове, на которой она покоится»."
"""He is, sir. The city's being evacuated in accordance with the Master of Whispers' plan.""","— Да, сэр. Город эвакуируется в соответствии с планом Мастера Шепота."
"""He is. According to him, you're """"insipid"""" and """"small-minded.""""""","«Он есть. По его словам, ты «безвкусный» и «недалекий»."
"""He knows his hunting, but he's the biggest rulesmonger I've ever seen. He means well, but I've been hunting for years. He forgets some of us know what we're doing.""","«Он знает свою охоту, но он самый большой нарушитель правил, которого я когда-либо видел. У него хорошие намерения, но я охотюсь уже много лет. Он забывает, что некоторые из нас знают, что мы делаем»."
"""He looked angry, like he was on his way to a fight.""","«Он выглядел злым, как будто собирался на драку»."
"""He responded, too. Got into a """"who can push things further faster"""" contest. She's got a history with us, apparently.""","«Он тоже ответил. Участвовал в конкурсе «кто сможет продвинуться дальше быстрее». Судя по всему, у неё есть с нами история»."
"""He said he's Eir Stegalkin's son. I've known her for years, and she'd have mentioned if she had any kids. He underestimated my relationship with her.""","«Он сказал, что он сын Эйр Стегалкин. Я знаю её много лет, и она бы упомянула, если бы у неё были дети. Он недооценил мои с ней отношения»."
"""He shares with you a moment, not seen, but felt:""","«Он разделяет с вами мгновение, не увиденное, но прочувствованное:»"
"""He should. He'd be here if he could. Now come on, time enough for questions later.""","«Он должен. Он был бы здесь, если бы мог. А теперь давай, времени для вопросов будет достаточно позже»."
"""He traveled far to the north, to face an evil. When he died—the sun dimmed, and the Dream wept.""","«Он отправился далеко на север, чтобы встретиться лицом к лицу со злом. Когда он умер — солнце померкло, и Мечта заплакала»."
"""He wants the Krytan throne. That's why we must get Demmi to safety, and find out what she knows.""","«Он хочет занять крайтанский трон. Вот почему мы должны доставить Демми в безопасное место и выяснить, что она знает»."
"""He was a noble who acted as some sort of magistrate. Like all humans, he lived to stand in judgment of others. Now he's just another ghostly problem that we're here to solve.""","«Он был дворянином, который действовал как своего рода судья. Как и все люди, он жил, чтобы судить других. Теперь он просто ещё одна призрачная проблема, которую мы здесь, чтобы решить»."
"""He was killed recently. Be careful. Whatever it was, it might still be—""","«Его недавно убили. Будьте осторожны. Что бы это ни было, оно все равно может быть…»"
"""He was the first to suggest that the Captain's Council turn away from both the Krytan navy and the Orrian fleet. He was also the first asura to own a business, and the first to wear a hat. He was the first to—""","«Он был первым, кто предложил Совету капитанов отвернуться как от крайтанского флота, так и от оррианского флота. Он также был первым асурой, владевшим бизнесом, и первым, кто носил шляпу. Он был первым, кто…»"
"""He went to the biergarten, but he said he'd be right back.""","«Он пошёл в пивной, но сказал, что скоро вернется»."
"""He won't tell even me, but he assures me it will be brilliant!""","«Он не скажет даже мне, но уверяет, что это будет блестяще!»"
"""He'll be okay, Rox. Honest.""","«С ним все будет в порядке, Рокс. Честно»."
"""He's a good guy, that Braham.""","«Он хороший парень, этот Брэм»."
"""He's a tough guy and a good boss. There's no one else in town I'd want to have my back in a fight. He'll fight to the very end, just like me and maybe that pit fighter.""","«Он крутой парень и хороший босс. В городе больше нет никого, кого бы я хотел поддержать в бою. Он будет драться до самого конца, как я и, возможно, тот боксёр»."
"""He's dealing with that asuran cub, his new friend.""","«Он имеет дело с этим детёнышем-асураном, своим новым другом»."
"""He's here, isn't he? He's running things for the Inquest!""","«Он здесь, не так ли? Он руководит расследованием!»"
"""He's missing the bow, too. The bow was kind of the key to the whole thing.""",«Ему тоже не хватает лука. Лук был своего рода ключом ко всему».
"""He's not looking so good, Captain, and I'm not feeling very well myself...""","«Он не очень хорошо выглядит, капитан, да и я сам не очень хорошо себя чувствую…»"
"""He's pretty tight-lipped about it. But I heard that his partner, Coll, defected to the Inquest and took all their research with him. And there's no Prooji-Coll krewe without Coll.""","«Он довольно молчалив об этом. Но я слышал, что его партнер, Колл, перешёл на сторону Следствия и забрал с собой все их исследования."
"""He's refusing to pay? Is he crazy? Wait, the old chief just disappeared— (gasp)""","«Он отказывается платить? Он сошёл с ума? Подожди, старый вождь просто исчез… (вздох)»"
"""He's...coming. Quickly, tell me a fond memory.""",«Он... идет. Быстро расскажи мне приятное воспоминание».
"""He...saved me. When I was in the Dominion, he...""","«Он... спас меня. Когда я был в Доминионе, он...»"
"""Head goes down, ears go up, that floor looks... mighty soft.""","«Голова опускается, уши поднимаются, пол выглядит… очень мягким»."
"""Head into the ruined City of the Gods, but I don't recommend going in alone. If you're smart, you'll take four others with you to watch your back and flanks. Once you're in, you'll find the others there.""","«Отправляйтесь в разрушенный Город Богов, но я не рекомендую заходить туда в одиночку. Если вы умны, вы возьмете с собой ещё четверых, чтобы они прикрывали вашу спину и фланги. Как только вы окажетесь внутри, вы найдёте там остальных»."
"""Head out the northern gate of the Black Citadel into Diessa Plateau. That's Nolan. Just go northwest of the town, you'll find the hatchery. You can't miss it.""","«Выходите через северные ворота Чёрной Цитадели на плато Дисса. Это Нолан. Просто идите на северо-запад от города, вы найдёте инкубаторий. Вы не сможете его пропустить»."
"""Head south or southwest of here and you can't throw a rock without hitting one of those beasts in the head. Come to think of it, why don't you go on down? And take some rocks. Really big ones.""","«Отправляйся на юг или юго-запад отсюда, и ты не сможешь бросить камень, не попав одному из этих зверей в голову. Если подумать, почему бы тебе не пойти вниз? И не взять несколько камней. Действительно больших»."
"""Head to the water and clear the lake of toxic sludge and creatures, fend off sharks, and check the fishermen's shrimp traps.""","«Отправляйтесь к воде и очистите озеро от токсичного ила и существ, отгоните акул и проверьте ловушки рыбаков для креветок»."
"""Heading east, the explorer was cornered by a jaguar. The human never made it down from the canopy.""","«Направляясь на восток, исследователь был загнан в угол ягуаром. Человек так и не смог спуститься с навеса»."
"""Heading north, Bastion of Balance has a little secret grotto that I know we've been able to keep out of Kryptis hands. Should be a safe and fun spot to fish.""","«Направляясь на север, в Бастионе Баланса есть небольшой секретный грот, который, как я знаю, нам удалось сберечь от рук Криптиса. Это должно быть безопасное и интересное место для ловли рыбы»."
"""Heading north, to the Eye.""","«Направляемся на север, к Оку»."
"""Heal Trap, Ally Activated""","«Исцеление ловушки, союзник активирован»"
"""Heal a percentage of your maximum health after blocking an attack. If you block again within 5 seconds, you heal less each time down to a minimum of 1%%.""","«Восстановите процент вашего максимального здоровья после блокировки атаки. Если вы снова заблокируете атаку в течение 5 секунд, вы каждый раз будете лечить меньше, вплоть до минимума 1%%»."
"""Heal allies in a cone in front of you, including yourself. Allies gain 5 seconds of regeneration.""","«Исцеляйте союзников в конусе перед вами, включая себя. Союзники получают 5 секунд регенерации»."
"""Heal and gain endurance whenever you gain affinity. Additionally, gain energy when you reach maximum affinity.""","«Исцеляйтесь и повышайте выносливость всякий раз, когда вы получаете близость. Кроме того, получайте энергию, когда достигаете максимальной близости»."
"""Heal nearby allies when attuning to water.<br><c=@reminder>This effect will not trigger when attuning to the same element, but will be triggered by overload skills.</c>""","«Исцеляйте ближайших союзников при настройке на воду.<br><c=@reminder>Этот эффект не срабатывает при настройке на тот же элемент, но срабатывает при использовании навыков перегрузки.</c>»"
"""Heal nearby allies, gain increased movement speed, and receive reduced incoming damage. You take damage every second and cannot be healed.""","«Исцеляйте ближайших союзников, увеличивайте скорость передвижения и уменьшайте входящий урон. Вы получаете урон каждую секунду и не можете быть исцелены»."
"""Heal yourself and nearby allies, curing a condition.""","«Исцелите себя и ближайших союзников, излечив состояние»."
"""Heal yourself and nearby allies, curing conditions.""","«Исцеляйте себя и ближайших союзников, снимая состояния»."
"""Heal yourself and nearby allies, removing a condition.""","«Исцелите себя и ближайших союзников, сняв состояние»."
"""Heal yourself and nearby allies, while removing a condition.""","«Исцелите себя и ближайших союзников, сняв состояние»."
"""Heal yourself for a small amount, and heal allies for a large amount.""",«Исцелите себя за небольшую сумму и исцелите союзников за большую сумму».
"""Heal, cure conditions, and grant regeneration to allies once every second.""","«Исцеляйте, устраняйте состояния и даруйте союзникам регенерацию раз в секунду»."
"""Healing to allies is reduced, and boons granted to allies have reduced durations.""","«Исцеление союзников уменьшается, а длительность даров, предоставляемых союзникам, сокращается»."
"""Healing turret, up and running!""",«Исцеляющая турель запущена и работает!»
"""Heals Pets • Immobilizes • Inflicts Weakness, Vulnerability and Bleeding""","«Лечит домашних животных • Обездвиживает • Вызывает слабость, уязвимость и кровотечение»"
"""Heals Pets • Immobilizes • Inflicts Weakness, Vulnerability, and Bleeding""","«Лечит домашних животных • Обездвиживает • Вызывает слабость, уязвимость и кровотечение»"
"""Heals when the timer expires. If lethal damage is taken, the damage is negated, you are healed for a large amount, and conditions are removed.""","«Исцеляется по истечении таймера. Если получен смертельный урон, урон аннулируется, вы исцеляетесь на большое количество, а состояния снимаются»."
"""Health %num1%/%num2% %str1%, Energy %num3%/%num4% %str2%""","""Здоровье %num1%/%num2% %str1%, Энергия %num3%/%num4% %str2%"""
"""Health %num1%/%num2%, Energy %num3%/%num4%""","«Здоровье %num1%/%num2%, Энергия %num3%/%num4%»"
"""Health is replaced with fuel, which is used up by skills and movement. Eject upon hitting zero.""","«Здоровье заменяется топливом, которое расходуется на навыки и движение. Катапультируйтесь при достижении нуля»."
"""Health slowly recharges, but ammunition is limited. Eject when health hits zero.""","«Здоровье медленно восстанавливается, но боеприпасы ограничены. Катапультируйтесь, когда здоровье достигнет нуля»."
"""Healthy, spry, worldly. Why, you seem like someone with a nose for adventure!""","«Здоровый, бодрый, мирской. Да ведь ты похож на человека с нюхом на приключения!»"
"""Hear Ela Makkay's summary of Scarlet's War during the episode """"The Battle for Lion's Arch"""" or in Lion's Arch.""",«Послушайте краткое изложение Войны Скарлет Элой Маккей в эпизоде ??«Битва за Львиную Арку» или в Львиной Арке».
"""Hear Taimi's summary of Scarlet's War during the episode """"The Battle for Lion's Arch.""""""",«Послушайте краткое изложение Тайми войны Скарлет в эпизоде ??«Битва за Львиную Арку»»».
"""Hear me, Chief Quecuan! I offer this for the Challenge of Words.""","«Услышьте меня, вождь Кекуан! Я предлагаю это для испытания слов»."
"""Hear my words, child. Repent and be saved! Your wasteful existence in this world will be at an end soon. I am a messenger, sent to impart this news so you may be safe in Grenth's embrace.""","«Послушай мои слова, дитя. Покайся и спасись! Твоему расточительному существованию в этом мире скоро придёт конец. Я посланник, посланный сообщить эту новость, чтобы ты мог быть в безопасности в объятиях Грента»."
"""Hear that, dirty old fish? You're coming ashore today.""","«Слышишь, грязная старая рыба? Ты сегодня выйдёшь на берег»."
"""Hear that, everybody? She thinks I'm not disc...discot...discount...able. Yeah! Thanks, lady. You're one good grape.""","""Все это слышите? Она думает, что я не диск... диско... дисконтный... способный. Да! Спасибо, леди. Вы - один хороший виноград."""
"""Hearing the roars and cheers of the audience, you radiate resolve and determination.""","«Слыша рев и аплодисменты публики, вы излучаете решимость и решительность»."
"""Heart of fire, soul of flame. Smoke and ashes mark this beast's domain.""","«Сердце огня, душа пламени. Дым и пепел отмечают владения этого зверя»."
"""Heart, Moxie, and Many Sweaters""","«Сердце, Мокси и множество свитеров»"
"""Hearts beat faster in the shadow of the powerful strength of this statue. It's the eyes; they blaze a challenge to the world, to aim higher, be stronger and more bold.""","«Сердца бьются быстрее в тени могучей силы этой статуи. Это глаза; они бросают вызов миру: стремиться выше, быть сильнее и смелее»."
"""Heathen's Hold: Below the lava river, on the west side.""","«Языческая крепость: под рекой лавы, на западной стороне»."
"""Heathen's Hold: Beneath a massive defense turret, on the east shore of the lava river.""","«Языческая крепость: под массивной защитной башней, на восточном берегу лавовой реки»."
"""Heathen's Hold: High above Prisoner's Perch, near a Mastery Insight.""","«Языческая крепость: высоко над насестом узника, рядом с смотровой площадкой мастерства»."
"""Heavy Gunners give and take a lot of punishment. While your gun is drawn you will move slower, but you will regenerate health and can't be knocked down.""","«Тяжёлые артиллеристы терпят и терпят множество наказаний. Пока ваше оружие наготове, вы будете двигаться медленнее, но вы будете восстанавливать здоровье, и вас нельзя будет сбить с ног»."
"""Heavy armor, inventory boxes, and runes.""","«Тяжёлая броня, ящики с инвентарем и руны»."
"""Heeey. I got my eye on you, sneaky rabbit. What are you up to? No good, I'll wager. Tell you what. Fight me, and you'll learn a thing or two.""","«Эй, я положил на тебя глаз, подлый кролик. Что ты задумал? Держу пари, ничего хорошего. Вот что я тебе скажу. Сразись со мной, и ты кое-чему научишься»."
"""Heh, I figured we'd talk eventually.""","«Хех, я думал, в конце концов мы поговорим»."
"""Heh, you could say that.""","«Хех, можно и так сказать»."
"""Heh. Hey, how's everyone else doing out there?""","«Хех. Эй, как там у всех дела?»"
"""Heh. That's a good one. You are joking, right?""","«Хех. Это хороший вопрос. Ты шутишь, да?»"
"""Heh... You made it through, too? Think this means we're freebooters now.""","«Хех... Ты тоже прошёл? Думаешь, это значит, что мы теперь флибустьеры»."
"""Hello again, %str1%, what can I do for you?""","«Ещё раз здравствуйте, %str1%, чем я могу для вас помочь?»"
"""Hello hello! <br><br>I'm not interrupting anything important, I'm sure. Right? <br><br>So, Braham told me about the summit you're planning, and I talked to Zojja. She talked to the Arcane Council, and one thing led to the other, and now Councillor Phlunt is here in Scarlet's ley line lab with me, breathing down my neck while I try to finish my device! <br><br>He's holding his attendance at the summit over my head, until he sees my device in action. You need to come distract him before I fry his circuits. <br><br>—Taimi""","""Привет, привет! <br><br>Я не прерываю ничего важного, я уверен. Верно? <br><br>Итак, Брэм рассказал мне о саммите, который вы планируете, и я поговорил с Зоджей. Она разговаривала с Тайным Советом, и одно привело к другому, и теперь советник Флант здесь, в лаборатории силовых линий Скарлет, со мной, дышит мне в шею, пока я пытаюсь закончить свое устройство! <br><br>Он присматривает за вершина над моей головой, пока он не увидит мое устройство в действии. Тебе нужно отвлечь его, прежде чем я поджарю его схемы <br><br>—Тайми»."
"""Hello there, friend! I'm the, err, provisioner, sent from the Guild Initiative. Meaning, I make the chow.""","«Привет, друг! Я, э-э-э, поставщик, посланный Инициативой Гильдии. То есть я готовлю еду»."
"""Hello there, young friend.""","«Привет, юный друг»."
"""Hello there, youngster.""","«Здравствуй, юноша»."
"""Hello there. I'm glad to see adventurers this far into Lychcroft Mere. We've been having some troubles, and it's nice to know help is nearby.""","«Привет. Я рад видеть искателей приключений так далеко в Личкрофт-Мере. У нас возникли некоторые проблемы, и приятно знать, что помощь рядом»."
"""Hello there. Just visiting the haven, or are you planning to stay and lend a hand?""","«Привет. Просто посетил убежище, или планируешь остаться и помочь?»"
"""Hello! <br><br>The asura news updates are saying that vines matching the recent attacks at Fort Concordia and Fort Salma have appeared in the Iron Marches. If this proves true, Mordremoth's reach may be even greater than any have anticipated. I surmise that it's in our best interest for you to investigate these reports. <br><br>—Taimi""","«Привет! <br><br>В новостях асур говорится, что в Железных Марках появились лозы, соответствующие недавним атакам на Форт Конкордия и Форт Сальма. Если это окажется правдой, влияние Мордремота может оказаться даже большим, чем кто-либо ожидал. Я предполагаю, что в наших интересах расследовать эти сообщения. <br><br>—Тайми»"
"""Hello! Help, please!""","""Здравствуйте! Помогите, пожалуйста!"""
"""Hello! Where was I? Yes! Before I washed up on this here shore, I was a pirate! Me captain had himself a lot o' treasure, he did! One piece in particular, a water breathing appa...appar...a mask!""","«Привет! Где я был? Да! До того, как меня выбросило на этот берег, я был пиратом! У моего капитана было много сокровищ, вот и все! Одна вещь, в частности, вододышащая аппа… аппар… маска!»"
"""Hello! You're %str1%, aren't you? I know how busy you must be, but let me tell you about my krewe. I'm part of the Brill Alliance krewe. It's one of a kind.""","«Привет! Вы %str1%, не так ли? Я знаю, насколько вы, должно быть, заняты, но позвольте мне рассказать вам о моем креве. Я являюсь частью креве Брилл Альянс. Это единственный в своем роде»."
"""Hello, %str1%! Got excess stuff on your hands? I can exchange it for shinies! I can also offer you the shiniest shiny I have, but...it's going to be very costly the first time you buy it.""","""Здравствуйте, %str1%! У вас на руках есть лишние вещи? Я могу обменять их на блестки! Я также могу предложить вам самые блестящие блестки, которые у меня есть, но... если вы купите их в первый раз, это будет очень дорого."""
"""Hello, Commander. Got some supplies if you need to buy any.""","«Здравствуйте, командир. У меня есть кое-какие припасы, если вам нужно их купить»."
"""Hello, Valiant! We're ready for orders. Just tell me and the ranged offense where to go.""","«Привет, Валиант! Мы готовы принимать приказы. Просто скажи мне и дальним нападающим, куда идти»."
"""Hello, Wayfinder! Would you have time to help me with a study I've currently got going on? There are some odd wisp-like creatures that inhabit this space that I'd like to get some field data on.""","«Привет, Путеводитель! У тебя найдётся время помочь мне с исследованием, которое я сейчас провожу? В этом пространстве обитают какие-то странные существа, похожие на огоньки, и я хотел бы получить некоторые полевые данные»."
"""Hello, adventure!""","«Здравствуй, приключение!»"
"""Hello, and welcome to Beetletun. Name's Jimson. Can I help you?""",«Здравствуйте и добро пожаловать в Битлетан. Меня зовут Джимсон. Могу я вам помочь?»
"""Hello, comrade!""","«Здравствуйте, товарищ!»"
"""Hello, fellow explorer! You'll need to turn around; the caverns ahead are infested by horrendously powerful Mordrem. Only a full guild could stand a chance against them.""","«Здравствуйте, товарищ-исследователь! Вам придётся обернуться; пещеры впереди кишат ужасно могущественными мордремами. Только полная гильдия может иметь шанс против них»."
"""Hello, friend. I have many exclusive items for sale.""","«Здравствуй, друг. У меня на продажу много эксклюзивных вещей»."
"""Hello, friend.""","""Привет, друг."""
"""Hello, good-lookin'.""","«Привет, красавчик»."
"""Hello, hello, hello.""","«Привет, здравствуйте, здравствуйте»."
"""Hello, little springer. I'd like you to be my pet.""","«Привет, маленький спрингер. Я бы хотел, чтобы ты был моим питомцем»."
"""Hello, neighbor.""","«Привет, сосед»."
"""Hello, stranger. What can I do for you?""","«Привет, незнакомец. Что я могу для тебя сделать?»"
"""Hello, stranger.""","«Здравствуй, незнакомец»."
"""Hello, there. Are you the two folks shipping out with me to the guild encampment?""",«Привет. Вы двое отправляетесь со мной в лагерь гильдии?»
"""Hello, there.""","""Привет."""
"""Hello, what can I do for you?""","«Здравствуйте, что я могу для вас сделать?»"
"""Hello, young 'un. Did you need grandmotherly advice? Elders are fonts of wisdom, you know.""","«Здравствуй, юный. Тебе нужен был совет бабушки? Знаешь, старейшины — кладези мудрости»."
"""Hello, youngster.""","«Здравствуй, юноша»."
"""Hello. Again, nice work at Claw Island. And as I said before, my condolences on Tybalt.""","«Привет. Ещё раз хорошая работа на острове Когтя. И, как я уже говорил, мои соболезнования Тибальту»."
"""Hello. This is the western field hospital—you'll find another east of here. I'd give you a tour, but we've got injured Seraph to attend to.""","«Здравствуйте. Это западный полевой госпиталь, к востоку отсюда вы найдёте ещё один. Я бы провел для вас экскурсию, но нам нужно оказать помощь раненому Серафу»."
"""Hello. You're a newcomer to Garenhoff, I can tell. We get a lot of visitors. We're quite the popular little town.""","«Здравствуйте. Я вижу, что вы новичок в Гаренхоффе. У нас много посетителей. Мы довольно популярный маленький городок»."
"""Hello. Your travels have been going well, I hope.""","«Здравствуйте. Надеюсь, ваше путешествие прошло хорошо»."
"""Hello? Look, over here! Help!""",«Алло? Смотри сюда! Помогите!»
"""Helloooo, alibi.""","«Привет, алиби»."
"""Hello—you're an associate of Detective Rama's, right?""","«Здравствуйте, вы коллега детектива Рамы, верно?»"
"""Help Beetletun maintain its prosperous reputation by killing vermin, cleaning graffiti, and helping the carnival.""","«Помогите Битлетану сохранить свою процветающую репутацию, убивая паразитов, удаляя граффити и помогая карнавалу»."
"""Help Bizz, Naff, and Tijja test out their experiments at Goldenlight Hallow lab.""","«Помогите Биззу, Наффу и Тидже проверить свои эксперименты в лаборатории Goldenlight Hallow»."
"""Help Braham gain the power of Ox, Eagle, and Wolverine.""","«Помогите Брааму обрести силу Быка, Орла и Росомахи»."
"""Help Diah by tending corn, stomping wurm mounds, entertaining cattle, and defending the fields.""","«Помогайте Диа, ухаживая за кукурузой, топчая червивые насыпи, развлекая скот и защищая поля»."
"""Help Drojkor, Spirit Squall, control jackals.""","«Помоги Дройкору, Духовному Шквалу, контролировать шакалов»."
"""Help Engineer Gilli by protecting the perimeter from centaurs, clearing vermin from the mine and fields, and motivating the workers.""","«Помогите инженеру Гилли, защитив периметр от кентавров, очистив шахты и поля от паразитов и мотивировав рабочих»."
"""Help Erran storm the Deadhouse to save his wife, Emara.""",«Помогите Эррану штурмовать Мёртвый Дом и спасти его жену Эмару».
"""Help First Haven by killing undead, dealing with the aftermath of their attacks, and keeping the roads safe.""","«Помогите Первому Хэвену, убивая нежить, справляясь с последствиями их нападений и обеспечивая безопасность дорог»."
"""Help Gorrik and Blish get out of trouble, and stop an emerging threat to the city of Amnoon.""",«Помогите Горрику и Блишу выбраться из неприятностей и остановить возникающую угрозу городу Амнун».
"""Help Joukje get back at her old pirate comrades by killing them, freeing their captives, and breaking their cannons.""","«Помогите Джукдже отомстить своим старым товарищам-пиратам, убивая их, освобождая пленников и ломая их пушки»."
"""Help Research Assistant Ulaa by defeating destroyers, collecting samples, and resetting observers.""","«Помогите научному сотруднику Улаа, победив эсминцы, собрав образцы и перезапустив наблюдателей»."
"""Help Shaman Palak honor the hylek and their sun god, Zintl.""",«Помогите шаману Палаку почтить хилеков и их бога солнца Зинтла».
"""Help Zephyrites prepare for a supply run to the Forge by gathering supplies, breaking up arguments, and practicing the Forge ritual.""","«Помогите зефиритам подготовиться к доставке припасов в Кузницу, собирая припасы, разбирая споры и практикуя ритуал Кузницы»."
"""Help Zippti's golems with their experiments, fight the skritt, knock over their shinies, and activate tracking devices to monitor their response.""","«Помогайте големам Зиппти в их экспериментах, сражайтесь со скриттами, сбивайте их сияющих и активируйте устройства слежения, чтобы отслеживать их реакцию»."
"""Help a scientist reach out into the Mists, and hope that the Mists don't reach back.""","«Помогите ученому проникнуть в Туманы и надейтесь, что Туманы не вернутся обратно»."
"""Help around camp by healing injured allies with a skimmer, gathering skimmer food, sketching newly discovered wildlife, and defeating enemies.""","«Помогайте в лагере, леча раненых союзников с помощью скиммера, собирая еду скиммером, рисуя недавно обнаруженную дикую природу и побеждая врагов»."
"""Help battle the centaurs, disarm their traps, and repair the damage from their assaults.""","«Помогите сразиться с кентаврами, обезвредить их ловушки и устранить ущерб, нанесенный их нападениями»."
"""Help by making drinks, preparing food, restocking barrels, and calming rowdy patrons.""","«Помогайте готовить напитки, готовить еду, пополнять запасы бочек и успокаивать буйных посетителей»."
"""Help collect shells, and give them to Sheldon.""",«Помогите собрать ракушки и отдайте их Шелдону».
"""Help defeat Togonn Windmane without dying, and avoid all sand pools and wind walls.""","«Помогите победить Тогонна Ветрогривого, не погибнув, и избегайте песчаных луж и ветровых стен»."
"""Help defend the wolf pup in the """"Heal the wounded wolf pup"""" event.""",«Помогите защитить волчонка в событии «Исцелите раненого волчонка»».
"""Help gather lavender, search sand piles, build scarecrows, return escaped siamoths, and protect harvesters from nearby threats.""","«Помогайте собирать лаванду, обыскивать кучи песка, строить чучела, возвращать сбежавших сиамотов и защищать сборщиков урожая от ближайших угроз»."
"""Help gather meat for refugees, protect refugees seeking Haymal Gore, and light beacons to guide them.""","«Помогите собрать мясо для беженцев, защитите беженцев, ищущих Хаймала Гора, и зажгите маяки, чтобы направлять их»."
"""Help gather, grow, and distribute food; make the town safer from drakes; destroy Branded and clear Brand Accumulation.""","«Помогите собирать, выращивать и распределять еду; сделайте город более безопасным от драконов; уничтожьте клеймо и очистите скопление клейма»."
"""Help keep the passages clear, defend the skritt from predators, and aid them in their fight against the harpies.""","«Помогите очистить проходы, защитите скриттов от хищников и помогите им в борьбе с гарпиями»."
"""Help local hunters by fixing their traps, killing boars, and assisting anyone in danger while hunting.""","«Помогите местным охотникам, починив их ловушки, убив кабанов и помогая всем, кто попал в опасность во время охоты»."
"""Help lost hounds, play with pups, and kill pests.""","«Помогайте потерявшимся собакам, играйте со щенками и уничтожайте вредителей»."
"""Help me reach the pylon, and you will see that these are superior to any you've heard about.""","«Помогите мне добраться до пилона, и вы увидите, что они превосходят все, о чем вы слышали»."
"""Help me! Oh, gods!""","«Помогите мне! О, боги!»"
"""Help me, Kestrels!""","«Помоги мне, пустельга!»"
"""Help me, friends!""","«Помогите мне, друзья!»"
"""Help me, please...""","«Помогите мне, пожалуйста…»"
"""Help me, you miscreants!""","«Помогите мне, негодяи!»"
"""Help pacify enraged spirits, lead lost ghosts to their destinations, read the last words from the Forgotten statues, and light ghost eater wardlights.""","«Помогите усмирить разъяренных духов, приведите потерянных призраков к месту назначения, прочтите последние слова из забытых статуй и зажгите защитные фонари Пожирателей призраков»."
"""Help rally despondent troops, recover supplies, construct med kits, and make some bets on the tournament.""","«Помогите сплотить отчаявшихся солдат, собрать припасы, собрать аптечки и сделать ставки на турнир»."
"""Help recover supplies, eliminate ettins, and attract rabbits to make the ettins less aggressive.""","«Помогите восстановить запасы, уничтожить эттинов и привлечь кроликов, чтобы эттины стали менее агрессивными»."
"""Help soldiers cull ghosts, light torches, and revive fallen allies.""","«Помогайте солдатам уничтожать призраков, зажигать факелы и оживлять павших союзников»."
"""Help test an asuran """"Rez-o-Matic"""" golem in Kourna.""",«Помогите проверить асуранского голема «Рез-о-Матик» в Курне».
"""Help the Pricklepatch Hollow choya, or don't.""",«Помоги чое Колючей Лощине или нет».
"""Help the Priory by cleansing warded artifacts, using skimmers to clear debris and detect Inquest spies and relics, and by completing nearby events.""","«Помогайте Приорату, очищая охраняемые артефакты, используя скиммеры для расчистки мусора и обнаружения шпионов и реликвий дознания, а также выполняя близлежащие события»."
"""Help the Seraph assault centaur camps, destroy centaur weapons and supplies, ensure the safe delivery of supplies to the mine, and defeat centaurs.""","«Помогите Серафимам штурмовать лагеря кентавров, уничтожить оружие и припасы кентавров, обеспечить безопасную доставку припасов в шахту и победить кентавров»."
"""Help the followers of Kormir distribute aid to refugees, clear out infested tents, drive away Zaishen harassers, and defend farmworkers from Forged raids.""","«Помогите последователям Кормира раздать помощь беженцам, очистить зараженные палатки, прогнать преследователей Зайшена и защитить сельскохозяйственных рабочих от набегов Кованых»."
"""Help the hunting camp by finding and bringing back food, bringing hay to insulate nests, saving wildlife from being captured by the Inquest, and completing events in the area.""","«Помогайте охотничьему лагерю, находя и принося еду, принося сено для изоляции гнезд, спасая диких животных от захвата Следствием и выполняя события в этом районе»."
"""Help the kodan hunters with hunting events, warclaw care, and hidden titanspawn.""","«Помогите охотникам кодана с охотничьими мероприятиями, уходом за боевыми когтями и скрытыми отродьями титанов»."
"""Help the kodan keep the forest's rot under control by participating in events, disabling relics, and culling hostile bugs, titanspawn, and mistburned creatures.""","«Помогите кодану держать гниение леса под контролем, участвуя в мероприятиях, отключая реликвии и уничтожая враждебных жуков, отродий титанов и обожженных туманом существ»."
"""Help the kodan research the region by eliminating elementals, setting up supply crates, putting out fires, and completing events to improve the conditions of the shore.""","«Помогите кодану исследовать регион, уничтожая элементалей, устанавливая ящики с припасами, тушив пожары и выполняя мероприятия по улучшению условий на берегу»."
"""Help the local kodan by completing events, farming, smithing, sparring, and cooking.""","«Помогайте местному кодану, участвуя в мероприятиях, занимаясь сельским хозяйством, кузнечным делом, спаррингами и готовкой»."
"""Help the ogres train pets, reset hyena traps, and push back encroaching Branded.""","«Помогите ограм дрессировать питомцев, сбрасывать ловушки для гиен и отбиваться от вторгающихся Клейменных»."
"""Help the ranch by returning lost skimmers to their pens, stopping Forged raids, delivering rations to lookouts, and healing injured villagers with a skimmer's Barrel Roll.""","«Помогите ранчо, вернув потерянные скиммеры в загоны, остановив рейды Кованых, доставив пайки дозорным и вылечив раненых жителей деревни с помощью «Бочки скиммера»."
"""Help the skritt defend their home. Raise flags, fight off jotun, gather scrap metal bars, wake up lazy workers.""","«Помогите скриттам защитить свой дом. Поднимайте флаги, отбивайтесь от йотунов, собирайте металлолом, будите ленивых рабочих»."
"""Help the skritt encampment. Wake passed-out skritt, defeat Destroyers, arm skritt from weapon caches, and rescue skritt from the lava river.""","«Помоги лагерю скриттов. Разбуди потерявших сознание скриттов, победи разрушителей, вооружи скриттов из тайников с оружием и спаси скриттов из реки лавы»."
"""Help the tengu restore the Cobble Ward. Use a raptor mount to deliver pressurized steam canisters, realign malfunctioning drones, and use the Tail Spin attack to fix haywire antistealth towers.""","«Помогите тенгу восстановить Булыжник. Используйте ездового хищника, чтобы доставить баллоны с паром под давлением, перенастроить неисправные дроны и использовать атаку Tail Spin, чтобы починить вышедшие из строя противостелсные башни»."
"""Help train Sylvari, remove corrupted mushrooms, and defeat hostile enemies around Dryground Village.""","«Помогите обучить Сильвари, удалить испорченные грибы и победить враждебных врагов в деревне Сухой земли»."
"""Help train young skelk, order trained skelk to assist around the mill, and take out hostile skelk around the mill.""","«Помогите обучить молодого скелка, прикажите обученному скелку помогать на мельнице и уничтожьте враждебных скелков вокруг мельницы»."
"""Help us make a better tomorrow, today.""",«Помогите нам сделать будущее лучше сегодня».
"""Help your skyscale get accustomed to flying with you, and help Gorrik investigate various tears in reality that have appeared in the air across Tyria. Find Flying Lesson nodes near the tears to call your skyscale to you.""","«Помогите вашему небесному масштабу привыкнуть к полётам вместе с вами и помогите Горрику исследовать различные разрывы в реальности, которые появились в воздухе над Тирией. Найдите узлы уроков полётов рядом с разрывами, чтобы призвать к себе небесные масштабы»."
"""Help! I can't face those spiders again, but they've got my buddies. Anyone? Help?""","«Помогите! Я не могу снова встретиться с этими пауками, но у них есть мои приятели. Кто-нибудь? Помогите?»"
"""Help! I need help, here!""","«Помогите! Мне нужна помощь, здесь!»"
"""Help! I'll do anything you ask, just don't let the beasts kill me!""","«Помогите! Я сделаю все, что вы попросите, только не позволяйте зверям убить меня!»"
"""Help! Somebody, help me! The team studying Rankor Ruins was overwhelmed by the undead!""","«Помогите! Кто-нибудь, помогите мне! Команда, изучающая Ранкорские руины, была захвачена нежитью!»"
"""Help, help, hoo! A krait blood witch is sacrificing quaggans and humans!""","«Помогите, помогите, ого! Крайтская кровная ведьма приносит в жертву квагганам и людям!»"
"""Helpful %str1%, you have skritt's thanks! We'll give our support to Packet soon! Here, I found these thingies. Maybe you can use?""","""Полезный %str1%, спасибо от Скритта! Мы скоро окажем поддержку Packet! Вот, я нашёл эти штучки. Может быть, вы сможете ими воспользоваться?"""
"""Helpful, Yes!""","«Полезно, да!»"
"""Helping is noble, but I also want to live. Oh well. We're probably all doomed anyway, so I might as well pitch in.""","«Помогать — это благородно, но я тоже хочу жить. Ну ладно. Мы все равно, наверное, все обречены, так что я тоже могу вмешаться»."
"""Hence this recognition of his sacrifice. The madness he endured, and eventually succumbed to, made it possible for all to experience the countenance of the gods.""","«Отсюда и такое признание его жертвы. Безумие, которое он пережил и которому в конце концов поддался, позволило всем ощутить лик богов»."
"""Her name's Lulu and she's not too bright, but she loves to snuggle. Say hi, Lulu.""","«Её зовут Лулу, и она не слишком умна, но любит прижиматься к себе. Передай привет, Лулу»."
"""Herald! Please, come over here.""","«Вестник! Пожалуйста, подойди сюда»."
"""Herald, it seems you have a chance to discover the fate of my lost son and perhaps even avenge Riannoc's death.""","«Вестник, кажется, у тебя есть шанс узнать судьбу моего потерянного сына и, возможно, даже отомстить за смерть Рианнок»."
"""Herd distracted skritt together into an intelligent hive mind, and then plant the mines they construct.""","«Соберите отвлеченных скриттов в разумный коллективный разум, а затем заложите мины, которые они построят»."
"""Here are the locations at which you may attempt to be of service. Should your recall or orientational awareness fail you, do not hesitate to return. I have been tasked with remaining patient, even in the face of modest results.""","«Вот места, где вы можете попытаться оказать вам услугу. Если ваша память или ориентационная осведомленность подведут вас, не медлите, возвращайтесь. Мне было поручено сохранять терпение, даже перед лицом скромных результатов»."
"""Here at PR&T Esoterics, we're investigating the color-changing properties of oozenarius iccthisius. You'll need a colored key card if you're here to participate in the study.""","«Здесь, в PR"
