english,translate
"""We fought long and hard to protect the Master of Peace, but he was mortally wounded in the battle. His dying request was that I safeguard the egg he had taken from Glint's lair, but Caithe inexplicably disappeared with it.""","«Мы долго и упорно сражались, чтобы защитить Мастера Мира, но он был смертельно ранен в бою. Его предсмертная просьба заключалась в том, чтобы я сохранил яйцо, которое он взял из логова Глинта, но Кейт необъяснимым образом исчезла вместе с ним»."
"""We fought our way across the bridge and blasted open the fortress gates, only to find it swarming with the Scarab Plague. The Primeval army stayed to fight while Braham and I looked for another way in.""","«Мы пробились через мост и взорвали ворота крепости, но обнаружили, что она кишит чумой скарабеев. Первобытная армия осталась сражаться, пока мы с Брейхамом искали другой путь внутрь»."
"""We fought our way through the Moon Fortress, disarming traps and battling minions, until we reached the ossuary.""","«Мы пробились через Лунную крепость, обезвреживая ловушки и сражаясь с приспешниками, пока не достигли склепа»."
"""We fought our way to the weapons-testing facility first. They tried to trap us inside of the main arena, subjecting us to their """"games."""" Flaming walls, traps, explosions—to think that they made some of the prisoners endure those tests. Well, there's not much left of the lab anymore. Kostya, one of the Alliance's leading scientists, tried to stop us, but I don't think anyone was in the mood to talk things out.""","«Сначала мы пробились к испытательному центру. Они пытались заманить нас в ловушку внутри главной арены, подвергая нас своим «играм». Пылающие стены, ловушки, взрывы — если подумать, они заставили некоторых заключенных выдержать эти испытания. Ну, от лаборатории уже мало что осталось. Костя, один из ведущих ученых Альянса, пытался нас остановить, но я не думаю, что кто-то был в настроении высказаться»."
"""We found Arda amid the wreckage of her airship, but the Risen had gotten to her first. I'm glad we had the chance to tell her that the mission succeeded before she died. We have little time to mourn her loss; the invasion of Orr is far from over. Laranthir promised to add Arda's name to the roster of honored dead while I returned to Trahearne for my next mission.""","«Мы нашли Арду среди обломков её дирижабля, но Восставшие добрались до неё первыми. Я рад, что у нас был шанс сказать ей, что миссия завершилась успешно, прежде чем она умерла. У нас мало времени, чтобы оплакивать её потерю; вторжение в Орр ещё далеко от завершения. Ларантир пообещал добавить имя Арды в список почитаемых погибших, пока я вернусь в Трэхирн для своей следующей миссии»."
"""We found Bonfaaz Burntfur and the charr army, sir, in a valley to the north.""","«Мы нашли Бонфааза Огнегрива и армию чарров, сэр, в долине на севере»."
"""We found Vallus Smokemane in a running battle with the ogres. We helped him, but during the commotion he grabbed the idol of Balthazar and ran off. He means to hand it over to human Separatists as ransom for his comrade, but Emer and I are going to stop this exchange and take Vallus into custody.""","«Мы нашли Валлуса Дымчатую Гриву в бегущей битве с ограми. Мы помогли ему, но во время суматохи он схватил идола Бальтазара и убежал. Он собирается передать его людям-сепаратистам в качестве выкупа за своего товарища, но мы с Эмер собираемся остановить этот обмен и взять Валлуса под стражу»."
"""We found that Taimi was okay, despite the horrible destruction of Prosperity. The upheaval caused by the vines, however, revealed a secret passage behind Scarlet's bookcase. In the tunnels under her room, I found a map tracing her route to some unknown destination to the southwest.""","«Мы обнаружили, что с Тайми все в порядке, несмотря на ужасное разрушение Просперити. Однако потрясения, вызванные виноградными лозами, открыли секретный проход за книжным шкафом Скарлет. В туннелях под её комнатой я нашёл карту, на которой прослеживается её маршрут к неизвестному пункту назначения на юго-западе»."
"""We found the ancient scabbard among the ruins of a Stone Summit fortress. With this, we should be able to protect the Sanguinary Blade and keep its corruption from spreading.""",«Мы нашли древние ножны среди руин крепости Каменной вершины. С их помощью мы сможем защитить Сангвинарный клинок и предотвратить распространение его порчи».
"""We get our fair share. In my experience, you put too many people in one place, you always get crime. And by too many, I mean more than two. Heh. Honestly, though, most of our citizens are good folk.""","«Мы получаем свою справедливую долю. По моему опыту, если поместить слишком много людей в одно место, вы всегда получите преступление. И под слишком большим количеством я имею в виду более двух. Хех. Хотя, честно говоря, большинство наших граждан — хорошие люди»."
"""We go now. We run. Yes, fast.""","«Мы идем. Мы бежим. Да, быстро»."
"""We got all the finest exotic delicacies, just like you're in Amnoon! What'll you have?""","«У нас есть все самые изысканные экзотические деликатесы, как и у вас в Амнуне! Что вы будете есть?»"
"""We got some new faces coming through. When they're gone, and the moot is over, this place will be normal again.""","«У нас появились новые лица. Когда они уйдут и спор закончится, это место снова станет нормальным»."
"""We grow a variety of things here. Why, just yesterday, we baled up an impressive harvest of our apple crops.""",«Мы выращиваем здесь самые разные продукты. Буквально вчера мы собрали впечатляющий урожай наших яблонь».
"""We had fun at the hot springs, mm? Scared all those men away with our bathing suits.""","«Мы весело провели время на горячих источниках, мм? Распугали всех этих мужчин своими купальными костюмами»."
"""We had our own vista with a view of the Bay, the market, the hylek, and the tengu.""","«У нас был собственный вид на залив, рынок, хилек и тенгу»."
"""We had some fantastic creatures on display in sturdy cages—though not sturdy enough, apparently! The Branded made short work of them! Oh, what a terrible day! Only this fierce bear survived.""","«У нас были выставлены фантастические существа в прочных клетках — хотя, по-видимому, недостаточно прочных! Клейменные быстро с ними расправились! О, какой ужасный день! Выжил только этот свирепый медведь»."
"""We have a lot of estates and farm villages located in Diessa Plateau that provide a critical service to the legions. Trouble is, we're under constant assault by Separatists and ghosts. Our soldiers fight tooth and nail to keep these nuisances at bay, but it's a never-ending battle. They would appreciate any support you can give.""","«У нас есть много поместий и фермерских деревень, расположенных на плато Дисса, которые оказывают легионам жизненно важную услугу. Проблема в том, что мы находимся под постоянным нападением сепаратистов и призраков. Наши солдаты изо всех сил сражаются, чтобы сдержать эти неприятности, но это бесконечная битва. Они будут признательны за любую поддержку, которую вы можете оказать»."
"""We have a situation of critical importance. We've lost contact with Yeng Isen, one of our agents in Lion's Arch.""","«У нас ситуация критической важности. Мы потеряли связь с Йенг Айсеном, одним из наших агентов в Львиной Арке»."
"""We have a solid army, and people are coming in droves to help us.""","«У нас солидная армия, и люди толпами приходят нам на помощь»."
"""We have a taker! Those of you on the sidelines, pay attention! Maybe you'll learn something.""","«У нас есть берущий! Те из вас, кто в стороне, обратите внимание! Может быть, вы чему-то научитесь»."
"""We have a town to put back together, people. Let's get a move on.""","«Нам нужно восстановить город, ребята. Давайте двигаться дальше»."
"""We have a tradition. We write about our pain and other emotions to be done with them. You'll find journals around, of various kinds. Reading them might give you insight into us.""","«У нас есть традиция. Мы пишем о нашей боли и других эмоциях, чтобы покончить с ними. Вокруг вы найдёте различные журналы. Их чтение может помочь вам лучше понять нас»."
"""We have a two-time winner, spectators! Let's raise the stakes! Place your bets! It's sylvari versus...wait for it...quaggan!""","«У нас есть двукратный победитель, зрители! Давайте поднимем ставки! Делайте ставки! Сильвари против… подождите… квагган!»"
"""We have a winner! Next, you face Roomperoo the Terrible, scourge of the seas!""","«У нас есть победитель! Далее вам предстоит встретиться с Румперу Ужасным, бичом морей!»"
"""We have an especially unruly group of Sons of Svanir on our hands. They come down from their northern camp to attack and pillage the Snow Leopard shrine, and cause all sorts of trouble for the lodge in Snowslide Ravine, and the grawl in Graupel Kohn. Those grawl are friendly, and they don't deserve that grief. If you have time, we'd appreciate your help.""","«В наших руках особенно неуправляемая группа Сынов Сванира. Они приходят из своего северного лагеря, чтобы напасть и разграбить святилище Снежного Барса, а также причинить всевозможные неприятности домику в Снежном Ущелье и граулу в Граупел Коне. Эти граулы дружелюбны и не заслуживают такого горя. Если у вас есть время, мы будем признательны за вашу помощь»."
"""We have capped the number of points that players can earn from a repeatable achievement at 100. We realize that this cap implementation may have changed your achievement point totals, but it was necessary to support an upcoming reward structure for achievement points. We've attached a bonus reward to help make up for some of your time spent gaining these additional achievement points. Thanks for playing Guild Wars 2!""","«Мы ограничили количество очков, которые игроки могут заработать за повторяющееся достижение, равным 100. Мы понимаем, что введение этого ограничения могло изменить общее количество ваших очков достижений, но это было необходимо для поддержки будущей структуры вознаграждения за очки достижений. Мы добавили бонусную награду, чтобы помочь компенсировать часть вашего времени, потраченного на получение этих дополнительных очков достижений. Спасибо за игру в Guild Wars 2!»"
"""We have incoming grawl, from the direction of those caves.""",«К нам приближается грохот со стороны этих пещер».
"""We have long believed that these battlegrounds exist in a repetitious """"fractal state."""" This term was coined by the asuran Mistlock Observatory, which is itself trapped within in a fractal state.""","«Мы долгое время считали, что эти поля битвы существуют в повторяющемся «фрактальном состоянии». Этот термин был придуман асуранской обсерваторией Мистлок, которая сама находится в ловушке внутри фрактального состояния»."
"""We have our orders. Smash the weapons racks, lure the centaurs in, and wipe 'em out.""","«У нас есть приказ. Разбейте стойки с оружием, заманите кентавров и уничтожьте их»."
"""We have thrown off the shackles of our masters, and rose to dominate their former lands.""","«Мы сбросили оковы наших хозяев и поднялись, чтобы доминировать на своих бывших землях»."
"""We have to get in there. Demmi, can you find the override?""","«Нам нужно попасть туда. Демми, ты можешь найти блокировку?»"
"""We have troops at the Lakeside Bazaar looking after our supply lines, but I'd like you to check in on the lines as well.""","«У нас есть войска на базаре на берегу озера, которые следят за нашими путями снабжения, но я бы хотел, чтобы вы тоже проверили эти линии»."
"""We have? I mean, of course we have! I knew this was a worthwhile trip.""","«Есть? Я имею в виду, конечно, есть! Я знал, что это стоящая поездка»."
"""We held on, thank the Spirits.""","«Мы выдержали, слава Духам»."
"""We helped the ogres of Agrak Kraal beat back a flock of local harpies to harvest the lumber we need to shore up the kraal's defenses. The ogres, my mentor, and I all agreed: we've done all we can to prepare, and when the Branded chieftain Uldek returns to destroy the kraal, Lagula and her people will be ready.""","«Мы помогли ограм Аграк Краалю отбить стаю местных гарпий, чтобы собрать древесину, необходимую для укрепления обороны крааля. Огры, мой наставник и я согласились: мы сделали все, что могли, чтобы подготовиться, и когда Клейменный вождь Ульдек вернется, чтобы уничтожить крааль, Лагула и её люди будут готовы»."
"""We helped the skritt kill the destroyer queen, but their scratch was destroyed in the process. Ftokchak agreed to join our fight against the Elder Dragons once his tribe finds a new home.""","«Мы помогли скриттам убить королеву-разрушителя, но их царапина была уничтожена в процессе. Фтокчак согласился присоединиться к нашей борьбе против Старших Драконов, как только его племя найдёт новый дом»."
"""We in the Priory are dedicated to preserving, sharing, and utilizing knowledge. I will gladly share what I know with you.""","«Мы в Приорате стремимся сохранять, делиться и использовать знания. Я с радостью поделюсь с вами тем, что знаю»."
"""We invaded Kudu's laboratory, but he managed to escape. Still, we discovered that Kudu's device is incredibly dangerous—it could permanently alter the weather in Rata Sum. I have to warn the Arcane Council!""","«Мы вторглись в лабораторию Куду, но ему удалось сбежать. Тем не менее, мы обнаружили, что устройство Куду невероятно опасно — оно может навсегда изменить погоду в Рата Суме. Я должен предупредить Тайный Совет!»"
"""We investigated Kudu's testing grounds, but he managed to escape. Still, we discovered that Kudu's device is incredibly dangerous—it could permanently alter the weather in Rata Sum. I have to warn the Arcane Council!""","«Мы исследовали полигон Куду, но ему удалось сбежать. Тем не менее, мы обнаружили, что устройство Куду невероятно опасно — оно может навсегда изменить погоду в Рата Суме. Я должен предупредить Тайный Совет!»"
"""We joined forces with the ogres of Agrak Kraal and defended them from the horde of Branded creatures led by their corrputed former chieftain, Uldek. The kraal was destroyed in the attack, but we did save the ogres themselves. Chieftain Lagula agreed to join our fight against the Elder Dragons as soon as she helps her people establish a new kraal to call home.""","«Мы объединили свои силы с ограми Аграка Крааля и защитили их от орды Клейменных существ во главе с их оскверненным бывшим вождем Ульдеком. Крааль был уничтожен в результате нападения, но мы спасли самих огров. Вождь Лагула согласилась присоединиться к нашей борьбе против Старших Драконов, как только она поможет своему народу основать новый крааль, который станет домом»."
"""We killed the ice dragon minions that came to destroy Gara's village, but at a terrible cost: the village and many of the villagers were lost in the fighting. Most of Gara's people survived, however, and Gara was grateful. Having finally realized the scope of the threat the Elder Dragons pose to all of Tyria, he swore to help us in our fight against them, just as we helped him.""","«Мы убили приспешников ледяных драконов, которые пришли разрушить деревню Гары, но это была ужасная цена: деревня и многие жители деревни были потеряны в боях. Однако большая часть людей Гары выжила, и Гара был благодарен. Наконец осознав масштаб угрозы, которую Старшие Драконы представляют для всей Тирии, он поклялся помочь нам в нашей борьбе с ними, так же, как мы помогли ему»."
"""We killed the queen and all of her eggs. That's a victory. A hard one, but still a victory.""","«Мы убили королеву и все её яйца. Это победа. Тяжёлая, но все же победа»."
"""We know not when these Elder Dragons came to be, only when we became aware of their awakening.""","«Мы не знаем, когда появились эти Старшие Драконы, только когда мы узнали об их пробуждении»."
"""We laughed, we cried, and very few died!""","«Мы смеялись, мы плакали, и очень немногие умерли!»"
"""We left a great big trail for the Ministry Guard. By the time they're done, they'll be so lost they won't know where the sun rises! Now, to meet up with Tybalt and Demmi at the southern safehouse.""","«Мы оставили большой след для Министерской гвардии. К тому времени, как они закончат, они настолько заблудятся, что не будут знать, где встаёт солнце! Теперь нам предстоит встретиться с Тибальтом и Демми в южном убежище»."
"""We make our stand here. The Pale Tree has given me a mighty weapon. Armed with Caladbolg, we cannot fail.""","«Мы выступаем здесь. Бледное Древо дало мне могучее оружие. Вооружившись Каладболгом, мы не проиграем»."
"""We managed to escape the Shatterer's attacks, but Aurene is gone—and the Shatterer chased after her, disappearing through some sort of hole in reality. Even worse, more anomalies are appearing throughout Jahai. Taimi and I have formed a plan to investigate the disturbances.""","«Нам удалось избежать атак Разрушителя, но Аурин ушла — и Разрушитель погнался за ней, исчезнув через какую-то дыру в реальности. Хуже того, по всему Джахаю появляются новые аномалии. Мы с Тайми разработали план по расследованию беспорядков»."
"""We managed to locate and defend the minister and the ambassador, thus saving them from assassination. Ajax won't be stopped so easily, though. We'll have to make a plan to take him out—for good.""","«Нам удалось найти и защитить министра и посла, тем самым спасая их от убийства. Однако Аякса так лёгко не остановить. Нам придётся разработать план, как уничтожить его — навсегда»."
"""We may be outfought, but we will never be beaten!""","«Мы можем быть побеждены, но мы никогда не будем побеждены!»"
"""We may be well-fortified and well-supplied here, but we're also far from the fight, and that doesn't sit well with everyone.""","«Может быть, мы здесь хорошо укреплены и хорошо снабжены, но мы также далеки от боевых действий, и это не всех устраивает»."
"""We met our allies on the new island formed by Kralkatorrik's fall from the Mists. Thanks to the tracker, they were able to follow us.""","«Мы встретили наших союзников на новом острове, образовавшемся в результате падения Кралькаторрика из Туманов. Благодаря трекеру они смогли следовать за нами»."
"""We might be in over our heads, but with the Light of Deldrimor? That's a different story altogether.""","«Может быть, мы и в замешательстве, но со Светом Делдримора? Это совсем другая история»."
"""We must alter the device to detonate only the explosives in the Orrian tunnels, not those beneath this chamber. Lightbringer, this task falls to you.""","«Мы должны изменить устройство, чтобы оно взрывало только взрывчатку в Оррианских туннелях, а не под этой комнатой. Светоносный, эта задача ложится на тебя»."
"""We must base our choices always on reality, and our senses are the only method we possess to perceive it.""","«Мы должны всегда основывать свой выбор на реальности, и наши чувства — единственный метод, которым мы обладаем, чтобы воспринимать её»."
"""We must be getting close to something big here, because they wouldn't have left so many impediments if they weren't defending something important. The others express their doubts, but I've instructed them to press on. It won't be long now.""","«Мы, должно быть, приближаемся к чему-то большому, потому что они не оставили бы так много препятствий, если бы не защищали что-то важное. Остальные выражают свои сомнения, но я поручил им наступать. Это не займет много времени»."
"""We must discover the truths that Tyria needs to survive – where the dragons came from, what they want, and how to defeat them.""","«Мы должны раскрыть правду, необходимую Тирии для выживания: откуда взялись драконы, чего они хотят и как их победить»."
"""We must learn the ways of our new home. Learning to build harmony in these lands will help us to build a new, landbound sanctuary.""","«Мы должны изучить пути нашего нового дома. Научившись строить гармонию на этих землях, мы сможем построить новое убежище на суше»."
"""We must remain vigilant in the face of aggression. Keep your guard up, and watch for any other invaders.""",«Мы должны сохранять бдительность перед лицом агрессии. Будьте начеку и следите за любыми другими захватчиками».
"""We must unite the races against their destruction, or nothing in this world will be spared the falling of the stars. I choose to unify them by demanding their capitulation, conquering where they will not serve, and breaking them if they will not bend.""","«Мы должны объединить расы против их уничтожения, иначе ничто в этом мире не будет избавлено от падения звезд. Я предпочитаю объединить их, потребовав их капитуляции, завоевав там, где они не будут служить, и сломав их, если они не согнутся»."
"""We must unite the races against their destruction, or nothing in this world will be spared the falling of the stars. I choose to unify them by showing through bravery and bold deeds that together, we can do anything.""","«Мы должны объединить расы против их уничтожения, иначе ничто в этом мире не избежит падения звезд. Я предпочитаю объединить их, показав храбростью и смелыми поступками, что вместе мы можем сделать все»."
"""We must unite the races against their destruction, or nothing in this world will be spared the falling of the stars. I choose to unify them by speaking to each race in turn, and convincing them to lay aside old grievances.""","«Мы должны объединить расы против их уничтожения, иначе ничто в этом мире не избежит падения звезд. Я предпочитаю объединить их, обращаясь к каждой расе по очереди и убеждая их отложить старые обиды»."
"""We must unite the races against their destruction, or nothing in this world will be spared the falling of the stars. I choose to unify them by""","«Мы должны объединить расы против их уничтожения, иначе ничто в этом мире не избежит падения звезд. Я выбираю объединить их»"
"""We need elemental lodestones for our mortars. They're the perfect shape, size, and weight for knocking harpies out of their nests. Let me tell you, that's something worth seeing!""","«Нам нужны элементальные магниты для наших минометов. Они идеальной формы, размера и веса, чтобы выбить гарпий из их гнезд. Позвольте мне сказать вам, это то, что стоит увидеть!»"
"""We need extra firepower at the bridge! We take it, we'll take the Flame Legion base.""","«Нам нужна дополнительная огневая мощь у моста! Мы возьмем его, мы возьмем базу Легиона Пламени»."
"""We need her, and she's trying to help. If what she says is true, if they complete that ritual...""","«Она нужна нам, и она пытается помочь. Если то, что она говорит, правда, если они завершат этот ритуал…»"
"""We need more time, agent. This isn't simply a matter of installing an hourglass.""","«Нам нужно больше времени, агент. Это не просто вопрос установки песочных часов»."
"""We need more troops, and then we'll set off.""","«Нам нужно больше войск, и тогда мы отправимся в путь»."
"""We need to collect and decontaminate artifacts, deal with the Inquest in our camp, and...ahhh, the skimmers, too.""","«Нам нужно собрать и обеззаразить артефакты, разобраться с дознанием в нашем лагере и… а-а-а, со скиммерами тоже»."
"""We need to fire some of each type of phytotoxin, together, for maximum effect.""",«Для достижения максимального эффекта нам нужно одновременно использовать несколько фитотоксинов каждого типа».
"""We need to free these prisoners, and then find out where the squad leader was taken.""","«Надо освободить этих пленников, а затем выяснить, куда увезли командира отделения»."
"""We need to get across here. With the proper ingredients, I could grow a new bridge.""",«Нам нужно перебраться сюда. При наличии подходящих ингредиентов я смогу вырастить новый мост».
"""We need to get in, but the entrance is guarded. If they raise an alarm, the operation is over before it begins.""","«Нам нужно проникнуть, но вход охраняется. Если поднимут тревогу, операция закончится, не успев начаться»."
"""We need to look out for each other. Fall in, soldier. This war isn't over yet.""","«Нам нужно заботиться друг о друге. Присоединяйтесь, солдат. Эта война ещё не окончена»."
"""We need to make sure the area is secure from the Mistburned. Volunteers, please.""","«Нам нужно убедиться, что эта территория безопасна от Ожженных Туманом. Добровольцы, пожалуйста»."
"""We need you, and your mercenaries. Zhaitan will be ready for the orders, but you're a wild card it can't predict.""","«Нам нужны вы и ваши наемники. Зайтан будет готов выполнять приказы, но вы — дикая карта, которую он не может предсказать»."
"""We needed to go back to the Coil and look for more clues on this """"Mordremoth.""""""",«Нам нужно было вернуться в Кольцо и поискать больше улик по этому «Мордремоту»»».
"""We never saw them coming...please, help us...our leader is in danger.""","«Мы никогда не видели их приближения... пожалуйста, помогите нам... наш лидер в опасности»."
"""We never worried too much about food or security under King Joko. But recently there have been a lot of suspicious things happening—the villagers are unhappy, and the Awakened are acting strange.""","«При короле Джоко мы никогда особо не беспокоились о еде и безопасности. Но в последнее время происходит много подозрительных вещей — жители деревни недовольны, а Пробуждённые ведут себя странно»."
"""We operate independently enough for this. The Master of Whispers relies on my discretion. If he trusts me, Initiate—so should you.""","«Для этого мы действуем достаточно независимо. Мастер Шепота полагается на мое усмотрение. Если он доверяет мне, инициируй, то же самое следует сделать и тебе»."
"""We reached the site of our battle with Balthazar, and a Priory member named Nereth calculated where she thought his famed sword may have landed. According to her, the Priory should've already recovered it.""","«Мы достигли места нашей битвы с Бальтазаром, и член Приората по имени Нерет вычислила, где, по её мнению, мог приземлиться его знаменитый меч. По её словам, Приорат уже должен был вернуть его»."
"""We really appreciate the help you gave us in dealing with those thieving skritt. Without their shiney things and our weapons, they're a mighty confused bunch of rodents.""","«Мы очень ценим помощь, которую вы нам оказали в борьбе с этими вороватыми скриттами. Без их блестящих штучек и нашего оружия они превратились бы в сбившуюся с толку стаю грызунов»."
"""We really have our hands full around here. Between fighting the Risen, the destroyers, and the Inquest, it's surprising we manage anything else. A local asura lab has been working on some new golems to help out, but they keep running out of power supplies. Some new weapons are being tested against the Risen, too, but it's slow going with only two people working on them. If you're up to helping out, it'd be welcome.""","«У нас здесь действительно полно дел. Удивительно, что между битвами с Восставшими, разрушителями и Дознанием нам удается что-то ещё. Местная лаборатория асур работает над несколькими новыми големами, которые могут помочь, но у них постоянно заканчиваются источники энергии. Некоторые новые виды оружия также испытываются против Восставших, но это идет медленно, над ними работают всего два человека. Если вы готовы помочь, мы будем приветствоваться»."
"""We recovered a powerful magical orb from the depths, and explosives from our top demolitionist...but there have been some disturbing...glitches in communication. Fort Trinity is not yet secure.""",«Мы извлекли из глубин мощный магический шар и взрывчатку у нашего главного подрывника… но произошли некоторые тревожные… сбои в связи. Форт Тринити ещё не в безопасности».
"""We rely on that lake for fish and other resources. The Flame Legion leaves destruction and pollution in their wake, and we want none of it!""","«Мы полагаемся на это озеро в поисках рыбы и других ресурсов. Легион Пламени оставляет после себя разрушения и загрязнения, а мы ничего из этого не хотим!»"
"""We reported to Gixx, the Steward of the Durmand Priory and told him everything about the dwarven tomb and the dredge.""","«Мы доложили Гиксу, управляющему монастыря Дурманд, и рассказали ему все о гномьей гробнице и земснаряде»."
"""We rescued Tchkik, and investigated the destroyer eggs. It seems that the destroyer was a unique creature—a dragon minion that could create offspring. We have to kill that creature before it lays more eggs.""","«Мы спасли Чкика и исследовали яйца разрушителя. Похоже, что разрушитель был уникальным существом — миньоном-драконом, который мог создавать потомство. Мы должны убить это существо, прежде чем оно отложит новые яйца»."
"""We rescued Tegwen! We also freed a hylek named Ehuatl, and an asura named Larra, who were also imprisoned. The item is a mirror from ancient Orr, but the skritt have stolen it. In a strange show of asuran kindness, Larra offered to help us get it back.""","«Мы спасли Тегвена! Мы также освободили хилека по имени Эуатль и асуру по имени Ларра, которые также были заключены в тюрьму. Этот предмет — зеркало древнего Орра, но скритты украли его. Проявив странную асуранскую доброту, Ларра предложил помочь нам вернуть его»."
"""We respect all but answer only to our own. We are the unbreakable wall to shelter the innocent, the unstoppable arrow to pierce the enemy, the unsuppressed voice of support and resistance.""","«Мы уважаем всех, но отвечаем только на свои собственные. Мы — нерушимая стена, защищающая невиновных, неудержимая стрела, пронзающая врага, непрерывный голос поддержки и сопротивления»."
"""We returned to Almorra with the good news of our successful mission in Ebonhawke. My next duty is to speak with one of the minor races. If I help solve their troubles, perhaps I can convince them to join the Vigil.""","«Мы вернулись в Альморру с хорошими новостями о нашей успешной миссии в Эбонхоке. Моя следующая обязанность — поговорить с одной из малых рас. Если я помогу решить их проблемы, возможно, я смогу убедить их присоединиться к Бдению»."
"""We shall remove them from power. Today, they will know the true might of the workers!""",«Мы отстраним их от власти. Сегодня они познают истинную мощь рабочих!»
"""We shall see, dearheart. We shall see. (laugh)""","«Поживем, дорогая. Посмотрим. (смеется)»"
"""We shall see, dearheart. We shall see.""","«Посмотрим, дорогая. Посмотрим»."
"""We should be done in a few minutes, so long as we don't have any more interruptions.""","«Мы должны закончить через несколько минут, если нас больше не отвлекают»."
"""We should confer before you leave, %str1%. Do you have any questions?""","""Нам нужно поговорить, прежде чем ты уйдёшь, %str1%. У тебя есть вопросы?"""
"""We should fall back from Zakiros and regroup. Excellent work, soldiers.""","«Мы должны отступить от Закироса и перегруппироваться. Отличная работа, солдаты»."
"""We should go, Caithe. Zojja may be in trouble.""","«Нам пора идти, Кейт. У Зоджи могут быть проблемы»."
"""We should have heard from Brugh by now. Oh, why did he go alone?""","«Мы уже должны были получить известие от Бруха. О, почему он пошёл один?»"
"""We should journey west. Meet me in the Grove, and we'll speak with the Pale Tree.""","«Нам следует отправиться на запад. Встретимся в Роще, и мы поговорим с Бледным Древом»."
"""We should look for anything those Zephyrites left behind, to tell us how they were able to build their airships.""","«Мы должны поискать все, что оставили эти зефириты, чтобы рассказать нам, как им удалось построить свои дирижабли»."
"""We should settle it now. Now talk with us, decide which beast is the biggest danger, then speak to Shrill Sunderbark about a course of action.""","«Мы должны решить это сейчас. Теперь поговорите с нами, решите, какой зверь представляет наибольшую опасность, а затем поговорите с Визгливым Сандербарком о плане действий»."
"""We should split up. Taimi, Canach, and I will go to Rata Novus. There's potential for information and allies there.""","«Нам следует разделиться. Тайми, Канах и я отправимся в Рата Новус. Там есть потенциал для информации и союзников»."
"""We silenced the Knight of Embers before she could tell the Nightmare Court Malyck's secret: he is from another tree. The implications are staggering. Malyck has gone into the Maguuma to seek his true origin. I hope one day, we will meet again.""","«Мы заставили Рыцаря Углей замолчать, прежде чем она смогла раскрыть тайну Кошмарного Двора Малик: он с другого дерева. Последствия ошеломляют. Малик отправился в Магууму, чтобы найти свое истинное происхождение. Надеюсь, однажды мы встретимся снова»."
"""We skritt grow smarter when we are together. That's why it was vital for Tchkik's scouts to be rescued. The greater the numbers, the better the results.""","«Когда мы вместе, мы становимся умнее. Вот почему для разведчиков Чкика было жизненно важно спасти их. Чем больше их численность, тем лучше результаты»."
"""We skritt need shinies, but we got nothing to trade right now, big friend. Maybe you help skritt, and we trade. You stay, you go. You choose.""","«Нам, скриттам, нужны блестящие, но нам сейчас нечем торговать, большой друг. Может быть, ты поможешь скритту, и мы поторгуемся. Ты остаешься, ты уходишь. Ты выбираешь»."
"""We stand and fight. However, those who wish to leave may do so with the young and old.""","«Мы стоим и сражаемся. Однако те, кто хочет уйти, могут сделать это вместе с молодыми и старыми»."
"""We started to shave him, but he had so much scurf we were afraid to go further.""","«Мы начали его брить, но на нем было так много налета, что мы боялись идти дальше»."
"""We stood beside Glint, ready to face an Elder Dragon, but Logan was suddenly called away.""","«Мы стояли рядом с Глинтом, готовые сразиться со Старшим Драконом, но Логана внезапно отозвали»."
"""We stormed the false god's cave, defeated more of the dragon's servants, and secured the evidence we needed: grawl remains. Gara was confident these bones would be enough to prove that the grawl's offerings aren't being taken to paradise, no matter what the other shaman say.""","«Мы штурмовали пещеру ложного бога, победили ещё больше слуг дракона и получили необходимые нам доказательства: останки грала. Гара был уверен, что этих костей будет достаточно, чтобы доказать, что подношения граля не отправляются в рай, что бы ни говорили другие шаманы»."
"""We think they might have a camp nearby, although we aren't sure just yet. Keep your eyes peeled. We've seen them lurking around the lake and suspect they may tamper with it.""","«Мы думаем, что у них может быть лагерь поблизости, хотя мы пока не уверены. Держите глаза открытыми. Мы видели, как они прячутся вокруг озера, и подозреваем, что они могут вмешаться в него»."
"""We think we've found Nephus, but we need to scout the area first. Draw their attention away for a bit longer.""","«Мы думаем, что нашли Нефуса, но сначала нам нужно разведать местность. Отвлеките их внимание ещё немного»."
"""We thought we'd be safe in the annex. The portal was sealed, the corridor defenses activated—but the Orrians burrowed through the walls.""","«Мы думали, что будем в безопасности в пристройке. Портал был запечатан, защита коридора активирована, но оррианцы прорвались сквозь стены»."
"""We took this camp from the centaurs, but it's just a start. We got plans to rush their camps in the north. We're also going to deal them some real damage with their own catapults—from this side of the river.""","«Мы отобрали этот лагерь у кентавров, но это только начало. У нас есть планы атаковать их лагеря на севере. Мы также собираемся нанести им реальный урон с помощью их собственных катапульт — с этой стороны реки»."
"""We tore ourselves to ribbons, scrabbling for glory. Now, we bicker over mere scraps.""","«Мы разорвали себя на куски, борясь за славу. Теперь мы ссоримся из-за обрывков»."
"""We travel—I mean traveled—the world in ships held aloft by the Aspects of Wind, Sun, and Lightning, seeking sanctum from the violence of life on land.""","«Мы путешествуем — я имею в виду путешествовали — по миру на кораблях, которые поднимают Аспекты Ветра, Солнца и Молнии, ища убежища от насилия жизни на суше»."
"""We tried to save her, but nightmare would not release Ysvelta. Caithe was right—once you've fallen, there is no road back to the Dream. Poor Tiachren was forced to make a tragic decision, and is heartbroken. I will take him to the Mother Tree, to see if she can give him comfort.""","«Мы пытались спасти её, но кошмар не освободил Исвелту. Кейт была права — как только ты упадешь, дороги назад в Сон не будет. Бедная Тиахрен была вынуждена принять трагическое решение и убита горем. Я отведу его к Материнскому Древу, чтобы посмотреть, сможет ли она утешить его»."
"""We use them to keep the sweet animals of the jungle healthy. And occasionally, a human or norn will come through covered with jungle fly bites. Poor things.""","«Мы используем их, чтобы сохранить здоровье милых животных джунглей. И иногда человек или норн проходят мимо, покрытые укусами джунглевых мух. Бедняги»."
"""We used to control the lands this far north, but with the peace talks, we've pulled back and allowed the humans to settle here. Rosko's Campsite, one of the new settlements, needs assistance if it's going to survive. Should it fail, it'll mean trouble for the treaty. If that wasn't enough, a number of charr have defected and created a warband devoted to stopping the peace process at all costs. I'll tell you this, this treaty better be worth the hassle.""","«Раньше мы контролировали земли так далеко на севере, но с мирными переговорами мы отступили и позволили людям поселиться здесь. Лагерь Роско, одно из новых поселений, нуждается в помощи, если хочет выжить. хлопот»."
"""We used to just catch them live. Then the termites came, and they stopped being wood. Now we carve them ourselves.""","«Раньше мы просто ловили их живыми. Потом пришли термиты, и они перестали быть деревянными. Теперь мы вырезаем их сами»."
"""We usually have a steady stream of traders out of Annwen coming through the haven, but I haven't seen any recently. I wonder if something's happened. They have a pretty aggressive hylek tribe as neighbors...""","«Обычно к нам через гавань идет постоянный поток торговцев из Аннвен, но в последнее время я их не видел. Интересно, случилось ли что-нибудь. У них в соседях довольно агрессивное племя хайлеков…»"
"""We wait for our moment to strike, but we mustn't sit idle. Would you sparr with me, %str1%?""","""Мы ждем момента, чтобы нанести удар, но мы не должны сидеть сложа руки. Не мог бы ты поспорить со мной, %str1%?"""
"""We want to pirate. On water. Need ship. Must build ship. We sell the shinies, get ship, be true pirates.""","«Мы хотим пиратствовать. На воде. Нужен корабль. Надо построить корабль. Продаем блестки, получаем корабль, будьте настоящими пиратами»."
"""We welcome you as we have welcomed the unfortunate fallen from the sky. Our desire and duty is to aid them wherever we can. Our tribe tends a sacred oasis and protects it from invading threats. Lately, however, we are seeing an incursion of hostiles who call themselves Inquest. Also, something is attracting the Mordrem to our region. My advice to you? Be wary of dust twisters, stay clear of the """"queen of the skritt,"""" and be well.""","Наше племя ухаживает за священным оазисом и защищает его от угроз вторжения. Однако в последнее время мы наблюдаем вторжение врагов, называющих себя Инквест. Кроме того, что-то привлекает мордремов в наш регион. Мой вам совет? Остерегайтесь смерчей пыли, держитесь подальше от «королевы скриттов» и будьте осторожны. ну."""
"""We went easy on you this time, Hydrone! Next time, you had better be ready to experience the full force of our genius!""","«На этот раз мы обошлись с тобой помягче, Гидрона! В следующий раз тебе лучше быть готовым ощутить всю силу нашего гения!»"
"""We went into the Brand but didn't find the missing ogre chieftain, Uldek. We did find the search party's only surviving member, an ogre named Kokara. She told us Uldek had become Branded and was raising a massive Branded horde to destroy Agrak Kraal. We agreed to help the kraal prepare for the coming onslaught.""","«Мы вошли в Клеймо, но не нашли пропавшего вождя огров, Ульдека. Мы нашли единственного выжившего члена поисковой группы, огра по имени Кокара. Она рассказала нам, что Ульдек стал Клейменным и собирает огромную орду Клейменных, чтобы уничтожить Аграк Краал. Мы согласились помочь краалю подготовиться к предстоящему натиску»."
"""We were able to attune the lodestone you gave me, and it is now capable of locating large concentrations of ley energy.""","«Мы смогли настроить магнит, который вы мне дали, и теперь он способен обнаруживать большие концентрации силовой энергии»."
"""We were attacked by bandits, and I was taken captive. Luckily, some adventurers came to my aid. Our move to Lion's Arch has been put on hold, but at least we're safe.""","«На нас напали бандиты, и я был взят в плен. К счастью, несколько искателей приключений пришли мне на помощь. Наше продвижение к Львиной Арке приостановлено, но, по крайней мере, мы в безопасности»."
"""We were born to call you """"mother."""" The others look to you for protection. Guidance. They follow like livestock.""","«Мы рождены, чтобы называть тебя «матерью». Остальные ждут от тебя защиты. Наставления. Они следуют за тобой, как домашний скот»."
"""We were digging when they blindsided us. Twenty of my miners are dead, and the dredge took the rest away. Those miners are my family! I need to get them back.""","«Мы копали, когда они застали нас врасплох. Двадцать моих шахтеров мертвы, а остальных забрала драга. Эти шахтеры — моя семья! Мне нужно их вернуть»."
"""We were driven from the heart of the earth, forced to live in this newer, brighter world.""","«Мы были изгнаны из сердца земли, вынуждены жить в этом новом, более ярком мире»."
"""We were hunting a Kryptis here, but the local wildlife ambushed us before we could track it down.""","«Мы охотились здесь на Криптиса, но местные дикие животные устроили нам засаду, прежде чем мы смогли его выследить»."
"""We were weakened, but Eir thought we could still stand and fight.""","«Мы были ослаблены, но Эйр думала, что мы ещё сможем выстоять и сражаться»."
"""We will defend Elona from every threat, whether large or small, martial, mystical, or supernatural. We will strike down foes and lift up allies. A Sunspear never fights alone.""","«Мы защитим Элону от любой угрозы, большой или маленькой, военной, мистической или сверхъестественной. Мы сокрушим врагов и поднимем союзников. Солнечное Копьё никогда не сражается в одиночку»."
"""We will defend the Dream. Begone, monster.""","«Мы будем защищать Мечту. Прочь, монстр»."
"""We will live in accordance with the eight virtues: valor, humility, honor, honesty, justice, compassion, sacrifice, and loyalty.""","«Мы будем жить в соответствии с восемью добродетелями: доблестью, смирением, честью, честностью, справедливостью, состраданием, жертвенностью и верностью»."
"""We will never see a day without conflicts, but we should strive to keep a balance of joy and sorrow. Thank you for your help in this.""","«Мы никогда не увидим дня без конфликтов, но мы должны стремиться сохранять баланс радости и печали. Спасибо за вашу помощь в этом»."
"""We will present incriminating documents and sworn testimony from respected members of the community, including the accused's own sister.""","«Мы представим компрометирующие документы и показания под присягой уважаемых членов общества, в том числе родной сестры обвиняемого»."
"""We will return, with greater numbers!""",«Мы вернемся в большем количестве!»
"""We will succeed, and we will dominate!""","«У нас все получится, и мы будем доминировать!»"
"""We will take this fort and make it our own. The Pact will rebuild it. We will place our banners, and from there we will strike at the dragon's heart.""",«Мы возьмем этот форт и сделаем его своим. Пакт восстановит его. Мы установим наши знамена и оттуда нанесем удар в сердце дракона».
"""We will take your land, break your bones, and burn away all traces of your race.""","«Мы заберем вашу землю, сломаем вам кости и сожжем все следы вашей расы»."
"""We will, Eir, and we'll see the dragons fall. Together.""","«Мы сделаем это, Эйр, и увидим падение драконов. Вместе»."
"""We won't forget about you, don't worry.""","«Мы не забудем о тебе, не волнуйся»."
"""We won't. We need that way out for survivors, and a way in for reinforcements, if we're going to turn this around.""","«Мы не будем. Нам нужен выход для выживших и путь для подкрепления, если мы хотим изменить ситуацию»."
"""We work hard to push the limits of science and magic, like with our ballistic cannons and advanced laser defenses! Oh, don't worry! They get disarmed for tours.""","«Мы прилагаем все усилия, чтобы раздвинуть границы науки и магии, например, с помощью наших баллистических пушек и современной лазерной защиты! О, не волнуйтесь! Их обезоруживают во время туров»."
"""We wouldn't have won this battle without you. Thank you. Now, go get some rest. We've got a lot of work ahead of us.""",«Без тебя мы бы не выиграли эту битву. Спасибо. А теперь иди отдохни. У нас впереди много работы».
"""We'll be concealed, but not invisible. Any contact with the dredge will break the spell.""","«Мы будем скрыты, но не невидимы. Любой контакт с драгом разрушит чары»."
"""We'll be there, cheering for our champion!""","«Мы будем там, болеть за нашего чемпиона!»"
"""We'll chat after the fight, cub. Now secure that tower!""","«Мы поговорим после боя, детеныш. А теперь защити эту башню!»"
"""We'll find her, Braham. I promise.""","«Мы найдём её, Брэм. Я обещаю»."
"""We'll find you new hope. And homesteads. Come, walk with me.""","«Мы найдём тебе новую надежду. И усадьбы. Пойдём, прогуляемся со мной»."
"""We'll get the egg back, but right now our top priority is Mordremoth. What's the situation here?""","«Мы вернем яйцо, но сейчас наш главный приоритет — Мордремот. Какова здесь ситуация?»"
"""We'll get you there. Are you coming with us, Weibe?""","«Мы доставим тебя туда. Ты пойдёшь с нами, Вейбе?»"
"""We'll go after them. You're in no shape to come along, though. Can you make it out of here on your own?""","— Мы пойдём за ними. Но ты не в той форме, чтобы идти с ними. Сможешь ли ты выбраться отсюда самостоятельно?"
"""We'll grind them into the ground, brother!""","«Мы их в землю сотрем, брат!»"
"""We'll have you fighting dragons in no time. That's in our charter, you know. But until then, let's put on a show and dig our way into that mine.""","«В кратчайшие сроки мы заставим тебя сражаться с драконами. Знаешь, это в нашем уставе. А пока давай устроим представление и проложим себе путь в эту шахту»."
"""We'll head for the Renegades' camp, and attack with all the force we can muster. Good choice, Recruit.""","«Мы направимся к лагерю отступников и атакуем всеми силами, которые сможем собрать. Хороший выбор, рекрут»."
"""We'll make it, Wynnet.""","«Мы справимся, Виннет»."
"""We'll never forget you. They can't fly and they can't sing, but they're still my babies.""","«Мы никогда тебя не забудем. Они не умеют летать и петь, но они все ещё мои дети»."
"""We'll never get recruits. These dustbunnies have no interest in gut-wrenching, mind-blowing war. The Mists are too exclusive.""","«Мы никогда не получим рекрутов. Эти пылевые кролики не заинтересованы в мучительной, умопомрачительной войне. Туманы слишком эксклюзивны»."
"""We'll protect you while you ready the bomb. If we should fall, skritt, I expect you to detonate that ordnance—no matter what.""","«Мы защитим тебя, пока ты готовишь бомбу. Если мы упадем, скритт, я ожидаю, что ты взорвешь этот снаряд — несмотря ни на что»."
"""We'll provide some of what you'll need, but not everything. You'll need to gather more components for a Gift of Mastery and a Gift of Fortune.""","«Мы предоставим кое-что из того, что вам понадобится, но не все. Вам нужно будет собрать больше компонентов для Дара мастерства и Дара удачи»."
"""We'll rally in the courtyard. You light the warning beacons. Now, go!""",«Мы соберемся во дворе. Ты зажги предупредительные маяки. А теперь иди!»
"""We'll rebuild. Fall back, regroup, and pray the trading post can hold them off on its own.""","«Мы восстановимся. Отступаем, перегруппировываемся и молимся, чтобы торговый пост смог сдержать их самостоятельно»."
"""We'll stand with you and fight. We know these things from the deeps, know their cruelty. Come, meet me back at the village. Much to do.""","«Мы будем стоять с тобой и сражаться. Мы знаем этих тварей из глубин, знаем их жестокость. Приходите, встретимся со мной в деревне. Много дел»."
"""We'll start bolstering our supply chain. If you want to pitch in, every little bit helps.""","«Мы начнем укреплять нашу цепочку поставок. Если вы хотите внести свой вклад, вам поможет каждая мелочь»."
"""We'll take it from here, soldiers. Hold this entrance in case we need to retreat.""","«Мы возьмем его отсюда, солдаты. Придерживайте этот вход на случай, если нам придётся отступить»."
"""We'll take some shavings from the statue. If we can build a containment vessel to hold those safely, it should be able to suppress the sword.""","«Мы возьмем немного стружек со статуи. Если мы сможем построить сосуд для их безопасного хранения, он сможет подавить меч»."
"""We'll work together. No matter what, protect this space.""","«Мы будем работать вместе. Несмотря ни на что, защитите это пространство»."
"""We're Ash Legion. We keep our blades sharp and our minds sharper, always ready to go after the strongest enemies of the legion.""","«Мы — Пепельный Легион. Мы держим наши клинки острыми, а наш разум — ещё острее, всегда готовы преследовать самых сильных врагов легиона»."
"""We're all fine. Caithe's probably out there somewhere, watching us.""","«У нас все в порядке. Кейт, вероятно, где-то там и наблюдает за нами»."
"""We're almost there, Lyhr. Just hold on!""","«Мы почти у цели, Лир. Просто держись!»"
"""We're brothers, Gwen. And we've got bigger things to worry about than old grudges.""","«Мы братья, Гвен. И у нас есть вещи поважнее, чем старые обиды»."
"""We're close. I scouted around while waiting for you, and it doesn't look good. I'm seeing signs of dredge.""","«Мы близко. Я осмотрелся, пока ждал тебя, и это выглядит не очень хорошо. Я вижу признаки драгирования»."
"""We're comparing notes with our team at Thunder Ridge Camp, and already we have some compelling findings.""",«Мы сравниваем результаты с нашей командой в лагере Тандер-Ридж и уже имеем некоторые убедительные выводы».
"""We're driving the grawl out of here, but they aren't leaving without a fight.""","«Мы выгоняем гралов отсюда, но без боя они не уйдут»."
"""We're expected elsewhere, but I wish you luck in settling new grounds. May the holy Sun shine on you and protect you. Till we meet again.""","«Нас ждут в другом месте, но я желаю тебе удачи в освоении новых земель. Пусть святое Солнце светит тебе и защищает тебя. До новых встреч»."
"""We're going after her. She's causing trouble, and I don't want anyone dying because of her foolishness.""","«Мы идем за ней. Она создает проблемы, и я не хочу, чтобы кто-нибудь погиб из-за её глупости»."
"""We're going to collapse a portion of Windloss Delves to keep the skritt from attacking the lumbermill. It's a sketchy plan, but as long we can get past any skritt defenders, it should work.""","«Мы собираемся разрушить часть Подземелий Затмения Ветра, чтобы не дать скриттам атаковать лесопилку. Это схематический план, но пока мы сможем обойти любых защитников скриттов, он должен сработать»."
"""We're going to have a beautiful future, my friend. A beautiful future.""","«Нас ждет прекрасное будущее, друг мой. Прекрасное будущее»."
"""We're going to kick this hornet's nest to see what comes buzzing out. And if it's Cargiss, we're going to use that chugger to swat him down hard. Clear?""","«Мы собираемся разбить это осиное гнездо и посмотреть, что оттуда выскочит. А если это Каргисс, мы собираемся использовать этот пыхтитель, чтобы сильно его прихлопнуть. Ясно?»"
"""We're going to make it, we're going to make it, we're seriously going to make it.""","«Мы собираемся сделать это, мы собираемся сделать это, мы серьёзно собираемся сделать это»."
"""We're going to need weapons to rise up against the clanmarshal, and the only place we're going to find real weapons is in the garrison. You'll need keys from the Awakened guards patrolling the area.""","«Чтобы восстать против маршала клана, нам понадобится оружие, а настоящее оружие мы можем найти только в гарнизоне. Вам понадобятся ключи от пробудившихся стражников, патрулирующих территорию»."
"""We're gonna play heroes, and go through the Trials!""",«Мы будем играть героев и проходить Испытания!»
"""We're gonna use it to lure a bear into the house. I heard if you do it right, you can fight a bear. You ever fight a bear?""","«Мы собираемся использовать его, чтобы заманить медведя в дом. Я слышал, если ты все сделаешь правильно, ты сможешь сразиться с медведем. Ты когда-нибудь дрался с медведем?»"
"""We're hanging our noses out. Unless we want to go back with our tails between our legs, we better beef up those defenses, starting with those damaged turrets.""","«Мы высунем носы. Если мы не хотим вернуться назад, поджав хвосты, нам лучше усилить оборону, начиная с поврежденных турелей»."
"""We're here to abscond with you...and with the beer. The beer's already vanished into thin air, so now it's your turn.""","«Мы здесь, чтобы скрыться с тобой... и с пивом. Пиво уже растворилось в воздухе, так что теперь твоя очередь»."
"""We're here to help the sylvari and asura, to hopefully enlist them for the coming conflict against the Elder Dragons. More recently we've been focused on the breach in the mountains to the west.""","«Мы здесь, чтобы помочь сильвари и асурам, чтобы, надеюсь, привлечь их к предстоящему конфликту со Старшими Драконами. Совсем недавно мы сосредоточились на прорыве в горах на западе»."
"""We're holding off the Flame Legion assaults, but I got three scouts all begging for extra forces. Whaddya know—here they are now.""","«Мы сдерживаем атаки Легиона Пламени, но у меня есть три разведчика, которые просят о дополнительных силах. Что ты знаешь — они сейчас здесь»."
"""We're hoping to dig it out and return those citizens to their homes, once we have the time and resources available.""","«Мы надеемся раскопать это и вернуть этих граждан в их дома, как только у нас будет время и ресурсы»."
"""We're in pretty rough shape here, Commander. Nobody knows what to do!""","«Мы здесь в довольно тяжёлом положении, коммандер. Никто не знает, что делать!»"
"""We're in the midst of preparing for a roller beetle race! Your patience is appreciated. In the meantime, you can practice with a time trial lap or two.""","«Мы находимся в самом разгаре подготовки к гонкам на кругложуках! Мы ценим ваше терпение. А пока вы можете потренироваться, проехав один или два круга в гонке на время»."
"""We're just...temporarily inconvenienced. They're going to dig our homes out for us soon, you'll see.""","«Мы просто... временно испытываем неудобства. Скоро они собираются выкопать для нас наши дома, вот увидишь»."
"""We're long past excuses, Ryland. You made your choice. This needs to end.""","«Мы давно уже не оправдываемся, Райланд. Ты сделал свой выбор. Этому нужно положить конец»."
"""We're looking for Soul Binders here—a kind of magical chain that can ensnare Branded. If you have any to spare, it would be a great help.""","«Мы ищем здесь Хранители душ — своего рода магическую цепь, которая может заманить в ловушку Клейменного. Если у вас есть лишние, это будет большим подспорьем»."
"""We're lucky here in the Grove, you know? So far, we've had no major attacks. I hope it lasts. They tell me the dragon's undead are sending offshoots our way, though.""","«Знаешь, нам здесь, в Роще, повезло? До сих пор на нас не было серьёзных нападений. Надеюсь, это продлится долго. Хотя мне говорят, что драконья нежить посылает в нашу сторону ответвления»."
"""We're making a difference. If any dredge have survived the undead attack, we'll find them.""","«Мы меняем ситуацию. Если какой-либо драдж пережил атаку нежити, мы его найдём»."
"""We're marching up to this place they call Incendio Templum. It's their HQ in this region, and we're going to kick them out of it. It's got great Flame-whumping potential. Wanna come?""","«Мы идем к этому месту, которое они называют Incendio Templum. Это их штаб-квартира в этом регионе, и мы собираемся выгнать их оттуда. У него огромный потенциал для подавления пламени. Хочешь пойти?»"
"""We're near the camp where we met. Find me at the main pylon there, and I'll tell you what your next step should be.""","«Мы недалеко от лагеря, где встретились. Найди меня там у главного пилона, и я скажу тебе, каким должен быть твой следующий шаг»."
"""We're nearing the ultimate experiment, an entity utilizing a kernel of remarkable power.""","«Мы приближаемся к окончательному эксперименту: сущность, использующая ядро ??удивительной силы»."
"""We're not delivering Minotaur to your pet, we're delivering your pet to him. He's going to trample that thing flat.""","«Мы не доставляем Минотавра вашему питомцу, мы доставляем вашего питомца ему. Он собирается растоптать эту штуку»."
"""We're not sightseeing here. If we don't get going, we'll never get there.""","«Мы здесь не осматриваем достопримечательности. Если мы не пойдём, мы никогда туда не доберемся»."
"""We're on the right track, but the twins won't stop bickering. If they'd just work together, they could be an amazing team.""","«Мы на правильном пути, но близнецы не перестают ссориться. Если бы они работали вместе, из них могла бы получиться потрясающая команда»."
"""We're overwhelmed responding to casualties from the Zephyrite crash. Inquest agents are rushing in to take advantage of these poor people, and the frequent sandstorms only add to our woes. I hear the nearby mining town of Prosperity has also seen its share of trouble, but we've been too busy assisting the crash survivors to investigate.""","«Мы перегружены действиями по реагированию на жертвы крушения «Зефирита». Агенты расследования спешат воспользоваться этими бедными людьми, а частые песчаные бури только усугубляют наши беды. Я слышал, что близлежащий шахтерский городок Просперити тоже пережил свою долю неприятностей, но мы были слишком заняты, помогая выжившим в катастрофе, чтобы провести расследование»."
"""We're proud that you have chosen to serve alongside us. Your mentor will be Forgal, one of our finest soldiers, and the most stalwart norn I know.""","«Мы гордимся тем, что вы решили служить вместе с нами. Вашим наставником будет Форгал, один из наших лучших солдат и самый стойкий норн, которого я знаю»."
"""We're proud that you've chosen to serve alongside us. Your mentor will be Forgal, one of our finest soldiers, and the most stalwart norn I know.""","«Мы гордимся тем, что вы решили служить вместе с нами. Вашим наставником будет Форгал, один из наших лучших солдат и самый стойкий норн, которого я знаю»."
"""We're ready to airlift you to the combat zone, Commander.""","«Мы готовы перебросить вас в зону боевых действий, командир»."
"""We're retiring that old ballista. Before she goes, though, we're practicing our dodging and hacking skills. You want to join us? Just run from here to her and give her a few good whacks.""","«Мы убираем эту старую баллисту. Однако прежде чем она уйдёт, мы потренируемся в навыках уклонения и взлома. Хочешь присоединиться к нам? Просто беги отсюда к ней и дай ей несколько хороших ударов»."
"""We're so far from home, it makes me itchy. Nothing is the same here.""","«Мы так далеко от дома, что у меня зудит. Здесь все по-другому»."
"""We're still getting things cleaned up and itemized, but Mabon's collection was hit hardest.""","«Мы все ещё наводим порядок и классифицируем вещи, но больше всего пострадала коллекция Мабона»."
"""We're stockpiling a sap called Melandru's Tears. It reflects ley magic, so the Pact needs it for their reflectors. It accumulates on the bigger trees around here.""","«Мы запасаем сок под названием «Слезы Меландру». Он отражает силовую магию, поэтому Пакту он нужен для своих отражателей. Он накапливается на больших деревьях здесь»."
"""We're strong in the dark, and you know it. We're both of the Cycle of Night.""","«Мы сильны в темноте, и ты это знаешь. Мы оба из Цикла Ночи»."
"""We're taxed to pay those peacekeepers, and then the Hamaseen collect their own protection money. Still no one protects us.""","«Мы облагаем налогом, чтобы платить этим миротворцам, а затем хамасины собирают свои собственные деньги за защиту. Но нас по-прежнему никто не защищает»."
"""We're trying solve a problem with this treasure. It seems to be cursed. The professor thinks we should just bury it, but I believe it can be cleansed.""","«Мы пытаемся решить проблему с этим сокровищем. Кажется, оно проклято. Профессор считает, что нам следует просто закопать его, но я верю, что его можно очистить»."
"""We're under assault! Please, help us keep the undead from destroying all we've accomplished!""","«На нас напали! Пожалуйста, помогите нам не дать нежити разрушить все, чего мы достигли!»"
"""We're up-and-coming. I mean, who else can boast this much synergy?""","«Мы многообещающие. Я имею в виду, кто ещё может похвастаться такой синергией?»"
"""We're working on it. Thanks again, Ibli.""","«Мы работаем над этим. Ещё раз спасибо, Ибли»."
"""We're... Our people, the Pale Tree, all dragon spawn?""","«Мы... Наши люди, Бледное Древо, все отродья драконов?»"
"""We've already hit our quota on Melandru's Tears, but I suppose a few extras never hurt anyone.""","«Мы уже выполнили свою норму по «Слезам Меландру», но я полагаю, что несколько статистов никому не повредят»."
"""We've been comparing the residue of Scarlet's miasmic weapon with toxic debris from the Tower of Nightmares in Kessex Hills, in our search to cure Scarlet's Rattle.""","«Мы сравнивали остатки миазмического оружия Скарлет с токсичными обломками Башни Кошмаров в Кессекс-Хиллз, пытаясь вылечить погремушку Скарлет»."
"""We've been stationed here to scout the Temple of Lyssa. It has great historic significance, not to mention a cache of magical artifacts.""","«Мы прибыли сюда для разведки Храма Лиссы. Он имеет огромное историческое значение, не говоря уже о тайнике магических артефактов»."
"""We've begun a process to refill the ooze sludge reservoirs inside PR&T Esoterics, and we could use some assistance. Interested?""",«Мы начали процесс пополнения резервуаров для ила в PR.
"""We've bought ourselves some time. Quickly, lend your aid to my spell!""",«Мы выиграли немного времени. Быстро помогите моему заклинанию!»
"""We've broken them this time, but you can be sure they'll be back once they've regrouped.""","«На этот раз мы их разбили, но можешь быть уверен, что они вернутся, как только перегруппируются»."
"""We've come this far. Maybe with our friends and the Light of Deldrimor, we've got a chance.""","«Мы зашли так далеко. Возможно, с нашими друзьями и Светом Делдримора у нас есть шанс»."
"""We've decided to sneak Demmi out under cover of darkness. We'll lose the necklace, mislead Landon, and slip out under his nose.""","«Мы решили увести Демми под покровом темноты. Мы потеряем ожерелье, введем Лэндона в заблуждение и ускользнем у него под носом»."
"""We've done it. Oh, look what we've made.""","«Мы сделали это. О, посмотрите, что мы сделали»."
"""We've even been able to recreate it! Here, you can have your stone back. Come talk to me if you ever need another one.""","«Нам даже удалось его воссоздать! Здесь ты можешь вернуть свой камень. Приходи и поговори со мной, если тебе когда-нибудь понадобится ещё один»."
"""We've gained footing here, but it won't be easy to hold. We have two units dispatched in the immediate vicinity. One is kicking and keeping the Flame Legion out of Vidius Castrum. The other's extinguishing Flame magic on the Forge Plains. Both could use an assist. Get on out there.""","«Мы закрепились здесь, но удержать его будет нелегко. В непосредственной близости отправлены два отряда. Один из них отгоняет и не пускает Легион Пламени в Видиус Каструм. Другой тушит магию Пламени на Кузнечных Равнинах. Обоим не помешает помощь. Идите туда»."
"""We've got 20 minutes before they realize what we're up to. We go in quick, we kill centaurs, and we blow up their catapults.""","«У нас есть 20 минут, прежде чем они поймут, что мы задумали. Мы идем быстро, убиваем кентавров и взрываем их катапульты»."
"""We've got hostiles inbound, boss. Looks like grawl. What are your orders?""","«К нам приближаются враги, босс. Похоже на рычание. Каковы ваши приказы?»"
"""We've got new problems: Joko's back, and he's got Taimi—at Fahranur.""","«У нас новые проблемы: Джоко вернулся, и у него есть Тайми — в Фахрануре»."
"""We've got one job: make a road from the Black Citadel to the front lines. Instead, we got a mess on our hands. The forest is haunted, and the clearing teams are...well, spooked. Separatists are hiding in the hills, waging hit-and-run campaigns against us. Finally, that huge wall the humans built centuries ago needs to come down, but their ghosts are doing everything to stop that.""","«У нас есть одна задача: проложить дорогу от Чёрной Цитадели до линии фронта. Вместо этого у нас на руках беспорядок. Лес населен привидениями, а команды зачистки... ну, напуганы. Сепаратисты прячутся в холмах, ведут против нас кампании «нападай и беги». Наконец, та огромная стена, которую люди построили много веков назад, должна быть разрушена, но их призраки делают все, чтобы остановить это»."
"""We've got things covered here, but the refugees will need help getting to camp safely.""","«У нас здесь все предусмотрено, но беженцам понадобится помощь, чтобы безопасно добраться до лагеря»."
"""We've got to get the hyleks' attention before they'll listen. Should we try to win their tournament, or track down their high priestess?""","«Мы должны привлечь внимание хайлеков, прежде чем они начнут слушать. Должны ли мы попытаться выиграть их турнир или выследить их верховную жрицу?»"
"""We've got to rebuild the defenses, but we don't have the materials to do it.""","«Нам нужно восстановить оборону, но у нас нет для этого материалов»."
"""We've got trouble, Slayer. Knut Whitebear wants me to handle it...peacefully. This legionnaire says she's here to collect on a debt you owe her warband.""","«У нас проблемы, Истребитель. Кнут Белый Медведь хочет, чтобы я разобрался с ними... мирным путем. Этот легионер говорит, что она здесь, чтобы взыскать долг, который вы должны её отряду»."
"""We've got you now, beast! Sure as rivers run downhill.""","«Теперь ты у нас, зверь! Это точно, как реки текут вниз»."
"""We've got you now, rat!""","«Теперь ты у нас есть, крыса!»"
"""We've had some scary moments, but when I see this place, it makes me glad to be here.""","«У нас были некоторые пугающие моменты, но когда я вижу это место, я радуюсь тому, что нахожусь здесь»."
"""We've identified a powerful weapon in the grawl. They know spells that counter Flame Legion magic. We need to test their viability as a reliable ally by persuading them to fight at Atrox Castrum. Seek out their chieftains and find out how you can help them. This will build friendships, ensure their loyalty, and distract them from our agents' more subtle manipulations.""","«Мы обнаружили мощное оружие в грале. Они знают заклинания, которые противостоят магии Легиона Пламени. Нам нужно проверить их жизнеспособность как надёжного союзника, убедив их сражаться на Атрокс Каструм. Разыщите их вождей и узнайте, как вы можете им помочь. Это укрепит дружеские отношения, обеспечит их лояльность и отвлечет их от более тонких манипуляций наших агентов»."
"""We've made it into Orr. We can't celebrate yet, though. Holding this place from the Risen will be challenging.""",«Мы добрались до Орра. Однако мы пока не можем праздновать. Удержать это место от Восставших будет непросто».
"""We've marched through some nasty places, but this...this is in the top three.""","«Мы прошли через несколько неприятных мест, но это… это в тройке лучших»."
"""We've met Ftokchak, the skritt. His people have found several unusual dwarven artifacts. While we were looking at the artifacts, we realized the skritt had found something far more dangerous—eggs, created by a Destroyer.""","«Мы встретили Фтокчака, скритта. Его люди нашли несколько необычных дварфийских артефактов. Пока мы рассматривали артефакты, мы поняли, что скритт нашёл что-то гораздо более опасное — яйца, созданные Разрушителем»."
"""We've only scratched the surface. With this upgrade, we can get some real mining done!""",«Мы только коснулись поверхности. Благодаря этому обновлению мы сможем заняться настоящей добычей полезных ископаемых!»
"""We've packed up some of the books, but not all. This is a terrible disaster! Keep those undead out of here!""","«Мы собрали некоторые книги, но не все. Это ужасная катастрофа! Не подпускайте сюда эту нежить!»"
"""We've received reports of more crash sites. There may be survivors out there in need of help, Commander.""","«Мы получили сообщения о новых местах крушения. Возможно, там есть выжившие, нуждающиеся в помощи, командир»."
"""We've received reports of survivors in the forest up north, Saidra's Haven to the east, and New Loamhurst to the southeast.""","«Мы получили сообщения о выживших в лесу на севере, в Гавани Сайдры на востоке и в Нью-Ломхерсте на юго-востоке»."
"""We've seen a few survivors coming out of the jungle, and the news isn't good.""","«Мы видели, как несколько выживших вышли из джунглей, и новости не очень хорошие»."
"""We've sent a group to disable Holdland Camp. If we can pull it off, it'll be a major strategic victory for the Seraph.""","«Мы послали группу, чтобы вывести из строя лагерь Холдланд. Если нам удастся это осуществить, это станет крупной стратегической победой Серафимов»."
"""We've stopped the Branded here, but more will follow. They always do.""","«Здесь мы остановили Клейменных, но за ними последуют новые. Они всегда так делают»."
"""We've taken the outer cells; it's time to push inward! You soldiers, keep our escape route secure.""","«Мы захватили внешние камеры; пришло время продвигаться внутрь! Солдаты, держите наш путь отхода в безопасности»."
"""We, Too, Can Be Vessels of Knowledge and Truth: Found on the ground floor.""",«Мы тоже можем быть сосудами знания и истины: находится на первом этаже».
"""We, could use a little help.""",«Нам не помешала бы небольшая помощь».
"""We, his loyal and devoted subjects, light these candles in his esteemed memory.""","«Мы, его верные и преданные подданные, зажигаем эти свечи в его почтенную память»."
"""We, on the other hand, can be bought. Balthazar knew you'd turn on him eventually. We're Phase Two.""","«Нас, с другой стороны, можно купить. Бальтазар знал, что в конце концов ты на него нападешь. Мы на второй фазе»."
"""We, the Exalted, have known for a long time that this day would come. We are prepared.""","«Мы, Возвышенные, давно знали, что этот день наступит. Мы готовы»."
"""We, the dredge people, have succeeded where so many have failed.""","«Мы, землечерпалки, преуспели там, где многие потерпели неудачу»."
"""Weak enemy (1,000,000 health).""",«Слабый враг (1 000 000 здоровья)».
"""Weaken Drakkar by destroying Idols of Jormag, or aid Jhavi in a direct attack.""","«Ослабьте Драккара, уничтожив идолов Йормага, или помогите Джави в прямой атаке»."
"""Weaken dredge, and recover relics.""",«Ослабьте драгу и найдите реликвии».
"""Weaken enemies when you disable or immobilize them. <c=@reminder>Disables include stun, daze, knockback, pull, knockdown, sink, float, launch, taunt, and fear.</c>""","«Ослабляет врагов, когда вы обездвиживаете или обездвиживаете их. <c=@reminder>Отключение включает оглушение, ошеломление, отбрасывание, притягивание, нокдаун, погружение, плавание, запуск, насмешку и страх.</c>»"
"""Weaken nearby enemies. Grant fury, might, and swiftness to yourself and nearby allies.""","«Ослабьте ближайших врагов. Даруйте ярость, мощь и быстроту себе и ближайшим союзникам»."
"""Weaken the Drakkar Spurs icebrood, destroy icebrood turrets, and assist kodan in the area.""","«Ослабьте ледяной выводок Драккарских шпор, уничтожьте ледяные турели и помогите Кодану в этом районе»."
"""Weaken the garrison by tearing down propaganda, burning corpses in the mausoleum, defeating hostile Awakened, and defusing mines using kits obtained in crates throughout the area.""","«Ослабьте гарнизон, уничтожая пропаганду, сжигая трупы в мавзолее, побеждая враждебных Пробудившихся и обезвреживая мины с помощью комплектов, добытых в ящиках по всей территории»."
"""Weaken your foe with a fierce blow, dealing increased damage when striking a controlled foe.<br><c=@reminder>Controls include stun, daze, knockback, pull, knockdown, sink, float, launch, taunt, and fear.</c>""","«Ослабьте противника яростным ударом, нанося увеличенный урон при ударе по контролируемому противнику.<br><c=@reminder>Управление включает в себя оглушение, ошеломление, отбрасывание, притягивание, нокдаун, погружение, плавание, запуск, насмешку и страх.</c>»"
"""Weaken your foe with a fierce blow, dealing increased damage when striking a controlled or defiant foe.<br><c=@reminder>Controls include stun, daze, knockback, pull, knockdown, sink, float, launch, taunt, and fear.</c>""","«Ослабьте противника яростным ударом, нанося увеличенный урон при ударе по контролируемому или непокорному противнику.<br><c=@reminder>Управление включает в себя оглушение, ошеломление, отбрасывание, притягивание, нокдаун, погружение, плавание, запуск, насмешку и страх.</c>»"
"""Weapon Strength: <c=""""%str1%"""">%num1% - %num2%</c>""","""Сила оружия: <c=""""%str1%"""">%num1% - %num2%</c>"""
"""Weapon supplies are being escorted to the southern shore of Orr. Without the additional firepower, the gates of Orr will never fall.""",«Запасы оружия сопровождаются на южный берег Орра. Без дополнительной огневой мощи ворота Орра никогда не падут».
"""Weaponmasters are free to wield any weapon they have learned to use, regardless of their current elite specialization.""","«Мастера оружия могут свободно владеть любым оружием, которым они научились пользоваться, независимо от своей текущей элитной специализации»."
"""Weapons from the most recently released set can be purchase for 1 ticket each, while older sets will cost additional tickets.""","«Оружие из последнего выпущенного набора можно приобрести за 1 билет каждый, а за более старые наборы придётся платить дополнительные билеты»."
"""Wearing a golem battlesuit prototype, I was dropped near the Cathedral of Zephyrs to secure a Searing Cauldron. Pact pilot Arda Gyreshriek, who delivered me to the site, made sure I had assistance against the Risen ground forces while Laranthir of the Wild led a support team after I cleared the zone. With their help, I was able to clear out the cauldron's Risen defenders and claim this powerful weapon for the Pact.""","«В прототипе боевого костюма голема меня высадили возле Собора Зефиров, чтобы обезопасить Горящий котел. Пилот Пакта Арда Гирешрик, которая доставила меня на место, позаботилась о том, чтобы у меня была помощь против наземных сил Восставших, в то время как Ларантир Дикой природы возглавил группу поддержки после того, как я очистил зону. С их помощью я смог уничтожить восставших защитников котла и забрать это мощное оружие для Пакта»."
"""Welcome back, Commander. I've made considerable progress on my end. How did you fare?""","«С возвращением, коммандер. Я добился значительного прогресса со своей стороны. Как у вас дела?»"
"""Welcome back, Commander. My dead drop records are incomplete, but we're getting there. Don't give up.""","«С возвращением, командир. Мои записи о тайниках неполны, но мы идем к цели. Не сдавайтесь»."
"""Welcome back, friend.""","«С возвращением, друг»."
"""Welcome back, my friend.""","«С возвращением, мой друг»."
"""Welcome to Ascalon City. We're still fighting a battle hundreds of years old, to reclaim our rightful lands. Something has to be done to drive the ghosts out, for good.""","«Добро пожаловать в Аскалон-Сити. Мы все ещё ведём битву, которой уже сотни лет, за возвращение наших законных земель. Нужно что-то сделать, чтобы навсегда изгнать призраков»."
"""Welcome to Astorea. As you journey forth into the unknown, know that you are not alone. Seek guidance from those who make their homes here and help them in their time of need. The path ahead is yours to choose.""","«Добро пожаловать в Асторея. Путешествуя в неизведанное, знайте, что вы не одиноки. Ищите совета у тех, кто поселился здесь, и помогите им в трудную минуту. Путь вперёд — ваш выбор»."
"""Welcome to Augury's Shadow, home to the Followers of Ascension. Xunn is searching for Forgotten glyphs, Dawnwynn cuts down Branded, and Adisa collects Slivers of Vlast for my smithing.""","«Добро пожаловать в Тень Авгурия, дом Последователей Вознесения. Сунн ищет Забытые глифы, Донвинн рубит Клеймо, а Адиса собирает Осколки Власта для моего кузнеческого дела»."
"""Welcome to Autumn's Vale, stranger. Come during a good season, you have.""","«Добро пожаловать в Осеннюю долину, незнакомец. Приходите в хорошее время года, у вас есть»."
"""Welcome to Camp Resolve, Commander.""","«Добро пожаловать в лагерь Решимость, командир»."
"""Welcome to Diessa Plateau. Traveling east of the haven, you'll find a few of our soldiers are on holiday celebrating Meatoberfest. It's a grand festival where you can eat and drink as much as you want. The only downside to the festival is that it makes us regular targets for Separatists. The noise also causes us grief with the dredge. They have a large base of operations north of the festival. And if they're not bothering us here, they're off bothering the miners at the quarry. We'd appreciate any assistance you could offer us. And don't forget to have a good time!""","«Добро пожаловать на плато Дисса. Путешествуя к востоку от гавани, вы обнаружите, что несколько наших солдат находятся в отпуске, празднуя Мятоберфест. Это грандиозный фестиваль, где вы можете есть и пить столько, сколько захотите. Единственным недостатком фестиваля является то, что он делает нас постоянными объектами для сепаратистов. Шум также причиняет нам горе из-за драги. У них есть большая оперативная база к северу от фестиваля. И если они не беспокоят нас здесь, они уходят. беспокоить шахтеров в карьере. Мы будем признательны за любую помощь, которую вы нам предложите. И не забудьте хорошо провести время!»"
"""Welcome to Dredgehaunt Cliffs. You'll find a lot of Priory researchers in these parts. To the south is a camp investigating strange happenings with ice elementals. North of here, more researchers are trying to charm the skritt, who may know about the ancient races and abundant magic in this area. If you're interested in helping out, check in with the researchers.""","«Добро пожаловать в утесы Дреджхаунт. В этих краях вы найдёте множество исследователей Приората. На юге находится лагерь, расследующий странные происшествия с ледяными элементалями. К северу отсюда ещё больше исследователей пытаются очаровать скриттов, которые могут знать о древних расах и богатой магии в этой области. Если вы заинтересованы в помощи, свяжитесь с исследователями»."
"""Welcome to Durmand Hall, the base of operations for the Durmand Priory in Divinity's Reach. Feel free to look around and ask questions.""","«Добро пожаловать в Дурманд-Холл, оперативную базу Приората Дурманд в Divinity's Reach. Не стесняйтесь осматриваться и задавать вопросы»."
"""Welcome to Guild Wars 2! To help you on your adventures in Tyria, your character has been given a seven-day bonus booster. Enjoy!""","«Добро пожаловать в Guild Wars 2! Чтобы помочь вам в приключениях в Тирии, вашему персонажу предоставлен семидневный бонусный бустер. Наслаждайтесь!»"
"""Welcome to Kinar Fort, our own little skritt-pile of the world.""","«Добро пожаловать в форт Кинар, нашу маленькую кучку скриттов в мире»."
"""Welcome to Lion's Arch, traveler. We could always use more heroes like you. Drop by when you've got a few more miles behind you.""","«Добро пожаловать в Львиную Арку, путешественник. Нам всегда пригодятся ещё такие герои, как ты. Заходи, когда от тебя останется ещё несколько миль»."
"""Welcome to Metrica Province. You'll find private laboratories all over where our krewes work on dangerous research, and we pay the price for excellence. Labs need to be carefully maintained, but I'm sure that's not news to you. We see a fair bit of interference from the Inquest. They're envious of our advances and covet our research materials. Our researchers could use someone with your talents. On your journey, you may also encounter nefarious events in the world. Don't let these opportunities pass by you. Jump in and help!""","«Добро пожаловать в провинцию Метрика. Повсюду вы найдёте частные лаборатории, где наши сотрудники работают над опасными исследованиями, и мы платим цену за превосходство. Лаборатории нужно тщательно содержать, но я уверен, что это не новость для вас. Мы видим немалое вмешательство со стороны Следствия. Они завидуют нашим достижениям и жаждут наших исследовательских материалов. Нашим исследователям может пригодиться кто-то с вашими талантами. В своем путешествии вы также можете столкнуться с гнусными событиями в мире. Не позволяйте этим возможностям пройти мимо вас. Прыгайте и помогите!»"
"""Welcome to Mistlock Observatory inside the Fractals of the Mists! Please don't mind the mess, we're doing science.""","«Добро пожаловать в обсерваторию Мистлок внутри фракталов Тумана! Пожалуйста, не обращайте внимания на беспорядок, мы занимаемся наукой»."
"""Welcome to Safewatch, the last patch of green you'll see for miles.""","«Добро пожаловать в Safewatch, последний участок зелени, который вы увидите на многие мили»."
"""Welcome to Sandycove Beach. Please be careful exploring, undead often creep into the area through the bay.""","«Добро пожаловать на пляж Сэндиков. Пожалуйста, будьте осторожны, нежить часто проникает в этот район через залив»."
"""Welcome to Serenity Temple. What is it that burdens your mind, my child?""","«Добро пожаловать в Храм Безмятежности. Что отягощает твой разум, дитя мое?»"
"""Welcome to Shing Jea, fellow traveler. I was just about to start my mental exercises...""","«Добро пожаловать в Шинг Джеа, попутчик. Я как раз собирался приступить к умственным упражнениям…»"
"""Welcome to Tarir, friend.""","«Добро пожаловать в Тарир, друг»."
"""Welcome to Tawny Ridge. The Ash Legion is here to keep an eye on a Separatist group to the north. With the legions' efforts focused on the Brand, we can't allow our other enemies to catch us off guard.""","«Добро пожаловать в Тони-Ридж. Пепельный Легион здесь, чтобы следить за группой сепаратистов на севере. Поскольку усилия легионов сосредоточены на Клейме, мы не можем позволить другим нашим врагам застать нас врасплох»."
"""Welcome to Temperus Point, Blood Legion HQ out in the wilds of Ashford. We're pushing out to reclaim our land.""","«Добро пожаловать в Темперус-Пойнт, штаб-квартиру Кровавого Легиона в дебрях Эшфорда. Мы выступаем, чтобы вернуть себе нашу землю»."
"""Welcome to Xunlai Jade Air Purifier Model 5-J, your one-stop shop for refreshing your jade bot's air filtration systems!""","«Добро пожаловать в очиститель воздуха Xunlai Jade, модель 5-J, универсальный магазин для обновления систем фильтрации воздуха вашего нефритового бота!»"
"""Welcome to beach patrol, the most dangerous duty on Claw Island.""","«Добро пожаловать в пляжный патруль, самую опасную службу на острове Когтя»."
"""Welcome to my landing. Getting here was a harrowing journey, to say the least, but we made it further than anyone ever thought we would!""","«Добро пожаловать на мою площадку. Путь сюда был, по меньшей мере, мучительным путешествием, но мы продвинулись дальше, чем кто-либо мог себе представить!»"
"""Welcome to our camp, where if you cross us, your life is forfeit. We've had eyes on you for a while now in case we needed to kill you, but you're no threat.""","«Добро пожаловать в наш лагерь, где, если вы перейдёте дорогу, ваша жизнь будет потеряна. Мы уже некоторое время следим за вами на случай, если нам понадобится вас убить, но вы не представляете угрозы»."
"""Welcome to our drab little encampment. It may be under-staffed, under-supplied, and elemental-infested, but we make do.""","«Добро пожаловать в наш унылый маленький лагерь. Возможно, в нем не хватает персонала, недостаточно снабжения и заражено элементалями, но мы справляемся»."
"""Welcome to our fine settlement. If you like grumpy old zealots, plenty of centaurs, and a good fight or two, you've come to the right place.""","«Добро пожаловать в наше прекрасное поселение. Если вам нравятся сварливые старые фанатики, множество кентавров и пара-другой хороших боев, вы попали по адресу»."
"""Welcome to our scratch, %str2%. All are welcome here. All welcome.""","""Добро пожаловать в нашу царапину, %str2%. Добро пожаловать всем сюда. Добро пожаловать всем."""
"""Welcome to our tavern, strangers! Are you the three Initiative specialists I heard would be joining us?""","«Добро пожаловать в нашу таверну, незнакомцы! Вы те три специалиста Инициативы, которые, как я слышал, присоединятся к нам?»"
"""Welcome to our watermelon farm! Dad runs the place, but me and my brother Ande help out, too.""","«Добро пожаловать на нашу арбузную ферму! Здесь заправляет папа, но я и мой брат Анде тоже помогаем»."
"""Welcome to the Black Lion Trading Company. If you've got a claim ticket, or enough scraps of one, I can show you some of our rarest and most interesting merchandise.""","«Добро пожаловать в торговую компанию Black Lion. Если у вас есть претензионный билет или достаточно его обрывков, я могу показать вам некоторые из наших самых редких и интересных товаров»."
"""Welcome to the Chantry of Secrets, Initiate.""","«Добро пожаловать в Церковь Тайн, Посвященный»."
"""Welcome to the Durmand Priory, novice. Your new order's plan to distribute Professor Gorr's theory involves a gathering of all the finest minds in Rata Sum...and your job is to see that they survive to pass along what they learn.""","«Добро пожаловать в Приорат Дурманд, новичок. План вашего нового ордена по распространению теории профессора Горра предполагает сбор всех лучших умов Рата Сума... и ваша задача — проследить, чтобы они выжили и передали то, чему научились»."
"""Welcome to the Eye of the North. Ages ago, when the Great Destroyer stirred, the Ebon Vanguard held this bastion of hope and joined forces with a special hero to prevent the destruction of us all.""","«Добро пожаловать в Око Севера. Много лет назад, когда Великий Разрушитель начал действовать, Чёрный Авангард удерживал этот бастион надежды и объединил свои силы с особым героем, чтобы предотвратить уничтожение всех нас»."
"""Welcome to the Guild Initiative Headquarters! Come in, we'll get you registered.""","«Добро пожаловать в штаб-квартиру Инициативы Гильдии! Заходите, мы вас зарегистрируем»."
"""Welcome to the Lion's Shadow...Bed and Breakfast. I'm still in the middle of renovations, but we have some product for sale.""","«Добро пожаловать в «Тень льва»… Ночлег и завтрак. Я все ещё занимаюсь ремонтом, но у нас есть кое-что на продажу»."
"""Welcome to the Order of Whispers, initiate. Your new order's plan to distribute Professor Gorr's theory involves broadcasting the data to all of Rata Sum. Rakt and the Arcane Eye will try to stop it...and you...once and for all.""","«Добро пожаловать в Орден Шепота, инициатор. План вашего нового ордена по распространению теории профессора Горра предполагает трансляцию данных по всей Рата Сум. Ракт и Чародейский Глаз попытаются остановить это… и вы… раз и навсегда»."
"""Welcome to the Tavern on the Grey, where charr gather to booze, boast and black out.""","«Добро пожаловать в таверну на Серой, где собираются чарры, чтобы выпить, похвастаться и отключиться»."
"""Welcome to the Vigil Keep, headquarters of the order I serve. Do you need anything?""","«Добро пожаловать в Крепость Бдения, штаб-квартиру ордена, которому я служу. Вам что-нибудь нужно?»"
"""Welcome to the Vigil, recruit. Rakt and the Arcane Eye have chosen to be an obstacle to the free distribution of Professor Gorr's theory, so the Vigil's doing what it does best: crushing all obstacles in its path.""","«Добро пожаловать в Дозор, рекрут. Ракт и Чародейский Глаз решили стать препятствием на пути свободного распространения теории профессора Горра, поэтому Дозор делает то, что у него получается лучше всего: сокрушает все препятствия на своем пути»."
"""Welcome to the barbeque, new meat. My name's Switch.""","«Добро пожаловать на барбекю, новое мясо. Меня зовут Свитч»."
"""Welcome to the big time, population: me.""","«Добро пожаловать в большое время, население: я»."
"""Welcome to the estate of Minister Caudecus. Her majesty, Queen Jennah of Kryta, is holding a soiree here. Logan has already gone ahead, but said may be others coming to help.""","«Добро пожаловать в поместье министра Каудека. Её величество, королева Крайты Дженна, проводит здесь вечер. Логан уже ушёл, но сказал, что, возможно, на помощь придут и другие»."
"""Welcome to the fighting pit. The rules are simple: last one standing is the winner, and you start a fight, you finish it.""","«Добро пожаловать на бойцовскую яму. Правила просты: победителем становится последний выживший, а ты начинаешь бой и заканчиваешь его»."
"""Welcome to the garrison. Hope you find your stay pleasant, and if you're just passing through, feel free to take out some centaurs before you go.""","«Добро пожаловать в гарнизон. Надеюсь, вам понравится ваше пребывание, и если вы просто проездом, не стесняйтесь убить несколько кентавров, прежде чем уйти»."
"""Welcome to the high-speed world, %str1%! This course, Ghostfire Run, is a cross-country sprint along the plateau—you'll need to keep your speed up between the turns.""","«Добро пожаловать в мир высоких скоростей, %str1%! Этот маршрут, Ghostfire Run, представляет собой спринт по пересеченной местности по плато — вам нужно сохранять скорость между поворотами»."
"""Welcome to the high-speed world, %str1%! This course, Jormag's Fang, is short, but tricky—after an initial climb, you'll be faced with a series of corners.""","«Добро пожаловать в мир высоких скоростей, %str1%! Эта трасса, «Клык Йормага», короткая, но непростая: после первого подъёма вам придётся столкнуться с серией поворотов»."
"""Welcome to the high-speed world, %str1%! This course, Kessex Corner, is a quick sample to let rookies practice checkpoints and hairpin turns.""","«Добро пожаловать в мир высоких скоростей, %str1%! Это поле, Kessex Corner, представляет собой краткий образец, позволяющий новичкам попрактиковаться в контрольных точках и крутых поворотах»."
"""Welcome to the outskirts of Ascalon City. I'd suggest you familiarize yourself with killing ghosts, and soon.""",«Добро пожаловать на окраину Аскалон-сити. Я предлагаю вам поскорее познакомиться с убийством призраков».
"""Welcome to the party, pal.""","«Добро пожаловать на вечеринку, приятель»."
"""Welcome to the real Ashford! This land's been ravaged by humans for centuries. We intend to reclaim it from their ghosts and finally have our homeland back. These hills are treacherous, so get ready to do your part for the legions. You're an important cog in the machine.""","«Добро пожаловать в настоящий Эшфорд! Эта земля была разорена людьми на протяжении веков. Мы намерены отвоевать её у их призраков и, наконец, вернуть себе нашу родину. Эти холмы коварны, так что будьте готовы внести свой вклад на благо легионов. Вы — важный винтик в машине»."
"""Welcome to the vault, Wayfinder. Please be mindful of the artifacts that surround us. Only a few will flay your mind simply for making contact, but I don't think that's a risk you want to take.""","«Добро пожаловать в хранилище, Путеводитель. Пожалуйста, помните об артефактах, которые нас окружают. Лишь немногие из них будут дразнить вас просто за контакт, но я не думаю, что вы хотите пойти на такой риск»."
"""Welcome! Welcome to our fine tavern, my friend! Are you hungry? Thirsty? What can I do for you today?""","«Добро пожаловать! Добро пожаловать в нашу прекрасную таверну, друг мой! Ты голоден? Хочешь пить? Что я могу сделать для тебя сегодня?»"
"""Welcome, Commander. Hozza, forward Priory explorer, expert provisioner of goods, and savvy conversationalist, at your service.""","«Добро пожаловать, коммандер. Хозза, передовой исследователь Приората, опытный поставщик товаров и опытный собеседник, к вашим услугам»."
"""Welcome, Commander. You've given the Itzel new courage. Pity it won't help.""","«Добро пожаловать, командир. Вы придали Ицелю новую смелость. Жаль, что это не поможет»."
"""Welcome, Initiate. Yes, we know who you are. We've been watching you.""","«Добро пожаловать, Посвященный. Да, мы знаем, кто вы. Мы наблюдали за вами»."
"""Welcome, artificer.""","«Добро пожаловать, ремесленник»."
"""Welcome, friend of the forge.""","«Добро пожаловать, друг кузницы»."
"""Welcome, friend!""","«Добро пожаловать, друг!»"
"""Welcome, friend.""","«Добро пожаловать, друг»."
"""Welcome, friends. I'm Gamli Adalsteinnson, proprietor of this tavern. Nice to meet you.""","«Добро пожаловать, друзья. Я Гамли Адальстейнсон, владелец этой таверны. Приятно познакомиться»."
"""Welcome, on behalf of Lord Joko.""",«Добро пожаловать от имени лорда Джоко».
"""Welcome, one and all. Mordremoth is waiting for you.""",«Добро пожаловать всем и каждому. Мордремот ждет вас».
"""Welcome, outlander. May Kormir guide you.""","«Добро пожаловать, чужеземец. Пусть Кормир направит тебя»."
"""Welcome, outsider.""","«Добро пожаловать, чужак»."
"""Welcome, recruits. You now join the proud ranks of the Vigil.""","«Добро пожаловать, новобранцы. Теперь вы вступаете в гордые ряды Дозора»."
"""Welcome, traveler. We can provide you with ale or anything else you need.""","«Добро пожаловать, путник. Мы можем предоставить тебе эля или что-нибудь ещё, что тебе нужно»."
"""Welcome, trespassers! Feel free to acquaint yourself with my facility. I'm sure you'll find it most...uncommon. (evil laugh)""","«Добро пожаловать, нарушители границ! Не стесняйтесь знакомиться с моим объектом. Я уверен, вы найдёте его самым... необычным. (злой смех)»"
"""Welcome, welcome.""","«Добро пожаловать, добро пожаловать»."
"""Welcome, young one.""","«Добро пожаловать, молодой»."
"""Welcome. If you've a spare moment, I could use a hand burning the sickly crops.""","«Добро пожаловать. Если у вас есть свободная минутка, я мог бы помочь сжечь чахлый урожай»."
"""Well done! Now, we must find the leader of these creatures. It shall know the strike of an Ascalonian warhammer!""",«Молодец! Теперь нам нужно найти предводителя этих существ. Он выдержит удар аскалонского боевого молота!»
"""Well done, Commander, but this is the first step in a long, perilous journey. From here on, things will get more difficult.""","«Молодец, командир, но это первый шаг в долгом и опасном путешествии. С этого момента все станет сложнее»."
"""Well done, Legionnaire, and just in time for your next assignment.""","«Молодец, легионер, и как раз вовремя для следующего задания»."
"""Well done, Lightbringer. The other operatives are still finishing up, but I suspect they'll find the same.""","«Молодец, Светоносный. Остальные оперативники ещё заканчивают работу, но я подозреваю, что они найдут то же самое»."
"""Well done, Marshal Trahearne. That Orrian ugly looked nigh unstoppable, but you did it.""","«Молодец, маршал Трахёрн. Этот уродливый Орриан выглядел почти неудержимым, но вы сделали это»."
"""Well done, Recruit! You really proved yourself on the field.""","«Молодец, рекрут! Ты действительно проявил себя на поле»."
"""Well done, and good luck""",«Молодцы и удачи»
"""Well done, crusaders! Bravely fought!""","«Молодцы, крестоносцы! Отважно сражались!»"
"""Well done, everyone.""",«Все молодцы».
"""Well done, you've completed the Flagship hub for today.""","«Молодец, на сегодня вы завершили работу над Флагманским центром»."
"""Well done, you've completed the Hospital hub for today.""","«Молодец, на сегодня вы завершили работу с Больницей»."
"""Well done, you've completed the Itzel hub for today.""","«Молодец, на сегодня вы завершили работу над центром Itzel»."
"""Well done, you've completed the Noble hub for today.""","«Молодец, на сегодня вы завершили центр Благородных»."
"""Well done, you've completed the Priory hub for today.""","«Молодец, на сегодня вы завершили работу над центром Приората»."
"""Well done, you've completed the Quaggan hub for today.""","«Молодец, на сегодня вы завершили работу над центром Квагганов»."
"""Well done. Well done. Did you see that, workers? That's how you do it!""","«Молодцы. Молодцы. Вы это видели, рабочие? Вот как вы это делаете!»"
"""Well if he's kind, then you probably have nothing to worry about.""","«Ну, если он добрый, то тебе, наверное, не о чем беспокоиться»."
"""Well if they are, I'm going home sick. I've mopped up enough hemorrhagic seepage, thank you.""","«Ну, если да, то я пойду домой больным. Я вытер достаточно геморрагических выделений, спасибо»."
"""Well met as always, Commander. In truth, I'm a more recent recruit than yourself... With the wizards opening up their doors more, it seems my pursuit of the apex of crafting caught their attention.""","«Как всегда, хорошо встречены, командир. По правде говоря, я новичок, чем вы… Поскольку волшебники все больше открывают свои двери, кажется, мое стремление к вершине ремесла привлекло их внимание»."
"""Well met! I've heard of your good deeds, something worthy of a song. Terrific job.""","«Приятно познакомиться! Я слышал о ваших добрых делах, это достойно песни. Потрясающая работа»."
"""Well met, Commander.""","«Привет, коммандер»."
"""Well met, citizen.""","- Рад встрече, гражданин."
"""Well said, Techutli. You are indeed blessed. But we must hear from the newcomer.""","«Хорошо сказано, Техутли. Ты действительно благословлен. Но нам нужно услышать мнение новичка»."
"""Well said. And you can rely on those allies to stand by you to the very end. My Wyld Hunt may be over, but the coalition we've built will fight on.""","«Хорошо сказано. И ты можешь положиться на этих союзников, которые будут поддерживать тебя до самого конца. Моя Дикая Охота, возможно, закончилась, но коалиция, которую мы создали, будет сражаться дальше»."
"""Well said. Now, who's with us? Let's get this done.""","«Хорошо сказано. Итак, кто с нами? Давайте сделаем это»."
"""Well then, let's meddle them. This money's ours!""","«Ну что ж, давайте вмешаемся в них. Эти деньги наши!»"
"""Well then, whaddaya say we get back home?""","— Ну что, что скажешь, мы вернемся домой?"
"""Well, (pant) I think (pant) we have more essence this time than (pant) last.""","«Ну, (пыхтение) я думаю (пыхтение), в этот раз у нас больше сущности, чем (пыхтение) в прошлый раз»."
"""Well, Canach wants out of his obligation to me, and I won't stand for Caudecus seeing another sunrise.""","«Что ж, Канах хочет выполнить свои обязательства передо мной, и я не потерплю, чтобы Каудекус увидел ещё один восход солнца»."
"""Well, I can help out by catching fish.""","«Ну, я могу помочь, ловя рыбу»."
"""Well, I guess it's a good thing we were all here to pull your little gray cheeks out of the fire!""","«Ну, я думаю, это хорошо, что мы все были здесь, чтобы вытащить ваши маленькие серые щеки из огня!»"
"""Well, I have my crew in position, enough of Mehdi's grog to fell a hydra, *and* a little something for you.""","«Ну, моя команда на месте, грога Мехди достаточно, чтобы свалить гидру, *и* кое-что для вас»."
"""Well, I like muffins, too!""","«Ну, я тоже люблю кексы!»"
"""Well, I love the simple joy of fishing. Problem is, I know the drakes are scaring off the best catches. Makes me so mad I could roast all of them alive and have a big party. Fresh kabobs for all!""","«Ну, я люблю простую радость рыбалки. Проблема в том, что я знаю, что селезни отпугивают лучших уловов. Меня это так бесит, что я мог бы зажарить их всех живьем и устроить большую вечеринку. Свежие кебабы для всех!»"
"""Well, I suppose. Be careful, though! The glove will overload the cell. I don't know what will happen to the prisoner!""","— Ну, я полагаю. Но будьте осторожны! Перчатка перегрузит камеру. Я не знаю, что будет с заключенным!"
"""Well, I tried to explain that the Lionguard is not the Seraph, and that we're not part of that war. Seems he didn't take it well. My sister just wrote to tell me that he told all of his playmates that I'm not a real soldier.""","«Ну, я пытался объяснить, что Львиная Страж — это не Серафим, и что мы не участвуем в этой войне. Кажется, он воспринял это не очень хорошо. Моя сестра только что написала мне, что он сказал всем своим товарищам по играм, что я не настоящий солдат»."
"""Well, I would but I've heard stories about drake broodmothers popping out of the water and devouring everything in sight, supposedly to get revenge. I don't want that kind of rage directed at me.""","«Ну, я бы так и сделал, но я слышал истории о матерей-селезнях, выскакивающих из воды и пожирающих все на свете, предположительно, чтобы отомстить. Я не хочу, чтобы такая ярость была направлена ??на меня»."
"""Well, I'd best be off, then.""","— Что ж, тогда мне лучше уйти."
"""Well, I'll be Wolf's shiny snout! That's my beer goblet. I've been drinking beer out of that ever since I started walking. Bear has a special place in his forever den for you, friend.""","«Ну, я буду блестящей мордой Волка! Это мой пивной кубок. Я пью из него пиво с тех пор, как начал ходить. У Медведя в его вечной берлоге есть специальное место для тебя, друг»."
"""Well, I'll be a grawl god. It's another pylon.""","«Ну, я буду богом грола. Это ещё один пилон»."
"""Well, I'll be a rat's tail. Usually if people make it through that fast, they land here in pieces, know what I mean?""","«Ну, я буду крысиным хвостом. Обычно, если люди перебираются так быстро, они приземляются здесь на куски, понимаешь, о чем я?»"
"""Well, I'll be a scarab's breakfast... How did you and your drunken wharf rats manage this?""","«Ну, я буду завтраком скарабея… Как тебе и твоим пьяным портовым крысам это удалось?»"
"""Well, I'll be darned—I actually finished everything on my to-do list. Unbelievable! The Tyrian Alliance gives you their deepest gratitude. Almost as deep as mine!""","«Ну, черт возьми, я действительно выполнил все, что было в моем списке дел. Невероятно! Тирианский Альянс выражает вам глубочайшую благодарность. Почти такую ??же глубокую, как и моя!»"
"""Well, I'm glad one of us understands these beasts. Trying to have a conversation with them is a like trying to teach a moa to sing. You'll end up with a headache.""","«Ну, я рад, что кто-то из нас понимает этих зверей. Пытаться завязать с ними разговор — это все равно, что пытаться научить моа петь. В итоге у тебя заболит голова»."
"""Well, I'm not afraid. I'm going to walk all the way to Lion's Arch and see what I can see.""","«Ну, я не боюсь. Я собираюсь пройти весь путь до Львиной Арки и посмотреть, что смогу увидеть»."
"""Well, I'm not standing around either. I'm leaving.""","«Ну, я тоже не стою. Я ухожу»."
"""Well, I'm off to Augury Rock to see if anyone is still seeking Ascension there.""","«Что ж, я отправляюсь в Авгурий-Рок, чтобы посмотреть, ищет ли там ещё кто-нибудь Вознесения»."
"""Well, I'm telling you the gate was closed this time.""","«Ну, я говорю вам, что на этот раз ворота были закрыты»."
"""Well, NOW I am. Thanks. This manual labor just got a lot less peaceful.""","«Ну, ТЕПЕРЬ я. Спасибо. Этот ручной труд стал намного менее мирным»."
"""Well, actually, there's a bit of debate about that and plenty of rumors. What I do know for certain is that the grand majority died to save the world from the Great Destroyer.""","«Ну, вообще-то, по этому поводу ходят споры и множество слухов. Что я знаю наверняка, так это то, что подавляющее большинство погибло, чтобы спасти мир от Великого Разрушителя»."
"""Well, aren't you a charmer? I like that. If I didn't have my sights on a certain lieutenant, you'd be in trouble.""","«Ну, разве ты не очаровашка? Мне это нравится. Если бы я не нацелился на определенного лейтенанта, у тебя были бы проблемы»."
"""Well, at least it's dead.""","«Ну, по крайней мере, он мертв»."
"""Well, at least you're starting to sound like an officer. You win, Commander. We'll hold down the fort while you rescue the missing researchers.""","«Ну, по крайней мере, вы начинаете походить на офицера. Вы победили, коммандер. Мы будем удерживать форт, пока вы спасаете пропавших исследователей»."
"""Well, between the poisonings, alley fires, crumbling walls, arrests... I'm jumpy, too.""","«Ну, между отравлениями, поджогами, обрушивающимися стенами, арестами... Я тоже нервничаю»."
"""Well, braid my ears! Those ancient Flame Legion pooh-bahs may've been evil, oppressive oiks, but they knew how to enchant a weapon.""","«Ну, заплети мне уши! Эти древние пух-баи Легиона Пламени, может быть, и были злыми, деспотичными ребятами, но они знали, как зачаровать оружие»."
"""Well, everything is ruined, and all of our beloved servants are gone.""","«Ну, все разрушено, и все наши любимые слуги пропали»."
"""Well, first things first: looks like your little fella is primed and ready to hatch.""","«Ну, обо всем по порядку: похоже, твой малыш подготовлен и готов вылупиться»."
"""Well, geologically speaking, the water is new to the area. This used to be mountainous.""","«Ну, с геологической точки зрения, вода в этом районе новая. Раньше она была гористой»."
"""Well, hardly the worst I've seen. Witnessed some real disaster crafters, I have. You, you're downright adequate.""","«Ну, едва ли это худшее, что я видел. Я был свидетелем некоторых настоящих мастеров катастроф. Ты, ты совершенно адекватен»."
"""Well, he seemed to inspire a supernatural dread in these traders. They asked to stay anonymous for fear of reprisal.""","«Ну, похоже, он внушал этим торговцам сверхъестественный страх. Они попросили остаться анонимными, опасаясь репрессий»."
"""Well, hello there!""","«Ну, здравствуйте!»"
"""Well, hello there.""","«Ну, здравствуйте»."
"""Well, hi! It's our superstar. Good work with the guild, by the way!""","«Ну, привет! Это наша суперзвезда. Хорошая работа с гильдией, кстати!»"
"""Well, how are you going to annoy me today?""",— Ну и чем ты собираешься меня сегодня раздражать?
"""Well, if I must.""","«Ну, если надо»."
"""Well, if anyone would know about that...""","«Ну, если бы кто-нибудь об этом знал…»"
"""Well, if there's no rifts, it's safer than Tyria.""","«Ну, если нет разломов, то здесь безопаснее, чем в Тирии»."
"""Well, if you come at the Queen, you had better not miss.""","«Ну, если придёшь к Королеве, лучше не промахнись»."
"""Well, it didn't shoot into the sky, but it's blooming. The ritual did something, that's for certain.""","«Ну, в небо не выстрелила, но цветет. Ритуал что-то сделал, это точно»."
"""Well, it is a rock.""","«Ну, это камень»."
"""Well, it is still a wrecking yard, but I suppose it's slightly less...wrecked? Thanks for helping.""","«Ну, это все ещё свалка, но я полагаю, она немного менее… разрушена? Спасибо за помощь»."
"""Well, it seems any emotion in sufficient quantities is enough to draw in these formidable specimens.""","«Что ж, похоже, любой эмоции в достаточном количестве достаточно, чтобы привлечь к себе этих грозных экземпляров»."
"""Well, it should be enough to protect you from the ice magic here.""","«Ну, этого должно быть достаточно, чтобы защитить тебя от ледяной магии»."
"""Well, it was good while it lasted!""","«Ну, это было хорошо, пока это продолжалось!»"
"""Well, it won't get us to the target, but at least we won't be trapped out here. All right, let's do that.""","«Ну, это не приведет нас к цели, но, по крайней мере, мы не окажемся здесь в ловушке. Хорошо, давай сделаем это»."
"""Well, it's a bit dangerous. A lot dangerous, actually. But you can experience the events as they unfold. Isn't that exciting?""","«Ну, это немного опасно. На самом деле очень опасно. Но вы можете прочувствовать события по мере их развития. Разве это не захватывающе?»"
"""Well, it's a temporary setup, but it will suffice.""","«Ну, это временная установка, но этого будет достаточно»."
"""Well, it's complicated. All you need to know is that you push the buttons, knock the wind out of the ghost, then when it's gasping, you suck it up into the collector.""","«Ну, это сложно. Все, что вам нужно знать, это то, что вы нажимаете на кнопки, выбиваете из призрака ветер, а затем, когда он задыхается, вы всасываете его в коллектор»."
"""Well, keep up the lackluster work.""","«Ну, продолжай в том же духе»."
"""Well, kids. We don't want to keep our hooved friends waiting.""","«Ну, дети. Мы не хотим заставлять наших копытных друзей ждать»."
"""Well, let's give that some thought. What if—""","«Ну, давайте подумаем об этом. Что, если…»"
"""Well, look at you! You're so strong—practically primed for Ascension. But you know what? Nah, never mind... A magnificent creature like you doesn't need my help.""","«Ну, посмотри на себя! Ты такой сильный — практически готов к Вознесению. Но знаешь что? Нет, неважно… Такое великолепное существо, как ты, не нуждается в моей помощи»."
"""Well, look here—it's the Hero of Shaemoor! Welcome to Beetletun.""","«Ну, посмотрите сюда — это Герой Шамура! Добро пожаловать в Битлетан»."
"""Well, look, it's an island, right? So if we just go in a straight line, we should hit the edge eventually.""","«Ну, смотри, это же остров, да? Так что, если мы пойдём по прямой, в конце концов мы должны достичь края»."
"""Well, maybe we should change the topic.""","— Ну, может, нам стоит сменить тему."
"""Well, my mom told me there's nothing wrong with that. Some creatures are just naturally born that way.""","«Ну, моя мама сказала мне, что в этом нет ничего плохого. Некоторые существа просто рождаются такими»."
"""Well, my old assistant Kandake handled most of the aviary matters. You should probably talk to her.""","«Ну, моя старая помощница Кандаке занималась большинством вопросов, связанных с вольером. Тебе, наверное, стоит поговорить с ней»."
"""Well, stick around and you can use that wit with me and the crew over beers.""","«Ну, оставайся рядом, и ты сможешь использовать это остроумие со мной и командой за пивом»."
"""Well, that could be a problem—she recently left. Seemed to be heading southeast, out past the bazaar where we Vabbians aren't allowed to go.""","«Ну, это может быть проблемой — она недавно уехала. Кажется, направлялась на юго-восток, мимо базара, куда нам, ваббианцам, не разрешается ходить»."
"""Well, that didn't sound good.""","«Ну, это звучало не очень хорошо»."
"""Well, that was a waste of some perfectly good coin.""","«Ну, это была пустая трата совершенно хорошей монеты»."
"""Well, that was naughty of you. Don't you want your friends to keep playing?""","«Ну, это было нехорошо с твоей стороны. Разве ты не хочешь, чтобы твои друзья продолжали играть?»"
"""Well, that was quite an experience, wasn't it? I suppose you've got some questions about it yourself, eh?""","«Ну, это был настоящий опыт, не так ли? Я полагаю, у тебя самого есть некоторые вопросы по этому поводу, а?»"
"""Well, that was...something.""","«Ну, это было… что-то»."
"""Well, that's one way to describe it, I guess.""","«Ну, я думаю, это один из способов описать это»."
"""Well, that's one way to send a message.""","«Ну, это один из способов отправить сообщение»."
"""Well, that's simple, you have them already and should be out there working on them. You've the sense of a cub.""","«Ну, это просто, они у вас уже есть, и вы должны работать над ними. У вас чутье детеныша»."
"""Well, the dragons played their own role in destabalizing the magical ecosystem. That could've affected it...""","«Ну, драконы сыграли свою роль в дестабилизации магической экосистемы. Это могло повлиять на неё…»"
"""Well, the exit's right behind us. But you know that. What's keeping you here, Kay?""","«Ну, выход прямо за нами. Но ты это знаешь. Что тебя здесь держит, Кей?»"
"""Well, the lock mechanism is humming, but faintly. That means the crystal is indubitably somewhere in the region.""","— Ну, механизм замка гудит, но слабо. Значит, кристалл наверняка где-то поблизости."
"""Well, the paperwork's all done. Upgrade accomplished!""","«Ну, все документы готовы. Обновление завершено!»"
"""Well, then we die or we bow down to our new golem overlords.""","«Ну, тогда мы умрем или склонимся перед нашими новыми повелителями големов»."
"""Well, then. If you don't want me here, I'll leave!""","«Ну что ж. Если ты не хочешь, чтобы я был здесь, я уйду!»"
"""Well, these energies are inherently unstable. All we need to do is disrupt the flow. We might be able to break them up by simply passing through them.""","«Ну, эти энергии по своей природе нестабильны. Все, что нам нужно сделать, это нарушить поток. Возможно, мы сможем разрушить их, просто пройдя сквозь них»."
"""Well, this """"Gold One"""" thanks you for returning them, Furry One.""","«Ну, этот «Золотой» благодарит тебя за то, что вернул их, Пушистый»."
"""Well, this is going to be an interesting journey. Nice to meet you both.""","«Что ж, это будет интересное путешествие. Приятно познакомиться с вами обоими»."
"""Well, this sounds like a charming fellow.""","«Ну, это звучит как очаровательный парень»."
"""Well, we are in nature. Is there something special about it?""","«Ну, мы же на природе. Есть ли в этом что-то особенное?»"
"""Well, we wouldn't be here without 'em. Guess you've earned your keep after all.""","«Ну, без них нас бы здесь не было. Думаю, ты все-таки заслужил свое содержание»."
"""Well, we're out of grease.""","«Ну, у нас кончилась смазка»."
"""Well, we've also got you, Kay. Thanks. For not giving up on me.""","«Ну, ты у нас тоже есть, Кей. Спасибо. За то, что не отказался от меня»."
"""Well, we've got our equipment ready now, but we'll still need help clearing out the area before we can set up.""","«Ну, наше оборудование уже готово, но нам все равно понадобится помощь в расчистке территории, прежде чем мы сможем подготовиться»."
"""Well, we've still got our helmets. That's a relief. Thanks. In gratitude, I'll share the secret of our helmet making with you. Then the skritt can try to steal yours and leave us alone.""","«Ну, наши шлемы все ещё у нас. Это облегчение. Спасибо. В знак благодарности я поделюсь с вами секретом изготовления наших шлемов. Тогда скритт сможет попытаться украсть ваш и оставить нас в покое»."
"""Well, well, well. That was some good work. Thanks.""",«Ну-ну-ну. Это была хорошая работа. Спасибо».
"""Well, well. You here to see Imperator Smodur? Go on in. I'm sure he'd make time for someone who's proven themselves a friend of the Iron Legion.""","«Ну-ну. Ты здесь, чтобы увидеть императора Смодура? Заходи. Я уверен, он найдёт время для кого-то, кто зарекомендовал себя как друг Железного Легиона»."
"""Well, well.""","«Ну, ну»."
"""Well, what are we waiting for? Let's find it!""",«Ну чего же мы ждем? Найдём!»
"""Well, what are you going to do about it?""","— Ну, и что ты собираешься с этим делать?"
"""Well, what makes you love him so much?""","— Ну, а что заставляет тебя так его любить?"
"""Well, would you...could you...do me the honor of...helping me clean the substratum of relics?""","«Ну, не могли бы вы… не могли бы вы… оказать мне честь… помочь мне очистить субстрат от реликвий?»"
"""Well, you see, my chamber pot was full...""","«Ну, видишь, мой ночной горшок был полон…»"
"""Well, you see. I have this salve. It's proven to help Ascension. I can't imagine what it would do in hands such as yours. This might make you unstoppable! Ascension would be easy for you!""","«Ну, видишь. У меня есть эта мазь. Доказано, что она помогает Вознесению. Я не могу себе представить, что она будет делать в таких руках, как твоя. Это может сделать тебя неудержимым! Вознесение будет лёгким для тебя!»"
"""Well, you're competant. The centaur situation has improved since your interference. I have some objects that could help you, assuming you continue your adventurous lifestyle.""","«Что ж, вы конкурентоспособны. Ситуация с кентаврами улучшилась после вашего вмешательства. У меня есть кое-какие предметы, которые могут вам помочь, если вы продолжите свой авантюрный образ жизни»."
"""Well, you're free now.""","— Ну, теперь ты свободен."
"""Well, you're gonna have to get over that.""","«Ну, тебе придётся с этим справиться»."
"""Well, you've given me hope. And hey, at least they haven't all killed each other yet.""","«Ну, ты дал мне надежду. И эй, по крайней мере, они ещё не все друг друга убили»."
"""Well, your mama's IQ is so low, she thinks sylvari and golem are precious metals.""","«Ну, у твоей мамы такой низкий IQ, что она думает, что сильвари и големы — это драгоценные металлы»."
"""Well, your turtle has gotten a LOT bigger. It's almost...shocking how fast they can grow with a little bit of elbow grease and affection.""","«Ну, твоя черепаха стала НАМНОГО больше. Это почти… шокирует, как быстро они могут вырасти, если приложить немного усилий и ласки»."
"""Well. Thank you, fractals, for retroactively ruining my childhood. Anyway. Let's get that door open.""","«Ну. Спасибо вам, фракталы, за то, что задним числом разрушили мое детство. В любом случае. Давайте откроем эту дверь»."
"""Well...as soon as you fit into your saddles, that is. But soon enough.""","«Ну… как только ты сядешь в седло, то есть. Но достаточно скоро»."
"""Well...that is true. I hope. But at the same time, maybe my head is in the clouds. Maybe true love doesn't exist. This isn't a fairytale, after all! I'm scared to try only to fail!""","""Ну... это правда. Я надеюсь. Но в то же время, возможно, моя голова витает в облаках. Может быть, настоящей любви не существует. В конце концов, это не сказка! Я боюсь попробовать, но потерпеть неудачу!"""
"""Well...that's the catch. I'm not sure, exactly. Somewhere off the coast. Look for someone— Um...look for remains, I mean. With a sword by them. Hopefully the sword stayed with her.""","""Ну... в этом и загвоздка. Я точно не уверен. Где-то у побережья. Ищите кого-нибудь... Хм... ищите останки, я имею в виду. С мечом при себе. Надеюсь, меч остался с ней""."
"""Wer's findet, darf's behalten""","«Находка Вера, бедалтен Дарфа»"
"""Weyandt was trying to find medicinal fruit for the captain, but he came back with poison baneberries instead.""","«Вейандт пытался найти для капитана целебные фрукты, но вместо этого вернулся с ядовитыми ягодами бани»."
"""We—the Astral Ward—have suffered losses, and not insignificant losses. But we've never...""","«Мы — Астральный Отдел — понесли потери, и немалые. Но мы никогда…»"
"""What 's our timetable look like, Tactician?""","«Как выглядит наше расписание, Тактик?»"
"""What I need is a good mesmer. A little flash, and pow, profits go up!""","«Что мне нужно, так это хороший месмер. Немного вспышки и бах, прибыль возрастет!»"
"""What I wouldn't give for another five minutes in there. I barely scratched the surface, although I did find some fascinating tools. Are you interested in seeing them?""","«Чего бы я не отдал за ещё пять минут пребывания там. Я почти не коснулся поверхности, хотя нашёл несколько интересных инструментов. Хотите их увидеть?»"
"""What a beautiful day, huh?""","«Какой прекрасный день, а?»"
"""What a strange group of skritt I found on Fire Island. They were worshipping a stone dwarf—its head, to be specific—which much to my surprise was still alive. The dwarf, named Rhoban, sent me on a mission to activate four dwarven devices that keep the volcano from erupting. I've successfully activated one of them. Three more to go.""","«Какую странную группу скриттов я нашёл на Огненном острове. Они поклонялись каменному гному, точнее, его голове, который, к моему большому удивлению, был все ещё жив. Гном по имени Робан отправил меня на миссию по активации четырех гномьих устройств, которые удерживают вулкан от извержения. Я успешно активировал одно из них. Осталось ещё три»."
"""What about shinies? Came here for shinies, specials. Need them to trade, to live.""","«А как насчет блесток? Пришли сюда за блестками, особенными. Они нужны для торговли, для жизни»."
"""What about the Svanir? Frost Legion? Yeah, scary fanatics, but mostly intelligent. And now Ryland controls them.""","«А что насчет Сваниров? Ледяной Легион? Да, страшные фанатики, но в основном умные. И теперь ими управляет Райланд»."
"""What about the courtyard, Marshal? That big dragon-thing will be on us the minute we charge in there.""","«А как насчет внутреннего двора, маршал? Эта большая драконья штука набросится на нас, как только мы ворвемся туда»."
"""What about you, Eir?""","— А что насчет тебя, Эйр?"
"""What about your civic center's cafe, your farmer's stalls? They must have day-old bread, bruised produce...""","«А как насчет кафе в вашем административном центре, ваших фермерских ларьков? У них наверняка есть старый хлеб, помятые продукты…»"
"""What am I, an Inquire-a-tron? Oh, very well, ask.""","«Что я, справочный-а-трон? Ну, хорошо, спрашивай»."
"""What an annoying sod. Yeah, you heard me, annoying sod.""","«Какой раздражающий придурок. Да, ты меня слышал, надоедливый придурок»."
"""What an ignominious death. Oh, woe is me!""","«Какая позорная смерть. О, горе мне!»"
"""What are we going to do, dear? Our poor little Mipp is out there with those terrible ruffians.""","«Что нам делать, дорогая? Наш бедный маленький Мипп находится там с этими ужасными хулиганами»."
"""What are you going to do? Hit me? Take your best shot, you big bully.""","«Что ты собираешься делать? Ударить меня? Приложи все усилия, большой хулиган»."
"""What are you looking at? You chose a fool's path. Now, go and die a fool's death.""",«На что ты смотришь? Ты выбрал путь дурака. А теперь иди и умри смертью дурака».
"""What are you waiting for, a spot in the Hall of Heroes? Pick up the pace!""","«Чего ты ждешь, места в Зале Героев? Прибавь темп!»"
"""What are your orders, soldier?""","— Каковы твои приказы, солдат?"
"""What brings you to my glade? It's unusual to see travelers out here, unless they're lost. Or cartographers. Or lost cartographers.""","«Что привело вас на мою поляну? Необычно видеть здесь путешественников, если только они не заблудились. Или картографов. Или заблудившихся картографов»."
