english,translate
"""The castaways have stashed collected magic for emergencies. Survivalist supply stashes apply Lucky Shield on you. When your health is low, gain maximum barrier and reduce your healing skill's current cooldown.""","«Потерпевшие кораблекрушение спрятали собранную магию на случай чрезвычайных ситуаций. Тайники с запасами выживших накладывают на вас Lucky Shield. Когда ваше здоровье низкое, получите максимальный барьер и уменьшите текущее время восстановления вашего навыка исцеления»."
"""The catalog contains list after list of books and documents, ranging from religious texts to history books to personal journals.""","«Каталог содержит список за списком книг и документов, начиная от религиозных текстов и заканчивая книгами по истории и личными дневниками»."
"""The cauldron's intact. Back me up, Fero. This is going to be more complexicated that we thought!""","«Котел цел. Поддержи меня, Феро. Это будет сложнее, чем мы думали!»"
"""The caves. Heard some tall men. Maybe they have them, yes.""","«Пещеры. Слышал, какие-то высокие люди. Может быть, они у них есть, да»."
"""The cell deactivates, but the key is drawn into the console.""","«Ячейка деактивируется, но ключ втягивается в консоль»."
"""The centaur army is weakened, thanks to your efforts.""",«Армия кентавров ослаблена благодаря вашим усилиям».
"""The centaur, Gulthor. I've rarely seen such focus and determination.""","«Кентавр, Галтор. Я редко видел такую ??сосредоточенность и решимость»."
"""The centaurs are back, and Shorebluff's under siege. You up for a fight?""","«Кентавры вернулись, а Шорблафф в осаде. Готовы к бою?»"
"""The centaurs are trying to retake the earthworks. We still haven't received any reinforcements, so the Seraph there are sorely understaffed. Please hurry; they'll be quickly overrun without help.""","«Кентавры пытаются вернуть себе земляные валы. Мы до сих пор не получили никаких подкреплений, поэтому серафимам там катастрофически не хватает кадров. Пожалуйста, поторопитесь, их быстро захлестнут без посторонней помощи»."
"""The centaurs led by **DATA CORRUPTED** are neither to be attacked nor experimented on. This tribe is friendly, and their home is an important refuge for krewes in the area.""","«На кентавров, возглавляемых **ДАННЫЕ ПОВРЕЖДЕНЫ**, нельзя ни нападать, ни ставить над ними эксперименты. Это племя дружелюбно, и их дом является важным убежищем для кревов в этом районе»."
"""The centaurs' forward camp was just the beginning! Once Bridgewatch Camp is ours too, we'll launch assaults upon the Modniir fortress!""","«Передовой лагерь кентавров был только началом! Как только лагерь Дозора Моста станет нашим, мы начнем штурм крепости Модниир!»"
"""The chak aren't our only problem there. Look. That ley conduit blew up, probably closing the doors when it did.""","«Чак — не единственная наша проблема. Смотри. Этот силовой канал взорвался, вероятно, закрыв при этом двери»."
"""The chak gerent devastated the Order of Whispers and their allies, and their plan to blast into Dragon's Stand has failed.""","«Чакгерент опустошил Орден Шепота и его союзников, и их план вторжения на Стенд Дракона провалился»."
"""The challenge is currently in progress. Shortly, you can join in deposing the Mushroom Tyrant King to prove you are worthy of an enchanted armor.""","«Испытание в настоящее время продолжается. Вскоре вы сможете присоединиться к свержению Короля Грибного Тирана, чтобы доказать, что вы достойны зачарованной брони»."
"""The charr have conquered Ascalon, but ghosts of the humans who lived and died there still fight on. The Black Citadel struggles to put these restless ghosts down permanently, but Ascalon's spirits relentlessly assault the charr.""","«Чарры завоевали Аскалон, но призраки людей, которые жили и умерли там, все еще сражаются. Черная Цитадель изо всех сил пытается навсегда подавить этих беспокойных призраков, но духи Аскалона безжалостно атакуют чарр»."
"""The charr marched south quickly, preventing word from the human-held lands in the north from reaching the Northern Wall. Using guile and deception, the charr gathered information on Ascalonians from intimidated soldiers and by using the extensive catacomb system that stretched across the nation. They laid ambushes in Diessa Lowlands and conquered Drascir, the capital city of Ascalon, and its sister city of Rin.""","«Чарры быстро двинулись на юг, не позволяя вести из захваченных людьми земель на севере достичь Северной Стены. Используя хитрость и обман, чарры собрали информацию об аскалонцах от запуганных солдат и с помощью обширной системы катакомб, которая простиралась по всей стране. Они устроили засады в низменностях Диссы и завоевали Драскир, столицу Аскалона, и его город-побратим Рин»."
"""The charr once ruled the Blazeridge Steppes, but the rising of the Elder Dragon Kralkatorrik left a corrupted swath across the land. Now the legions contend not only against the creatures of the Dragonbrand, but against the ogres who have come down from the mountains.""","«Чарры когда-то правили степями Пылающего Хребта, но восстание Старшего Дракона Кралкаторрика оставило испорченную полосу по всей земле. Теперь легионы сражаются не только с созданиями Драконьего Клейма, но и с ограми, спустившимися с гор»."
"""The charr once ruled the Blazeridge Steppes, but the rising of the Elder Dragon Kralkatorrik left a corrupted swath across the land. Now the legions contend not only against the creatures of the Dragonbrand, but also against the ogres who have come down from the mountains.""","«Чарры когда-то правили степями Пылающего Хребта, но восстание Старшего Дракона Кралкаторрика оставило испорченную полосу по всей земле. Теперь легионы сражаются не только с созданиями Драконьего Клейма, но и с ограми, спустившимися с гор»."
"""The charr race was forged in the merciless crucible of war. It is all they know. War defines them, and their quest for dominion drives them ever onward. The weakling and the fool have no place among the charr. Victory is all that matters, and it must be achieved by any means and at any cost.""","«Раса чарров была выкована в беспощадном горниле войны. Это все, что они знают. Война определяет их, и их стремление к господству ведет их всегда вперед. Слабаку и дураку нет места среди чарр. Победа – это все, что имеет значение, и ее нужно достичь любыми средствами и любой ценой»."
"""The chest at Lamia Mire yielded nothing. Clearly, someone got there before you. But who? Report to Tribune Brimstone. He may have information to help you out.""","«Сундук в болоте Ламии ничего не дал. Очевидно, кто-то добрался туда до вас. Но кто? Сообщите Трибьюн Бримстоун. У него может быть информация, которая поможет вам»."
"""The children are our top priority. We'll hold off the undead, and when their lines break, we'll get the kids to safety. Tactician?""","«Дети — наш главный приоритет. Мы сдержим нежить, а когда их линии прорвутся, мы доставим детей в безопасное место. Тактик?»"
"""The citizens of Beetletun are harried by the constant threat of centaur attacks. Many have moved to the city to avoid being captured by centaurs, who take their captives to a prison camp in the eastern hills. Tunwatch does what it can, but even the Seraph can be defeated.""","«Жителей Битлетана беспокоит постоянная угроза нападений кентавров. Многие переехали в город, чтобы не попасть в плен кентаврам, которые увозят своих пленников в лагерь для военнопленных на восточных холмах. Танвотч делает все, что может, но даже Серафима можно победить»."
"""The citizens of Beetletun feel safer due to your efforts, %str1%. May Dwayna bless the path you walk and keep you from danger in the future.""","""Благодаря вашим усилиям жители Битлетана чувствуют себя в большей безопасности, %str1%. Пусть Двейна благословит путь, по которому вы идете, и убережет вас от опасностей в будущем."""
"""The city is in ruins, but we must fight here to defend our caves...our home. Cannot let them conquer us. (cough)""","«Город в руинах, но мы должны сражаться здесь, чтобы защитить наши пещеры... наш дом. Мы не можем позволить им завоевать нас. (кашель)»"
"""The city of Lion's Arch sprawls around you, magnificent and timeless. You've promised to meet a friend here, a member of the once-great adventuring guild Destiny's Edge. What better place than the city of legendary journeys?""","«Вокруг вас раскинулся город Львиная Арка, великолепный и вневременной. Вы обещали встретить здесь друга, члена некогда великой гильдии искателей приключений Destiny's Edge. Что может быть лучше, чем город легендарных путешествий?»"
"""The city will be quiet now, for a while.""",«В городе на какое-то время будет тихо».
"""The claw of a smokescale, found throughout the Heart of Maguuma.""","«Коготь дымовой чешуи, найденный по всему Сердцу Магуумы»."
"""The claw of a tiger, found throughout the Heart of Maguuma.""","«Коготь тигра, найденный в Сердце Магуумы»."
"""The client wants delivery as soon as possible, and they're paying top dollar for anonymity.""","«Клиент хочет, чтобы доставка была доставлена ??как можно скорее, и он платит большие деньги за анонимность»."
"""The clock is ticking, and Tyria is at risk. Hurry along, now.""","«Часы тикают, и Тирия в опасности. Поторопитесь, сейчас же»."
"""The clock tower! Good choice. You must be quick on your feet and able to jump. If you reach the top, you'll be rewarded.""","«Башня с часами! Хороший выбор. Вы должны быть быстрыми на ногах и уметь прыгать. Если вы достигнете вершины, вы будете вознаграждены»."
"""The clouds above Amnytas stir awake. Is it rain that hits the brim of my helm, or...drool?""",«Облака над Амнитасом просыпаются. Это дождь бьет по краям моего шлема или… пускает слюни?»
"""The cog is too heavy to carry, but a dredge mining suit could lift it.""","«Шестеренка слишком тяжела, чтобы ее нести, но горнодобывающий костюм может ее поднять»."
"""The cold becomes a chill, relentless and encompassing. The air now carries a voice, rasping and distant.""","«Холод становится холодом, безжалостным и всепоглощающим. Воздух теперь несет в себе голос, хриплый и далекий»."
"""The combat simulation was an interesting exercise, and I smashed it. Learned a lot about Destroyers and how they fight. This will be very useful.""","«Моделирование боя было интересным упражнением, и я справился с ним. Узнал много нового о Разрушителях и о том, как они сражаются. Это будет очень полезно»."
"""The combined forces of the Lionguard and the Pact descended on the ruins of Lion's Arch with fervor and purpose. Little by little we pushed back, cutting through Scarlet's forces and capturing key checkpoints throughout the city. After a heated struggle against a trio of Scarlet's upgraded watchknights, we secured the teleporters that would allow us to infiltrate the Breachmaker fortress above.""","«Объединенные силы Львиной Стражи и Пакта с пылом и целеустремленностью напали на руины Львиной Арки. Мало-помалу мы отступали, прорезая силы Скарлет и захватывая ключевые контрольно-пропускные пункты по всему городу. После ожесточенной борьбы с тремя модернизированными рыцарями-сторожами Скарлет мы захватили телепорты, которые позволили бы нам проникнуть в крепость Разломников наверху»."
"""The commander and allies rush to Bjora Marches in pursuit of Bangar as he attempts to subjugate Jormag. But from the moment they arrive, their progress is halted by the vicious Sons of Svanir and mysterious whispers that threaten to unravel them.""","«Командир и союзники устремляются в Марки Бьоры в погоне за Бангаром, пытающимся подчинить Йормага. Но с момента их прибытия их продвижение останавливается злобными Сынами Сванира и таинственными шепотами, которые угрожают их разгадать»."
"""The commander finds themselves with no shortage of things they could do, but at the same time, they are not feeling a pull toward any distinct purpose.""","«Командир обнаруживает, что у него нет недостатка в том, что он мог бы сделать, но в то же время он не чувствует тяги к какой-либо определенной цели»."
"""The commander gets to know the mysterious Astral Ward and aids in their efforts to rescue Dagda, the Wizard of the Celestial.""","«Командир знакомится с таинственным Астральным Оберегом и помогает им спасти Дагду, Небесного Волшебника»."
"""The commander is called into action, giving them a much-needed reprieve from an otherwise relaxed vacation.""","«Командир призван к действию, что дает им столь необходимую передышку от спокойного отпуска»."
"""The commander of the Blood Legion in Ascalon works out of this office, balancing with the Ash Legion to power of the Iron Legion Imperator.""","«Командир Кровавого Легиона в Аскалоне работает в этом офисе, балансируя с Пепельным Легионом к власти Императора Железного Легиона»."
"""The commander, Caithe, and Malice track down the Durmand Priory's missing titan expert.""","«Командир, Кейт и Мэлис выслеживают пропавшего эксперта по титанам из Приората Дурманд»."
"""The commander, now dubbed the """"wayfinder,"""" must track down and attempt to save Mabon before it's too late.""","«Командир, которого теперь прозвали «путеводителем», должен выследить и попытаться спасти Мабона, пока не стало слишком поздно»."
"""The console glows with power, displaying a number of buttons and switches.""","«Консоль светится энергией, на ней отображается множество кнопок и переключателей»."
"""The console powers up, allowing access to the door's controls.""","«Консоль включается, открывая доступ к элементам управления дверью»."
"""The consumable is now in your inventory. Press %str1%, or use the quick launch button to get to your inventory.""","«Расходный материал теперь в вашем инвентаре. Нажмите %str1% или воспользуйтесь кнопкой быстрого запуска, чтобы добраться до вашего инвентаря»."
"""The cooling chamber is overheating, but a cooling rod would slow the reaction. Did you bring one?""","«Охлаждающая камера перегревается, но охлаждающий стержень замедлит реакцию. Вы его принесли?»"
"""The core task before us is to bring fractals to their completion state. To rally Tyria's defenders to this goal, weekly bounties have been posted in Lion's Arch.""","«Основная задача, стоящая перед нами, — довести фракталы до состояния их завершения. Чтобы сплотить защитников Тирии для достижения этой цели, в Львиной Арке были объявлены еженедельные контракты»."
"""The corpse of a merchant lies cold on the ground. Judging by the goods scattered about, the merchant must have sought refuge in the cave while the murellows were out hunting.""","«Труп купца лежит холодный на земле. Судя по разбросанным товарам, купец, должно быть, укрылся в пещере, пока муреллы были на охоте»."
"""The cost of an item is displayed in the Vendor window, here. Items that can be purchased for karma are indicated by a purple icon.""","«Стоимость предмета отображается в окне Торговца здесь. Предметы, которые можно приобрести за карму, обозначены фиолетовым значком»."
"""The creature is covered by a thick mucus membrane, making it invulnerable to regular attacks. Use caustic grenades from Strumm to burn away the membrane and expose the target to attacks.""","«Существо покрыто толстой слизистой оболочкой, что делает его неуязвимым для обычных атак. Используйте едкие гранаты Струмма, чтобы сжечь мембрану и подвергнуть цель атакам»."
"""The creature is focused on you, but it still seems confused.""","«Существо сосредоточено на вас, но все еще кажется растерянным»."
"""The creature obeys! It praises Joko, in its way.""",«Существо подчиняется! Оно по-своему восхваляет Джоко».
"""The creature seems to be listening, but it doesn't understand you.""","«Существо вроде бы слушает, но оно тебя не понимает»."
"""The creature sounds like a lich. From the description I was given, I think I can identify it as Mazdak the Accursed.""","«Это существо похоже на лича. Судя по описанию, которое мне дали, я думаю, что могу идентифицировать его как Маздака Проклятого»."
"""The crusaders of Vigil Keep swear to defend those in danger, protect the innocent, and stand fast against evil. Zhaitan's attack threatens the heart of the Order. Hopefully, you will arrive before all is lost.""","«Крестоносцы Крепости Бдения клянутся защищать тех, кто в опасности, защищать невинных и стойко противостоять злу. Нападение Зайтана угрожает сердцу Ордена. Надеюсь, вы прибудете прежде, чем все будет потеряно»."
"""The crystal is sending memories into your mind. You can tap into them, if you wish.""","«Кристалл посылает воспоминания в ваш разум. Если хотите, вы можете подключиться к ним»."
"""The curse annihilated the charr army, but it destroyed Orr as well. A cataclysm plunged the nation into the ocean. Everything was lost.""","«Проклятие уничтожило армию чарров, но оно уничтожило и Орра. Катаклизм погрузил страну в океан. Все было потеряно»."
"""The custodians of Augury Rock were the Forgotten, a serpent race that served the dragon Glint.""","«Хранителями Авгурийской скалы были Забытые, змеиная раса, служившая дракону Глинту»."
"""The danger has passed, for now.""",«На данный момент опасность миновала».
"""The dank air reeks of foul water and mold, but underneath is the strong, sweet smell of rich soil. Some earthen force is alive down here, or it has died and will not let go.""","«Сырой воздух пахнет гнилой водой и плесенью, но под ним сильный, сладкий запах плодородной почвы. Какая-то земляная сила жива здесь, или она умерла и не отпускает»."
"""The dank cave serves as a locus for the leaders of the centaur tribes to gather and plan their vicious assaults. Human skulls dangle on skewers, bearing mute testament to the success of previous plans.""","«Сырая пещера служит местом, где лидеры племен кентавров собираются и планируют свои жестокие нападения. Человеческие черепа висят на шампурах, являясь немым свидетельством успеха предыдущих планов»."
"""The darkness that invades Tyria is terrifying. Once the dragons infect your being, you're lost forever.""","«Тьма, которая вторгается в Тирию, ужасна. Как только драконы заражают ваше существо, вы потеряны навсегда»."
"""The data crystals recovered from these salvaged golems contain recordings of experiments carried out inside Rata Primus and the Awakened incursion during the facility's final hours. The footage is available upon request; due to its graphic nature, guided orientation before viewing is strongly advised.""","«Кристаллы данных, извлеченные из этих спасенных големов, содержат записи экспериментов, проведенных внутри Рата Примус, и вторжения Пробужденных в последние часы работы комплекса. Отснятый материал доступен по запросу; из-за его графического характера настоятельно рекомендуется ориентироваться перед просмотром»."
"""The day the Vanguard left Ascalon, that second time, was sad but proud. Civilians lined the streets to honor these heroes from the north.""","«День, когда Авангард покинул Аскалон во второй раз, был печальным, но гордым. Мирные жители выстроились вдоль улиц, чтобы почтить память этих героев с севера»."
"""The defeat of the Bore Lynch generals has driven the commissar to the surface. With his defeat, the dredge rebellion can commence.""",«Поражение генералов Бора Линча вынудило комиссара выйти на поверхность. С его поражением может начаться восстание драгов».
"""The details matter. Whether you're double-checking the wiring on your new explosives or changing the gear shaft on your favorite turret, this monocle lets you see what needs to be seen.""","«Детали имеют значение. Независимо от того, проверяете ли вы проводку на своей новой взрывчатке или меняете вал шестерни на своей любимой турели, этот монокль позволит вам увидеть то, что нужно увидеть»."
"""The devastation caused by the bloodstone exploding was horrific. I did my best to gather information to piece together what happened, but the mystery is deep.""","«Разрушения, вызванные взрывом кровавого камня, были ужасающими. Я приложил все усилия, чтобы собрать информацию, чтобы собрать воедино то, что произошло, но тайна глубока»."
"""The device shimmers. From the background, you can hear Leadclaw drop something. He snaps to attention. """"So many gobblers... Oh, hey, %str1%! Looking to exchange stuff for...other stuff?""""""","""Устройство мерцает. На заднем плане слышно, как Свинцовый Коготь что-то роняет. Он вытягивает внимание. """"Так много жуликов... О, эй, %str1%! Хотите обменять вещи на... другие вещи?"""""""
"""The devourer queens are well tended. Thanks to your help, the next egg harvest will probably be bountiful.""","«За королевами-пожирателями хорошо ухаживают. Благодаря вашей помощи следующий урожай яиц, вероятно, будет обильным»."
"""The diagrams have been so scribbled over, the original designs are barely visible. Amidst structural corrections and mathematical notes are a few unsavory words about the original author's education.""","«Диаграммы настолько исписаны, что оригинальные рисунки едва видны. Среди структурных исправлений и математических примечаний есть несколько непристойных слов об образовании первоначального автора»."
"""The document is titled """"Arcane Council Payment Checklist.""""""",«Документ называется «Контрольный список платежей Тайного совета».»»
"""The dolyak's not moving, but it doesn't seem to be injured.""","«Доляк не двигается, но вроде бы не ранен»."
"""The door appears to be locked from the inside. You can feel a slight breeze through the cracks, and hear faint birdsong in the distance.""","«Дверь, кажется, заперта изнутри. Сквозь щели можно почувствовать легкий ветерок и услышать вдалеке слабое пение птиц»."
"""The door has opened, providing an exit from this room.""","«Дверь открылась, обеспечивая выход из этой комнаты»."
"""The door's not working. Sealed from the far side, perhaps?""","«Дверь не работает. Возможно, она запечатана с дальней стороны?»"
"""The door's surface is stained and mottled with age. Judging by its thickness and hard wood, its age will make it no less solid. No knobs or latches give clues to how to open it, but there must be a mechanism somewhere.""","«Поверхность двери покрыта пятнами и пятнами от времени. Судя по ее толщине и твердой древесине, возраст сделает ее не менее прочной. Никакие ручки и защелки не подсказывают, как ее открыть, но где-то должен быть механизм»."
"""The doors to the Mad Realm are open, and Mad King Thorn has returned!""","«Двери в Безумное царство открыты, и Безумный король Торн вернулся!»"
"""The downed state has been disabled in WvW during this event! Additionally, earn double WXP, increased reward-track progress, and increased magic find!""","«Во время этого события в WvW отключено состояние «поверженное состояние»! Кроме того, вы получите двойной WXP, увеличенный прогресс в системе наград и улучшенный поиск магии!»"
"""The dragon commands, and we answer. All will serve Zhaitan!""","«Дракон командует, а мы отвечаем. Все будут служить Зайтану!»"
"""The dragon expected the rest of Tyria to be as easily conquered. But we live, and we breathe, and we fight!""","«Дракон ожидал, что остальную часть Тирии будет так же легко покорить. Но мы живем, дышим и сражаемся!»"
"""The dragon gave the orders, but someone still had to carry them out.""","«Дракон отдавал приказы, но кто-то все равно должен был их выполнять»."
"""The dragon's servants will never let our ships sail. If they surround the docks, they'll slaughter us—and Zhaitan's forces will grow.""","«Слуги дракона никогда не отпустят наши корабли в плавание. Если они окружат доки, они перебьют нас — и силы Зайтана будут расти»."
"""The dragons are a threat to everyone, Ikniu. I'm pleased your village has joined the fight against them.""","«Драконы представляют угрозу для всех, Икниу. Я рад, что твоя деревня присоединилась к борьбе с ними»."
"""The dredge and Flame Legion fought today. Cracks in their partnership are showing. Even in victory, their partnership is weak. Ideological differences.""",«Земснаряд и Пламенный Легион сражались сегодня. В их партнерстве видны трещины. Даже в случае победы их партнерство слабое. Идеологические разногласия».
"""The dredge are here. I can feel them digging under us, under Snow Leopard's sacred land. Their machines and chants give them away. Ha! It's rare for prey to come right to you.""","«Земснаряд здесь. Я чувствую, как они копают под нами, под священной землей Снежного Барса. Их машины и песнопения выдают их. Ха! Редко когда добыча может подойти прямо к тебе»."
"""The dredge aren't as bad as asura, but I'm still glad to be free.""","«Земснаряды не так плохи, как асура, но я все равно рад быть свободным»."
"""The dredge commissar has been slain, and the Priory controls the front, but dredge are still advancing near Granite Citadel.""","«Комиссар по драгированию убит, и Приорат контролирует фронт, но драги все еще продвигаются возле Гранитной Цитадели»."
"""The dredge have become a real problem. Attacking hunters, scaring off game—it's too much to ignore.""","«Земснаряды стали настоящей проблемой. Нападать на охотников, отпугивать дичь — это слишком много, чтобы игнорировать»."
"""The dredge have been pushed back to Tribulation Rift, but their forces are moving in the east.""","«Земснаряд отброшен обратно в Разлом Скорби, но их силы движутся на востоке»."
"""The dredge have claimed all the former lands of the dwarves. What was once Sorrow's Furnace is now Sorrow's Embrace, but great powers may still be found within these depths.""","«Земснаряды захватили все бывшие земли гномов. То, что когда-то было Печиной Скорби, теперь является Объятиями Скорби, но в этих глубинах все еще можно найти великие силы»."
"""The dredge have sealed themselves inside that mine. We need to get in, take what we need, and get out.""","«Земснаряды заперлись внутри шахты. Нам нужно войти, взять то, что нам нужно, и выбраться»."
"""The dredge have the vehicle. With a little planning, you can take advantage of their practice maneuvers and ambush them. Just like hunting back home.""","«У драга есть машина. Немного спланировав, вы сможете воспользоваться их тренировочными маневрами и устроить им засаду. Точно так же, как на охоте дома»."
"""The dredge lifted themselves up! If we help them, together we can lift ourselves!""","«Земснаряды поднялись! Если мы им поможем, вместе мы сможем подняться сами!»"
"""The dredge may have left their weapons all over these tunnels. If I can just find them, I'm sure these weapons would aid our cause.""","«Земснаряды, возможно, оставили свое оружие по всем туннелям. Если я смогу его найти, я уверен, что это оружие поможет нашему делу»."
"""The dredge rebellion has been defeated, but the rebels are preparing their next strike.""","«Восстание драгов потерпело поражение, но повстанцы готовят следующий удар»."
"""The drill can only cut into—not channel anything out of—the ground. Scarlet intended only to disrupt the ley lines, not to tap the energy in them.""","«Сверло может только врезаться в землю, а не выводить что-либо из нее. Скарлет намеревалась только разрушить силовые линии, а не использовать в них энергию»."
"""The drinking competition just started, and it's already out of control!""","«Соревнование по выпивке только началось, а оно уже вышло из-под контроля!»"
"""The duality of water is reflected in Cantha's seas. They nurture the land's inhabitants with food sources and trade routes, yet harbor threats of naga and Unchained Risen within their depths.""","«Двойственность воды отражается в морях Канты. Они питают жителей этой земли источниками пищи и торговыми путями, но в то же время таят в своих глубинах угрозу со стороны наг и Unchained Risen»."
"""The dwarves are no longer here to share their history. This used to be dwarven territory, until they disappeared underground a couple centuries ago. All we have left is what they abandoned in these caves.""","«Гномы больше не здесь, чтобы делиться своей историей. Раньше это была территория гномов, пока они не исчезли под землей пару столетий назад. Все, что у нас осталось, это то, что они оставили в этих пещерах»."
"""The dwarves may have invented black powder, but you can perfect its use. Learn to safely launch to great heights with an explosive blast, without singeing your socks.""","«Возможно, гномы изобрели черный порох, но вы можете усовершенствовать его использование. Научитесь безопасно взлетать на большую высоту с помощью взрывной волны, не опаливая при этом носки»."
"""The dwarves must have made it a sheathe for the sword. If we find that, it should protect us.""","«Должно быть, гномы сделали из него ножны для меча. Если мы это найдём, он защитит нас»."
"""The earth trembles, and the wind goes cold. Dragonstorm will begin in 10 minutes.""","«Земля дрожит, и ветер становится холодным. Драконий шторм начнется через 10 минут»."
"""The egg is safe in Tarir, but as you search for your friends, the jungle grows even more menacing and steeped in mystery.""","«Яйцо в Тарире безопасно, но пока вы ищете своих друзей, джунгли становятся еще более угрожающими и полными тайн»."
"""The elders at Hoelbrak received me hospitably and had good information about the sighting of a strange icebrood creature in the far north. They'd also seen Braham and knew Rox had gone to join him with Garm. Apparently, those two are headed in the same direction I am.""","«Старейшины Хоэлбрака приняли меня гостеприимно и располагали достоверной информацией о появлении странного ледяного существа на крайнем севере. Они также видели Брахама и знали, что Рокс отправился присоединиться к нему с Гармом. Судя по всему, эти двое направляются в том же направлении, что и я»."
"""The elementals have gone mad. I can't... Please, can someone help us? The village isn't safe.""","«Элементали сошли с ума. Я не могу... Пожалуйста, кто-нибудь может нам помочь? Деревня небезопасна»."
"""The elusive murellow's body courses with poisons, giving it a sickly appearance and causing its hair to fall out. Despite its gaunt frame, it is a fierce protector, spitting clouds of poison as it shrugs off attacks. —Acht""","«Тело неуловимого муреллоу наполнено ядами, что придает ему болезненный вид и вызывает выпадение волос. Несмотря на свое худощавое телосложение, он яростный защитник, плюющийся облаками яда, уклоняясь от атак. — Ахт»"
"""The empress is too weak to reclaim her own palace, much less return Old Kaineng to its former glory!""","«Императрица слишком слаба, чтобы вернуть себе собственный дворец, а тем более вернуть Старому Кайненгу его былую славу!»"
"""The empress let those...insurrectionists into Cantha, and they repay her kindness by attacking our fair city!""","«Императрица впустила этих... повстанцев в Канту, и они отплатили ей за доброту, напав на наш прекрасный город!»"
"""The enemy. Mordremoth...you can hear its voice, too, but you...resist. So does Canach...and so do I. Thank you, Commander.""","«Враг. Мордремот… ты тоже слышишь его голос, но ты… сопротивляешься. Кэнак тоже… и я тоже. Спасибо, командир»."
"""The engineers of Irondock Shipyard are at the forefront of underwater technology, but they are constantly harassed by wildlife—not to mention the Separatists who have built a nearby camp. Their vital work must continue unimpeded.""","«Инженеры верфи Айрондок находятся в авангарде подводных технологий, но их постоянно преследуют дикие животные, не говоря уже о сепаратистах, которые построили близлежащий лагерь. Их жизненно важная работа должна продолжаться беспрепятственно»."
"""The enigmatic kodan are newcomers to the Shiverpeaks. When the far north flooded, a few kodan refugees arrived on southern shores. Until now, very few norn have encountered these mysterious bear-people.""","«Загадочные коданы — новички в Шиверпиках. Когда крайний север был затоплен, несколько коданских беженцев прибыли на южные берега. До сих пор очень немногие норны сталкивались с этими загадочными людьми-медведями»."
"""The entire Inquest facility is drawing power from this miasmic substance. Its nebulous form is unlike standard generators, and its supercharged particles are twice as potent.""","«Весь комплекс дознания черпает энергию из этого миазматического вещества. Его туманная форма не похожа на стандартные генераторы, а его сверхзаряженные частицы в два раза мощнее»."
"""The entrance to Arah lies beyond these cliffs, in the Cursed Shore. We have to make sure that Pact troops and supplies are able to travel unhindered through Malchor's Leap in that direction. We've identified four locations vital to keeping our lines open. Our objective: to keep these bases under Pact control.""","«Вход в Арах находится за этими скалами, на Проклятом берегу. Мы должны убедиться, что войска и припасы Пакта смогут беспрепятственно пройти через Прыжок Малхора в этом направлении. Мы определили четыре места, жизненно важные для поддержания наших линий открытыми. Наша цель: держать эти базы под контролем Пакта»."
"""The environment is looking much cleaner, thanks to you.""",«Благодаря вам окружающая среда выглядит намного чище».
"""The envoys shepherd the souls of the dead to their place in the Underworld. By studying spiritual energy, you may learn their secrets and start your journey toward building a truly legendary set of armor.""","«Посланники ведут души умерших к их месту в Подземном мире. Изучая духовную энергию, вы можете узнать их секреты и начать свой путь к созданию поистине легендарного комплекта доспехов»."
"""The essence of fast rolling is that your beetle speeds up going downhill and slows down going uphill. Avoid obstacles or rough terrain if you can, and conserve your momentum.""","«Суть быстрого катания заключается в том, что ваш жук ускоряется при спуске и замедляется при подъеме. По возможности избегайте препятствий или пересеченной местности и сохраняйте инерцию»."
"""The evoker can select an element to specialize in, gaining a familiar of that element. Right-click on profession skill 5 to select an elemental skill.""","«Вызыватель может выбрать элемент, на котором будет специализироваться, и получить фамильяр этого элемента. Щелкните правой кнопкой мыши на профессиональном навыке 5, чтобы выбрать элементарный навык»."
"""The explosion has left you temporarily disoriented, slowing your movement speed.""","«Взрыв временно дезориентировал вас, замедлив скорость вашего передвижения»."
"""The eye opens to a new world with each blink, a mystery long hidden among the clouds. But a darkness is slowly blotting out the light... Push it back by fighting the beast.""","«С каждым морганием глаз открывает новый мир, тайну, давно скрытую среди облаков. Но тьма медленно затмевает свет... Отодвиньте его назад, сражаясь со зверем»."
"""The fanged iboga is one of the most aggressive members of its family, actively seeking out prey and mercilessly dousing it in acid. —Acht""","«Клыкастая ибога — один из самых агрессивных представителей своего семейства, активно выискивающий добычу и безжалостно обливающий ее кислотой. — Ахт»"
"""The fields beyond Shaemoor are Kryta's breadbasket. Since the centaur attack, citizens are trying to rebuild their lives, but it's tough with bandits and dangerous wildlife roaming the area. Don't wait for an invitation, jump in and help them!""","«Поля за пределами Шамура — житница Криты. После нападения кентавров граждане пытаются восстановить свою жизнь, но это сложно, поскольку бандиты и опасные дикие животные бродят по территории. Не ждите приглашения, прыгайте и помогите им!»"
"""The finest, huh? Let's see your selection.""","«Самый лучший, да? Давайте посмотрим ваш выбор»."
"""The fire pit burns bright, and Mount Balrior beckons. Do you wish to embrace the past and relive the events on the mountain through Stoic Alder's storytelling?""","«Костер ярко горит, и гора Балриор манит. Хотите ли вы окунуться в прошлое и пережить события на горе через рассказы стоика Алдера?»"
"""The first time a <c=@abilitytype>phantasm</c> would become a clone, it instead resummons itself and attacks again. Resummoned phantasms inflict a percentage of the original's damage.<br><c=@reminder>(Resummoned phantasms are briefly dazed.)</c>""","«В первый раз, когда <c=@abilitytype>фантазм</c> становится клоном, он вместо этого возобновляет себя и снова атакует. Возобновленные фантомы наносят определенный процент урона от оригинала.<br><c=@reminder>(Возобновленные фантомы на короткое время ошеломляются.)</c>»"
"""The firstborn, eldest among the sylvari, honor those who show courage and fight for the Dream.""","«Первенцы, старшие среди сильвари, чтят тех, кто проявляет храбрость и сражается за Мечту»."
"""The fish is trying to escape! Use these skills to keep your lure over the target. When the yellow bar is full, you've caught the fish! If the bar empties completely, the fish will get away.""","«Рыба пытается убежать! Используйте эти навыки, чтобы удерживать приманку над целью. Когда желтая полоса заполнится, вы поймали рыбу! Если полоска опустеет полностью, рыба ускользнет»."
"""The flakes form a kind of paste, coating the coarse metal.""","«Чешуйки образуют своего рода пасту, покрывающую грубый металл»."
"""The flame inside the urn burns with unusual urgency, but there's no visible source of fuel.""","«Пламя внутри урны горит с необычной силой, но видимого источника топлива нет»."
"""The flow of paranormal energy from the haunted doors has been reversed, leaving the Mad Realm open to anyone brave enough to cross the threshold.""","«Поток паранормальной энергии из дверей с привидениями был обращен вспять, оставив Безумное Царство открытым для любого, кто достаточно смел, чтобы переступить порог»."
"""The flowers here bloom with natural magic, so you could try that.""","«Цветы здесь цветут благодаря природному волшебству, так что вы можете попробовать»."
"""The fly buzzes once, twitches, then tumbles to the ground.""","«Муха жужжит один раз, дергается, а затем падает на землю»."
"""The forces have been recalled. There's a quiet relief that can be felt throughout the unit. Their long, hard-fought struggle is coming to an end.""","«Войска отозваны. Во всем подразделении чувствуется тихое облегчение. Их долгая, упорная борьба подходит к концу»."
"""The forest is fairly dangerous, and we wouldn't pass her off on just anyone. You're not """"just anyone,"""" though.""","«Лес довольно опасен, и мы бы не выдали ее кому попало. Хотя ты не «просто кто угодно»."
"""The frog slipped between your fingers, and you swear she gave you a salacious wink as she made her way downriver.""","«Лягушка скользнула между твоими пальцами, и ты клянешься, что она непристойно подмигнула тебе, спускаясь вниз по реке»."
"""The froglike hylek are Tyria's best alchemists, the masters of potion and poison. Take the role of the apprentice in discovering the secrets of their work to create research, the first step in attaining the Hylek Optimized Projectile Experiment (HOPE).""","«Лягушачьи хилеки — лучшие алхимики Тирии, мастера зелий и ядов. Возьмите на себя роль ученика в раскрытии секретов их работы и проведении исследований, что станет первым шагом на пути к проведению эксперимента с оптимизированным снарядом хайлеков (НАДЕЖДА)»."
"""The front line is holding up better than expected. I knew Stoneglow was weak, but this is a walk in the park. Have the troops maintain their stronghold until Jormag is released.""","«Линия фронта держится лучше, чем ожидалось. Я знал, что Стоунглоу слаб, но это прогулка по парку. Пусть войска сохранят свою крепость, пока Йормаг не будет освобожден»."
"""The fumes coming from this liquid make your eyes sting a little, but it sure smells good.""","«От этой жидкости немного щиплет глаза, но пахнет она очень приятно»."
"""The fundamentals, then. Start with some sprints around the Citadel.""","— Итак, основы. Начни с нескольких забегов по Цитадели."
"""The furnace smelts ore into iron. You threw the ore in, but you didn't get the iron out! Go get it!""","«Печь переплавляет руду в железо. Ты бросил руду, а железо не вынуло! Иди принеси!»"
"""The future is fashion, and the future is now.""","«Будущее – это мода, а будущее – сейчас»."
"""The future of Cantha lies in our people, not your mechanical monstrosities!""","«Будущее Канты — в наших людях, а не в ваших механических чудовищах!»"
"""The game client is unable to gain access to the log-in server at this time. This is most commonly caused by firewall or router settings, security applications, or connecting through a campus network. For additional support, please visit <a=1>http://support.guildwars2.com</a>.""","«Игровой клиент в настоящее время не может получить доступ к серверу входа. Чаще всего это происходит из-за настроек брандмауэра или маршрутизатора, приложений безопасности или подключения через студенческую сеть. Для получения дополнительной поддержки посетите <a=1>http://support.guildwars2.com</a>»."
"""The game client was unable to connect to the log-in server. Please restart your client and try again. If the problem persists, contact Customer Support for assistance at <a=1>http://support.guildwars2.com</a>.""","«Клиенту игры не удалось подключиться к серверу входа. Перезапустите клиент и повторите попытку. Если проблема не устранена, обратитесь за помощью в службу поддержки по адресу <a=1>http://support.guildwars2.com</a>»."
"""The game ends when there are no players left alive, so revive your teammates.""","«Игра заканчивается, когда в живых не остается игроков, так что оживите своих товарищей по команде»."
"""The game is almost over, but the best part is always the ending!""","«Игра почти окончена, но самое лучшее — это всегда финал!»"
"""The gang didn't recognize the disguised me, which made it easy to infiltrate them. Eventually, I found out they plan to poison the city's water supply. I need to tell Captain Thackeray about this.""","«Банда не узнала меня замаскированного, что облегчило им проникновение. В конце концов я узнал, что они планируют отравить городскую систему водоснабжения. Мне нужно рассказать об этом капитану Теккерею»."
"""The gangs have overwhelmed the Kestrels, forcing them to withdraw and leave Echovald in endless war.""","«Банды сокрушили пустельг, вынудив их отступить и оставить Эховальд в бесконечной войне»."
"""The gate is locked and can only be opened from the inside. But, there may be a way to get around it.""","«Ворота заперты, и их можно открыть только изнутри. Но, возможно, есть способ обойти их»."
"""The gate is locked tight, but you hear a rumbling behind you.""","«Ворота плотно заперты, но ты слышишь грохот позади себя»."
"""The gateway to Arah, the now-ruined city of the Human Gods, this realm is the home of the Elder Undead Dragon's most powerful minions.""","«Врата в Арах, ныне разрушенный город Человеческих Богов, это царство является домом самых могущественных приспешников Старшего Неживого Дракона»."
"""The gentle hum of life in Mori Village fills your ears, the bustling community filling you with a sense of ease.""","«Тихий гул жизни в деревне Мори наполняет ваши уши, а шумная жизнь наполняет вас ощущением легкости»."
"""The ghost attack on Smokestead killed many charr in Ashford, devastating your warband and leaving your future uncertain. Tribune Torga Desertgrave of the Ash Legion has summoned you to the barracks to discuss your prospects.""","«Нападение призраков на Дымстед убило множество чарров в Эшфорде, опустошив ваш отряд и оставив ваше будущее неопределенным. Трибун Торга Пустынная могила Пепельного легиона вызвал вас в казармы, чтобы обсудить ваши перспективы»."
"""The ghost attack on Smokestead took a heavy toll on the Black Citadel's forces in Ashford. Tribune Bhuer Goreblade has ordered you to report in, so that you can discuss your warband's future in the Iron Legion.""","«Нападение призраков на Дымстед нанесло тяжелый урон силам Черной Цитадели в Эшфорде. Трибун Бхуэр Кровавый Клинок приказал вам явиться сюда, чтобы вы могли обсудить будущее вашего отряда в Железном Легионе»."
"""The ghostly heroes have reached the Throne of Pellentia. Those who retrace the heroes' steps may meet Turai Ossa, but he won't stay for long.""","«Призрачные герои достигли Трона Пеллентии. Те, кто пойдет по стопам героев, могут встретить Турая Оссу, но он не задержится там надолго»."
"""The ghosts are apparently activating some nearby stones. If that's true, we have more than one problem in front of us. Now, I don't have time for this, I have to plan!""","«Призраки, очевидно, активируют некоторые близлежащие камни. Если это правда, то перед нами стоит не одна проблема. Теперь у меня нет на это времени, мне нужно планировать!»"
"""The ghosts call it """"illumination,"""" but I'm far more inclined to believe in hidden circuitry.""","«Призраки называют это «освещением», но я гораздо больше склонен верить в скрытую схему»."
"""The ghosts haunting this cesspool are angry. Eir's meddling will get them all riled up. I want to keep them down here, where they do minimal damage.""","«Призраки, обитающие в этой клоаке, разгневаны. Вмешательство Эйр разозлит их всех. Я хочу оставить их здесь, внизу, где они нанесут минимальный ущерб»."
"""The golem begins to hum steadily. Its arms move slightly, then fall back into its ready stance. A warm glow appears around its sensors.""","«Голем начинает устойчиво гудеть. Его руки слегка двигаются, затем снова принимают готовую стойку. Вокруг его сенсоров появляется теплое свечение»."
"""The golems support teleporting near them via the ground or the air. So if you're going in via the air, just be careful where you land. I can't control that from here.""","«Големы поддерживают телепортацию рядом с ними по земле или по воздуху. Так что, если вы идете по воздуху, просто будьте осторожны, когда приземляетесь. Я не могу контролировать это отсюда»."
"""The good Captain sees villains everywhere, even when there are none.""","«Добрый капитан везде видит злодеев, даже когда их нет»."
"""The graceful movements of the skimmer allow it to float above land and water, which is especially useful on the Elon River and other hazardous parts of the desert.""","«Изящные движения скиммера позволяют ему парить над сушей и водой, что особенно полезно на реке Илон и в других опасных частях пустыни»."
"""The grawl have abandoned their false god, but the beast isn't done with them yet. There's a battle coming, and the grawl need your help to survive it.""","«Грол покинул своего ложного бога, но зверь еще не покончил с ними. Приближается битва, и гралу нужна твоя помощь, чтобы выжить в ней»."
"""The great artist, Uzolan, is known throughout Kryta as a cunning inventor. His toys and fun machines can be seen throughout Divinity's Reach, and his One-Man-Band is a marvel of the modern world.""","«Великий художник Узолан известен на Крите как хитрый изобретатель. Его игрушки и забавные машины можно увидеть по всему Divinity's Reach, а его ансамбль из одного человека — чудо современного мира»."
"""The greater amount you have of me, the less of others you will see. What am I?""","«Чем больше у тебя есть меня, тем меньше ты увидишь других. Кто я?»"
"""The greater the risk, the greater the treasure.""","«Чем больше риск, тем больше сокровища»."
"""The greatest adventure ever is under their noses. How can people just keep walking, talking, eating and sleeping?""","«Величайшее приключение на свете находится у них под носом. Как люди могут просто продолжать ходить, говорить, есть и спать?»"
"""The greatest city of the Asura is a wonder of arcanic architecture. It is a great subdivided cube that floats over the surrounding terrain, impressing all the races with the might of its magic.""","«Величайший город Асуров — чудо тайной архитектуры. Это огромный разделенный на части куб, который парит над окружающей местностью, впечатляя все расы мощью своей магии»."
"""The greatest city of the asura is a wonder of arcanic architecture. It is a great subdivided cube that floats over the surrounding terrain, impressing all of Tyria's species with its magical might.""","«Величайший город асуров — чудо тайной архитектуры. Это огромный разделенный на части куб, парящий над окружающей местностью, впечатляющий своей магической мощью все виды Тирии»."
"""The greatest leviathan ever discovered, in all possible ways. Donated in loving memory by the Bastion of the Natural.""","«Величайший левиафан, когда-либо обнаруженный всеми возможными способами. Подарен в память о Бастионе Природы»."
"""The greatsword that belonged to her sister, Belinda.""","«Большой меч, принадлежавший ее сестре Белинде»."
"""The ground is littered with the shattered remains of the raven roost, and bits of food and seed.""","«Земля усеяна разбитыми остатками вороньего насеста, кусочками еды и семян»."
"""The group known as the Kestrels aims to quell the gangs' unrest, providing protection to civilians in the area.""","«Группа, известная как «Пустельга», стремится подавить беспорядки банд, обеспечивая защиту мирным жителям в этом районе»."
"""The guard's wife will have had her babe by then, and we'll have midwifing money to gamble.""","— Жена охранника к тому времени уже родит ребенка, и у нас будут деньги на акушерство, чтобы сыграть в азартные игры."
"""The guardian arrives! Ah, a sight for R'tchikk's weary eyes! To the top of the spire, gigantic friend.""","«Страж прибывает! Ах, зрелище для усталых глаз Рчикка! На вершину шпиля, гигантский друг»."
"""The guardian's Virtues are now movement based, giving them a swift advantage in combat. Gain access to the Physical skill type.""","«Достоинства стража теперь основаны на движении, что дает ему быстрое преимущество в бою. Получите доступ к физическому умению»."
"""The guardian's resolve has further increased, allowing <c=@abilitytype>Virtues</c> to be manifested as physical aspects. Gain access to <c=@abilitytype>Traps</c>.""","«Решимость стража еще больше возросла, позволяя <c=@abilitytype>Достоинствам</c> проявляться в физических аспектах. Получите доступ к <c=@abilitytype>Ловушкам</c>»."
"""The guards nearby will have the keys to the garrison on them. Once you infiltrate the gates and unlock their weapons bins, bring the weapons to me.""","«У охранников поблизости будут ключи от гарнизона. Как только вы проникнете в ворота и откроете их ящики с оружием, принесите оружие мне»."
"""The guild's claimed objectives now always emanate an aura that applies boons to allies in the vicinity while the guild holds the objective. Initially, the aura applies a +5 supply capacity.""","«Заявленные цели гильдии теперь всегда излучают ауру, которая накладывает дары на союзников поблизости, пока гильдия удерживает цель. Первоначально аура дает 5 единиц снабжения»."
"""The guild, squad, or party is full.""","«Гильдия, отряд или группа заполнены»."
"""The guilds are doing amazing work out there. They're fighting, and winning, right under Mordremoth's nose.""",«Гильдии проделывают потрясающую работу. Они сражаются и побеждают прямо под носом у Мордремота».
"""The gwyldell tend to rings just like this one. I've found them all over the forest. The rings themselves are quite powerful, too.""",«Гвилделлы обычно носят такие же кольца. Я нашел их по всему лесу. Сами кольца тоже довольно мощные».
"""The gyroflex module is misconfigured. The deviation limit should be set to point-zero-two-five, not point-two-five.""","«Модуль гирофлекса настроен неправильно. Предел отклонения должен быть установлен на ноль-два-пять, а не на два-пять»."
"""The half of the amulet in the message fit perfectly with the necklace you've carried since childhood. Though suspicious, the message promised information about your long-lost parents—the opportunity is almost impossible to resist.""","«Половина амулета в послании идеально сочеталась с ожерельем, которое вы носили с детства. Хотя это и подозрительно, послание обещало информацию о ваших давно потерянных родителях — устоять перед этой возможностью практически невозможно»."
"""The hammer is slow to swing. If your opponent sees it coming, they can counter easily.""","«Молот движется медленно. Если ваш противник увидит его приближение, он сможет легко контратаковать»."
"""The harbinger's magic has opened a portal to the mountain's peak, and the spirits have vanished.""","«Магия предвестника открыла портал на вершину горы, и духи исчезли»."
"""The harpies are getting sassy again. They're after the mortars. If we don't do something, they'll destroy them, and we'll have double the work.""","«Гарпии снова становятся нахальными. Они охотятся за минометами. Если мы ничего не предпримем, они их уничтожат, а нам придется удвоить работу»."
"""The heart hunts on a lonely train, plagued by desire, sadness, and occasionally joy. It pervades Tyria and its people. Track down these moments of the heart throughout the land in your first steps to create the legendary precursor The Lover.""","«Сердце охотится в одиноком поезде, преследуемое желанием, грустью, а иногда и радостью. Оно пронизывает Тирию и ее жителей. Отслеживайте эти моменты сердца по всей земле в своих первых шагах, чтобы создать легендарного предшественника Любовника»."
"""The heart of the Iron Legion in Ascalon and the center of the Black Citadel, the imposing edifice of the Command Core displays the power of the Iron Legion and its imperator, Smodur the Unflinching.""","«Внушительное здание Командного ядра, сердце Железного Легиона в Аскалоне и центр Черной Цитадели, демонстрирует мощь Железного Легиона и его императора Смодура Неустрашимого»."
"""The hero, Caithe, sent you a letter. This may have something to do with the sighting, north of the Grove, of a white stag like the one in your Dream. What could it mean?""","«Герой Кейт отправила тебе письмо. Возможно, это как-то связано с тем, что к северу от Рощи увидел белого оленя, подобного тому, что был в твоем сне. Что это может означать?»"
"""The higher we go, the further we can see.""","«Чем выше мы поднимаемся, тем дальше мы видим»."
"""The homestead is locked up tight, but there's a strange mark on the door.""","«Усадьба заперта наглухо, но на двери странная отметина»."
"""The honeybees of Janthir are an incredibly pragmatic subspecies. When bonded to an individual, or the hive's queen as they most often are, the bees are incredibly chivalrous toward their proprietor. However, I'd be remiss if I didn't mention their stingers. Likely adapted to protect themselves from the treacherous nature of the region, the Janthiri bee's ovipositor is markedly durable and even more hazardous. The lowland kodan often coat their weapons in bee venom before a challenging hunt. —Acht""","«Медоносные пчелы Джантира — невероятно прагматичный подвид. Когда они привязаны к отдельному человеку или к королеве улья, как это чаще всего бывает, пчелы невероятно рыцарски относятся к своему владельцу. Однако я был бы упущен, если бы не упомянул об их жалах. Яйцеклад джантирских пчел, вероятно, приспособленный для защиты от коварной природы региона, заметно вынослив и даже более опасен. покрывают свое оружие пчелиным ядом перед сложной охотой — Ахт»."
"""The hot springs were a welcome respite from the cold, but even they're overrun with Svanir and icebrood. I met a quaggan farmer there named Simooba who showed me the hottest spring of all. Its waters flow up from near the heart of Tyria, and they were just what I needed to cook my thaw elixir. I have it now, so I'm ready to breach Jormag's bitter cold.""","«Горячие источники были долгожданной передышкой от холода, но даже они наводнены сванирами и ледяными выводками. Я встретил там кваггана-фермера по имени Симоба, который показал мне самый горячий источник из всех. Его воды бьют из самого сердца Тирии, и они были как раз тем, что мне нужно, чтобы приготовить эликсир оттаивания. Теперь он у меня есть, так что я готов прорваться сквозь лютый холод Йормага»."
"""The hour is at hand. We have found the general, and Peitha is on her way there now.""","«Час близок. Мы нашли генерала, и Пейта сейчас едет туда»."
"""The hub of the centaur occupation of Kessex Hills, Overlord's Greatcamp, poses a constant threat to Fort Salma. With its great siege engines primed, the fortress stands ready for war.""","«Центр оккупации Кессекс-Хиллз кентаврами, Большой лагерь Повелителя, представляет постоянную угрозу форту Сальма. Благодаря включенным огромным осадным машинам крепость готова к войне»."
"""The human ambassador, Minister Kent Duran, is meeting with the charr envoy, Quaestor Aximus Steelcrusher, to discuss the prospect of a treaty between Kryta and the High Legions. If the renegades succeed, that meeting will be disrupted...by death.""","«Посол людей, министр Кент Дюран, встречается с посланником чарров, квестором Аксимусом Сталкрашером, чтобы обсудить перспективу заключения договора между Критой и Высшими легионами. Если отступникам это удастся, эта встреча будет прервана… смертью»."
"""The human gods lived in the city of Arah, and the people here were blessed.""","«Человеческие боги жили в городе Арах, и люди здесь были благословлены»."
"""The human king, Adelbern, watched his soldiers panic as we breached the city gates.""","«Король людей Адельберн наблюдал, как его солдаты паниковали, когда мы прорывались через городские ворота»."
"""The human queen is most gracious, but I feel a bit uneasy.""","«Человеческая королева очень милостива, но я чувствую себя немного неловко»."
"""The humans and the charr have been at war for generations. Ascalon is now ruled by the Iron Legion—save for the fortress of Ebonhawke, where the humans make their stand. A treaty between the two could be the start of a significant peace.""","«Люди и чарры воюют уже несколько поколений. Аскалоном сейчас управляет Железный Легион, за исключением крепости Эбонхок, где люди стоят. Договор между ними может стать началом значительного мира»."
"""The hylek are a curious species. Some are brutish monsters, some border on civility. The tribe in the Cuatl Morass are vicious thieves. Deputy Tarff and his squad are doing all they can to keep them from swarming over Arterium Haven. At the same time, the Michotl tribe are friendly, and a valuable resource, even if they sometimes need protecting.""","«Хилек — любопытный вид. Некоторые из них — жестокие монстры, некоторые — на грани вежливости. Племя в Куатль-Морассе — злобные воры. Заместитель Тарфф и его отряд делают все возможное, чтобы не дать им наводнить Гавань Артериум. В то же время племя Мишотль дружелюбно и представляет собой ценный ресурс, даже если иногда им требуется защита»."
"""The hylek are an independent race that worships the sun. Aggressive and stalwart, they are fiercely loyal to those who treat them with dignity.""","«Хилеки — независимая раса, поклоняющаяся солнцу. Агрессивные и стойкие, они яростно преданы тем, кто обращается с ними с достоинством»."
"""The hylek are cowardly, but they'll attack if they see an easy victory.""","«Хилек трусливы, но они нападут, если увидят легкую победу»."
"""The hylek village was destroyed, but we managed to save most of the villagers. Chief Quecuan and Ikniu were grateful, and Ikniu promised to join our fight against the Elder Dragons to repay us for joining his.""","«Деревня хилек была разрушена, но нам удалось спасти большую часть жителей. Вождь Кекуан и Икниу были благодарны, и Икниу пообещал присоединиться к нашей борьбе против Старших Драконов, чтобы отплатить нам за то, что мы присоединились к нему»."
"""The incursion phenomena stems from the fraying of the boundary between Tyria and the Mists. Left alone, it presents a danger to this world. Fortunately, Tyria has many defenders to call upon.""","«Явление вторжения вызвано разрушением границы между Тирией и Туманами. Если оставить его в покое, оно представляет опасность для этого мира. К счастью, у Тирии есть много защитников, к которым можно призвать»."
"""The informant, Yeng, may still be in Lion's Arch. Investigate his residence.""","«Информатор Йенг, возможно, все еще находится в Львиной Арке. Исследуйте его дом»."
"""The ingredients are very rare, but to see what it could do in hands like your own... Hm. I'd be willing to part with it for a mere ten gold!""","«Ингредиенты очень редкие, но посмотреть, на что они способны в таких руках… Хм. Я бы готов расстаться с ними всего за десять золотых!»"
"""The inscription reads: A fierce protector, and a loyal friend. He held three things above all: his dedication to his wife, his duty to his country, and his love for his child, %str1%.""""""","""Надпись гласит: Яростный защитник и верный друг. Прежде всего для него были три вещи: преданность жене, долг перед страной и любовь к ребенку, %str1%."""""""
"""The instance owner has left, and you will be returned to %str1%.""","«Владелец экземпляра ушел, и вы вернетесь в %str1%»."
"""The intention was there, but not the motivation.""","«Намерение было, но не мотивация»."
"""The investigation has pointed to Minister Zamon, a respected and powerful official in Divinity's Reach. More evidence is needed before Zamon can be accused. A search of Zamon's house might reveal a clue.""","«Расследование указало на министра Замона, уважаемого и влиятельного чиновника в Divinity's Reach. Прежде чем можно будет обвинить Замона, необходимы дополнительные доказательства. Обыск в доме Замона может дать ключ к разгадке»."
"""The jackals are deadly to inexperienced handlers in the outside world. Train one to prepare it for cleansing, and prove your worth.""",«Шакалы смертельно опасны для неопытных дрессировщиков во внешнем мире. Научите одного из них подготовить его к чистке и докажите свою ценность».
"""The jackals won't bother with an inexperienced trainer. Master riding a springer or skimmer before trying to shape a chaotic force, hm?""","«Шакалы не станут возиться с неопытным дрессировщиком. Научитесь кататься на спрингере или скиммере, прежде чем пытаться сформировать хаотическую силу, а?»"
"""The jaguar is a silent predator, capable of sneaking up on an unsuspecting foe and unleashing a deadly ambush. When not rending prey with their claws, jaguars also enjoy playing with colorful fabrics and shiny objects. —Acht""","«Ягуар — бесшумный хищник, способный подкрасться к ничего не подозревающему врагу и устроить смертельную засаду. Когда ягуар не разрывает добычу когтями, он также любит играть с яркими тканями и блестящими предметами. — Ахт»"
"""The jar lid is slightly ajar, revealing the sand within. Protruding from the sand is a small wooden scoop. The cats eye you curiously as you examine the jar.""","«Крышка банки слегка приоткрыта, обнажая песок внутри. Из песка торчит небольшой деревянный совок. Кошки с любопытством смотрят на вас, пока вы рассматриваете банку»."
"""The jotun Korag is leading his people to ruin by following the ice dragon's dark path. Unless he is stopped, Korag's entire tribe will pay the price for his arrogance and be consumed by the dragon's corruption.""","«Йотун Кораг ведет свой народ к гибели, следуя по темному пути ледяного дракона. Если его не остановить, все племя Корага заплатит цену за его высокомерие и будет поглощено порчей дракона»."
"""The jotun have pushed us too far. If you're willing to fight, I'm ready to take the fight to them!""","«Йотуны завели нас слишком далеко. Если вы готовы сражаться, я готов сразиться с ними!»"
"""The journey continues, ten years after we embarked!""","«Путешествие продолжается, спустя десять лет после того, как мы отправились в путь!»"
"""The journey here was fun, but now it's time for business. Stupid truce talks won't let me mix the two.""","«Путешествие сюда было веселым, но теперь пришло время для дел. Глупые переговоры о перемирии не позволят мне смешать эти два понятия»."
"""The journey to the Weeping Isle is always exciting. Unfortunately, it's not often the pleasant sort of exciting.""","«Путешествие на Плачущий остров всегда увлекательно. К сожалению, оно не всегда бывает приятным»."
"""The journeykin eat much, and so they produce much scat. Picking it up and taking it to compost would be much appreciated.""",«Путешественники много едят и поэтому производят много экскрементов. Собрать их и отнести в компост было бы очень признательно».
"""The jungle around the Grove is so pleasant, but this place is...disgusting.""","«Джунгли вокруг Рощи такие приятные, но это место… отвратительное»."
"""The karka have surfaced in Kessex Hills, Caledon Forest, and Lion's Arch. Speak to Head Researcher Levvi or Inspector Ellen Kiel in Lion's Arch to learn more.""","«Карка появились в Кессекс-Хиллз, Каледонском лесу и Львиной Арке. Поговорите с главным научным сотрудником Левви или инспектором Эллен Киль в Львиной Арке, чтобы узнать больше»."
"""The kegs are dry already? All right, I'll go get the next batch.""","«Бочонки уже высохли? Хорошо, я пойду за следующей партией»."
"""The kodan migrated south to escape Jormag's influence, and their sanctuary's taken a lot of damage. They're repairing it now, but for some reason the dredge saw them as a threat and began harassing them. The kodan have had a rough time. Any help you can offer would be appreciated.""","«Кодан мигрировали на юг, чтобы избежать влияния Йормага, и их святилище сильно пострадало. Сейчас они его восстанавливают, но по какой-то причине драг увидел в них угрозу и начал их преследовать. Коданам пришлось нелегко. Любая ваша помощь будет оценена по достоинству»."
"""The krait have been impeded, and the asura and quaggans are better prepared. Your assistance was quite charitable. Thank you.""","«Крайтам помешали, а асура и квагганы лучше подготовлены. Ваша помощь была вполне благотворительной. Спасибо»."
"""The krait witch must be somewhere in the Zopatl Grounds. If we don't hurry, she'll surely take more of our villagers.""","«Крайтская ведьма, должно быть, где-то на землях Зопатля. Если мы не поторопимся, она наверняка заберет еще наших жителей»."
"""The krewe and I used our lab's advanced machinery to track down the MIG...which wasn't too hard to find, as it came crashing through the walls looking for Kazz. We managed to calm the MIG down, but Doxa's still fused inside. We decided to keep the MIG contained while we research a way to extract Doxa from the golem.""","«Креве и я использовали современное оборудование нашей лаборатории, чтобы выследить МИГ… найти его было не так уж сложно, поскольку он прорывался сквозь стены в поисках Казза. Нам удалось успокоить МИГ, но Докса все еще слилась внутри. Мы решили оставить МИГ под контролем, пока исследуем способ извлечения Доксы из голема»."
"""The lady wasn't happy with big city life, so we packed up what little we had and set out in search of something new. Our path led us here. And then it left us here.""","«Женщину не устраивала жизнь в большом городе, поэтому мы собрали то немногое, что у нас было, и отправились на поиски чего-то нового. Наш путь привел нас сюда. А потом оставил нас здесь»."
"""The landing vessels have been destroyed, and the Pact assault on Conquest Marina has been blocked.""","«Десантные корабли уничтожены, а нападение Пакта на пристань Завоевания заблокировано»."
"""The largos, Sayeh al' Rahjid, swore to honor a mysterious oath she made to Trahearne in the past. Acting on her information, we decided I would join her in investigating a sunken temple off Orr's coast.""","«Ларгос, Сайе аль Рахджид, поклялась соблюдать таинственную клятву, которую она дала Трахирн в прошлом. Опираясь на ее информацию, мы решили, что я присоединюсь к ней в исследовании затонувшего храма у побережья Орра»."
"""The last I saw, dredge were fleeing into their tunnels, chased by the filthy beasts. They might know what happened, but I don't.""","«Последнее, что я видел, драги убегали в свои туннели, преследуемые грязными тварями. Возможно, они знают, что произошло, но я нет»."
"""The last thing I expected to find on Fire Island was a traveling circus of castaways. I helped them with their troubles, and in return, they showed me where the second dwarven machine was. I managed to activate it. Two down, two to go.""","«Последнее, что я ожидал найти на Огненном острове, это бродячий цирк потерпевших кораблекрушение. Я помог им справиться с их проблемами, а они в ответ показали мне, где находится вторая гномья машина. Мне удалось ее активировать. Двое убиты, двое осталось»."
"""The ledger contains a detailed list of creatures for the arena. There is one column for """"Creatures Captured"""" and another for """"Creatures Sold.""""""",«В книге содержится подробный список существ для арены. Есть один столбец для «Пойманных существ» и другой для «Проданных существ».»»
"""The legions have a treaty with humans, but pockets of Human Separatists between here and Ebonhawke use outlaw methods to put stress on the tenuous peace. Between them and the ogres, we have no spare time. We could use some help.""","«У легионов есть договор с людьми, но группы людей-сепаратистов между нами и Эбонхоком используют преступные методы, чтобы подчеркнуть хрупкий мир. Между ними и ограми у нас нет свободного времени. Нам нужна некоторая помощь»."
"""The letters are faded; the pages, brittle. """"Manifest wind rider by order of Stumm—Designated use: Scaring local children—Designated greeting: """"Suki, put these to good use. Norn youth must learn fear.""""""","«Буквы выцветшие, страницы хрупкие». «Явный наездник ветра по приказу Штумма — Назначение: пугать местных детей — Целевое приветствие: «Суки, найди им хорошее применение. Молодежь норнов должна научиться страху».»»"
"""The lich is powerful, Riannoc. His army is vast!""","«Лич могуч, Рианнок. Его армия огромна!»"
"""The life-fire frightens my Icebrood. Why not surrender it all, as she did?""","«Огонь жизни пугает моего ледяного выводка. Почему бы не отдать все это, как это сделала она?»"
"""The little one isn't so little anymore, eh? We can start gathering everything for their saddle next.""","«Малыш уже не такой уж маленький, да? Дальше мы начнем собирать все для его седла»."
"""The local ogres are plagued by harpies. Help them out, and the ogres will bring their brute strength to our fight.""","«Местных огров преследуют гарпии. Помогите им, и огры принесут в нашу битву свою грубую силу»."
"""The locals call it Jormabakke. Someone in Podaga told me it's the largest camp of Svanir on this side of the Shiverpeaks—and then, dredge rushed in and captured Podaga. I left.""","«Местные жители называют его Йормабакке. Кто-то в Подаге сказал мне, что это самый большой лагерь Сванира по эту сторону Шиверпиков, а затем ворвался драг и захватил Подагу. Я ушел»."
"""The loneliness of this world is terrifying, empty... Who can I confide in now? Can anyone out there hear me...? Do you understand what it's like to hold such power?""","«Одиночество этого мира ужасно, пусто… Кому я могу теперь довериться? Может ли кто-нибудь меня услышать…? Ты понимаешь, каково это – обладать такой силой?»"
"""The longer we stand here, the more danger we're in.""","«Чем дольше мы стоим здесь, тем в большей опасности мы находимся»."
"""The longer you fight, the more you'll suffer!""","«Чем дольше ты сражаешься, тем больше ты будешь страдать!»"
"""The machine smells of dust, oil, and alcohol. It's impossible to tell if this was used for mining or as a distillery.""","«Машина пахнет пылью, маслом и спиртом. Невозможно сказать, использовалась ли она для добычи полезных ископаемых или для винокуренного завода»."
"""The machines of the New Era will end this rebellion here and now. Suffer and die, traitor.""","«Машины Новой Эры положат конец этому восстанию здесь и сейчас. Страдай и умри, предатель»."
"""The magical adjustments to the old dwarven relic worked. With this, we should be able to protect the Sanguinary Blade and keep its corruption from spreading.""",«Магические изменения старой гномьей реликвии сработали. Благодаря этому мы сможем защитить Сангвинарный клинок и предотвратить распространение его порчи».
"""The magically suspended tablets contain the amassed knowledge of the Priory. Surging with power, the tablets' inscriptions emit a faint glow while they rotate around a central pillar of light.""","«Магически подвешенные таблички содержат накопленные знания Приората. Наполненные силой надписи на табличках излучают слабое свечение, вращаясь вокруг центрального столба света»."
"""The main hub of their hideout was constructed from the remnants of beached ships. And the stormy alcove was filled with pirates and Inquest engineers; crates upon crates were stacked against the walls. Mai Trin and her First Mate, Horrik, were hiding in the center of the maze, waiting for us to arrive.""","«Главный центр их убежища был построен из остатков выброшенных на берег кораблей. А бурная ниша была заполнена пиратами и инженерами дознания; ящики за ящиками были сложены у стен. Май Трин и ее первый помощник Хоррик прятались в центре лабиринта, ожидая нашего прибытия»."
"""The main outpost, this is. We have supplies for hunting and the care of journeykin.""",«Это главный аванпост. У нас есть припасы для охоты и ухода за путешественниками».
"""The map meta-event is not currently active. To progress your story, you may either wait for the meta-event to begin and successfully complete all events to unlock the Wizard's Tower, or you can collect essences from participating in hunts and certain other events around the map.""","«Мета-событие на карте в настоящее время не активно. Чтобы продвигать свою историю, вы можете либо дождаться начала мета-события и успешно завершить все события, чтобы разблокировать Башню Волшебника, либо вы можете собирать сущности, участвуя в охоте и некоторых других событиях на карте»."
"""The market is booming like a cannonade, and it's thanks in no small part to your marketing savvy. Come anytime, we're open!""","«Рынок процветает, как канонада, и это во многом благодаря вашей маркетинговой смекалке. Приходите в любое время, мы открыты!»"
"""The market is one of the main buildings you can build in your guild hall. Brine, the proprietor of the market, offers upgrades related to merchants, rewards, and trade.""","«Рынок — одно из главных зданий, которые вы можете построить в зале гильдии. Брин, владелец рынка, предлагает улучшения, связанные с торговцами, наградами и торговлей»."
"""The marsh north of Soren Draa is remarkably tumultuous. Senior Researcher Shoon and his salvage krewe clash with the Inquest as they race to unearth an artifact at the Old Golem Foundry site. Across the river from the Old Golem Foundry, the Brill Alliance krewe has begun researching skritt who make for troublesome, uncooperative test subjects. These krewes can always use extra hands.""","«Болото к северу от Сорен Драа необычайно неспокойно. Старший научный сотрудник Шуун и его спасательные креве сталкиваются с дознанием, когда они спешат раскопать артефакт на территории Литейной Старых Големов. Креве Альянса Брилл, расположенную через реку от Литейной Старых Големов, начали исследовать скриттов, из которых получаются неприятные и несговорчивые подопытные. Этим крю всегда могут пригодиться дополнительные руки»."
"""The materials used in the armor's construction appeared Tyrian, but its style seemed to correspond to several cultures throughout different points in Tyria's history.""","«Материалы, использованные при изготовлении доспехов, были тирийскими, но их стиль, похоже, соответствовал нескольким культурам в разные периоды истории Тирии»."
"""The matrix unit can't be opened without a key, and Mabon's only note for it is the word """"collective."""" Any ideas?""","«Матричный блок невозможно открыть без ключа, и единственное примечание Мабона для него — слово «коллектив».» Есть идеи?"
"""The meat from Bovarin Estate is the best you've ever tasted. I hate to brag...but for you, I'll make an exception. My method of curing and seasoning is perfection. You've got to try some.""","«Мясо из поместья Боварина — лучшее, что вы когда-либо пробовали. Ненавижу хвастаться… но для вас я сделаю исключение. Мой метод засолки и приправ — совершенство. Вы должны попробовать»."
"""The meat is sacred, and so is your bond.""","«Мясо священно, как и ваша связь»."
"""The membrane on this creature has been temporarily dissolved, leaving it open to regular attacks.""","«Мембрана этого существа временно растворилась, и оно стало открытым для регулярных атак»."
"""The memory seeds have led to a cave in the Silverwastes where Caithe once chased after Wynne. Getting into it, however, won't be so easy. Perhaps Ogden Stonehealer at the Durmand Priory will know of a solution.""","«Семена воспоминаний привели к пещере в Серебряных пустошах, где Кейт когда-то гналась за Винн. Однако попасть туда будет не так-то просто. Возможно, Огден Каменный Целитель из Приората Дурманд знает решение»."
"""The metal of this drill bit is humming, even here below the water.""","«Металл этого сверла гудит даже здесь, под водой»."
"""The mine has become a strategic point in the war. Both the Seraph and centaur need it for weapon production, so we're caught in the middle.""","«Шахта стала стратегическим пунктом в войне. И Серафиму, и кентавру она нужна для производства оружия, поэтому мы оказались посередине»."
"""The minefield has been cleared, and the Pact landing vessels are on their way to the Conquest Marina.""","«Минное поле очищено, и десантные корабли Пакта направляются к пристани завоевания»."
"""The minefield has been reestablished, and Risen are gathering for another assault on Stygian Deeps.""","«Минное поле восстановлено, и Восставшие собираются для нового штурма Стигийских Глубин»."
"""The miners of Acrid Springs are long gone, but old coins still litter the ruined worksite.""","«Шахтёры Акрид-Спрингс давно ушли, но старые монеты всё ещё разбросаны по разрушенному месту работ»."
"""The minotaur snorts aggressively, then nods with a grudging respect.""","«Минотавр агрессивно фыркает, затем кивает со сдержанным уважением»."
"""The mirror is dangerous! We got it back from the skritt, but as Tegwen was inspecting it, the magic activated and pulled her thorugh a portal to Orr. We have to get her back!""","«Зеркало опасно! Мы забрали его у скритта, но пока Тегвен осматривала его, магия активировалась и потянула ее через портал в Орр. Мы должны вернуть ее!»"
"""The mirror looks at himself and sees benevolence, but under that veil is something more modest. Insecure. The world around him swirls awake, but his has remained stagnant.""","«Зеркало смотрит на себя и видит доброжелательность, но под этой завесой скрывается нечто более скромное."
"""The missing squad leader is somewhere inside, along with whatever else the bandits are guarding.""","«Пропавший командир отделения находится где-то внутри вместе со всем, что охраняют бандиты»."
"""The molten scrap, data crystal, watchwork core, and toxic spore sample are consumed by the flames. Something begins to coalesce in the forge.""","«Расплавленный лом, кристалл данных, ядро ??часового механизма и образец токсичных спор сгорают в огне. Что-то начинает объединяться в кузнице»."
"""The moment of opportunity has revealed itself, but there is much to be done before we can seize it.""","«Момент возможности открылся, но еще многое предстоит сделать, прежде чем мы сможем ею воспользоваться»."
"""The moment she drops it, she'll be ours!""","«Как только она его уронит, она станет нашей!»"
"""The moment you washed up on the beach, you joined my crew. And your first act is to stage a mutiny?""","«В тот момент, когда тебя выбросило на берег, ты присоединился к моей команде. И твое первое действие — устроить мятеж?»"
"""The monstrosity came from the bottom of the lake. Wait for it to lower its guard, then strike!""","«Чудовище появилось со дна озера. Подождите, пока оно ослабит бдительность, а затем нанесите удар!»"
"""The more who engage my recharge station, the stronger I become.""","«Чем больше людей задействует мою станцию ??подзарядки, тем сильнее я становлюсь»."
"""The mortars are in position, and the target is in range. Standing by for orders, Commander.""","«Момёты на позиции, цель в пределах досягаемости. Жду приказа, командир»."
"""The most important thing to Caudecus: """"crown.""""""",«Самое важное для Каудека: «корона».»»
"""The most important things to know are how to get collections, and what can go in 'em.""","«Самое важное, что нужно знать, — это как получить коллекции и что в них можно положить»."
"""The most noble of the mini raptors, the Ice Raptors are rivaled only by their cousins, the Fire Raptors.""","«Самые благородные из мини-хищников, Ледяные Хищники, могут соперничать только со своими родственниками, Огненными Хищниками»."
"""The most notable book here is """"Ghosts of Ascalon,"""" a landmark historical treatise on the fall of Ascalon and the Foefire, by Dougal Keane.""","«Самая известная книга здесь — «Призраки Аскалона», знаковый исторический трактат Дугала Кина о падении Аскалона и Вражеском огне»."
"""The most prominent book on display here is a pristine copy of """"Stormcaller: Calling the Storm,"""" the definitive tome on the history of the ancient relic used in the war against the charr.""","«Самая выдающаяся книга, выставленная здесь, — это нетронутый экземпляр «Призывателя бури: Вызов бури», исчерпывающего тома по истории древней реликвии, использовавшейся в войне против чарр»."
"""The most renowned thief in Kryta had a couple calling cards—drove the Lionguard mad. She always left two things behind: a trail of confetti and a note that read """"I can run faster than a centaur!""""""","«У самой известной воровки Криты была пара визитных карточек, которые сводили Львиную стражу с ума. Она всегда оставляла после себя две вещи: след из конфетти и записку с надписью: «Я могу бегать быстрее кентавра!»»»"
"""The murellow is a new and unwelcome resident in norn territory. Although these burly, burrowing animals normally stay deep underground, packs of the wretched creatures have recently emerged to spread disease and mayhem on the surface.""","«Мюреллоу — новый и нежеланный житель северной территории. Хотя эти крепкие, роющие норы животные обычно остаются глубоко под землей, недавно появились стаи несчастных существ, которые распространяют болезни и хаос на поверхности»."
"""The mursaat betrayed us and murdered my men, and then dragged me to this terrible place.""","«Мурсаат предал нас и убил моих людей, а затем затащил меня в это ужасное место»."
"""The mysterious krait orb is constantly being moved. To acquire the orb, you must intercept it while it's in transit and defeat the krait transporting it.""","«Таинственный шар крайта постоянно перемещается. Чтобы получить шар, вы должны перехватить его, пока он находится в пути, и победить крайта, который его транспортирует»."
"""The mystery relic turned out to be a key that opens Gadd's laboratory—Gadd, one of the most famous and impressive geniuses that ever lived. All that remains is for you to access Gadd's lab, search the place, and claim whatever treasures lie inside.""","«Таинственная реликвия оказалась ключом, открывающим лабораторию Гэдда — Гэдда, одного из самых известных и впечатляющих гениев, когда-либо живших. Все, что вам остается, — это получить доступ к лаборатории Гэдда, обыскать это место и забрать любые сокровища, лежащие внутри»."
"""The name on this Orrian tomb has long since faded, but the epitaph remains: """"May those who come to pay their respects to this fallen soldier and son be blessed with good fortune and mercy.""""""","«Имя на этой оррианской могиле давно исчезло, но эпитафия осталась: «Пусть те, кто придет засвидетельствовать свое почтение этому павшему солдату и сыну, будут благословлены удачей и милосердием».»»"
"""The name you entered is a reserved Guild Wars character name. If you think this name should have been reserved for you, please make sure your Guild Wars 2 account is linked to your original Guild Wars account and try again.""","«Введенное вами имя является зарезервированным именем персонажа Guild Wars. Если вы считаете, что это имя должно было быть зарезервировано для вас, убедитесь, что ваша учетная запись Guild Wars 2 связана с вашей исходной учетной записью Guild Wars, и повторите попытку»."
"""The natives who own this cavern are a hostile crowd, but I've managed to befriend them. I could extend my protection to you...for a couple gold.""","«Туземцы, владеющие этой пещерой, — враждебная толпа, но мне удалось подружиться с ними. Я мог бы предоставить вам свою защиту… за пару золотых»."
"""The natural power of lightning """"pacifies"""" the local fauna and makes harvesting a breeze!""",«Природная сила молнии «усмиряет» местную фауну и облегчает сбор урожая!»
"""The navigation guide will lead you to suggested objectives. If you're lost, check here to get back on track.""","«Руководство по навигации приведет вас к предложенным целям. Если вы заблудились, проверьте здесь, чтобы вернуться на правильный путь»."
"""The new batch does seem promising, though they're still young.""","«Новая партия кажется многообещающей, хотя они еще молоды»."
"""The news has...Frostbite a little anxious. I mean, because Destiny's Edge was on board. I hope they're okay...""","«Новости... Фростбит немного встревожены. Я имею в виду, потому что Destiny's Edge была на борту. Надеюсь, с ними все в порядке...»"
"""The next golem battle at Battleground Plaza. If everything goes according to my plan, I have zero doubt my golem will claim victory. Only a braindead skritt would doubt Incinergen's success!""","«Следующая битва големов на площади Battleground. Если все пойдет по моему плану, я не сомневаюсь, что мой голем одержит победу. Только безмозглый скритт может усомниться в успехе Инсинергена!»"
"""The next lab I work at has to have a strict """"no sylvari consultants"""" rule.""","«В следующей лаборатории, в которой я работаю, должно действовать строгое правило «никаких консультантов-сильвари».»"
"""The next pylon is at the Maguuma Shallows. With Mordrem increasing their presence, it's best if we travel together.""","«Следующий пилон находится на отмельх Магуума. Поскольку Мордрем увеличивает свое присутствие, будет лучше, если мы пойдем вместе»."
"""The next time missions are refreshed, they will be chosen based on the pending category: %str1%""",«При следующем обновлении миссий они будут выбраны на основе ожидающей категории: %str1%»
"""The next time you enter your selected attunement, your next weapon skill's cooldown is reduced.""","«В следующий раз, когда вы введете выбранную настройку, время восстановления вашего следующего навыка владения оружием уменьшится»."
"""The next time you unleash, gain access to Unleashed Ambush skills.""","«В следующий раз, когда вы высвободите волю, получите доступ к навыкам Unleashed Ambush»."
"""The noble Gairwen resisted Bercilak's advances, and now, his infatuation with her has become an obsession. She could be in great danger from the Nightmare Court.""","«Благородная Гайрвен сопротивлялась ухаживаниям Берсилака, и теперь его увлечение ею стало навязчивой идеей. Ей может грозить большая опасность со стороны Двора Кошмаров»."
"""The node is covered by a thick membrane, making it invulnerable to attack. Use caustic grenades from Arina or Frode to burn away the membrane and expose the target.""","«Узел покрыт толстой мембраной, что делает его неуязвимым для атак. Используйте едкие гранаты Арины или Фроде, чтобы сжечь мембрану и обнажить цель»."
"""The noise from behind the door stop abruptly. There is a muffled, """"Shh!"""" And then silence.""",«Шум из-за двери резко прекращается. Раздается приглушенное: «Шшш!» И затем тишина».
"""The norn around Hoelbrak have established the Wayfarer Foothills as their primary hunting grounds. Further north, there lies a treacherous landscape of frozen fields and icy crags corrupted by the Sons of Svanir, norn who revere the Elder Dragon Jormag.""","«Норны вокруг Хоэлбрака сделали Предгорья Путешественников своими основными охотничьими угодьями. Дальше на севере лежит коварный ландшафт из замерзших полей и ледяных скал, испорченных Сынами Сванира, норнами, которые почитают Старшего Дракона Йормага»."
"""The norn pride themselves on their ferocity and the success of their hunts. Each year, young heroes gather to hunt and to boast of their accomplishments. Only the most impressive are chosen to go on that year's Great Hunt.""","«Норнны гордятся своей свирепостью и успехом охоты. Каждый год юные герои собираются, чтобы поохотиться и похвастаться своими достижениями. Только самые впечатляющие отбираются для участия в Великой Охоте этого года»."
"""The northwest drill is under attack! If it's destroyed, the system will shut down.""","«Северо-западная буровая установка атакована! Если она будет уничтожена, система отключится»."
"""The note reads: Dear Jimm, How many times have I told you to change the code on your lunch box? Now you can finish the day hungry. Thanks for the food!""","«В записке написано: Дорогой Джимм, сколько раз я просил тебя изменить код на коробке с ланчем? Теперь ты можешь закончить день голодным. Спасибо за еду!»"
"""The note says, """"Technicians—this console is still malfunctioning. To access the bunker, we've had to pull power from a golem arm. Fix it, or you will suffer!""""""","«В записке говорится: «Техники, эта консоль все еще неисправна. Чтобы получить доступ к бункеру, нам пришлось отключить энергию от руки голема. Почините ее, иначе вы пострадаете!»»»"
"""The number of mercenaries hired, heroes summoned, and enemy base defenders that you've helped kill.""","«Количество наемников, призванных героев и защитников вражеских баз, которых вы помогли убить»."
"""The oasis is a verdant treasure in the otherwise barren uplands. Without this farm and the nearby water source, we could not sustain ourselves.""",«Оазис — это зеленое сокровище среди бесплодных возвышенностей. Без этой фермы и близлежащего источника воды мы не смогли бы выжить».
"""The official seal of Caudecus, Lord of Beetletun.""","«Официальная печать Кадекуса, лорда Битлетана»."
"""The ogre advance into the chak nest was successful. Nokta is waiting, tending the eggs.""","«Продвижение огра в гнездо чаков прошло успешно. Нокта ждет, ухаживая за яйцами»."
"""The ogres are northwest of here, and nobody knows when the raid is happening. Are you going with them?""","«Огры находятся к северо-западу отсюда, и никто не знает, когда состоится рейд. Ты пойдешь с ними?»"
"""The ogres consider you one of their own. In this case, that's a compliment.""",«Огры считают тебя своим. В данном случае это комплимент».
"""The ogres of Agrak Kraal are prepared for an attack by the Branded...but are they prepared to face the corrupted, crystalline monster that their former chieftain has become?""","«Огры Аграка Краала готовы к нападению Клейменных... но готовы ли они встретиться с испорченным кристаллическим монстром, которым стал их бывший вождь?»"
"""The ogres of Agrak Kraal have lost their chieftain in the Brand, as well as the search party they sent in after him. The kraa'ls residents may join your cause, but only if you help them find the missing ogres.""","«Огры Аграка Крааля потеряли своего вождя в Бренде, а также поисковый отряд, который они послали за ним. Жители краала могут присоединиться к вашему делу, но только если вы поможете им найти пропавших огров»."
"""The ogres of Agrak Kraal need to tame as many fearsome monsters as they can to defend themselves when the Branded come to destroy them. With your help, there's a pack of rock dogs nearby that fit the bill perfectly.""","«Ограм Аграка Краала нужно приручить как можно больше грозных монстров, чтобы защитить себя, когда Клейменные придут их уничтожить. С вашей помощью поблизости появится стая каменных псов, которые идеально подходят для этого»."
"""The old ruined letters read, """"The Ethereal Vanguard will challenge all who are worthy.""""""","«Старые испорченные письма гласят: «Эфирный Авангард бросит вызов всем, кто достоин».»»"
"""The one you're looking for, Isgarren. He's just ahead. But, I worry that...""","«Тот, кого ты ищешь, Исгаррен. Он прямо впереди. Но меня беспокоит то…»"
"""The one, the only, the master of disaster, lord of the sword! Iiiiiiit's—Waine!""","«Один, единственный, повелитель катастроф, повелитель меча! Иииииииит — Уэйн!»"
"""The orb speaks, as if imprinted with a memory, """"The new effigy is complete, but who'd be foolish enough to help us test it?""""""","«Сфера говорит, как будто запечатлена в памяти: «Новое изображение готово, но кто будет настолько глуп, чтобы помочь нам проверить его?»»»"
"""The orders of Tyria—the Vigil, the Durmand Priory, and the Order of Whispers—are looking for dangerous magical amulets like the one your old warband mate, Howl the Brazen, wore when he was alive. The orders await you at Howl's grave to examine his amulet and determine what they're up against.""","«Ордены Тирии — Бдение, Приорат Дурманда и Орден Шепота — ищут опасные магические амулеты, подобные тому, который носил при жизни ваш старый товарищ по отряду Хоул Наглый. Приказы ждут вас на могиле Хаула, чтобы вы могли изучить его амулет и определить, с чем они столкнулись»."
"""The others insisted that they """"just can't stand hearing that damn whimpering anymore.""""""","«Остальные настаивали на том, что они «просто не могут больше слышать это проклятое хныканье».»»"
"""The ouroboros turns eternally, vine and serpent entwined in me.""","«Уроборос вращается вечно, лоза и змея переплетаются во мне»."
"""The outskirts of the swamp have been cleared, but the heart of the swamp is still overrun.""","«Окраина болота расчищена, но сердце болота все еще захвачено»."
"""The owner of this focus was able to seal specific chests with """"shreds"""" of their soul. Supposedly, they'd be alerted if someone tried to open them and be able to act accordingly. Likely with some form of curse, I'm told.""","«Владелец этого фокуса мог запечатать определенные сундуки «осколками» своей души. Предположительно, они будут предупреждены, если кто-то попытается их открыть, и смогут действовать соответствующим образом. Вероятно, с помощью какой-то формы проклятия, как мне сказали»."
"""The paper of this note has almost completely disintegrated from being underwater so long, but you are able to make out two numbers, 7 and 2. The numbers look like they were part of an addendum written by a second hand.""","«Бумага этой записки почти полностью распалась от долгого пребывания под водой, но вы можете различить две цифры, 7 и 2. Цифры выглядят так, будто они были частью приложения, написанного второй рукой»."
"""The party you tried to join is no longer accepting requests to join. The party is either full, no longer searching for additional members, or has been disbanded.""","«Группа, к которой вы пытались присоединиться, больше не принимает запросы на вступление. Группа либо заполнена, больше не ищет новых членов, либо расформирована»."
"""The password is """"the password.""""""",«Пароль — это «пароль».»»
"""The perfect piece to upgrade the backpack chosen for completing """"Prisoners of the Dragon.""""""","""Идеальный предмет для улучшения рюкзака, выбранного для прохождения задания ""Узники Дракона."""""""
"""The phantom leaders have dispersed, leaving their armies unorganized for a time.""","«Призрачные лидеры рассеялись, оставив свои армии на какое-то время неорганизованными»."
"""The pile of rubble could be moved with digging, using the shovel in your hand.""","«Груду щебня можно переместить, раскопав, используя лопату в руке»."
"""The pile of tech sits in the corner of the room, haphazardly stacked as though it was assembled to be sorted through. The coating of dust suggests that this sorting never took place.""","«Куча техники лежит в углу комнаты, беспорядочно сложенная, как будто ее собрали для сортировки. Покрытие пыли предполагает, что такой сортировки никогда не было»."
"""The pirates of the """"Ravenous"""" can tell you more about Kellach's plans.""",«Пираты «Холодного» могут рассказать вам больше о планах Келлаха».
"""The pistol empowers elementalists' abilities with an elementally charged round, making them more versatile.""","«Пистолет усиливает способности элементалистов за счет элементарно заряженного патрона, делая их более универсальными»."
"""The pitcher is full of strong-smelling drink...stronger than beer, not as strong as whiskey. As it clearly belongs to Tribune Brimstone, it's best to leave it alone.""","«Кувшин полон сильно пахнущего напитка... крепче пива, но не такого крепкого, как виски. Поскольку он явно принадлежит Tribune Brimstone, лучше оставить его в покое»."
"""The pitcher is full of strong-smelling drink...stronger than beer, not as strong as whisky. As it clearly belongs to Tribune Brimstone, it's best to leave it alone.""","«Кувшин полон сильно пахнущего напитка... крепче пива, но не такого крепкого, как виски. Поскольку он явно принадлежит Tribune Brimstone, лучше оставить его в покое»."
"""The plan is simple. We move in, take out their leaders, lay claim to their camp, then signal for a garrison force from Ebonhawke to come occupy.""","«План прост. Мы вступаем, уничтожаем их лидеров, заявляем права на их лагерь, а затем даем сигнал гарнизону из Эбонхоука занять территорию»."
"""The plaque on the statue says, """"Pay honor to the Whip warband and its brave legionnaire, Barcus Bitewhip. Their warbeasts were the pride of the Blood Legion. Let all who follow them strive to live up to their standard!""""""","«Мемориальная доска на статуе гласит: «Отдайте дань уважения отряду Кнутов и его храброму легионеру Баркусу Кусакому. Их боевые звери были гордостью Кровавого Легиона. Пусть все, кто следует за ними, стремятся соответствовать их стандартам!»»»"
"""The player is already in another party, squad, or guild.""","«Игрок уже состоит в другой группе, отряде или гильдии»."
"""The player who controls the Orb of Impending Doom will deal more damage, but will also take damage over time and is doomed to die a tragic death.""","«Игрок, контролирующий Сферу надвигающейся гибели, нанесет больше урона, но также получит с течением времени урон и обречен умереть трагической смертью»."
"""The polearm has seen a lot of action, but there's a thick layer of dust on it.""","«Древковое оружие повидало много боевых действий, но на нем толстый слой пыли»."
"""The portal is prepared, and ready to deliver passengers to the Chantry annex.""",«Портал подготовлен и готов доставлять пассажиров в пристройку Церкви».
"""The portal is unstable and flickers with visions from across the world. It could take you to several different locations, if you time it right.""","«Портал нестабилен и мерцает видениями со всего мира. Он может перенести вас в несколько разных мест, если вы правильно рассчитаете время»."
"""The portal's one-way, for safety. Only the preceptors can open it from the far side.""",«В целях безопасности портал односторонний. Только наставники могут открыть его с дальней стороны».
"""The power of Jormag and the other Elder Dragons seeped into the lands of Tyria during the long epochs while they slept. Upwellings of this power may be found throughout the land, for those who know where to look and how to capture it. Let finding this power be the first part of your journey to craft the legendary precursor Tooth of Frostfang.""","«Сила Йормага и других Старших Драконов просачивалась в земли Тирии в течение долгих эпох, пока они спали. Те, кто знает, где искать и как ее поймать, могут найти источники этой силы по всей земле. Пусть поиск этой силы станет первой частью вашего путешествия по созданию легендарного предшественника Зуба Ледяного Клыка»."
"""The power of the Bloodstones once restricted the use of magic, but that control has weakened with the passing of time.""","«Сила Кровавых Камней когда-то ограничивала использование магии, но с течением времени этот контроль ослаб»."
"""The power surge from the ley line power relay acted like a magnet, drawing in massive amounts of chak. We're doomed. This will be my final entry. May the Alchemy recycle the energy of my soul.""","«Всплеск мощности от силового реле силовой линии подействовал как магнит, притягивая огромное количество чака. Мы обречены. Это будет мой последний вход. Пусть Алхимия переработает энергию моей души»."
"""The presence of the dread skale has agitated this skale, making it more aggressive.""","«Присутствие ужасной чешуи взбудоражило эту чешую, сделав ее более агрессивной»."
"""The presence of the rotten tree weighs on your heart, slowing your movement.""","«Присутствие гнилого дерева давит на твое сердце, замедляя твое движение»."
"""The pressure plate shifts, but there is not enough mass to trigger activation.""","«Нажимная пластина смещается, но массы недостаточно, чтобы вызвать активацию»."
"""The prisms are ready to launch you closer, Commander. Attack now—sever their bond to the dragon!""","«Призмы готовы подбросить вас ближе, командир. Атакуйте сейчас — разорвите их связь с драконом!»"
"""The prison cell is mostly void of furniture, save for a rusty bedframe and overturned stool.""","«В тюремной камере практически нет мебели, за исключением ржавого каркаса кровати и перевернутой табуретки»."
"""The process to liberate, create, and train a jackal is long and arduous. We need all the help we can get.""","«Процесс освобождения, создания и дрессировки шакала долгий и трудный. Нам нужна вся возможная помощь»."
"""The promise of adventure calls us north, but it takes a fierce and wild heart to survive outside of this sacred valley. When you're ready, test yourself against the untamed spirit of Hare. If you can outlast her mettle, you may have what it takes to weather the challenges of the frontier.""","«Обещание приключений зовет нас на север, но чтобы выжить за пределами этой священной долины, нужно жестокое и дикое сердце. Когда вы будете готовы, испытайте себя против необузданного духа Зайца. Если вы сможете пережить ее характер, возможно, у вас есть все необходимое, чтобы выдержать испытания на границе»."
"""The protective crystals failed to be defended, and the bodies of allies within have been destroyed.""","«Защитные кристаллы не удалось защитить, а тела союзников внутри были уничтожены»."
"""The purpose of this note is cryptic, containing esoteric formulae and diagrams. The machine-printed numbers and letters are unremarkable, but there are three numbers underlined by hand: 0, 1, and 1.""","«Цель этой записки загадочна: она содержит эзотерические формулы и диаграммы. Цифры и буквы, напечатанные машиной, ничем не примечательны, но есть три цифры, подчеркнутые от руки: 0, 1 и 1»."
"""The purposes of the various experiments happening at this outpost aren't entirely clear, but it's a safe bet that the Inquest are up to no good.""","«Цели различных экспериментов, происходящих на этом аванпосте, не совсем ясны, но можно с уверенностью сказать, что дознание не задумало ничего хорошего»."
"""The pylons, once activated, will recall enchanted armors to aid in our defense.""","«После активации пилоны вызовут зачарованную броню, которая поможет нам защититься»."
"""The quaggan plague remains contained, for now.""",«Чума квагганов пока остается под контролем».
"""The quaggans' garden is thriving, thanks to you!""",«Сад квагганов процветает благодаря вам!»
"""The queen slumbers beneath the peat, waiting...""",«Королева дремлет под торфом и ждет...»
"""The quicker we get this place squared away, the sooner the legions can get back to business. You can help. I'd rather have volunteers, but if I have to issue an order, I will.""","«Чем быстрее мы приведем это место в порядок, тем скорее легионы смогут вернуться к делу. Вы можете помочь. Я бы предпочел иметь добровольцев, но если мне придется отдать приказ, я это сделаю»."
"""The rabbits in this area have the perfect fur for warm winter clothing. However, they're fast, and only the venom on my arrows can slow them.""","«У кроликов в этих местах идеальный мех для теплой зимней одежды. Однако они быстрые, и только яд на моих стрелах может их замедлить»."
"""The rains have not come yet, and the soil grows dry. It must be watered, and soon.""","«Дожди еще не пошли, а почва высыхает. Ее надо полить, и поскорее»."
"""The rapid rebuilding, growth, and advancement of New Kaineng has pushed civilization to the edge of the Echovald Wilds.""","«Быстрое восстановление, рост и развитие Нового Кайненга подтолкнули цивилизацию к границе Эховальдских джунглей»."
"""The raptor's Tail Spin, [lbracket]%str1%[rbracket] can be used to engage enemies. When used, you will automatically be dismounted.""","«Вращение хвоста раптора, [lbracket]%str1%[rbracket] можно использовать для нападения на врагов. При использовании вы автоматически спешитесь»."
"""The rare black moa is seen as a harbinger of death and plague by some cultures. That belief is misguided, as biologically, their only major difference from other moas is a particular fondness for acorns. —Acht""","«В некоторых культурах редкие черные моа рассматриваются как предвестники смерти и чумы. Это мнение ошибочно, поскольку с биологической точки зрения их единственное существенное отличие от других моа — особая любовь к желудям. — Ахт»"
"""The rats are diseased, causing you sickness.""","«Крысы больны, и вы заболели»."
"""The raven is cunning and clever. Its intelligence makes them excellent scouts. In combat, they evade attacks and strike at their foes' eyes to blind them. —Acht""","«Вороны хитры и умны. Благодаря своему интеллекту они являются отличными разведчиками. В бою они уклоняются от атак и бьют врагов по глазам, чтобы ослепить их. — Ахт»"
"""The receptacle closes, and after some whirring noises, the raw ley energy is extracted and added to the forge's internal storage.""","«Сосуд закрывается, и после некоторого жужжания чистая энергия лей извлекается и добавляется во внутреннее хранилище кузницы»."
"""The recharge of Release Potential skills is reduced. The effectiveness of Release Potential skills are increased as if you had two additional points of affinity, up to a maximum of five.""","«Перезарядка навыков Release Potential уменьшена. Эффективность навыков Release Potential увеличивается, как если бы у вас было два дополнительных очка сродства, максимум до пяти»."
"""The recipe for this is contained in the Heat Containment Units recipes, offered for sale by Grandmaster Craftsman Hobbs in Lion's Arch.""","«Рецепт этого предмета содержится в рецептах теплоизоляционных блоков, которые предлагает к продаже Грандмастер-ремесленник Хоббс в Львиной Арке»."
"""The reddest kind, tilled straight from the soil itself. You'll find none better. Not even at Farmer Eda's orchard. You should go there now, see for yourself.""","«Самый красный сорт, вспаханный прямо из самой почвы. Лучше вы не найдете. Даже в саду фермера Эды. Вам стоит пойти туда сейчас, убедитесь сами»."
"""The remaining four continued into South Kessex, toward what King Jadon thought could be a possible safe haven. During their detour to """"bury"""" the dead, the mursaat had made up for lost ground and would eventually surround them. The duchess and her comrades stared down their attackers as the Veil of Ilya revealed their presence once more. In a blinding moment of flashing sigils and spellcraft, the four were dazed by the light—only to find the mursaat lying dead around them.""","«Оставшиеся четверо продолжили свой путь в Южный Кессекс, к тому месту, которое, по мнению короля Джейдона, могло быть возможным безопасным убежищем. Во время своего обхода, чтобы «похоронить» мертвых, мурсааты наверстывали упущенное и в конечном итоге окружили их. Герцогиня и ее товарищи уставились на нападавших, когда Завеса Ильи снова раскрыла их присутствие. В ослепляющий момент мигающих знаков и заклинаний все четверо были ошеломлены светом - только для того, чтобы найти мурсаата. лежат мертвые вокруг них»."
"""The remaining members of Destiny's Edge met—and it was explosive. The death of their compatriot, Snaff, caused some real rifts in the guild. It will take a lot to mend those friendships.""","«Оставшиеся члены Destiny's Edge встретились — и это было взрывоопасно. Смерть их соотечественника Снаффа вызвала настоящий раскол в гильдии. Чтобы восстановить эту дружбу, потребуется немало усилий»."
"""The remains of a battered journal lie abandoned in the grass. The few surviving pages are barely legible. On the cover, someone has written in an elegant hand, """"Chronicling the Separation.""""""",«Остатки потрепанного журнала лежат брошенные в траве. Несколько уцелевших страниц едва читаются. На обложке кто-то написал изящным почерком: «Хроника разлуки».»»
"""The remodel, the new bells and whistles... I like what you've done here.""","«Реконструкция, новые прибамбасы… Мне нравится то, что вы здесь сделали»."
"""The renegade hideout has been located. If you leave now, there is still time to join the assault force.""","«Укрытие отступников обнаружено. Если вы уйдете сейчас, у вас еще есть время присоединиться к штурмовой группе»."
"""The researcher says that the dwarves didn't want their possessions falling into enemy hands, so they enchanted their graves. Randomly reading the headstones is dangerous.""","«Исследователь говорит, что гномы не хотели, чтобы их имущество попало в руки врага, поэтому они заколдовали свои могилы. Случайное чтение надгробий опасно»."
"""The resplendent curtain is for revenants who choose to make a more elegant and stylish impression; because even if they can't see the world around them, it can still see them.""","«Великолепный занавес предназначен для ревенантов, которые хотят произвести более элегантное и стильное впечатление; потому что даже если они не могут видеть мир вокруг себя, он все равно может видеть их»."
"""The rest of the meat appears inedible. It doesn't look like most common meats, either. Mysterious. Definitely mysterious.""",«Остальное мясо кажется несъедобным. Оно также не похоже на большинство обычных видов мяса. Загадочное. Определенно загадочное».
"""The rest of us will defend you—if need be, with our lives. Do not fail.""","«Остальные из нас будут защищать вас — если понадобится, ценой своей жизни. Не подведите»."
"""The rifle, whether it fires bullets or magical rays, is one of the most complex common weapons of Tyria. Understand its wonders by researching the technology of such weapons as you take your first steps in the personal journey to create the legendary precursor known as The Hunter.""","«Винтовка, независимо от того, стреляет ли она пулями или магическими лучами, является одним из самых сложных распространенных видов оружия Тирии. Поймите ее чудеса, исследуя технологию такого оружия, когда вы сделаете свои первые шаги в личном путешествии по созданию легендарного предшественника, известного как Охотник»."
"""The rift appears to be stabilizing, but I can't close it from here. Something on the other side is keeping it open.""","«Кажется, разлом стабилизируется, но я не могу закрыть его отсюда. Что-то на другой стороне удерживает его открытым»."
"""The rift is open, and a rare motivation will lure the Kryptis out of hiding.""","«Разлом открыт, и редкая мотивация выманит Криптиса из укрытия»."
"""The rift is open, and an uncommon motivation will lure the Kryptis out of hiding.""","«Разлом открыт, и необычная мотивация выманит Криптиса из укрытия»."
"""The rift is open, and the Kryptis can be lured out of hiding.""","«Разлом открыт, и Криптис можно выманить из укрытия»."
"""The rift is open, and the titanspawn can be lured out of hiding.""","«Разлом открыт, и отродье титанов можно выманить из укрытия»."
"""The ring was fixed on his left hand, a reminder of the battle days before. While they held Stonemist, it could be minutes until their enemy appeared at the front gate. There was no time for mourning.""","«Кольцо было закреплено на его левой руке, как напоминание о битве, состоявшейся несколько дней назад. Пока они удерживали Каменный Туман, могли пройти минуты, прежде чем их враг появился у главных ворот. Не было времени для траура»."
"""The ritual nectar is giving you """"divine perception.""""""",«Ритуальный нектар дает вам «божественное восприятие».»»
"""The road ahead is dangerous, friend. If you venture further, take great care.""","«Дорога впереди опасна, друг. Если решишься дальше, будь очень осторожен»."
"""The road here used to be filled with traffic going to and from Lion's Arch, but now even caravans with armed escorts aren't safe. Those Sons of Svanir youngsters keep acting up and causing trouble, but the creatures corrupted by Jormag's ice are the greater threat. If you could help the Lionguard secure and protect the area, I'm sure the Spirits would smile upon you.""","«Раньше дорога сюда была забита транспортом, идущим к Львиной Арке и обратно, но теперь даже караваны с вооруженным эскортом небезопасны. Эта молодежь Сынов Сванира продолжает капризничать и создавать проблемы, но существа, испорченные льдом Йормага, представляют собой большую угрозу. Если бы вы могли помочь Львиной Страже обезопасить и защитить эту территорию, я уверен, что Духи улыбнулись бы вам»."
"""The rock we all stand on, this unshakable driving force... It will take a special kind of soul to guide us forward. A warden, protecting his flock.""","«Скала, на которой мы все стоим, эта непоколебимая движущая сила... Нужна особая душа, чтобы вести нас вперед. Надзиратель, защищающий свою паству»."
"""The rogue shaman Arderus is sought for his potential usefulness as an intelligence asset. Last sighted near the burning forest, though he could have moved on by now. Target has many area allies.""","«Шаман-изгой Ардерус разыскивается из-за его потенциальной полезности в качестве агента разведки. Последний раз его видели возле горящего леса, хотя он уже мог уйти. У цели много местных союзников»."
"""The roost contains a pungent mixture of rotting meat, berries, and insects. The many feathers near the feeder show that it's a popular destination for visiting ravens.""","«Насест содержит острую смесь гниющего мяса, ягод и насекомых. Множество перьев возле кормушки показывают, что это популярное место для посещения ворон»."
"""The royal palace is under the protection of the Shining Blade. Queen Jennah periodically holds public audiences, but seeing her outside one of those requires a royal summons.""","«Королевский дворец находится под защитой Сияющего Клинка. Королева Дженна периодически проводит публичные аудиенции, но чтобы увидеть ее снаружи, требуется королевский вызов»."
"""The rugged uplands of the Steamspur Mountains are overshadowed by the power of a singular great mountain. This is the wildest of lands, far from the prying eyes of the races of Tyria.""","«Скалистые возвышенности Стимспурских гор омрачены мощью единственной великой горы. Это самая дикая из земель, вдали от любопытных глаз рас Тирии»."
"""The ruins of Old Kaineng, heavily flooded from Zhaitan's raising of Orr, stand silent in the midst of technological progress.""","«Руины Старого Кайненга, сильно затопленные в результате поднятия Зайтаном Орра, молчаливо стоят посреди технологического прогресса»."
"""The ruins' automated defenses currently see us as enemies. We'll need a functional interface to reconfigure them, which is exactly what this golem would be—if it wasn't broken.""","«Автоматическая защита руин в настоящее время воспринимает нас как врагов. Нам понадобится функциональный интерфейс, чтобы перенастроить их, и именно таким и был бы этот голем, если бы его не сломали»."
"""The same twister that knocked me around...yes. He's gone. I sent him to the Spirits before I left the foothills. He walks at my side, in spirit.""","«Тот самый смерч, который сбил меня с ног… да. Он ушел. Я отправил его к Духам, прежде чем покинуть предгорья. Он ходит рядом со мной, в духе»."
"""The same way that you do, Commander. I've watched your career with admiration, seen the choices you've had to make.""","«То же самое, что и вы, коммандер. Я с восхищением наблюдал за вашей карьерой, видел выбор, который вам пришлось сделать»."
"""The saying goes—the history of Tyria is written in the stars, and indeed the tales of the past and hints of the future are inscribed in the heavens. Help Ogden Stonehealer in revealing and gathering ancient knowledge in your quest to create the Device, the first of the precursors to the legendary axe Astralaria.""","«Говорят: история Тирии написана на звездах, и действительно, рассказы о прошлом и намеки на будущее начертаны на небесах. Помогите Огдену Стоунцелителю раскрыть и собрать древние знания в вашем стремлении создать Устройство, первое из предшественников легендарного топора Астралария»."
"""The scale of a drake, found throughout Central Tyria.""","«Чешуйка дракона, встречающаяся по всей Центральной Тирии»."
"""The scale of a wyvern, found throughout the Heart of Maguuma.""","«Чешуйчатая виверна, обитающая в Сердце Магуумы»."
"""The scholars of the Durmand Priory search for ancient lore of the dragons, and research possible weaknesses. Zhaitan's attack threatens the heart of the Order. Hopefully, you will arrive before all is lost.""","«Ученые Приората Дурманд ищут древние знания о драконах и исследуют возможные слабости. Нападение Зайтана угрожает сердцу Ордена. Надеюсь, вы прибудете прежде, чем все будет потеряно»."
"""The scientific term is """"bee dogs""""—please ignore the discrepancy.""","«Научный термин — «пчелиные собаки» — пожалуйста, не обращайте внимания на несоответствие»."
"""The scrappers did steal my sire's key, but they didn't want to give it back, so my warband and I kicked them around until they were in a more cooperative mood. Now, I have to check in with Tribune Brimstone, then travel to Grendich Ruins to recover my treasure.""","«Разборщики действительно украли ключ моего отца, но они не хотели его возвращать, поэтому мы с моим отрядом пинали их, пока они не пришли в более дружелюбное настроение. Теперь мне нужно связаться с Трибуном Серой, а затем отправиться в руины Грендича, чтобы вернуть свое сокровище»."
"""The scribal workshop is one of the main buildings you can build in your guild hall. The workshop allows members of your guild to train as scribes, who are able to craft guild-specific items for your guild to use. Kensho, the proprietor of the workshop, offers upgrades related to resource harvesting and crafting.""","«Мастерская писцов — одно из основных зданий, которые вы можете построить в зале гильдии. Мастерская позволяет членам вашей гильдии обучаться в качестве писцов, которые могут создавать предметы, специфичные для гильдии, для использования вашей гильдией. Кенсё, владелец мастерской, предлагает улучшения, связанные со сбором ресурсов и созданием предметов»."
"""The scutters in this cavern are invested with tremendous energy inside their abdomens. I've devised a method for harnessing it, and I intend to use it to power my golem.""",«Скаттеры в этой пещере наполнены огромной энергией внутри своих брюшков. Я разработал метод ее использования и намерен использовать ее для питания моего голема».
"""The seat of Joko's power, the Bone Palace reeks of death. The air is heavy with the souls of those condemned to serve.""","«Обитель власти Джоко, Костяной Дворец, пахнет смертью. Воздух пропитан душами приговоренных к служению»."
"""The seers imbued the natural denizens of Castora with great power and set them to guard their sacred island. Confront Kela, Seneschal of Waves, and drive her off to help secure the coast.""","«Провидцы наделили естественных обитателей Касторы великой силой и поставили их охранять священный остров. Сразитесь с Келой, Сенешалем Волн, и прогоните ее, чтобы помочь обезопасить побережье»."
"""The seers, unable to resist an opportunity for symbolism, had bound Pax and Bellum to the aetheric anchor with a clear message in mind: peace and war were born together, and one is never far from the other.""","«Провидцы, не в силах устоять перед возможностью использовать символизм, привязали Пакса и Беллума к эфирному якорю, имея в виду ясное послание: мир и война рождаются вместе, и одно никогда не бывает далеко друг от друга»."
"""The server was unable to authenticate your gameplay privileges. Please contact Customer Support to provide them with your registered e-mail address. For additional support, please visit <a=1>http://support.guildwars2.com</a>.""",«Серверу не удалось подтвердить ваши игровые привилегии. Обратитесь в службу поддержки клиентов и сообщите им свой зарегистрированный адрес электронной почты. Для получения дополнительной поддержки посетите <a=1>http://support.guildwars2.com</a>».
"""The shock of Leurent's passing will be brief, but the wound will never fully heal.""","«Шок от кончины Лерана будет кратковременным, но рана никогда полностью не заживет»."
"""The shrine is shattered, but the Sons of Svanir will likely slink back in and replace it.""","«Святилище разрушено, но Сыны Сванира, скорее всего, прокрадутся обратно и заменят его»."
"""The shrines honor the spirits of Bear, Raven, Wolf, and Snow Leopard. Talk to a shaman if you want to know more. You'll find one at every shrine.""","«Святыни чтят духов Медведя, Ворона, Волка и Снежного Барса. Если хотите узнать больше, поговорите с шаманом. Вы найдете его в каждом святилище»."
"""The shrinkcaps are ready! However my hands are too big to safely pick them. Please, small one, could you go into the cave and bring me some?""","«Усадочные колпачки готовы! Однако мои руки слишком велики, чтобы безопасно их собирать. Пожалуйста, малыш, не мог бы ты пойти в пещеру и принести мне немного?»"
"""The siege of Lake Doric well in hand, we turned our attention to Caudecus, hiding out in his manor. With the help of Anise and Caudecus's daughter Demmi, we found and killed the Confessor—but not before he mortally wounded his own daughter. Evidence scattered around the manor confirmed our suspicions that the being we know as Lazarus is an impostor...but who is he?""","«Осада озера Дорик хорошо держится, и мы обратили наше внимание на Каудека, скрывавшегося в его поместье. С помощью Анисы и дочери Каудека Демми мы нашли и убили Исповедника, но не раньше, чем он смертельно ранил свою собственную дочь. Доказательства, разбросанные по поместью, подтвердили наши подозрения, что существо, которого мы знаем как Лазаря, является самозванцем... но кто он?»"
"""The sight is awe-inspiring. I feel humbled, standing in its shadow.""","«Зрелище впечатляет. Я чувствую себя униженным, стоя в его тени»."
"""The site of an ancient battle in Echovald Wilds might be worth investigating, if you can get in.""","«Если вам удастся проникнуть туда, возможно, стоит исследовать место древней битвы в Эховальдских дебрях»."
"""The situation in Maguuma remains dire, but we're making progress. We helped a local tribe of Itzel hylek fight off a Mordrem attack, and in return they shared their extensive knowledge of the region and provided two of their best scouts to help us track down our missing comrades. We're going to meet these new allies at the entrance to Auric Basin and then head deeper into the jungle.""","«Ситуация в Магууме остается ужасной, но мы добиваемся прогресса. Мы помогли местному племени итцел-хилек отразить нападение мордремов, а они взамен поделились своими обширными знаниями о регионе и предоставили двух своих лучших разведчиков, чтобы помочь нам выследить наших пропавших товарищей. Мы собираемся встретить этих новых союзников у входа в Аурик Низину, а затем отправиться глубже в джунгли»."
"""The situation is tense among our allies. As uncertainty about our next step grows, so too does their anger.""","«Ситуация среди наших союзников напряженная. По мере того, как растет неуверенность в отношении нашего следующего шага, растет и их гнев»."
"""The skale are known around Tyria for their deadly poison. We need plenty of samples, to isolate the source of that toxicity, and to weaponize it for the charr.""","«В Тирии чешуи известны своим смертельным ядом. Нам нужно много образцов, чтобы изолировать источник этой токсичности и использовать ее в качестве оружия для чарр»."
"""The skimmers need to be fed after all this travel. There's plenty of food around, but someone has to actually gather it.""","«После такого путешествия скиммеров нужно кормить. Еды вокруг полно, но кто-то должен ее собирать»."
"""The skritt have prepared a massive bomb to take down the destroyer queen. If Ftokchak's plan works, the queen will be destroyed. If it fails, all of us are going to be buried under a massive landslide. Well, you can't say the life of an Order operative is boring...""","«Скритты подготовили огромную бомбу, чтобы уничтожить королеву-разрушителя. Если план Фтокчака сработает, королева будет уничтожена. Если он провалится, мы все будем погребены под мощным оползнем. Ну, нельзя сказать, что жизнь оперативника Ордена скучна...»"
"""The skritt of Ratatosk are now safer, thanks to you.""",«Благодаря тебе скритты Рататоска теперь в большей безопасности».
"""The skyscale's Blast skill, [lbracket]%str1%[rbracket], can be used to engage enemies. While on land, leap into the air and breathe fire ahead of you. While in the air, descend toward the ground before attacking.""","«Навык «Взрыв» небесной чешуи, [lbracket]%str1%[rbracket], можно использовать для поражения врагов. Находясь на земле, подпрыгните в воздух и выдыхайте огонь перед собой. Находясь в воздухе, спуститесь к земле, прежде чем атаковать»."
"""The slavers have been stopped, and the servants are free.""","«Работорговцы остановлены, а слуги свободны»."
"""The slubling bounces, crippling nearby targets.""","«Пуля отскакивает, нанося вред ближайшим целям»."
"""The small object on this pedestal thrums with a strange energy. You blink and are surprised to see your hand outstretched to grab it. A tiny, elegant placard just in front of it reads """"Do not touch.""""""","«Маленький предмет на этом пьедестале излучает странную энергию. Вы моргаете и удивляетесь, увидев, что ваша рука протянута, чтобы схватить его. На крошечном элегантном плакате прямо перед ним написано: «Не трогать».»»"
"""The sooner one of you answers, the sooner you will all be free to go.""","«Чем раньше один из вас ответит, тем скорее вы все будете свободны»."
"""The sooner you bring me coconuts, the sooner I can get coconut milk in this stew!""","«Чем скорее ты принесешь мне кокосы, тем скорее я смогу добавить кокосовое молоко в это рагу!»"
"""The soul of Tyria mourned as her children were cut down by the beast. The land wept, and the world shuddered.""","«Душа Тирии оплакивала, когда зверь зарезал ее детей. Земля плакала, и мир содрогнулся»."
"""The source of the poison. I don't know yet exactly what it is, but whatever awaits us there is powerful. Be cautious, sapling.""","«Источник яда. Я пока точно не знаю, что это такое, но что бы нас там ни ждало, оно очень мощное. Будь осторожен, саженец»."
"""The southern lands remain distant, and our food flees from the icebrood. Fortunately, this sanctuary flows with the currents more swiftly than others. We must not give up.""","«Южные земли остаются далекими, и наша пища бежит от ледяного выводка. К счастью, это святилище течет по течению быстрее, чем другие. Мы не должны сдаваться»."
"""The southwest and northwest drills are under attack! If either is destroyed, the system will shut down.""","«Юго-западный и северо-западный учения атакованы! Если любой из них будет уничтожен, система отключится»."
"""The spiders are back! There's pesticide to cure sick hounds, but fending off the spiders works best.""","«Пауки вернулись! Для лечения больных собак существуют пестициды, но лучше всего отгонять пауков»."
"""The spirit axe is a powerful Norn weapon, forged with materials so powerful that it can damage creatures immune to normal weapons.""","«Топор духа — мощное оружие норнов, выкованное из настолько мощных материалов, что оно может повредить существам, невосприимчивым к обычному оружию»."
"""The springer is capable of jumping high into the air. Hold [lbracket]%str1%[rbracket] to charge the jump, and release it to launch.""","«Спрингер способен высоко подпрыгнуть в воздух. Удерживайте [lbracket]%str1%[rbracket], чтобы совершить прыжок, и отпустите его, чтобы запустить»."
"""The springer will now have a greater tolerance to taking fall damage, allowing you to safely fall from higher locations.""","«Спрингер теперь будет более устойчив к урону от падения, что позволит вам безопасно падать с более высоких мест»."
"""The stag has been leading you on a merry chase, but now you have an ally. Perhaps this time, the stag will fall into your trap.""","«Олень вел тебя в веселую погоню, но теперь у тебя есть союзник. Возможно, на этот раз олень попадет в твою ловушку»."
"""The stag has fought long, lost much, and worked her craft where the ghost of their mentor dwelt.""","«Олень долго сражался, многое потерял и творил свое ремесло там, где обитал призрак их наставника»."
"""The stag leads you on a merry chase, but now you have an ally. Perhaps this time, the stag will fall into your trap.""","«Олень ведет вас в веселую погоню, но теперь у вас есть союзник. Возможно, на этот раз олень попадется в вашу ловушку»."
"""The statue of Grenth is doused with shadows. Life wanes in the presence of the stone-carved god of death as the monument emits an eerie, piercing chill.""","«Статуя Грента окутана тенями. Жизнь угасает в присутствии высеченного в камне бога смерти, а памятник излучает жуткий, пронзительный холод»."
"""The steading is constantly threatened by Jormag's forces. They also attack local animals, making food scarce. We could do with less icebrood around.""","«Поселению постоянно угрожают силы Йормага. Они также нападают на местных животных, из-за чего у них не хватает еды. Нам не помешало бы меньше ледяного выводка вокруг»."
"""The storehouses of the Mad Realm contain many artifacts crafted by the Lunatic Court at their king's behest. Although tales of the Shell of Insanity have spread, its descendant works have remained forgotten—until now.""","«Хранилища Безумного Царства содержат множество артефактов, созданных Двором Безумцев по велению своего короля. Хотя рассказы о Панцире Безумия распространились, его потомки остались забытыми — до сих пор»."
"""The storm could get worse at any moment, so we need to get you to safety now!""","«Шторм может усилиться в любой момент, поэтому нам нужно немедленно доставить вас в безопасное место!»"
"""The storm is clearing, but Koda's Flame was nearly extinguished.""","«Шторм утихает, но пламя Коды почти погасло»."
"""The strange aura in this place is sickening. You feel weak, nauseated, and unable to move quickly.""","«Странная аура в этом месте вызывает тошноту. Вы чувствуете слабость, тошноту и не можете быстро двигаться»."
"""The sturdy gate is locked. The mechanism looks tough, but defeatable. Once the prisoners are ready to move, the escape can begin.""","«Прочные ворота заперты. Механизм выглядит крепким, но его можно победить. Как только заключенные будут готовы двигаться, можно начинать побег»."
"""The subtext on this sign reads, """"Only truly threatening people may enter.""""""","«Подтекст этого знака гласит: «Входить могут только люди, представляющие настоящую угрозу».»»"
"""The sulfur crystals won't last long before fading, so return with them quickly.""","«Кристаллы серы не продержатся долго, прежде чем исчезнут, так что возвращайтесь с ними побыстрее»."
"""The sun shines through all things, but the light shines most true through the great beasts that represent each of Caledon's tribes. The Zopatl are represented by Meztli the great crab.""","«Солнце светит сквозь все сущее, но свет сильнее всего сияет через великих зверей, которые представляют каждое из племен Каледона. Сопатлей представляет Мезтли, великий краб»."
"""The supplies you were carrying were destroyed by Kryptis turret fire. Avoid damage from Kryptis blasters, drainers, and sentinels to get the supplies to Vethrax.""","«Припасы, которые вы несли, были уничтожены огнем турели Криптиса. Избегайте повреждений от бластеров Криптиса, осушителей и дозорных, чтобы доставить припасы на Ветракс»."
"""The swarm of bees is attacking you, doing damage every second.""","«Рой пчел атакует вас, нанося урон каждую секунду»."
"""The sword has been returned, but Riannoc's spirit won't rest until Mazdak the Accursed is destroyed.""","«Меч возвращен, но дух Рианнок не успокоится, пока Маздак Проклятый не будет уничтожен»."
"""The sylvan hound looks sickly, and its fur is covered with egg sacs. Repellent would probably remove or kill the sacs.""","«Лесная гончая выглядит болезненной, а ее шерсть покрыта мешочками с яйцами. Репеллент, вероятно, удалит или убьет мешочки»."
"""The sylvan hound seems scared, but it appears to be free of infestation, for the moment.""","«Сильванская гончая кажется напуганной, но на данный момент она, похоже, свободна от заражения»."
"""The sylvari caused all this, and we're welcoming them back?""","«Сильвари стали причиной всего этого, и мы приветствуем их возвращение?»"
"""The symbols on the vase are barely legible and seem to represent a lengthy speech of some sort. The vase is too damaged for the speech itself to be deciphered, even by the most knowledgable of scholars.""","«Символы на вазе едва различимы и, похоже, представляют собой какую-то длинную речь. Ваза слишком повреждена, чтобы сама речь могла быть расшифрована даже самыми сведущими учеными»."
"""The system was already badly in need of retrofitting, but now...""","«Система уже остро нуждалась в модернизации, но теперь…»"
"""The tablet is marked with symbols you don't recognize. Scratches and circles defy your attempts to comprehend them. However, there are also diagrams of what appear to be weapons, showing their use in ways you've never seen before.""","«Планшет отмечен символами, которые вы не узнаете. Царапины и круги бросают вызов вашим попыткам понять их. Однако есть также схемы того, что похоже на оружие, показывающее его использование способами, которые вы никогда раньше не видели»."
"""The tag has been removed from this skale, sending it into a frenzy.""","«Тег был снят с этой скалы, что привело ее в безумие»."
"""The tavern is one of the main buildings you can build in your guild hall. Gamli, the tavern's proprietor, offers upgrades related to socialization and boons. The tavern is also the place that new proprietors will arrive, so check back to see what other buildings can be restored. Talk to Gamli in your guild hall to fund the restoration of the tavern and purchase other tavern upgrades.""","«Таверна — одно из главных зданий, которые вы можете построить в своей гильдии. Гамли, владелец таверны, предлагает улучшения, связанные с социализацией и дарами. Таверна также является местом, куда прибудут новые владельцы, поэтому заходите сюда, чтобы узнать, какие еще здания можно восстановить. Поговорите с Гамли в своей гильдии, чтобы профинансировать восстановление таверны и приобрести другие улучшения таверны»."
"""The teams must be balanced. Volunteering will give you a volunteer bonus, and players balanced always receive the winner bonus. Lack of volunteers will require autobalancing by random selection. Would you like to volunteer?""","«Команды должны быть сбалансированы. Волонтерство даст вам бонус волонтера, а сбалансированные игроки всегда получают бонус победителя. Недостаток добровольцев потребует автобалансировки путем случайного выбора. Хотите стать волонтером?»"
"""The tectonic thumper desynchronized, the titan got away, and the wayfinder...failed? Wait, that's...that's not what happened. It can't be.""","«Тектонический удар рассинхронизировался, титан ускользнул, а ориентир... вышел из строя? Подождите, это… это не то, что произошло. Этого не может быть»."
"""The tectonic thumper is irreparably damaged, and Decima has escaped.""","«Тектонический ударник непоправимо поврежден, а Децима сбежал»."
"""The tectonic thumper is irreparably damaged, and Greer has escaped.""","«Тектонический ударник непоправимо поврежден, а Грир сбежал»."
"""The tectonic thumper is irreparably damaged, and Ura has escaped.""","«Тектонический ударник непоправимо поврежден, а Ура сбежал»."
"""The tectonic thumper lost synchronization, and the titan won. This is what happens when you celebrate too quickly, cubs.""","«Тектонический ударник потерял синхронизацию, и титан победил. Вот что происходит, когда вы празднуете слишком быстро, детеныши»."
"""The temperature has dropped, and the ice storm around Asgeir's Legacy has returned. Evacuate the area immediately!""","«Температура упала, и ледяной шторм вокруг Наследия Асгейра вернулся. Немедленно покиньте территорию!»"
"""The tendril is covered in slime from the octovine, making it immune to conditions and damage. Herbicide may dispel the slime and weaken the tendril.""","«Усик покрыт слизью октовины, что делает его невосприимчивым к погодным условиям и повреждениям. Гербициды могут рассеять слизь и ослабить усик»."
"""The tengu were the last ones to make that trip. But that was over a century ago, and they were leaving. And they went right past—""","«Тэнгу были последними, кто совершил это путешествие. Но это было более века назад, и они уходили. И они прошли мимо…»"
"""The tengu, Soar Goldbeak, finally confessed that the Dengatl are working with a third tribe of hylek mystics. Whatever potion they're making with the zalisco extract, it's bound to be dangerous.""","«Тэнгу, Парящий Златоклюв, наконец признался, что Денгатли работают с третьим племенем хилек-мистиков. Какое бы зелье они ни готовили с экстрактом залиско, оно обязательно будет опасным»."
"""The thief's axe embeds itself in enemies, lingering until it is called back to inflict even more punishment.""","«Топор вора вонзается во врагов и задерживается до тех пор, пока его не отзовут, чтобы нанести еще большее наказание»."
"""The thing is, they may be right.""","«Дело в том, что они могут быть правы»."
"""The things you call """"exciting"""" are what most people would call """"reckless endangerment.""""""","«То, что вы называете «захватывающим» — это то, что большинство людей назвали бы «безрассудной угрозой».»»"
"""The third minor traits of other specializations you equip have improved effectiveness. Gain might and additional boons when you use Cosmic Wisdom, depending on which legends you have equipped.""","«Третья второстепенная черта других специализаций, которые вы используете, повышает эффективность. Получите мощь и дополнительные дары, когда вы используете Космическую мудрость, в зависимости от того, какие легенды вы экипировали»."
"""The three Orders of Tyria have agreed to meet and discuss a united effort in Orr. If the leaders can put aside their differences, they could retake Claw Island—and one day they might even defeat Zhaitan.""","«Три Ордена Тирии договорились встретиться и обсудить совместные усилия в Орре. Если лидеры смогут забыть о своих разногласиях, они смогут вернуть себе остров Когтя — и однажды они могут даже победить Зайтана»."
"""The three Orders of Tyria met on the dock in Lion's Arch, and agreed to unify their efforts in Orr beneath a new banner: the Pact. As its first mission, Trahearne is leading us back to Claw Island, where we will attempt to retake Fort Stalwart from Zhaitan's forces.""","«Три Ордена Тирии встретились на пристани Львиной Арки и договорились объединить свои усилия в Орре под новым знаменем: Пакт. В качестве своей первой миссии Трахерн ведет нас обратно на Остров Когтя, где мы попытаемся отбить Форт Стойкий у сил Зайтана»."
"""The three preceptors lead the Order. They work for the Master of Whispers. His identity is kept secret, to protect us all.""","«Три наставника возглавляют Орден. Они работают на Мастера Шепота. Его личность держится в секрете, чтобы защитить нас всех»."
"""The thrill of battle has increased this creature's health, outgoing damage, and healing.""","«Острые ощущения от битвы увеличили здоровье этого существа, исходящий урон и исцеление»."
"""The tide has turned, Your Majesty. It's only a mop-up operation now.""","«Положение изменилось, Ваше Величество. Теперь это всего лишь зачистка»."
"""The tighter a turn, the harder it is to keep your speed up coming out of it. The secret technique? Drifting!""","«Чем круче поворот, тем труднее поддерживать высокую скорость на выходе из него. Секретная техника? Дрифтинг!»"
"""The time isn't right, just yet. Wait here.""",«Время еще не подходящее. Подожди здесь».
"""The time-worn inscription on this ancient statue of Melandru has only one line left legible. """"...I bind ye to these lands. When they suffer, so shall ye suffer.""""""","""В изношенной надписи на этой древней статуе Меландру осталась разборчивой только одна строка. """"...Я привязываю вас к этим землям. Когда они страдают, то и вы будете страдать."""""""
"""The titan has burrowed into the mountain. Use warclaws to sniff out the titan's path, gather its stench, and draw it back to the surface.""","«Титан зарылся в гору. Используйте боевые когти, чтобы вынюхать путь титана, собрать его запах и вытащить его обратно на поверхность»."
"""The titan's spawn—referred to as """"shards"""" by a few of the locals—act in a subservient fashion in favor of their progenitor. One of my research assistants has hypothesized that they are no different than white blood cells inside the body, mindlessly reacting to the progenitor titan's needs. They attack threats to the body. They attempt to seal the body's wounds. When one is killed, the primary specimen releases another.""","«Порождения титана, называемые некоторыми местными жителями «осколками», действуют подчиненно в пользу своего прародителя. Один из моих научных сотрудников предположил, что они ничем не отличаются от лейкоцитов внутри тела, бездумно реагируя на потребности титана-прародителя. Они атакуют угрозы телу. Они пытаются заклеить раны тела. Когда один из них убит, основной экземпляр выпускает другого»."
"""The titans have been denied their feast, but it is only a matter of time before they return.""","«Титанам отказали в пиршестве, но их возвращение — лишь вопрос времени»."
"""The tomb was definitely dwarven. The dredge hadn't taken everything, but they did tell us they moved an ancient weapon. They took it south to see if it could be destroyed.""","«Гробница определенно принадлежала гномам. Земснаряд забрал не все, но они сказали нам, что перевезли древнее оружие. Они отвезли его на юг, чтобы посмотреть, можно ли его уничтожить»."
"""The tome compiles scraps of lost epics that detail the adventures of a number of legendary heroes, masters of their respective martial specializations. Which would you like to read?""","«В фолианте собраны обрывки утраченных эпосов, в которых подробно описаны приключения ряда легендарных героев, мастеров своих боевых специализаций. Что бы вы хотели прочитать?»"
"""The tournament consists of three challenges: Vision, Words, and Might. The first is Vision. Since you are an outsider, I will answer any questions you have about the rules.""","«Турнир состоит из трех испытаний: «Видение», «Слова» и «Мощь». Первое — «Видение». Поскольку вы посторонний, я отвечу на любые ваши вопросы о правилах»."
"""The tower climbs high and holds infinite secrets. If one climbs high enough, maybe those secrets will reveal themselves...""","«Башня поднимается высоко и хранит бесконечные тайны. Если забраться достаточно высоко, возможно, эти тайны раскроются сами...»"
"""The tower's secure, Lieutenant. Not a centaur in sight.""","«Башня в безопасности, лейтенант. Ни кентавра не видно»."
"""The toxic cloud cured the meat on this hog. It isn't spoiled, but could it be edible?""","«Ядовитое облако вылечило мясо этой свиньи. Оно не испорчено, но можно ли его есть?»"
"""The traitor Rage Steeltongue has been spotted in the Black Citadel. Rytlock isn't about to let this loose cannon go off in the center of the Iron Legion capitol, so you and he are going to track Rage down.""","«В Черной Цитадели замечен предатель Рэдж Стальной Язык. Ритлок не собирается позволить этой незакрепленной пушке взорваться в центре столицы Железного Легиона, поэтому вы с ним собираетесь выследить Рэйджа»."
"""The transmogrifiers only work on red-skinned hylek. Lure them to the recording equipment, and use the device on them. If you find yourself in peril, the device can be used as a weapon.""","«Трансмогрифификаторы работают только с краснокожими хилеками. Заманите их к записывающему оборудованию и используйте на них устройство. Если вы окажетесь в опасности, устройство можно использовать как оружие»."
"""The trials will answer for you. If your flesh fails you, take comfort that your spirit will be burdened by it no longer.""","«Испытания ответят за вас. Если ваша плоть подведет вас, утешайтесь тем, что ваш дух больше не будет отягощен ею»."
"""The tribe was saved, though at a great cost, but at least the Order of Whispers mission to acquire allies was successful. Report to the Chantry of Secrets, and receive your briefing on the Order's next move.""","«Племя было спасено, хотя и дорогой ценой, но, по крайней мере, миссия Ордена Шепота по привлечению союзников увенчалась успехом. Отправьтесь в Часовню Тайн и получите информацию о следующих действиях Ордена»."
