english,translate
"""Oh, I didn't see you there.""","«Ой, я тебя там не видел»."
"""Oh, I didn't think it would pop like that.""","«Ой, я не думал, что это так лопнет»."
"""Oh, I hate the hands-on approach.""","«О, я ненавижу практический подход»."
"""Oh, I heard something!""","«Ой, я что-то слышал!»"
"""Oh, I know my way around a knife. But my favorite part is shooting at some dirt-stupid enemy forces and watching them flee in panic.""","«О, я умею обращаться с ножом. Но больше всего мне нравится стрелять по каким-то глупым вражеским силам и смотреть, как они в панике бегут»."
"""Oh, I know of a good use for this.""","«О, я знаю этому хорошее применение»."
"""Oh, I know this. It's Griff.""","«О, я знаю это. Это Грифф»."
"""Oh, I plan to grill her, all right. We need that """"recipe.""""""","«О, я планирую приготовить её на гриле, хорошо. Нам нужен этот «рецепт»»."
"""Oh, I plan to petition our Chief Councilor and remind her who funded and furnished those posh offices of hers.""","«О, я планирую обратиться к нашему главному советнику и напомнить ей, кто финансировал и обустраивал её шикарные офисы»."
"""Oh, I see I've hit a nerve. Fancy that. Still protective of our old master, eh?""","«О, я вижу, что задел нерв. Представьте себе. Все ещё защищаете нашего старого хозяина, да?»"
"""Oh, I see this is much too easy for you. Let's make it more exciting. With marbles!""","«О, я вижу, для тебя это слишком просто. Давай сделаем это интереснее. С шариками!»"
"""Oh, I was. And I'm not ready to retire while the war's still going on. I'll fight until I have no teeth left, I've gone blind, and I can't walk. And then I'll whack any centaur who comes within reach of my porch with my cane.""","«О, я был. И я не готов уйти в отставку, пока война ещё продолжается. Я буду сражаться до тех пор, пока у меня не останутся зубы, я ослеп и не могу ходить. И тогда я ударю тростью любого кентавра, который подойдёт к моему крыльцу»."
"""Oh, I wouldn't tell her about me if I were you. She's a bit more raw. Might not react how you'd like.""","«О, на твоем месте я бы не рассказал ей о себе. Она немного более грубая. Может, отреагирует не так, как тебе бы хотелось»."
"""Oh, I'd fight if they'd let me! And my mind's still sharp as a drake's tooth. I led troops against the centaurs for years. But they won't listen to me! Kooky old woman, ha!""","«О, я бы сражался, если бы мне позволили! А мой ум все ещё остер, как зуб дракона. Я много лет вел войска против кентавров. Но они не слушают меня! Странная старуха, ха!»"
"""Oh, I'm sure he's fine. Don't worry.""","«О, я уверен, что с ним все в порядке. Не волнуйся»."
"""Oh, Kittaka. Why did you have to be so brave?""","«О, Киттака. Почему тебе нужно было быть таким храбрым?»"
"""Oh, Minister Caudecus and his gorgeous eyes. Those eyes! They permeate my soul.""","«О, министр Каудекус и его великолепные глаза. Эти глаза! Они пронизывают мою душу»."
"""Oh, Raven, guide me. Give me sight to see the truth of the world.""","«О, Ворон, веди меня. Дай мне зрение, чтобы увидеть правду о мире»."
"""Oh, Revenge Is Sweet""","""О, месть сладка"""
"""Oh, Rox... I'm so sorry.""","«О, Рокс... мне очень жаль»."
"""Oh, Vikky... I—""","— Ох, Викки... Я…"
"""Oh, Wayfinder, I've missed our little talks.""","«О, Путеводитель, я скучал по нашим беседам»."
"""Oh, a new discovery.""","«О, новое открытие»."
"""Oh, absolutely. Promotion, here I come.""","«О, абсолютно. Повышение, вот и я»."
"""Oh, and I accidently lodged your axe in that stuffed dolyak head again.""","«Ой, и я снова случайно засадил твой топор в голову этому чучелу долика»."
"""Oh, and I'm going to need you to generate those info graphics for my presentation.""","«О, и мне нужно, чтобы вы создали информационную графику для моей презентации»."
"""Oh, and watch out for destroyers. There's a very slight chance they might be attracted to the arcanopulses.""","«Да, и остерегайтесь эсминцев. Есть очень небольшой шанс, что их привлекут арканопульсы»."
"""Oh, and you can't go pick up a block of ice? Some adventurer you are. I bet a snowball gives you the screaming willies. Get lost.""","«О, а ты не можешь пойти и подобрать глыбу льда? Какой-то ты искатель приключений. Могу поспорить, что от снежка у тебя визжат мурашки. Заблудись»."
"""Oh, boo. Sorry. Quaggan doesn't hate you. Quaggan is trying to make the rage come.""","«Ох, бу. Извини. Квагган не ненавидит тебя. Квагган пытается вызвать ярость»."
"""Oh, bother. You again?""","«Ой, заморачивайся. Опять ты?»"
"""Oh, bother... Well, at least it looks like you recovered one of the documents. Hold it up for me to see...""","«Ой, заморачивайся… Ну, по крайней мере, похоже, что ты нашёл один из документов. Подними его, чтобы я посмотрел…»"
"""Oh, but there are also the clan marshals to the south. Could there still be merchant princes in Palawa Joko's Vabbi?""","«О, но на юге есть ещё маршалы кланов. Могут ли ещё быть торговые принцы в Вабби Палавы Джоко?»"
"""Oh, come now. Surely it isn't that dangerous out there. I mean, how dangerous can it be?""","«Ой, да ладно. Там, конечно, не так уж и опасно. Я имею в виду, насколько это может быть опасно?»"
"""Oh, come on...""","«Ой, давай...»"
"""Oh, congratulations! I knew your guild was up to the challenge. Bian told me everything.""","«О, поздравляю! Я знал, что ваша гильдия справилась с этой задачей. Биан мне все рассказал»."
"""Oh, crackle and spit. The good news, we made it. The bad news, we aren't where we should be.""","«Ой, хрипит и плюй. Хорошая новость: мы сделали это. Плохая новость: мы не там, где должны быть»."
"""Oh, dear!""","""О, Боже!"""
"""Oh, dear. My overcoat's lost yet another button.""","«Ох, боже мой. У моего пальто потерялась ещё одна пуговица»."
"""Oh, did you see that?""","— О, ты это видел?"
"""Oh, do you have items for trade?""","«О, у вас есть предметы для торговли?»"
"""Oh, don't be like that, sweetie. You are rather special. After all, my children haven't eaten in a long time.""","«Ой, не веди себя так, дорогая. Ты особенная. В конце концов, мои дети уже давно не ели»."
"""Oh, don't die yet.""","«О, не умирай ещё»."
"""Oh, don't go getting a sore nose over that remark. I don't mean anything by it. It's just that when you're as beautiful as I am, it's hard not to feel privileged.""","«О, не надо раздражаться из-за этого замечания. Я ничего под этим не имею в виду. Просто, когда ты такая красивая, как я, трудно не чувствовать себя привилегированным»."
"""Oh, finally, someone new to talk to. My boss is nice and all, but she does drone on. And on, and on...""","«О, наконец-то появился новый человек, с которым можно поговорить. Моя начальница милая и все такое, но она все время бубнит. И так далее, и так далее…»"
"""Oh, for Grenth's sake! This wouldn't be weird if the gods had just stuck around.""","«О, ради Грента! Это не было бы странно, если бы боги просто остались здесь»."
"""Oh, for rust's sake. Shoo. Git. I don't want another pet!""","«Ох, ради ржавчины. Шу. Мерзавец. Мне не нужен ещё один питомец!»"
"""Oh, for the love of—creatures on this side of the barricade, too?""","«О, ради любви к существам и по эту сторону баррикады?»"
"""Oh, for—elementals in the courtyard! Warband! Clean it out!""","«О, элементали во дворе! Отряд! Вычистите его!»"
"""Oh, gods. Don't let them hurt me! Please, just make the centaurs leave!""","«О боги. Не позволяйте им причинить мне боль! Пожалуйста, просто заставьте кентавров уйти!»"
"""Oh, gods...so much wreckage.""","«О, боги… столько обломков»."
"""Oh, good find. This should scare the grawl.""","«О, хорошая находка. Это должно напугать грала»."
"""Oh, good. And you asked Melandru to watch over them?""","— О, хорошо. И ты попросил Меландру присматривать за ними?"
"""Oh, good. I've had all sorts of brainless hack 'n slash types try to interfere with this dig. Particularly Lionguard losers who resent having to bother with us.""","«О, хорошо. У меня были разные безмозглые хакеры, пытавшиеся помешать этим раскопкам. Особенно неудачники из Львиной стражи, которые возмущались необходимостью с нами возиться»."
"""Oh, good. Phew. Heh.""","«О, хорошо. Уф. Хех»."
"""Oh, gosh, that's amazing. Look what you built!""","«О боже, это потрясающе. Посмотри, что ты построил!»"
"""Oh, great. The cavalry's here. I've got my eye on you—don't you forget it.""","«О, отлично. Кавалерия здесь. Я слежу за тобой — не забывай об этом»."
"""Oh, great: more spiders. Clear 'em out and let's go get that crystal energy.""","«О, отлично: больше пауков. Убери их и пойдём за этой кристальной энергией»."
"""Oh, hello.""","«О, привет»."
"""Oh, hey there. How's it going?""","«О, привет. Как дела?»"
"""Oh, hey. What's up?""","«О, эй. Что случилось?»"
"""Oh, hi.""","«О, привет»."
"""Oh, ho! I would have loved to have claimed that kill for my own, but losing it to you is no shame.""","«О, хо! Я бы с радостью забрал это убийство себе, но потерять его тебе не стыдно»."
"""Oh, honestly. These've been gathering dust in the vault for years. Nobody wants them, so who'll care?""","«О, честно. Они пылятся в хранилище уже много лет. Они никому не нужны, так кого это будет волновать?»"
"""Oh, how are you?""","«О, как ты?»"
"""Oh, how is she doing?""","«Ой, как она поживает?»"
"""Oh, how quaint.""","«Ой, как странно»."
"""Oh, if I had a whip...""","«Эх, если бы у меня был кнут…»"
"""Oh, if you've seen that man fight, you'd understand. He's like an artist with his sword. I'd be willing to wager he's the best warrior in this town. Besides me, of course.""","«О, если бы вы видели, как этот человек сражается, вы бы поняли. Он как художник, владеющий мечом. Готов поспорить, что он лучший воин в этом городе. Кроме меня, конечно»."
"""Oh, it wasn't always this...cordial. After we awoke in the Mists, Archemorus was angry.""","«О, это не всегда было так… сердечно. После того, как мы проснулись в Туманах, Архемор разозлился»."
"""Oh, it's on now!""","«О, это сейчас!»"
"""Oh, it's only you. I was having a wonderful dream.""","«О, это только ты. Мне приснился чудесный сон»."
"""Oh, look at the time! I've got to go.""","«Ой, посмотри на время! Мне пора идти»."
"""Oh, look!""","«Ой, смотри!»"
"""Oh, look. He's here.""","«Ой, смотри. Он здесь»."
"""Oh, look. It's a sign from Melandru! We need to leave right this minute.""","«Ой, смотри. Это знак от Меландру! Нам нужно уходить прямо сейчас»."
"""Oh, many things. Uzolan has been extremely secretive about his new invention.""","«О, многое другое. Узолан хранил большую тайну в отношении своего нового изобретения»."
"""Oh, my aching head!""","«Ох, моя больная голова!»"
"""Oh, my back!""","«Ой, моя спина!»"
"""Oh, my young wolf. We should never have stayed behind! I'm glad to see friendly faces.""","«О, мой молодой волк. Нам не следовало оставаться здесь! Я рад видеть дружелюбные лица»."
"""Oh, my!""",«О боже!»
"""Oh, my, these are perfect! Redcap mushrooms are naturally poisonous, but I've learned how to detoxify them so they're safe for cooking. I can make some great dishes with these.""","«О боже, они идеальны! Красношляпные грибы по своей природе ядовиты, но я научился очищать их от токсинов, чтобы их можно было безопасно готовить. Я могу приготовить из них отличные блюда»."
"""Oh, my. Not good.""",«О боже. Нехорошо».
"""Oh, my. You've been carrying this around with you? Such dedication!""",«О боже. Ты носишь это с собой? Какая преданность делу!»
"""Oh, no you don't.""","«О, нет, ты этого не делаешь»."
"""Oh, no! Abort! Ab— Oh. No, wait. False alarm. All good!""","«О, нет! Прервите! Аб… О. Нет, подождите. Ложная тревога. Все хорошо!»"
"""Oh, no! Please, help us. We don't have any other guards. We won't make it without help!""","«О, нет! Пожалуйста, помогите нам. Другой охраны у нас нет. Без помощи мы не справимся!»"
"""Oh, no! The Dream of Dreams is pivotal to your life, your very being.""","«О, нет! Мечта Мечты имеет решающее значение для вашей жизни, самого вашего существа»."
"""Oh, no! The maws are spewing toxic gas. It's going to attract other Mordrem!""","«О, нет! Утроба извергает токсичный газ. Это привлечет других мордремов!»"
"""Oh, no! Your little friend is still down there. That's bad!""","«О, нет! Твой маленький друг все ещё там. Это плохо!»"
"""Oh, no. I'll miss it.""","«О, нет. Я буду скучать по этому»."
"""Oh, not good at all. Please, step back.""","«О, совсем нехорошо. Пожалуйста, отступите»."
"""Oh, nothing! Just an ol' tune from when I was a cub. Pay no attention.""","«О, ничего! Просто старая мелодия из тех времен, когда я был детенышем. Не обращай внимания»."
"""Oh, nothing. So did I. Happy to know we see eye to eye, so to speak.""","«О, ничего. Я тоже. Рад знать, что мы, так сказать, сходимся во взглядах»."
"""Oh, now that's a view.""","«О, вот это вид»."
"""Oh, of course. What would you like to know?""","«О, конечно. Что бы вы хотели знать?»"
"""Oh, oh, that's a bad sign. I hope the last pipe doesn't go down. It'll be a nightmare repair job.""","«Ой, ой, это плохой знак. Надеюсь, последняя труба не выйдёт из строя. Это будет кошмарный ремонт»."
"""Oh, please help. I work at the Almuten Estate; but when pirates came, I ran. I'm sure Jeev could desperately use your help. That whole area is crawling with pirates, and there's something shady going on at the estate itself.""","«О, пожалуйста, помогите. Я работаю в поместье Альмутен; но когда пришли пираты, я убежал. Я уверен, что Дживу отчаянно пригодилась бы ваша помощь. Вся эта территория кишит пиратами, а в самом поместье происходит что-то тёмное»."
"""Oh, praise the Six you came along. I don't know how much longer I could have waited.""","«О, хвала Шестерке, с которой вы пришли. Я не знаю, сколько ещё я мог бы ждать»."
"""Oh, shiny! So shiny! Shiny in my hands. Take shiny. Love shiny.""","«Ой, блестящий! Такой блестящий! Блестящий в моих руках. Возьми блестящий. Любовь блестящая»."
"""Oh, shiny!""","«Ой, блестящий!»"
"""Oh, shut up and kill me already.""","— Ой, заткнись и убей меня уже."
"""Oh, sorry, Commander. I'm a bit overwhelmed here.""","«Ой, извините, коммандер. Я здесь немного растерян»."
"""Oh, spirits...""","«О, духи…»"
"""Oh, sweetie. You're truly delusional. Luckily, I have a cure for that. Rather fatal. Good-bye, my darling butcher.""","«О, милый. Ты действительно заблуждаешься. К счастью, у меня есть лекарство от этого. Скорее смертельное. Прощай, мой дорогой мясник»."
"""Oh, thank Lyssa! You have no idea how much we needed that upgrade.""","«О, спасибо, Лисса! Вы даже не представляете, насколько нам нужно было это обновление»."
"""Oh, thank the Alchemy you're alive.""","«О, слава Алхимии, что ты жив»."
"""Oh, thank the Alchemy. Can you help me here? I need more spare parts, or this bridge won't...bridge.""","«О, слава Алхимии. Вы можете мне помочь? Мне нужно больше запасных частей, иначе этот мост не будет… мостом»."
"""Oh, thank the Sky you're here. I've spent the last few hours watching dunderheaded Brotherhood nearly blow themselves up.""","«О, слава Небу, что ты здесь. Я провел последние несколько часов, наблюдая, как тупоголовое Братство чуть не взорвало себя»."
"""Oh, thank you! I wish I was that brave while Commander Landon was keeping me locked up in Divinity's Reach.""","«О, спасибо! Хотел бы я быть таким храбрым, пока коммандер Лэндон держал меня взаперти в Divinity's Reach»."
"""Oh, thank you! The pirates may be bad for quaggans, but quaggan can't get enough of their rum!""","«О, спасибо! Пираты, может быть, и плохи для квагганов, но квагганам не хватает их рома!»"
"""Oh, thank you. I slipped, and it only took a moment for the quicksand to take me.""","«О, спасибо. Я поскользнулся, и зыбучим пескам потребовалось всего мгновение, чтобы схватить меня»."
"""Oh, thank you. This is some strong-smelling stuff! It's perfect.""","«О, спасибо. Это какая-то сильно пахнущая штука! Она идеальна»."
"""Oh, thank you.""","«О, спасибо»."
"""Oh, that one has real spirit! I wonder if she'll still have it once we've persuaded her to join our cause?""","«О, у этой есть настоящий дух! Интересно, сохранится ли он у неё, когда мы убедим её присоединиться к нашему делу?»"
"""Oh, that's a lovely idea. He could return anytime. We should begin planning right away.""","«О, это прекрасная идея. Он может вернуться в любой момент. Нам следует начать планировать прямо сейчас»."
"""Oh, that's disappointing.""","«О, это разочаровывает»."
"""Oh, that's just my nickname for it. Great sculpting material. Kill ice elementals and bring me the remains. I'll need some to make an impressive enough statue.""","«О, это просто мое прозвище. Отличный материал для лепки. Убей ледяных элементалей и принеси мне останки. Мне они понадобятся, чтобы сделать достаточно впечатляющую статую»."
"""Oh, that's not a, uh... That is, the people living in those tents are citizens who were displaced by a sandstorm.""","«О, это не, э-э… То есть люди, живущие в этих палатках, — граждане, перемещенные из-за песчаной бури»."
"""Oh, the experiences you've had since last we met...""","«О, какой опыт ты пережил с тех пор, как мы виделись в последний раз…»"
"""Oh, the horror. They've butchered him.""","«О, ужас. Они его зарезали»."
"""Oh, the imagination goes wild.""","«О, воображение разыгралось»."
"""Oh, the sound of panic...""","«Ох, паника…»"
"""Oh, there it is. I thought it was lost for a second.""","«О, вот оно. Я на секунду подумал, что оно потерялось»."
"""Oh, these poor people. We have to get them to safety.""",«Ох уж эти бедные люди. Мы должны доставить их в безопасное место».
"""Oh, this will corrupt my findings!""","«О, это испортит мои выводы!»"
"""Oh, very good. You feign ignorance, but you've surely heard of our mercantile concern. You'd be wise to invest in our operation now, before we inevitably buy out the Black Lion Trading Company. I didn't tell you that.""","«О, очень хорошо. Вы притворяетесь невежественными, но вы наверняка слышали о нашей коммерческой деятельности. С вашей стороны было бы разумно инвестировать в нашу деятельность сейчас, прежде чем мы неизбежно выкупим торговую компанию Black Lion. Я вам этого не говорил»."
"""Oh, we have a strong one here. I will make you a pet and have you do tricks.""","«О, у нас здесь есть сильный человек. Я сделаю тебе домашнее животное и заставлю тебя выполнять трюки»."
"""Oh, we're having some fun now, aren't we?""","«О, мы сейчас немного повеселимся, не так ли?»"
"""Oh, we're so dead.""","«О, мы такие мёртвые»."
"""Oh, welcome.""","«О, добро пожаловать»."
"""Oh, well done! Good show!""","«О, молодец! Хорошее шоу!»"
"""Oh, well, when she was young, we spent a lot of time around Draconis Mons, and she developed a taste for lava beetles.""","«Ну, когда она была маленькой, мы проводили много времени возле горы Драконис, и у неё появился вкус к лавовым жукам»."
"""Oh, what a great spot for a mortar plant! How about one of the freezing briars?""","«О, какое прекрасное место для строительного завода! Как насчет одного из замерзающих шиповников?»"
"""Oh, what a pleasant surprise.""","«О, какой приятный сюрприз»."
"""Oh, what a relief!""","«О, какое облегчение!»"
"""Oh, why didn't I insure my inventory?""","«Ой, а почему я не застраховал свой инвентарь?»"
"""Oh, wow, you'll be fighting? I can't wait to see that!""","«Ого, ты будешь драться? Не могу дождаться, чтобы увидеть это!»"
"""Oh, yeah, I've been growing some in the allotment.""","«О, да, я выращиваю кое-что на своем участке»."
"""Oh, yeah. I might've forgotten to mention that. This job is, ah...kind of his one shot at getting back in.""","«О, да. Я, наверное, забыл упомянуть об этом. Эта работа, х... своего рода, его единственный шанс вернуться»."
"""Oh, yeah. That's my loot.""","«О, да. Это моя добыча»."
"""Oh, yes. I earned this.""","«О, да. Я это заслужил»."
"""Oh, yes. I've seen them do exquisitely horrible things. If the Priory team found the artifact I suspect they found, it all makes sense.""","«О, да. Я видел, как они совершали исключительно ужасные вещи. Если команда Приората нашла артефакт, который, как я подозреваю, они нашли, все это имеет смысл»."
"""Oh, yes. What it's like to be a golem? Does it dream? Does it have a family?""","«О, да. Каково быть големом? Есть ли у него сны? Есть ли у него семья?»"
"""Oh, you know my spear paw. Quick as a journeykin's leap. Hah, was all sorts of silly-silly, you see—""","«О, ты знаешь мою острую лапу. Быстрая, как прыжок путешественника. Ха, это было очень глупо, понимаешь…»"
"""Oh, you know, just really gotta work the soil... Make plenty of space for their roots to spread out.""","«О, знаешь, просто надо очень обработать почву… Освободить достаточно места для распространения их корней»."
"""Oh, you volunteered. That is interesting.""","«О, ты вызвался добровольцем. Это интересно»."
"""Oh, you want a fight then?""","— О, тогда ты хочешь драки?"
"""Oh, you want a pillow? Maybe a cup of cocoa? Stop your yapping and get in there. The fight isn't over, meatface.""","«О, тебе нужна подушка? Может, чашка какао? Перестань тявкать и иди туда. Драка ещё не окончена, мясное лицо»."
"""Oh, you weren't—never mind! So, I need artifacts from this place. Care to lend a hand?""","«О, ты не был… неважно! Итак, мне нужны артефакты из этого места. Не хочешь помочь?»"
"""Oh, you're going to regret that.""","«О, ты пожалеешь об этом»."
"""Oh, you've returned! Does that mean you found her? Oh, thank the Veil...""","«О, ты вернулся! Значит ли это, что ты нашёл её? О, слава Завесе…»"
"""Oh, your bluster is charming, my sweet. But you couldn't have believed I would rule alongside you.""","«О, твое бахвальство очаровательно, моя милая. Но ты не могла поверить, что я буду править вместе с тобой»."
"""Oh. Fascinating! I see scarab shells, sand lioness claws, and...some Forged bits?""","«О. Потрясающе! Я вижу панцири скарабеев, когти песчаной львицы и… несколько кованых деталей?»"
"""Oh. Hey there, little buddy.""","«О. Привет, маленький приятель»."
"""Oh. Of course. Whatever the throne's will. Get to it then, everyone! You have a snake to behead.""","«О. Конечно. Как бы ни пожелал трон. Тогда приступайте к нему, все! Вам нужно обезглавить змею»."
"""Oh. Oh! I didn't think I'd see that again. (sighs) This is kind of an odd request, so I'll understand if you say no...but would you be able to take that where I intended it to go?""","«О. О! Я не думал, что увижу это снова. (вздыхает) Это довольно странная просьба, так что я пойму, если ты скажешь «нет»… но сможешь ли ты отнести это туда, куда я намеревался?»"
"""Oh. Right. Well, what about Cantha, then? Surely they can't have it that bad.""","«О. Верно. А что насчет Канты? Конечно, им не может быть так плохо»."
"""Oh. Wait, none of you actually knows how to sail a ship. Hm. That could be a problem. We'll cross that bridge later.""","«Ой. Подождите, никто из вас на самом деле не умеет управлять кораблем. Хм. Это может быть проблемой. Мы пересечём этот мост позже»."
"""Oh. Well, if you're willing to go on record tying Zalambur to the Hamaseen, maybe we can work something out after all...""","«О. Что ж, если ты готов официально заявить о связи Заламбура с Хамасинами, возможно, мы все-таки сможем что-нибудь придумать…»"
"""Oh. Yes, nice beetles.""","«О. Да, милые жуки»."
"""Ohhh no. No, no, no.""","«Ох, нет. Нет, нет, нет»."
"""Ohtrogg, Bird Whisperer""","«Отрогг, заклинатель птиц»"
"""Oi! Captain Sayida the Sly, requesting entrance! I come with gifts!""","«Ой! Капитан Саида Хитрая, просит войти! Я пришла с подарками!»"
"""Okay, 5000. Now we need to clean up the main spill! Everyone else keep those Inquest agents away from my golem.""","«Хорошо, 5000. Теперь нам нужно ликвидировать основную утечку! Остальные держите этих агентов дознания подальше от моего голема»."
"""Okay, I found you, Skippy! Can you tell me where the sailor might be?""","«Хорошо, я нашёл тебя, Скиппи! Ты можешь сказать мне, где может быть моряк?»"
"""Okay, I give.""","«Хорошо, я даю»."
"""Okay, I see no reason to move on to these questions about metaphysics, then.""","«Ладно, тогда я не вижу смысла переходить к этим вопросам о метафизике»."
"""Okay, I'll stay close.""","«Хорошо, я буду рядом»."
"""Okay, I'll try that.""","«Хорошо, я попробую»."
"""Okay, I'll try the quiz.""","«Хорошо, я попробую пройти викторину»."
"""Okay, Iberu. I dare you to come take this down.""","«Хорошо, Иберу. Я смею тебя прийти и снять это»."
"""Okay, Slayer. You're good at what you do, but now we see if you're good at what I do.""","«Хорошо, Истребительница. Ты хорош в том, что делаешь, но теперь мы посмотрим, хорош ли ты в том, что делаю я»."
"""Okay, but can you take this weapon from me?""","«Хорошо, но можешь ли ты забрать у меня это оружие?»"
"""Okay, but it's your neck.""","«Хорошо, но это твоя шея»."
"""Okay, dolyak, let's go. Let's go! It won't budge.""","— Ладно, долик, пойдём. Пойдём! Не сдвинется с места."
"""Okay, done! Just need you to grab that mirror!""","«Хорошо, готово! Тебе просто нужно взять это зеркало!»"
"""Okay, fine. Just don't tell no one you beat me.""","«Ладно, хорошо. Только никому не говори, что ты меня победил»."
"""Okay, get ready.""","— Хорошо, готовься."
"""Okay, give me what you've got so Dalin can get to work.""","«Хорошо, дай мне то, что у тебя есть, чтобы Далин мог приступить к работе»."
"""Okay, guess killing all the monsters worked. Good job.""","«Ладно, думаю, убийство всех монстров сработало. Хорошая работа»."
"""Okay, if you are going to talk like that, I'm going to leave.""","«Ладно, если ты собираешься так говорить, я уйду»."
"""Okay, let's go.""","«Хорошо, поехали»."
"""Okay, let's start with this one. It's pretty easy. What is Rytlock's rank?""","«Хорошо, начнем с этого. Это довольно просто. Какой у Ритлока ранг?»"
"""Okay, listen up. While you were guzzling away, I found Demmi. She's under heavy guard on the other side of the water.""","«Ладно, слушай. Пока ты жрал, я нашёл Демми. Она под усиленной охраной на другом берегу воды»."
"""Okay, maybe that was too easy for you. How about this?""","«Ладно, возможно, это было слишком легко для тебя. А как насчет этого?»"
"""Okay, now hurry!""","«Хорошо, теперь поторопитесь!»"
"""Okay, okay! Keep it.""","«Ладно, ладно! Держи»."
"""Okay, okay!""","«Хорошо, хорошо!»"
"""Okay, okay, I'll rein it in.""","«Ладно, ладно, я придержу это в узде»."
"""Okay, okay, hold on. It's gonna be all right!""","«Ладно, ладно, держись. Все будет хорошо!»"
"""Okay, okay. (sigh) Let's just have a quick look around for...Mr. Sprinkles...""","«Ладно, ладно. (вздох) Давайте просто осмотримся вокруг в поисках… мистера Спринклса…»"
"""Okay, okay. I got it.""","«Хорошо, хорошо. Я понял»."
"""Okay, okay. I'll try to find you artifacts.""","«Хорошо, хорошо. Я постараюсь найти для тебя артефакты»."
"""Okay, okay. I'm sure you are. I'm leaving.""","«Хорошо, хорошо. Я уверен, что да. Я ухожу»."
"""Okay, okay. Merla very smart. I can do this. Stinky will work. Careful, careful.""","«Ладно, ладно. Мерла очень умная. Я могу это сделать. Стинки сработает. Осторожно, осторожно»."
"""Okay, okay.""","«Хорошо, хорошо»."
"""Okay, prove it! Who is Logan in love with?""","«Хорошо, докажи это! В кого влюблен Логан?»"
"""Okay, reading a number of... Hey, what are they... Those grawl just threw those humans into the volcano! Get them!""","«Хорошо, читаю несколько... Эй, что они... Эти граулы только что сбросили этих людей в вулкан! Берите их!»"
"""Okay, see you later! Nasty little prickly pear.""","«Хорошо, увидимся позже! Мерзкая маленькая опунция»."
"""Okay, that did it!""","«Хорошо, вот и все!»"
"""Okay, that's enough bait. Let's go.""","«Ладно, хватит наживки. Пошли»."
"""Okay, then. Let's tell Lady Wi we've made up our minds.""","— Хорошо, тогда. Давайте скажем леди Ви, что мы приняли решение."
"""Okay, then.""","— Хорошо, тогда."
"""Okay, this time I can do it. Yeah! No problem!""","«Хорошо, на этот раз я смогу это сделать. Да! Нет проблем!»"
"""Okay, time to hand you over to the people who want you dead.""","«Ладно, пора передать тебя людям, которые хотят твоей смерти»."
"""Okay, we're looking good. If you have any more, drop them off with me as soon as possible.""","«Хорошо, мы хорошо выглядим. Если у вас есть ещё, отправьте их мне как можно скорее»."
"""Okay, well, those may be a little evil... But I don't build weapons, I make things like, well, the oven in that bakery!""","«Ладно, ну, возможно, это немного зло… Но я не делаю оружие, я делаю такие вещи, как, ну, печь в той пекарне!»"
"""Okay, you should be able to hear me again. Thought I'd lost you back there...""","«Хорошо, ты снова сможешь меня услышать. Я думал, что потерял тебя там…»"
"""Okay, you'll need to combine all the core signatures in that cave—sorry, I mean the pieces of cursed treasure.""","«Хорошо, тебе нужно будет объединить все основные подписи в этой пещере — извини, я имею в виду части проклятого сокровища»."
"""Okay, you're tougher than you look.""","«Ладно, ты жестче, чем кажешься»."
"""Okay. You break it, I break you.""","«Хорошо. Ты сломаешь это, я сломаю тебя»."
"""Olaf Olafson, seventh son of Olaf, owned one of the largest farmsteads in the greater Drizzlewood Coast area. His property often served as a gathering place for much of the region's norn population. These gatherings often encompassed an excess of indulgences, including song, dance, and drink, and more song, more dance, and even more drink. In the present day, many modern norn consider Olafson to be one the closest figures in norn society to serve in a prominent leadership position.""","«Олаф Олафсон, седьмой сын Олафа, владел одной из крупнейших ферм в районе большого побережья Дризлвуда. Его собственность часто служила местом сбора большей части норнского населения региона. Эти собрания часто включали в себя избыток поблажек, включая песни, танцы и выпивку, а также ещё песни, ещё танцы и ещё больше выпивки. В наши дни многие современные норны считают Олафсона одной из самых близких фигур в обществе норн, занимающих видное руководящее положение»."
"""Old Foes, Old Ghosts""","«Старые враги, старые призраки»"
"""Old Friends, Older Enemies""","«Старые друзья, старые враги»"
"""Old Kaineng Dive, Day 1""","«Погружение в Старый Кайненг, день 1»"
"""Old Kaineng Dive, Day 2""","«Погружение в Старый Кайненг, день 2»"
"""Old Kaineng Dive, Day 3""","«Погружение в Старый Кайненг, день 3»"
"""Old friend, I hope you see now that we have a common goal. Can we set aside any mistrust that threatened our friendship?""","«Старый друг, надеюсь, теперь ты видишь, что у нас есть общая цель. Можем ли мы избавиться от любого недоверия, которое угрожало нашей дружбе?»"
"""Old, unused supplies for the forge. Bring these to the cache by the barracks entrance.""","«Старые, неиспользованные припасы для кузницы. Отнесите их в тайник у входа в казармы»."
"""Olmakhan, attack that wound! It's the only way to hurt him!""","«Олмахан, атакуй эту рану! Это единственный способ причинить ему вред!»"
"""Olmakhan, form up!""","«Олмахан, стройся!»"
"""Olmakhan, together!""","«Олмахан, вместе!»"
"""On Gairwen's advice, I sought out the smith that created Bercilak's green armor. To my surprise, he's been kidnapped by the Nightmare Court!""","«По совету Гаирвена я разыскал кузнеца, создавшего зелёную броню Берсилака. К моему удивлению, он был похищен Кошмарным двором!»"
"""On a day like today, anything is possible.""","«В такой день, как сегодня, все возможно»."
"""On a flying mount, spend 30 continuous seconds being carried by the ley-line loop above the high rocks in Nyedra Surrounds.""","«На летающем скакуне проведите 30 секунд подряд, переносясь по силовой петле над высокими скалами в окрестностях Ньедры»."
"""On a high cliff overlooking wild and untamed jungle, there is an ancient fortification.""","«На высокой скале, возвышающейся над дикими и необузданными джунглями, стоит древнее укрепление»."
"""On a necrotic coast, falling forever into the sea.""","«На некротическом берегу, навсегда падающем в море»."
"""On a tall, green mountain top.""",«На высокой зелёной вершине горы».
"""On behalf of Xunlai Jade, I wish to thank you for your invaluable feedback and cooperation in completing this training module with jade technology. We are very appreciative of the time you have taken to assist in our analyses, and we commit to utilizing the information gained to contemplate and implement worthwhile improvements. If you wish to join our mailing list, we would be happy to share these results with you.""","«От имени Xunlai Jade я хочу поблагодарить вас за ваши неоценимые отзывы и сотрудничество в завершении этого учебного модуля по нефритовой технологии. Мы очень ценим время, которое вы потратили на помощь в нашем анализе, и обязуемся использовать полученную информацию для рассмотрения и реализации ценных улучшений. Если вы хотите присоединиться к нашему списку рассылки, мы будем рады поделиться с вами этими результатами»."
"""On behalf of the Consortium, welcome.""","«От имени Консорциума, добро пожаловать»."
"""On behalf of the Wizard's Vault, investigate rumors of a wayward wisp appearing within Mistburned Barrens.""","«От имени Хранилища Волшебника расследуйте слухи о своенравном огоньке, появившемся в Ожженных Туманом Степях»."
"""On behalf of the Wizard's Vault, investigate rumors of an object that fell to Tyria on Janthir's coast.""","«От имени Хранилища Волшебника расследуйте слухи о предмете, упавшем на Тирию на побережье Джантира»."
"""On behalf of the Wizard's Vault, investigate the Inquest's interference with the coral reefs of Castora.""",«От имени Хранилища Волшебника расследуйте вмешательство Следствия в коралловые рифы Касторы».
"""On close inspection, fine print states that this item can no longer be redeemed as part of Consortium promotions and may be safely discarded.""","«При внимательном рассмотрении мелким шрифтом написано, что этот предмет больше нельзя использовать в рамках рекламных акций Консорциума и его можно безопасно выбросить»."
"""On closer inspection, these appear to be flint stones.""","«При ближайшем рассмотрении оказывается, что это кремниевые камни»."
"""On discovering that the Aspect Masters had left Camp Resolve, I picked up their trail and tracked them across the Maguuma Wastes to an underground passage.""","«Обнаружив, что Повелители Аспектов покинули Лагерь Решимости, я нашёл их след и проследил через Пустоши Магуума до подземного перехода»."
"""On display here is a copy of """"Johai Sohn: A Legacy of Coordination."""" It tells the story of a respected Canthan figure, and the great works he achieved during his storied life.""","«Здесь представлена ??книга «Йохай Зон: наследие координации». В ней рассказывается история уважаемого кантанского деятеля и великие дела, которых он достиг за свою легендарную жизнь»."
"""On entering Maeva's house, we discovered it had been torn apart by a monstrous scout from Orr. Sieran and I are headed to Claw Island, to warn the Lionguard.""","«Войдя в дом Маэвы, мы обнаружили, что он был разорван на части чудовищным разведчиком из Орра. Мы с Сираном направляемся на остров Когтя, чтобы предупредить Львиную стражу»."
"""On first completion of the story step """"Prisoners of the Dragon,"""" choose one of the three order-themed backpacks.""",«При первом завершении сюжетного этапа «Prisoners of the Dragon» выберите один из трех тематических рюкзаков ордена».
"""On hit, remove a boon.<br><c=@reminder>(Cooldown: 10 seconds)</c>""",«При попадании снимает дар.<br><c=@reminder>(Время восстановления: 10 секунд)</c>»
"""On my back is the state-of-the-art reverse front aesthetic covering and """"ooh-aah"""" device.  It takes time and effort to build one, but if you're interested, I'll guide you through the process.""","«На моей спине современное эстетическое покрытие с обратной передней частью и устройство «ох-аа». Создание такого устройства требует времени и усилий, но если вам интересно, я проведу вас через весь процесс»."
"""On second thought, I think I can bear it.""","«Если подумать, я думаю, что смогу это вынести»."
"""On second thought, I'll get going now.""","«Если подумать, я пойду сейчас»."
"""On second thought, I'll wait for more friends.""","«Если подумать, я подожду ещё друзей»."
"""On second thought, I'm not ready for this.""","«Если подумать, я к этому не готов»."
"""On second thought, let's just get you out of here.""","«Если подумать, давай просто вытащим тебя отсюда»."
"""On second thought, this is all a bit much.""","«Если подумать, все это слишком»."
"""On second thought, you're on your own.""","«Если подумать, ты сам по себе»."
"""On that note, let's continue.""",«На этой ноте продолжим».
"""On that topic, then, what's the next step here in Tyria?""","«Итак, по этой теме, какой следующий шаг здесь, в Тирии?»"
"""On that topic, then, where can I focus right now?""","«Итак, на чем я могу сосредоточиться прямо сейчас?»"
"""On the Master tier, complete the Sunqua Peak fractal within 15 minutes.""",«На уровне Мастера завершите фрактал Пик Санкуа за 15 минут».
"""On the Master tier, defeat the final boss without anyone receiving more than 9 stacks of Tidal Bargain. Death removes eligibility.""","«На уровне «Мастер» победите финального босса так, чтобы никто не получил более 9 стаков «Приливной сделки». Смерть лишает вас права на участие."
"""On the Master tier, defeat the final boss without being hit by Firestorm. Death removes eligibility.""","«На уровне «Мастер» победите финального босса, не получив урона от «Огненного шторма». Смерть лишает вас права на участие."
"""On the Master tier, disperse all thunderclouds during the final boss fight within 10 seconds, and then complete the encounter.""","«На уровне «Мастер» разгоните все грозовые тучи во время финальной битвы с боссом в течение 10 секунд, а затем завершите схватку»."
"""On the Weeping Isle in Ventry Bay, the Soundless seek to isolate themselves, to be alone with their thoughts. However, outside the protection of the Grove, they're endlessly harassed by the Nightmare Court of Hemlock Coil. They could use some help.""","«На Плачущем острове в заливе Вентри Беззвучные стремятся изолироваться, побыть наедине со своими мыслями. Однако за пределами защиты Рощи их бесконечно преследует Nightmare Court Болиголова. Им не помешала бы помощь»."
"""On the eve of my awakening, I feel the earth singing in my bones.""","«Накануне моего пробуждения я чувствую, как земля поёт в моих костях»."
"""On these southern rocks, the view of wreckage stretching north makes it all too clear why the castaways dubbed this piece of the coastline """"Shipwreck Strand.""""""","«На этих южных скалах вид обломков, простирающихся на север, ясно показывает, почему потерпевшие кораблекрушение прозвали этот участок береговой линии «Берегом кораблекрушений»»»."
"""On top of the pile lies """"The Three-Tailed Devourer: Nature's Cruelest Creation."""" A bookmarked page shows an image ripped straight out of a nightmare. Hopefully, this is a piece of fiction.""","«На вершине стопки лежит «Треххвостый пожиратель: самое жестокое творение природы». На странице с закладками изображено изображение, вырванное прямо из кошмара. Надеюсь, это вымысел»."
"""On your knees, dogs! Cower before the true kings of the Far Shiverpeaks!""","«На колени, собаки! Сжимайтесь перед истинными королями Дальних Шиверпиков!»"
"""Once Golden, Now Tarnished""","«Когда-то золотой, теперь потускневший»"
"""Once Raven Attunement Tier 2 is mastered, start training Essence of Resilience to open this chest.""","«Как только вы освоите 2-й уровень настройки ворона, начните тренировать сущность устойчивости, чтобы открыть этот сундук»."
"""Once Raven Attunement Tier 2 is mastered, start training essence manipulation to harness its power.""","«Как только вы освоите второй уровень настройки ворона, начните тренироваться манипулировать сущностью, чтобы использовать её силу»."
"""Once a Mastery is fully trained, spend Mastery Points to permanently unlock the ability.""","«Как только мастерство будет полностью освоено, потратьте очки мастерства, чтобы навсегда разблокировать эту способность»."
"""Once a member of the Destiny's Edge guild, Logan Thackeray now commands the Seraph, a military organization dedicated to protecting Divinity's Reach and its citizens. His devotion to the queen's safety is well-known.""","«Когда-то Логан Теккерей был членом гильдии Destiny's Edge, теперь командует Серафимом, военной организацией, занимающейся защитой Divinity's Reach и её граждан. Его преданность безопасности королевы хорошо известна»."
"""Once a sacred place for the druids of Maguuma Jungle, the Henge of Denravi has long since fallen into ruin. Those who venture to this mystical haven can sense the ages of reverence and power that infused the earth.""","«Когда-то Henge of Denravi, священное место для друидов джунглей Магуума, давно превратился в руины. Те, кто отважится попасть в это мистическое убежище, могут ощутить века почтения и силы, наполнившие землю»."
"""Once a village surrounded by lush farmlands, Ewan's dilapidated landscape is now a poignant reminder of the days before Orr's submergence.""","«Когда-то деревня Юэна была окружена пышными сельскохозяйственными угодьями, а теперь полуразрушенный пейзаж Юэна стал горьким напоминанием о днях, предшествовавших затоплению Орра»."
"""Once again, the fate of nations hangs in the balance. Only the Order of Whispers stands between civilization and ruin.""",«И снова судьба наций висит на волоске. Только Орден Шепота стоит между цивилизацией и разрушением».
"""Once before, I gave this sword to a beloved son. Now, I pass it on to you, Trahearne.""","«Однажды я подарил этот меч любимому сыну. Теперь я передаю его тебе, Трахёрн»."
"""Once consumed, any food eaten for the next 12 hours will have at least the same duration as the remaining metabolic primer time. (Maximum 12 hours.)""","«После употребления любая пища, съеденная в течение следующих 12 часов, будет иметь по крайней мере ту же продолжительность, что и оставшееся время метаболического праймера (максимум 12 часов)»."
"""Once consumed, any utility buff used for the next 12 hours will have at least the same duration as the remaining primer time. (Maximum 12 hours.)""","«После использования любой полезный положительный эффект, используемый в течение следующих 12 часов, будет иметь как минимум ту же продолжительность, что и оставшееся время праймера. (Максимум 12 часов)»"
"""Once consumed, any utility item used for the next 12 hours will have at least the same duration as the remaining utility primer time. (Maximum 12 hours.)""","«После потребления любой вспомогательный предмет, используемый в течение следующих 12 часов, будет иметь как минимум ту же продолжительность, что и оставшееся время использования утилиты. (Максимум 12 часов)»"
"""Once equipped, chairs can be activated from the novelties quick launch button.""",«После установки кресла можно активировать с помощью кнопки быстрого запуска новинки».
"""Once in awhile. Not often enough for my tastes. Maybe we'll get lucky, and they'll make a run at us today. Then, you could join in!""","«Иногда. На мой вкус, недостаточно часто. Может быть, нам повезет, и они сегодня нападут на нас. Тогда ты можешь присоединиться!»"
"""Once more, complete Of Mists and Monsters, a Mistburned Barrens Survey, and A Titanic Voyage.""","«Ещё раз завершите «Туманы и монстры», «Обследование туманных пустошей» и «Путешествие на Титанике»."
"""Once more, defeat General Ignaxious, Knaebelag the Terror, and Eparch in Inner Nayos.""","«Ещё раз победите генерала Игнаксиуса, Кнебелага Ужаса и епарха во Внутреннем Найосе»."
"""Once more, you stand on sacred ground. Remember what you have seen. Speak with me, and I will guide you.""","«И снова ты стоишь на священной земле. Вспомни, что ты видел. Поговори со мной, и я поведу тебя»."
"""Once our prototype cannon is operational, Incinergen's golem will be unstoppable in the arena.""","«Как только наш прототип пушки заработает, голема Инсинергена будет невозможно остановить на арене»."
"""Once placed, detonates when enemies get close.""","«После установки взрывается, когда враги приближаются»."
"""Once poetic, now literal.""","«Когда-то поэтично, теперь буквально»."
"""Once the mantle is taken up, it will never be lifted from your shoulders.""","«Как только мантия будет поднята, она уже никогда не будет снята с ваших плеч»."
"""Once they make their move, we will activate every city defense that's still operational and hold out as long as we can. Our calculations conclude this is the only way.""","«Как только они сделают свой ход, мы активируем все городские оборонительные сооружения, которые ещё действуют, и продержимся так долго, как сможем. Наши расчёты показывают, что это единственный путь»."
"""Once through, we won't be able to come back until we find them.""","«Пройдя, мы не сможем вернуться, пока не найдём их»."
"""Once upon a time, this was a sleepy fishing village. I worked as a Seraph, and my wife ran a small bait shop with help from our daughter. It was a good life.""","«Когда-то это была тихая рыбацкая деревня. Я работал Серафимом, а моя жена с помощью нашей дочери управляла небольшим магазином приманок. Это была хорошая жизнь»."
"""Once we breach the wall, hit them hard and keep hitting. Magg, it's all yours.""","«Как только мы проломим стену, бей их сильно и продолжай бить. Мэгг, это все твое»."
"""Once we get those trebuchets up and running, Nebo Terrace will blaze like a single flame!""","«Как только мы запустим эти требушеты, Nebo Terrace запылает, как единое пламя!»"
"""Once we take the square, the Vanguard can do the rest. But without a rally point, we're falling apart.""","«Как только мы возьмем площадь, Авангард сможет сделать все остальное. Но без точки сбора мы развалимся»."
"""Once we've guaranteed that our Jaka is safe, we can return to normalcy. (Requires Itzel Outpost Tier 1 Complete)""","«Как только мы обеспечим безопасность нашей Джаки, мы сможем вернуться к нормальной жизни. (Требуется завершение 1-го уровня аванпоста Итзель)»"
"""Once we've put down Mordremoth, I'm thinking I may retire.""","«Как только мы победим Мордремота, я думаю, что смогу уйти в отставку»."
"""Once we've secured the area, we'll set up our drills again. (Requires Noble Outpost Complete)""","«Как только мы обезопасим территорию, мы снова начнем учения. (Требуется завершение Noble Outpost)»"
"""Once you get it down, we'll get it dead. Put your trust in Vigil steel.""","«Как только вы его снимете, мы его уничтожим. Доверьтесь стали Vigil»."
"""Once you have begun tracking a rift, use the Mastery skill """"Scan for Rift"""" to have the Heart of the Obscure continue guiding you toward your destination.""","«Как только вы начнете отслеживать разлом, используйте навык мастерства «Поиск разлома», чтобы Сердце Неизвестного продолжало вести вас к месту назначения»."
"""Once you reach level 80, you can train Mastery tracks and unlock abilities with the Mastery Points you've earned.""","«Как только вы достигнете 80-го уровня, вы сможете тренировать треки мастерства и разблокировать способности с помощью заработанных вами очков мастерства»."
"""Once you take up a craft, you can combine components at the crafting station near that craft's trainer to create useful items.""","«Как только вы освоите ремесло, вы сможете комбинировать компоненты на ремесленной станции рядом с тренером этого ремесла, чтобы создавать полезные предметы»."
"""Once you've discovered a waypoint, you may return to it instantly for a small fee.""","«Как только вы обнаружите путевую точку, вы можете мгновенно вернуться к ней за небольшую плату»."
"""Once you've picked one up, just hack the password. I should be able to figure out what they're up to after that.""","«Как только вы его подберете, просто взломайте пароль. После этого я смогу выяснить, что они задумали»."
"""Once you've proven your fractal prowess, BUY-2046 PFR will sell you Fractal Gear Boxes containing your choice of fractal weapon skins.""","«Как только вы докажете свое фрактальное мастерство, КУПИТЕ-2046 PFR продаст вам фрактальные коробки передач, содержащие на ваш выбор раскраски фрактального оружия»."
"""Once your skiff has come to a complete stop, drop your anchor to keep it in place.""","«Как только ваша лодка полностью остановится, бросьте якорь, чтобы удержать её на месте»."
"""Once, long ago, our Luxon ancestors had a great armada, in which we traveled from place to place as nomads...""","""Когда-то, очень давно, у наших люксонских предков была огромная армада, в которой мы, как кочевники, путешествовали с места на место..."""
"""Once, the lineage of Kryta was thought lost until the commoner Salma was found to be the daughter of King Jadon. Salma drove the White Mantle from Kryta and became a hero to her people.""","«Когда-то род Крайты считался утерянным, пока не выяснилось, что простолюдинка Сальма — дочь короля Джейдона. Сальма изгнала Белую Мантию из Крайты и стала героем для своего народа»."
"""Once, we fought together as one. Myself, Rytlock, Logan. Eir and her wolf. Snaff and his apprentice.""","«Однажды мы сражались вместе. Я, Ритлок, Логан. Эйр и её волк. Снафф и его ученик»."
"""One Charr, One Dragon, One Champion""","«Один Чарр, один дракон, один чемпион»"
"""One Down, Two to Go""","«Один вниз, осталось два»"
"""One by one, I'll raze your ranks!""",«Один за другим я разорю ваши ряды!»
"""One chapter ends, another begins.""","«Одна глава заканчивается, начинается другая»."
"""One day, I hope to""",«Однажды я надеюсь»
"""One day, the krait swarmed us from across the southern swamps. They reached the village before we could react. Most of the villagers were slaughtered, including...my wife...and daughter.""","«Однажды крайты напали на нас через южные болота. Они добрались до деревни прежде, чем мы успели отреагировать. Большинство жителей деревни были убиты, включая... мою жену... и дочь»."
"""One entry literally melted, another was stolen, and a third disappeared into a temporal rift.""","«Одна запись буквально расплавилась, другая была украдена, а третья исчезла во временном разломе»."
"""One knuckle sandwich, coming right up!""","«Один сэндвич с рулькой, вот-вот поднимется!»"
"""One last thing: don't use the Beetletun gates. Instead, find an opening in the irrigation pipes and follow them to the west side.""",«И последнее: не используйте ворота Битлетуна. Вместо этого найдите отверстие в ирригационных трубах и следуйте по ним на западную сторону».
"""One maw has died, but more remain! Try splitting up to take them all out.""","«Одна пасть умерла, но осталось ещё больше! Попробуйте разделиться, чтобы уничтожить их всех»."
"""One missplaced blink, and you're dead.""",«Одно неуместное моргание — и ты мертв».
"""One moment our ship was sailing smoothly through clear skies, and the next we were falling.""","«В один момент наш корабль плавно плыл по ясному небу, а в следующий момент мы падали»."
"""One more kick to the old gronk, and you'll be back in business!""","«Ещё один пинок старому грону, и ты снова в деле!»"
"""One must have the capacity for contemplation, but also the insight to know when expediency is required.""","«Нужно обладать способностью к созерцанию, но также и проницательностью, чтобы знать, когда требуется целесообразность»."
"""One night of exuberant drinking, and the world goes crazy. Legionnaire Ballista Geargrind of the Gear Warband has a missing attack vehicle, and she's holding you responsible. Tracking it down should prove to be quite an adventure.""","«Одна ночь пьянства, и мир сходит с ума. У легионера Баллисты Гиргринд из отряда Механизмов пропала боевая машина, и она возлагает на вас ответственность. Выследить её должно оказаться настоящим приключением»."
"""One of Havroun Weibe's shamans, Hallveig, has reported that the Raven Sanctum has recently been taken over by the Fallen Voice and the Fallen Claw. Raven Shaman Hallveig is looking for volunteers to enter the sanctum and cleanse it of this menace.""","«Один из шаманов Хавруна Вейбе, Халльвейг, сообщил, что Raven Sanctum недавно захвачено Падшим Голосом и Падшим Когтем. Шаман Ворона Халлвейг ищет добровольцев, чтобы войти в святилище и очистить его от этой угрозы»."
"""One of Havroun Weibe's shamans, Hallveig, has reported that the Raven Sanctum has recently been taken over by the Fraenir of Jormag. Raven Shaman Hallveig is looking for volunteers to enter the sanctum and cleanse it of this menace.""","«Один из шаманов Хавруна Вейбе, Халлвейг, сообщил, что Святилище Воронов недавно было захвачено Френирами Йормага. Шаман Ворона Халльвейг ищет добровольцев, чтобы войти в святилище и очистить его от этой угрозы»."
"""One of Havroun Weibe's shamans, Hallveig, has reported that the Raven Sanctum has recently been taken over by the boneskinner. Raven Shaman Hallveig is looking for volunteers to enter the sanctum and cleanse it of this menace.""","«Один из шаманов Хавруна Вейбе, Халлвейг, сообщил, что Святилище Воронов недавно захватил кожевник. Шаман Ворона Халльвейг ищет добровольцев, которые могли бы войти в святилище и очистить его от этой угрозы»."
"""One of Isgarren's pets has found his way here, and he only seems interested in hearing from you.""","«Один из питомцев Исгаррена нашёл дорогу сюда, и, похоже, ему интересно только ваше сообщение»."
"""One of Zhaitan's minions breached the city. We destroyed it, but the creature was likely scouting for a much bigger force. An attack is imminent.""","«Один из приспешников Зайтана ворвался в город. Мы уничтожили его, но существо, вероятно, искало гораздо более крупные силы. Атака неизбежна»."
"""One of my greatest fears is that, despite my best efforts, I will kill an innocent.""","«Один из моих самых больших страхов заключается в том, что, несмотря на все мои усилия, я убью невиновного»."
"""One of my greatest fears is that, despite my best efforts, I will leave a friend to suffer.""","«Один из моих самых больших страхов заключается в том, что, несмотря на все мои усилия, я оставлю друга страдать»."
"""One of my greatest fears is that, despite my best efforts, I will lose the respect of my comrades.""","«Один из моих самых больших страхов заключается в том, что, несмотря на все мои усилия, я потеряю уважение своих товарищей»."
"""One of my greatest fears is that, despite my best efforts, I will""","«Один из моих самых больших страхов заключается в том, что, несмотря на все мои усилия, я это сделаю»"
"""One of our number has been taken by Jormag. To return nature to balance, we now must destroy him. Will you help us?""","«Одного из нас забрал Йормаг. Чтобы вернуть природу в равновесие, мы должны уничтожить его. Вы нам поможете?»"
"""One of the enemy's toxic spores has settled nearby. This spore is still young, so this is our chance to prevent it from growing into a serious threat.""","«Одна из токсичных спор противника поселилась неподалеку. Эта спора ещё молода, так что это наш шанс не дать ей превратиться в серьёзную угрозу»."
"""One of the most notorious symbols of norn/human relations to this date remains the Olafson Sword. The sword was gifted to the renowned Olaf Olafson at one of his many farmstead gatherings as a token of appreciation from newly settled humans in the area. After obtaining it, various sources have claimed that Olafson enchanted the sword so that it would serve as the only functioning key for a hidden vault in the region. Legend has it that Olafson placed his valuables in this vault as protection against the increasing number of looters (and suitors) in the area. In modern times, Olafson's remaining descendants and treasure hunters alike have searched for Olafson's supposed bounty. It has yet to be successfully recovered.""","«Одним из самых печально известных символов отношений норнов и людей на сегодняшний день остается Меч Олафсона. Меч был подарен знаменитому Олафу Олафсону на одном из его многочисленных собраний на ферме в знак признательности от недавно поселившихся в этом районе людей. После его получения различные источники утверждали, что Олафсон заколдовал меч так, чтобы он служил единственным действующим ключом к скрытому хранилищу в этом регионе. Легенда гласит, что Олафсон поместил свои ценности в это хранилище в качестве защиты от в этом районе растет число грабителей (и поклонников). В наше время оставшиеся потомки Олафсона и охотники за сокровищами одинаково ищут предполагаемую награду Олафсона. Она до сих пор не найдена."
"""One of the sun's great beasts has awoken from its slumber. In order to honor the sun, the beast must be challenged and defeated.""","«Один из величайших зверей Солнца пробудился от сна. Чтобы почтить солнце, зверю нужно бросить вызов и победить»."
"""One of you will have to sacrifice that protective energy. That'll leave you vulnerable, so hurry!""","«Одному из вас придётся пожертвовать своей защитной энергией. Это сделает вас уязвимым, так что поторопитесь!»"
"""One spoonful from my capacious cranium would elevate your intelligence to the point of seeing what a no-hoper you are. In your anguish, you'd end it all.""","«Одна ложка из моего вместительного черепа поднимет твой интеллект до такой степени, что ты увидишь, какой ты безнадежный. В своих страданиях ты положишь всему этому конец»."
"""One they won't learn, I'm sure. We'll have to take that camp to prevent another attack.""","«Я уверен, что они этого не узнают. Нам придётся взять этот лагерь, чтобы предотвратить новое нападение»."
"""One tourist claimed that she was attacked by a black moa after visiting a Kurzick gravesite. Calm creatures, now vicious.""","«Одна туристка заявила, что после посещения могилы Курзика на неё напал чёрный моа. Спокойные существа, теперь злобные»."
"""One, two, three, lift!""","«Раз, два, три, поднимите!»"
"""Only a few lines are readable. """"Neographic buttercups by order of Stumm—Designated use: Decoration, Durmand Priory—Designated greeting: Ogden, thanks for your continued support.""""""","""Читается только несколько строк. """"Неографические лютики по заказу Штумма. Назначение: украшение, монастырь Дурманд. Целевое приветствие: Огден, спасибо за вашу постоянную поддержку."""""""
"""Only asura of extreme intelligence talk about themselves in the third person, but all of the quaggans do that. I don't understand where they get that level of confidence.""","«Только асуры чрезвычайного интеллекта говорят о себе в третьем лице, но все квагганы так делают. Я не понимаю, откуда у них такая уверенность»."
"""Only for myself. I'd be missing out on the feast of the decade, should my brother put you down.""","«Только для себя. Если бы мой брат тебя уложил, я бы пропустил праздник десятилетия»."
"""Only if you get a job, a haircut, and a clue. And maybe not even then.""","«Только если ты найдёшь работу, стрижку и подсказку. А может быть, даже и тогда»."
"""Only once, when celebrating the death of Zhaitan with some norn in our trading post. It is...quite pleasant, this beer.""","«Только один раз, когда праздновали смерть Зайтана с каким-то норном в нашем торговом посту. Оно... довольно приятное, это пиво»."
"""Only one prize per winner! Sorry, kid. Go play, now. There's plenty to do here at the carnival!""","«Только один приз на каждого победителя! Извини, малыш. Иди поиграй сейчас. Здесь, на карнавале, есть чем заняться!»"
"""Only recently discovered on the island of Castora, the swiftwing raptor is covered in a thick layer of jewel-toned feathers that blend in with the island's vivid vegetation. Researchers have noted its ear-shattering shriek and razor-edged talons, urging members of the Tyrian Alliance to approach the saurian with caution. —Acht""","«Только недавно обнаруженный на острове Кастора, быстрокрылый хищник покрыт толстым слоем перьев цвета драгоценных камней, которые сливаются с яркой растительностью острова. Исследователи отметили его оглушительный крик и острые как бритва когти, призывая членов Тирского Альянса приближаться к ящеру с осторожностью. — Ахт»"
"""Only shows minimal combat-related UI while in combat, hides all other UI elements.""","«Во время боя отображается только минимальный пользовательский интерфейс, связанный с боем, все остальные элементы пользовательского интерфейса скрываются»."
"""Only the best from the Salt Flats! Decent vases here, free of curses.""","«Только лучшее с Солончаков! Здесь приличные вазы, без ругательств»."
"""Only thing I've got is a pistol, a lunch sack, and some old nails.""","«Единственное, что у меня есть, — это пистолет, мешок с обедом и несколько старых гвоздей»."
"""Only this morning, a scout reported that the Sons of Svanir have corrupted one of the local pack alphas, a wolf known as Ormi.""","«Только сегодня утром разведчик сообщил, что Sons of Svanir развратили одного из вождей местной стаи, волка, известного как Орми»."
"""Only those with a Mastery of Exalted glyphs can use them. Prove that Mastery, and the glyph will send you to the Mushroom Tyrant King.""","«Их могут использовать только те, кто владеет возвышенными символами. Докажите это мастерство, и глиф отправит вас к Королю Грибного Тирана»."
"""Only viable jade samples should be placed on this sled. Unsorted samples must be scanned by a nearby scan bot, and corrupted samples should be deposited in the disposal pit.""","«На эти сани следует помещать только жизнеспособные образцы нефрита. Неотсортированные образцы должны сканироваться ближайшим сканирующим роботом, а поврежденные образцы следует выбрасывать в яму для мусора»."
"""Only what I've been told. Knut Whitebear sent a few scouts north to see what they could see, and those who returned told terrible stories of homesteads in ashes and the bodies of the dead everywhere.""","«Только то, что мне рассказали. Knut Whitebear послал несколько разведчиков на север, чтобы посмотреть, что они смогут увидеть, и те, кто вернулся, рассказали ужасные истории о разрушенных домах и телах мертвецов повсюду»."
"""Only with great courage. Come. I will show you a vision of your future, and the challenges to come...""",«Только с большой смелостью. Приходите. Я покажу вам видение вашего будущего и грядущие испытания…»
"""Only you know what you need, but you will not find wares like this elsewhere.""","«Только вы знаете, что вам нужно, но такого товара вы не найдёте больше нигде»."
"""Ooh! Egg will feed friends. Make them love me. Yes, yes.""","«Ох! Яйцо накормит друзей. Заставлю их полюбить меня. Да, да»."
"""Ooh! Mama, can I?""","«Ох! Мама, можно мне?»"
"""Ooh, slick shoes!""","«Ох, блестящие туфли!»"
"""Ooh, so threatening. You could cut the invisible tension with an imaginary knife.""","«Ох, так угрожающе. Невидимое напряжение можно разрезать воображаемым ножом»."
"""Ooh, squishy!""","«Ох, хлипкий!»"
"""Ooh, that's hot!""","«Ох, это горячо!»"
"""Ooh, would you look at that?""","— Ох, ты бы посмотрел на это?"
"""Ooh, you crafty! This my shiny! Mine! Stay awaaay!""","""Ох, ты хитрый! Это мой блестящий! Мой! Держись подальше!"""
"""Oola had an enviable talent for booby traps and ranged weaponry. I've given my golem a powerful shield to counter her security measures. Unfortunately, the power required leaves little for other functionality.""","«Ула обладала завидным талантом к использованию мин-ловушек и дальнобойного оружия. Я дал своему голему мощный щит, чтобы противостоять её мерам безопасности. К сожалению, требуемая мощность мало что оставляет для других функций»."
"""Oola was a genius in her time. Truth be told, she would be a genius in anyone's time! The things I could learn from her.""","«Ула была гением в свое время. По правде говоря, она была бы гением в любое время! Вот чему я мог бы у неё научиться»."
"""Ooo, hooo hooo! Funny word! Flangees! Hoo hoo hoo! Flangees! Flangees! Flangees! Funny! Flangees!""","«О-о-о, ого-го! Забавное слово! Фланжи! У-у-у-у! Фланжи! Фланжи! Фланжи! Смешно! Фланжи!»"
"""OooOOoOoo! Undead, noooo!""","«О-о-о-о-о-о-о-о! Нежить, не-е-ет!»"
"""Oooh, shiny! Maybe the skritt have the right idea.""","«О-о-о, блестящий! Возможно, у скриттов есть правильная идея»."
"""Ooowch, it hurts!""","«Оу-у-у, это больно!»"
"""Oops! That's not right. You were pretty close, though. Next question! What asuran college is Zojja part of?""",«Упс! Это неправильно. Хотя вы были довольно близки. Следующий вопрос! В каком асуранском колледже состоит Зоджа?»
"""Oops, sorry.""","«Ой, извини»."
"""Oops, that one got away from me. Quick, catch it!""","«Ой, этот ускользнул от меня. Быстро, поймай его!»"
"""Ooze Farmer, Under 3""","«Слизняк-фермер, до 3 лет»"
"""Ooze metachromatology could have myriad potential applications. It could lead to scientific breakthroughs in who knows what. Plus, I'll be famous if I can crack this formula.""","«Метахроматология слизи может иметь множество потенциальных применений. Она может привести к научным прорывам неизвестно в чем. Плюс, я прославлюсь, если смогу взломать эту формулу»."
"""Oozes are peculiar organisms. After years of testing, we are only now approaching a thorough understanding of their composition and properties.""",«Тины — своеобразные организмы. После многих лет испытаний мы только сейчас приближаемся к полному пониманию их состава и свойств».
"""Open all the vigilance, valor, and resilience essence chests in East Bjora Marches.""","«Откройте все сундуки с эссенциями бдительности, доблести и стойкости в Восточных Марках Бьоры»."
"""Open the Mists around you to fire multiple projectiles at your enemy, with a chance to inflict conditions based on your current legend.""","«Откройте Туманы вокруг себя, чтобы выстрелить в врага несколькими снарядами и получить возможность создать условия, основанные на вашей текущей легенде»."
"""Open the Recollector valve a moderate amount, ejecting emotions outward to distract nearby demons.""","«Откройте клапан Воспоминателя на умеренную величину, выплеснув эмоции наружу и отвлекая ближайших демонов»."
"""Open the Recollector valve a small amount, releasing some emotional essence to attract nearby demons.""","«Откройте клапан Воспоминателя, выпустив немного эмоциональной сущности, чтобы привлечь ближайших демонов»."
"""Open the Recollector valve all the way to blast a cacophony of emotions at nearby demons, knocking them down and causing psychic damage.""","«Откройте клапан Воспоминателя до упора, чтобы обрушить какофонию эмоций на ближайших демонов, сбивая их с ног и нанося психический урон»."
"""Open these paper boxes to receive a flavorful fortune. You will also get 10 minutes of a random boost—Speed, Experience, Karma or Magic Find—with each fortune you open. Collect one to four fortune scraps per box for prizes, or a rare """"golden fortune"""" for an immediate prize.""","«Откройте эти бумажные коробки, чтобы получить вкусное состояние. Вы также получите 10 минут случайного повышения скорости, опыта, кармы или магического поиска — с каждым открытым состоянием. Соберите от одного до четырех обрывков состояния в каждой коробке для призов или редкое «золотое состояние» для немедленного приза»."
"""Open to choose a unique, exotic-quality piece of Sunspear armor.""",«Вы можете выбрать уникальный доспех Солнечного Копья экзотического качества».
"""Open your Pet Management panel to equip different pets, rename them, and view their statistics.""","«Откройте панель управления домашними животными, чтобы экипировать разных питомцев, переименовывать их и просматривать их статистику»."
"""Open-world mission in which participants are transformed and required to pass through a series of markers before reaching a finish line, all within a time limit.""","«Миссия в открытом мире, в которой участники трансформируются и должны пройти через ряд маркеров, прежде чем достичь финишной черты, и все это в течение ограниченного времени»."
"""Open-world mission. Members are transformed and required to pass through a series of markers before reaching a finish line, all within a time limit. To complete the mission early, talk to the Guild Initiative Representative that appears at the end of the Rush once 15 people have crossed the finish line.""","«Миссия в открытом мире. Участники трансформируются и должны пройти через ряд маркеров, прежде чем достигнуть финишной черты, и все это в течение ограниченного времени. Чтобы завершить миссию раньше, поговорите с представителем Инициативы Гильдии, который появится в конце Раша, как только 15 человек пересекут финишную черту»."
"""Open-world mission. Members work together to find several specific locations across Tyria within a time limit. To earn personal rewards, players must stand close to at least one trek icon when a guild member interacts with it.""","«Миссия в открытом мире. Участники работают вместе, чтобы найти несколько определенных мест по всей Тирии за отведенное время. Чтобы получить личные награды, игроки должны стоять рядом хотя бы с одним значком путешествия, когда член гильдии взаимодействует с ним»."
"""Opening [the] %str1% reveals [an] %str2%, which your party reserves for %str3%.""","«Открыв %str1%, вы обнаружите %str2%, который ваша группа зарезервировала для %str3%»."
"""Opening [the] %str1% reveals a rare %str2%, which your party reserves for %str3%.""","«Открыв %str1%, вы обнаружите редкий %str2%, который ваша группа резервирует для %str3%»."
"""Opening a thousand bags and expecting different contents may be madness, but after all, this is a realm of chaos.""","«Открывать тысячу сумок и ожидать разного содержимого может быть безумием, но в конце концов, это царство хаоса»."
"""Opening an instance for your squad requires an unstable rift motivation, which can be obtained from tier 2 and tier 3 rifts.""","«Для открытия подземелья для вашего отряда требуется нестабильная мотивация разлома, которую можно получить из разломов 2 и 3 уровня»."
"""Optional announcements no longer show up, but still remain in chat if appropriate.""","«Необязательные объявления больше не отображаются, но при необходимости остаются в чате»."
"""Optional: Catch up with Braham, Logan, and Taimi.""","«Необязательно: догоните Брэхама, Логана и Тайми»."
"""Optional: Talk to Priory Magister Penelope, and attack the base together.""",«Необязательно: поговорите с магистром Приората Пенелопой и вместе нападите на базу».
"""Or be eaten first, if you're lucky. No, you need to follow the river, that way you always know which way you're headed.""","«Или, если повезет, тебя съедят первым. Нет, тебе нужно следовать за рекой, чтобы всегда знать, в какую сторону направляешься»."
"""Or dragons! You should hear how ridiculous you sound. Get back to work already, will you?""","«Или драконы! Ты бы слышал, как смешно ты говоришь. Возвращайся уже к работе, ладно?»"
"""Or we could sneak in and steal it. By the time the dredge build another one, we'll have a response prepared.""","«Или мы могли бы прокрасться и украсть его. К тому времени, когда драга построит ещё один, мы уже подготовим ответ»."
"""Or, you know, a long break.""","«Или, ну, вы знаете, длительный перерыв»."
"""Order a mummy to attack from a distance. Light damage, slows. (Hold to send multiple mummies.)""","«Прикажите мумии атаковать на расстоянии. Лёгкий урон, замедление. (Удерживайте, чтобы отправить несколько мумий.)»"
"""Order a mummy to attack the target from a distance, slowing them.""","«Прикажите мумии атаковать цель на расстоянии, замедляя её»."
"""Order your defending mummy to blow itself up in a blast of necromantic energy, dealing heavy damage to nearby foes.""","«Прикажите своей защищающейся мумии взорвать себя взрывом некромантской энергии, нанеся тяжёлый урон противникам поблизости»."
"""Order your defending mummy to blow itself up in a blast of necromantic energy, taking out nearby foes.""","«Прикажите своей защищающейся мумии взорвать себя взрывом некромантской энергии, уничтожив ближайших противников»."
"""Order your pet to heel, use special abilities, and attack your target by using the pet controls [lbracket]%str1%[rbracket].""","«Прикажите своему питомцу следовать за ним, используйте специальные способности и атакуйте цель, используя элементы управления питомцем [lbracket]%str1%[rbracket]»."
"""Organize tools, disarm skritt-made traps, stop skritt ambushes, kill vermin, and protect miners and cargo from hostiles.""","«Собирайте инструменты, обезвреживайте ловушки, сделанные скриттами, останавливайте засады скриттов, убивайте паразитов и защищайте шахтеров и груз от врагов»."
"""Original site of Lion's Arch Keep. Here in 1079 AE, the White Mantle was defeated by Queen Salma of Kryta and her Shining Blade, at the Battle of Lion's Arch.""","«Первоначальное место крепости Львиной Арки. Здесь, в 1079 году AE, White Mantle была побеждена королевой Крайты Сальмой и её Сияющим клинком в битве у Львиной Арки»."
"""Original site of the Lion's Court statue and fountain, destroyed by the forces of Scarlet Briar in 1327 AE.""","«Первоначальное место статуи и фонтана Львиного Двора, разрушенное силами Алого Вереска в 1327 ПИ»."
"""Originally a soldier of the Iron Legion, Tybalt left the legions in disgrace after an explosion wiped out his warband and mangled his right hand, giving him his nickname. Tybalt later joined the Order of Whispers, where he performed clerical duties for six years and designed the security system for the Chantry of Secrets.  After discovering a Risen creature in Lion's Arch, Tybalt and his ally traveled to Claw Island to warn Watch Commander Talon of the impending attack. Unfortunately, they were too late, and Tybalt sacrificed himself so that Trahearne and the injured Lionguard could make it to safety.""","«Первоначально солдат Железного легиона, Тибальт покинул легионы с позором после того, как взрыв уничтожил его отряд и искалечил его правую руку, дав ему свое прозвище. Позже Тибальт присоединился к Ордену Шепота, где в течение шести лет выполнял канцелярские обязанности и разработал систему безопасности для Часовни Тайн. Обнаружив воскресшее существо в Львиной Арке, Тибальт и его союзник отправились на Claw Island, чтобы предупредить командира Караула Талона о предстоящая атака. К сожалению, они опоздали, и Тибальт пожертвовал собой, чтобы Трахёрн и раненый Львиный Страж смогли добраться до безопасного места»."
"""Originally given as gifts by the naga, these tridents represented peace and solidarity, as the three prongs become one shaft. They were thought to all have been destroyed when the Ministry of Purity came to power.""","«Изначально эти трезубцы, подаренные нагами, символизировали мир и солидарность, поскольку три зубца стали одним древком. Считалось, что все они были уничтожены, когда к власти пришло Ministry of Purity»."
"""Ornithologist's Log—Day 44, 1322. I've spent an hour clinging to these walls. The vertigo makes it feel like I've been pitched into the abyss. Once I catch my breath, I'll proceed.""","«Журнал орнитолога — день 44, 1322. Я провел час, цепляясь за эти стены. Головокружение вызывает такое чувство, будто меня бросили в пропасть. Как только я отдышаюсь, я продолжу»."
"""Ornithologist's Log—Day 44, 1322. If I had my equipment, this ascent would be much easier, but I was forced to sell everything to bribe the bandits of Dry Top to let me pass.""","«Журнал орнитолога — день 44, 1322 год. Если бы у меня было мое снаряжение, восхождение было бы гораздо проще, но мне пришлось продать все, чтобы подкупить бандитов Сухой Вершины, чтобы они пропустили меня»."
"""Ornithologist's Log—Day 45, 1322. It's here! I heard it cry! I must proceed onward. I can just picture Malveaux's face when I show him the hawkeye feathers I've found.""","«Журнал орнитолога — день 45, 1322. Он здесь! Я слышал, как он плакал! Мне пора идти дальше. Я прямо представляю себе лицо Мальво, когда покажу ему перья соколиного глаза, которые я нашёл»."
"""Ornithologist's Log—Day 45, 1322. The vertigo was worse than expected. Spent the night lashed to the side of this cliff, trembling every time I felt the wind blow across the rocks.""","«Журнал орнитолога — день 45, 1322. Головокружение было хуже, чем ожидалось. Ночь провел, привязанный к краю скалы, дрожа каждый раз, когда чувствовал, как ветер дует по камням»."
"""Ornithologist's Log—Day 46, 1322. I found the nest! No sign of the hawkeye yet. It mocks me, just as those fools back in Lornar's Pass mocked me. I will prove them wrong. All of them.""","«Журнал орнитолога — день 46, 1322. Я нашёл гнездо! Соколиного глаза пока не видно. Он издевается надо мной, так же, как те дураки из Перевала Лорнара издевались надо мной. Я докажу, что они ошибаются. Все они»."
"""Ornithologist's Log—Day 54, 1322. After much observation with no sightings, I've moved into the cave. I studied what I can of the nest and surroundings. There's no doubt that the creature existed.""","«Журнал орнитолога — день 54, 1322. После долгих наблюдений, но ничего не замеченного, я переехал в пещеру. Я изучил все, что мог, о гнезде и окрестностях. Нет никаких сомнений в том, что существо существовало»."
"""Ornithologist's Log—Day 68, 1322. Hawkeyes continue elude me. I fer I made a terrible error in my calculashins. Last night I dreemd the beasst apeared to me. I have givn eveything.""","«Журнал орнитолога — день 68, 1322. Соколиные глаза продолжают ускользать от меня. Кажется, я допустил ужасную ошибку в своих расчётах. Прошлой ночью мне приснилось, что зверь явился мне. Я дал все»."
"""Ornithologist's Log—Day 72, 1322. I hav made myslf a pair of wings. I cn us them to fly awy from ths playse. But I'm fraid. What if it retrns?""","«Журнал орнитолога — день 72, 1322. Я сделал себе пару крыльев. Я могу улететь с ними от этой пьесы. Но я боюсь. Что, если оно вернется?»"
"""Ornithologist's Log—Day 76, 1322. The days gro longr. Food ran out weks ago. Dran th las watr tis moning. Lips dry, craked, like th walls aroud me. They're closng in. Will shw them. Show thm all...""","«Журнал орнитолога — день 76, 1322. Дни стали длиннее. Еда закончилась несколько недель назад."
"""Orr has had all hope stripped from it. To confront the dragon you must first overcome your greatest fear, lest you be consumed by it. Tell me, what do you fear, %str1%?""","""Орр лишился всякой надежды. Чтобы противостоять дракону, ты должен сначала преодолеть свой самый большой страх, чтобы он не поглотил тебя. Скажи мне, чего ты боишься, %str1%?"""
"""Orr is a dark and foul place. Even though I have been here, in truth this vision is unsettling.""","«Орр — тёмное и грязное место. Хоть я и бывал здесь, по правде говоря, это видение тревожит»."
"""Orr was once the heart of Tyria, so full of life. I was the last of a line of proud rulers. Now, my nation is enslaved.""","«Орр когда-то был сердцем Тирии, полным жизни. Я был последним из рода гордых правителей. Теперь мой народ порабощен»."
"""Orr, right. Well, I guess the bandits aren't that bad.""","— Орр, да. Ну, думаю, бандиты не так уж и плохи."
"""Orrian gulper's an ingredient I swear by. Now fetch it, before I swear at you!""","«Оррианский глотатель — это ингредиент, которым я клянусь. А теперь принеси его, прежде чем я буду ругаться на тебя!»"
"""Osborn, good to see you. You here for the hunt?""","— Осборн, рад тебя видеть. Ты здесь на охоте?"
"""Osprey Pillars: On the southwestern area, in the basaltic pillar underbelly.""","«Скопные столбы: на юго-западе, в подбрюшье базальтового столба»."
"""Ossan Quarter, Divinity's Reach""","«Квартал Оссан, Divinity's Reach»"
"""Other Vanguard soldiers have put down their arms, for the time being, to help the civilians reinforce our position. Slowly, our defenses are taking form.""","«Другие солдаты Авангарда на время сложили оружие, чтобы помочь мирным жителям укрепить нашу позицию. Постепенно наша оборона обретает форму»."
"""Other than the flowing lava and intense heat, this reminds me of the Depths.""","«Если не считать текущей лавы и сильного жара, это напоминает мне Глубины»."
"""Others care about you, Eir.""","«Другие заботятся о тебе, Эйр»."
"""Ottilia? That conversation might require some ale. Ottilia is amazing... She's beautiful, and...not interested. But she helped me work through some angst about my family. My mom. I owe her.""",«Оттилия? Для этого разговора может потребоваться немного эля. Оттилия потрясающая… Она красивая и… неинтересная. Но она помогла мне справиться с некоторой тревогой по поводу моей семьи. Моя мама. Я в долгу перед ней».
"""Ouch! (chuckle) No nibbling, now.""",«Ой! (смех) Теперь никаких кусков».
"""Our Voice is optimistic that we will have an opportunity to find new allies against Jormag. I am less certain, but the Voice has never steered us wrong.""","«Наш Голос с оптимизмом смотрит на то, что у нас будет возможность найти новых союзников против Йормага. Я менее уверен, но Голос никогда не направлял нас неправильно»."
"""Our anti-addiction system discourages excessive play by minors. After 3 hours of play, your rewards are reduced by half; after 5 hours, they are removed completely. You will need to take a break for a full 5 hours before your rewards are reset to their normal rates.""","«Наша система борьбы с зависимостью не поощряет чрезмерную игру со стороны несовершеннолетних. После 3 часов игры ваши награды уменьшаются вдвое; через 5 часов они удаляются полностью. Вам нужно будет сделать перерыв на полные 5 часов, прежде чем ваши награды будут сброшены до нормального уровня»."
"""Our beetle patrols safeguard the village. Morale is high and industry has returned, all thanks to good people like you.""","«Наши патрули жуков охраняют деревню. Боевой дух высок, а промышленность вернулась, и все это благодаря таким хорошим людям, как вы»."
"""Our caravan! I was taking merchants south to sell wares. Knew it was dangerous, but they paid up front.""","«Наш караван! Я вез купцов на юг продавать товары. Знал, что это опасно, но они заплатили вперёд»."
"""Our choices are victory or death, and you're worried about appearances?""","«Наш выбор — победа или смерть, а тебя беспокоит внешний вид?»"
"""Our contest isn't over. Welcome that hollow-legged hellion, Grana Guzzlemaw!""","«Наше состязание ещё не окончено. Добро пожаловать, этот пустоногий чертов Грана Обжора!»"
"""Our dead will thank you for it when they're Awakened—less stiffness, better complexion, fewer vermin...""","«Наши мертвецы скажут вам спасибо, когда пробудятся — меньше скованности, лучший цвет лица, меньше паразитов…»"
"""Our destination is the order's headquarters, but first we have to leave the city. That means we gotta cross the bridge and the plaza, and get to the docks.""","«Наша цель — штаб-квартира ордена, но сначала нам нужно покинуть город. Это означает, что нам нужно пересечь мост и площадь и добраться до доков»."
"""Our duty is to protect all the races of Tyria. But at the same time, we're trying to get them to join the fight.""",«Наш долг — защитить все расы Тирии. Но в то же время мы пытаемся привлечь их к борьбе».
"""Our duty is to the settlers of this camp. If we leave them and fail, they won't have a chance.""","«Наш долг перед поселенцами этого лагеря. Если мы оставим их и потерпим неудачу, у них не будет шанса»."
"""Our enemy has competition here, from aggressive, territorial insects that the local Nuhoch call chak. Before we can blast our way deeper into Maguuma, we need to find every ally we can and learn everything there is to know about these chak and their domain.""","«У нашего врага здесь есть конкуренты: агрессивные территориальные насекомые, которых местные жители Нухоча называют чак. Прежде чем мы сможем прорваться глубже в Магууму, нам нужно найти всех возможных союзников и узнать все, что нужно знать об этих чак и их владениях»."
"""Our fears were realized: Lion's Arch came under siege. Aetherblade airships swept in and opened fire without warning. Chaos provided the perfect cover for Scarlet's forces to move in for the kill. We rushed into the city to give aid as best we could, but the enemy had overwhelmed and routed the Lionguard amid a growing miasma of toxic gas. We did our best to push back against our foes and evacuate the citizens, but the loss of life was severe. I've never seen such ruin in Lion's Arch; not since Zhaitan's assault on Claw Island. I took a moment between escort groups to peer over to the harbor, where a massive drill had lowered from Scarlet's flying fortress, pushing deep into the bedrock below.""","«Наши опасения оправдались: Lion's Arch оказалась в осаде. Дирижабли Этерклинков ворвались и открыли огонь без предупреждения. Хаос обеспечил идеальное прикрытие для сил Скарлет, чтобы двинуться для убийства. Мы бросились в город, чтобы оказать помощь, как могли, но враг сокрушил и разгромил Львиную Стражу среди растущих миазмов токсичного газа. Мы сделали все возможное, чтобы дать отпор нашим врагам и эвакуировать граждан, но потери Жизнь была суровой, я никогда не видел таких разрушений в Львиной Арке; ни разу со времен нападения Зайтана на Claw Island, я нашёл время между группами эскорта, чтобы заглянуть в гавань, где из летающей крепости Скарлет опустился огромный бур, глубоко врезавшись в скалу внизу»."
"""Our fellow exalted inside can shield the central plaza, but not for long.""","«Наши возвышенные внутри люди могут защитить центральную площадь, но ненадолго»."
"""Our fishing nets are in disrepair. If you wish to help, you'll find what you need on the upper platform. Dive off, and you will find the nets easy enough.""","«Наши рыболовные сети в плохом состоянии. Если вы хотите помочь, вы найдёте все, что вам нужно, на верхней платформе. Ныряйте, и вы легко найдёте сети»."
"""Our food comes from the land, but the land requires sweat and toil. Nothing in life is free.""","«Наша пища исходит от земли, но земля требует пота и труда. Ничто в жизни не является бесплатным»."
"""Our forged papers got us past Rakt of the Arcane Eye just long enough to verify that Professor Gorr isn't dead: there was a body at the scene, but it was not Gorr's. After Rakt grew suspicious and ran us off, we agreed to share what we've learned with Zojja and the other order reps before I decide on our next step.""","«Наши поддельные документы позволили нам пройти мимо Ракта Чародейского Глаза ровно на время, достаточное для того, чтобы убедиться, что Professor Gorr жив: на месте происшествия было тело, но оно принадлежало не Горру. После того, как Ракт заподозрил подозрение и сбежал от нас, мы согласились поделиться тем, что мы узнали, с Зоджей и другими представителями ордена, прежде чем я приму решение о нашем следующем шаге»."
"""Our god is here, with us. Where is yours?""","«Наш бог здесь, с нами. Где твой?»"
"""Our golem is without peer. Still, it would be stronger if they just followed my suggestions.""","«Нашему голему нет равных. И все же, было бы сильнее, если бы они просто последовали моим советам»."
"""Our golems, in the hands of the Inquest? I don't care what it costs. Get them back!""","«Наши големы в руках Дознания? Меня не волнует, сколько это будет стоить. Верните их!»"
"""Our invasion force could use your help across the Strait, in Orr. We'll continue providing cover here.""","«Нашим силам вторжения могла бы пригодиться ваша помощь через пролив, в Орре. Мы продолжим обеспечивать здесь прикрытие»."
"""Our krewe inside the Anthill needs assistance educating skritt about the dangers of Thaumanova's chaotic material. Then there's the Luminates pest problem—insects, Inquest, and elementals. Squash a few of those, and you'll increase our productivity by as much as thirty-five percent.""","«Нашему креве в Муравейнике нужна помощь, чтобы рассказать скриттам об опасностях хаотического материала Таумановы. Ещё есть проблема с вредителями Люминатов — насекомые, Инквест и элементали. Раздавите несколько из них, и вы увеличите нашу производительность на целых тридцать пять процентов»."
"""Our last ambush went well, but this is no time to rest on our laurels. Tonight, we'll discuss our next phase of the attack. Be on time for once.""","«Наша последняя засада прошла хорошо, но сейчас не время почивать на лаврах. Сегодня вечером мы обсудим следующий этап атаки. Хоть раз приходите вовремя»."
"""Our lives pass quickly, and though the Eternal Alchemy can wait for more peaceful times, we cannot.""","«Наша жизнь проходит быстро, и хотя Вечная Алхимия может подождать более мирных времен, мы не можем»."
"""Our logical probability of success is improving, %str1%. Step by step, we're achieving victory—but you must be sure we do not fall short when the end is near.""","«Наша логическая вероятность успеха увеличивается, %str1%. Шаг за шагом мы достигаем победы, но вы должны быть уверены, что мы не проиграем, когда конец близок»."
"""Our losses have been great, but now, we've all been forged in the crucible of battle. We are united under a singular purpose.""","«Наши потери были велики, но теперь мы все закалены в горниле битвы. Мы объединены одной целью»."
"""Our main focus is preparing our golem, the RCK-7550, for the golem battle at Battleground Plaza. We've developed a process to siphon energy from the earth and use it to augment our golem. It produces great results.""","«Наша первоочередная задача — подготовить нашего голема, RCK-7550, к битве големов на площади Battleground. Мы разработали процесс выкачивания энергии из земли и использования её для усиления нашего голема. Это даёт потрясающие результаты»."
"""Our makeshift refuge may rest on the edge of unrelenting danger, but with your aid we've made a comfortable home here. Thankful, I am, for your help. We are one step closer to returning to the den victorious, and that is because of you, Wayfinder.""","«Наше временное убежище может находиться на грани неослабевающей опасности, но с вашей помощью мы создали здесь комфортный дом. Я благодарен за вашу помощь. Мы на один шаг ближе к возвращению в логово победителями, и это благодаря вам, Путеводитель»."
"""Our mission is to rescue as many slaves as possible, though a sylvari prisoner named Hywel is top priority. He's a warden of exceptional skill.""","«Наша миссия — спасти как можно больше рабов, но главным приоритетом является узник сильвари по имени Хивел. Он надзиратель исключительного мастерства»."
"""Our new hylek allies put us on the trail of Braham and Rytlock, who had scouted ahead for signs of Destiny's Edge and Trahearne. I also learned to use the enhanced jumping ability provided by certain local mushrooms, which makes maneuvering through the jungle faster and more efficient. We'll catch up to Braham and Rytlock shortly; I just hope they've learned something we can use.""","«Наши новые союзники-хилеки вывели нас на след Брэхама и Ритлока, которые искали впереди признаки Destiny's Edge и Trahearne. Я также научился использовать улучшенную прыгучесть, обеспечиваемую некоторыми местными грибами, что делает маневрирование в джунглях быстрее и эффективнее. Вскоре мы догоним Брэхама и Ритлока; я просто надеюсь, что они узнали что-то, что мы можем использовать»."
"""Our next target. Pick up the pace, people! We've got a party to crash.""","«Наша следующая цель. Ускорьте темп, ребята! Нам предстоит устроить вечеринку»."
"""Our numbers have dwindled so, over the years.""",«Наша численность с годами сильно сократилась».
"""Our operation succeeded, Preceptor. Demmi is safe, and soon we'll have enough information on Caudecus to keep him under wraps for good.""","«Наша операция увенчалась успехом, наставник. Демми в безопасности, и скоро у нас будет достаточно информации о Каудекусе, чтобы навсегда держать его в тайне»."
"""Our orders haven't changed: hold this fort at all costs. We lost the fleet, but we're not losing the Silverwastes.""","«Наши приказы не изменились: удерживать этот форт любой ценой. Мы потеряли флот, но не теряем Серебряные пустоши»."
"""Our original mission was to recover Krytan antiquites from the drowned ruins in the harbor, but the wreckage left behind by Scarlet Briar also presents a unique research opportunity.""","«Наша первоначальная миссия заключалась в извлечении крайтанских древностей из затонувших руин в гавани, но обломки, оставленные Scarlet Briar, также предоставляют уникальную возможность для исследований»."
"""Our owner is sponsoring a periodic competition to raise spirits and honor new visitors to Amnoon like yourself. During a blitz, casino coins are hidden in hard-to-reach locations throughout the city.""","«Наш владелец спонсирует периодические соревнования, чтобы поднять настроение и почтить память новых посетителей Амнуна, таких как вы. Во время блиц-игры монеты казино прячутся в труднодоступных местах по всему городу»."
"""Our path is clear, but only one twin will be assisting me. The two got in a huge fight, and refused to work together. If all sylvari acted like this, we'd never have built the Grove!""","«Наш путь свободен, но мне будет помогать только один близнец. Они сильно поссорились и отказались работать вместе. Если бы все сильвари действовали так, мы бы никогда не построили Рощу!»"
"""Our paths diverged long ago. I chose the Dream of our people. You, a twisted phantasm.""","«Наши пути давно разошлись. Я выбрал Мечту нашего народа. Ты, извращенный призрак»."
"""Our people in the Vanguard will keep this place a secret, one way or another. We also have a secondary entrance, for our non-human agents. Keeps things discreet.""",«Наши люди в Авангарде так или иначе будут держать это место в секрете. У нас также есть дополнительный вход для наших нечеловеческих агентов. Сохраняет все в тайне».
"""Our progress through this godsforsaken land has come at a terrible price, but at last, we're in position to advance upon Arah. Welcome to the Pact's camp at Shank Anchorage, such as it is. I won't miss it when I'm gone.""","«За наше продвижение по этой богом забытой земле пришлось заплатить ужасную цену, но, наконец, мы в состоянии наступить на Ару. Добро пожаловать в лагерь Пакта в Шанк-Анкоридже, каким бы он ни был. Я не буду скучать по нему, когда уйду»."
"""Our rifle is light, adjustable, and versatile. It is ideal for rapid responses.""","«Наша винтовка лёгкая, регулируемая и универсальная. Она идеально подходит для быстрого реагирования»."
"""Our scouts told us an artist took a keen interest in this area. What with all the trouble in these parts, it might be a good idea to check on him.""","«Наши разведчики сказали нам, что один художник проявляет большой интерес к этой местности. Несмотря на все проблемы в этих краях, возможно, было бы неплохо его проверить»."
"""Our second contender: small but fierce, watch out for Kiplr the Tippler!""","«Наш второй соперник: маленький, но свирепый, берегитесь Киплра-Напивателя!»"
"""Our ship is under assault by the servants of Jormag. The Voice, our spiritual ruler, is going mad. We must save her.""","«Наш корабль атакован слугами Йормага. Голос, наш духовный правитель, сходит с ума. Мы должны спасти её»."
"""Our tribe's shaman is attempting to cleanse the oasis as we speak. If you are swift, there may still be time for you to aid her.""","«Пока мы говорим, шаман нашего племени пытается очистить оазис. Если ты будешь быстр, возможно, у тебя ещё найдётся время помочь ей»."
"""Our village, Lapatl Grounds, is just south of here. We're fighting to keep the undead from taking it. They came up from the deep to lay siege to our grounds.""","«Наша деревня, Земли Лапатла, находится к югу отсюда. Мы сражаемся, чтобы не дать нежити захватить её. Они пришли из глубин, чтобы осадить наши земли»."
"""Our water supply's running low. We need to collect the water our extractors gathered, but choya are out there chewing on the pumps, and fanged ibogas killed two of our workers.""","«У нас заканчивается запас воды. Нам нужно собрать воду, которую собрали наши экстракторы, но там чоя грызет насосы, а клыкастые ибоги убили двоих наших рабочих»."
"""Our young beetles give me some hope, at least.""","«Наши молодые жуки, по крайней мере, дают мне некоторую надежду»."
"""Out here, hordes of Branded have overrun the barbican. The tribune's got some ideas about that.""",«Здесь орды Клейменных наводнили барбакан. У трибуна есть кое-какие идеи на этот счёт».
"""Out of concern for the morale of your fellow citizens, refrain from recollections of life before and outside Rata Novus.""",«Из заботы о моральном духе своих сограждан воздержитесь от воспоминаний о жизни до и за пределами Rata Novus».
"""Out of my way, peasant.""","— С дороги, крестьянин."
"""Out of sight and out of mind, beneath the Inquest Command Complex.""","«С глаз долой и из памяти, под командным комплексом дознания»."
"""Out of the frying pan, into the volcano.""",«Из сковородки в вулкан».
"""Outlander, the village needs new livestock. Help me wrangle these marmoxes!""","«Чужестранка, деревне нужен новый скот. Помогите мне разобраться с этими мармоксами!»"
"""Outlasting its keepers, the orchard reclaims the barrens.""","«Пережив своих хранителей, сад восстанавливает пустоши»."
"""Outside our main outpost there have been sightings of strange creatures not of this land. Please hunt them down for us if you're able. Concerning, they are.""","«За пределами нашего главного аванпоста были замечены странные существа не из этой земли. Пожалуйста, выследите их для нас, если сможете. Что касается, они есть»."
"""Outside reality, you can see the truth that no one else can see.""","«За пределами реальности вы можете увидеть правду, которую не может увидеть никто другой»."
"""Outsider, welcome to Skrittsburgh Center. Explore, see our city. Do not cause harm, harm won't come to you.""","«Посторонний, добро пожаловать в Скриттсбург-центр. Исследуйте, посмотрите наш город. Не причиняйте вреда, вред не причинит вам вреда»."
"""Outstanding aquatic adventuring. I don't know how you do it. I have a hard enough time in the bathtub. Anyway, the fractal's stable. Time to depart.""","«Выдающееся водное приключение. Не знаю, как ты это делаешь. Мне и так тяжёло в ванне. В любом случае, фрактал стабилен. Пора отправляться»."
"""Outstanding. This warband is tail-clear, soldiers. Fall in. We're heading back to the citadel for a hot meal.""","«Отлично. Этот отряд чист, солдаты. Приходите. Мы возвращаемся в цитадель на горячую еду»."
"""Over by the southwest exit, we have Efo. He's looking for a volunteer to escort one of our novices, Woopa, around to various field sites.""","«У юго-западного выхода у нас есть Эфо. Он ищет добровольца, который будет сопровождать одного из наших новичков, Вупу, на различные полевые объекты»."
"""Over here, soldier! I've got new orders for you.""","«Сюда, солдат! У меня для тебя новые приказы»."
"""Over here, soldier!""","«Сюда, солдат!»"
"""Over in Bouldermouth Vale, Herder Lyot's been having trouble maintaining her dolyak ranch. A group of local ice wurms developed a taste for her dolyaks, and Lyot's caught between fending off the wurms and tending to her animals. If you have time, stop by and lend her a hand.""","«В долине Боулдермут у Гердер Лиот возникли проблемы с содержанием её ранчо с дольяками. Группа местных ледяных червей пристрастилась к её доликам, и Лиот оказывается между защитой от червей и уходом за животными. Если у вас есть время, зайдите и помогите ей»."
"""Over time, the human settlements grew and spread. Simultaneously, centaur tribes began to organize their efforts to hold and retake their lands.""",«Со временем населенные пункты росли и распространялись. Одновременно племена кентавров начали организовывать свои усилия по удержанию и возвращению своих земель».
"""Over two centuries ago, this massive iron cauldron was used by the charr to ignite the Searing—a destructive wave that decimated their human foe. Though cold and silent, the relic's power still abides.""","«Более двух столетий назад этот массивный железный котел использовался чаррами, чтобы зажечь Опаление — разрушительную волну, которая уничтожила их человеческого врага. Хотя он холоден и бесшумен, сила реликвии все ещё сохраняется»."
"""Over two hundred years ago, we took our land back.""",«Более двухсот лет назад мы вернули себе нашу землю».
"""Overcharge your flame turret, releasing a smoke screen that blinds nearby foes.""","«Перезарядите свою огненную турель, создав дымовую завесу, которая ослепляет ближайших противников»."
"""Overcharge your flamethrower with a fuel injection, releasing a burst of flames around you as you grant yourself boons.""","«Перезарядите свой огнемет с помощью впрыска топлива, выпустив вокруг себя вспышку пламени и даруя себе дары»."
"""Overlake Haven is a defensible location. By using the ritual in their magical tome, you can hold back the undead. Meet Iowerth at the haven, and see what the Durmand Priory can bring to the fight.""","«Оверлейк-Хейвен — это защищенное место. Используя ритуал из их магического тома, вы можете сдержать нежить. Встретьтесь с Айовертом в убежище и посмотрите, что Приорат Дурманда может принести в бой»."
"""Overlake Haven was saved, but I saw a strange and terrible creature among the undead. No one there had ever seen anything like it. I wonder what that portends?""","«Оверлейк-Хейвен удалось спасти, но я увидел среди нежити странное и ужасное существо. Никто там никогда не видел ничего подобного. Интересно, что это предвещает?»"
"""Overload the solvent sprayer, detonating it and spraying solvent on all targets in range.""","«Перегрузить распылитель растворителя, взорвать его и распылить растворитель на все цели в радиусе действия»."
"""Overlooking where Eparch's citadel would be, but also hiding from Knaebelag.""","«С видом на то, где будет цитадель Епарха, но также скрываясь от Кнебелага»."
"""Overwhelmed, I am, and thankful for your help. Many tasks to handle, there are, and I only have two paws.""","«Я потрясен и благодарен за вашу помощь. Есть много задач, которые нужно решить, а у меня только две лапы»."
"""Ow! Hey, I'm getting attacked over here!""","«Ой! Эй, на меня здесь напали!»"
"""Ow, my leg.""","«Ой, моя нога»."
"""Oww, my brass...""","«Ой, моя медь…»"
