english,translate
"""Why are you disturbing us here? These poor spirits wander in misery, and you insist on inflicting more pain. I should send you to join them!""","«Почему вы беспокоите нас здесь? Эти несчастные духи бродят в страданиях, а вы настаиваете на том, чтобы причинять ещё больше боли. Я должен послать вас присоединиться к ним!»"
"""Why are you here talking to me? Shouldn't you be out eliminating those destroyers? Sheesh, what do I even pay you for! Oh, wait, I don't... Hmm...""","«Почему ты здесь разговариваешь со мной? Разве тебе не следует заняться уничтожением этих разрушителей? Блин, за что я тебе вообще плачу! Ой, подожди, я не... Хм...»"
"""Why are you here, then?""",— Тогда почему ты здесь?
"""Why do the centaurs keep attacking, anyway?""",«Почему кентавры продолжают нападать?»
"""Why do you keep puttin' those on my equipment? You never, ever let me use 'em.""","«Почему ты продолжаешь вставлять их в мое оборудование? Ты никогда, никогда не позволяешь мне ими пользоваться»."
"""Why do you need me, then?""",— Зачем тогда я тебе нужен?
"""Why don't you use your size to swim away unseen, while I fight them off?""","«Почему бы тебе не использовать свой размер и не уплыть незамеченным, пока я отбиваюсь от них?»"
"""Why have we come here, Eir?""","— Зачем мы пришли сюда, Эйр?"
"""Why have you labeled some bounties as """"legendary""""?""",«Почему вы назвали некоторые награды «легендарными»?»
"""Why is that, you think?""","«Почему это, как вы думаете?»"
"""Why must people always stare? Keep it up, and there will be consequences.""","«Почему люди всегда должны пялиться? Продолжайте в том же духе, и будут последствия»."
"""Why shop for gobblers and exchanges separately when you can access them from a single item? Don't worry, I know the services you're eligible for: I've got connections. Your inventory will thank you.""","«Зачем покупать пожирателей и биржи отдельно, если вы можете получить к ним доступ из одного предмета? Не волнуйтесь, я знаю, на какие услуги вы имеете право: у меня есть связи. Ваш инвентарь будет вам благодарен»."
"""Why stay here, then?""",— Тогда зачем оставаться здесь?
"""Why was it that you were sent out here with the golem, again?""",«Почему тебя снова послали сюда с големом?»
"""Why was your landing so...""""plummety""""?""",«Почему твое приземление было таким... «весным»?»
"""Why won't the trigger fit into the release assembly, here?""",«Почему здесь спусковой крючок не вписывается в спусковой механизм?»
"""Why, I bet you're the smoothest talker on this island! He can't say no!""","«Держу пари, что ты самый приятный собеседник на этом острове! Он не может сказать нет!»"
"""Why, I'm gonna...""","«Почему, я собираюсь...»"
"""Why, hello there. You look like a brawler. Why don't you step up and show off what you can do in an organized fight?""","«Почему, привет. Ты выглядишь как скандалист. Почему бы тебе не подойти и не продемонстрировать, на что ты способен в организованном бою?»"
"""Why, it's the hunting lodge of the great Minister Caudecus Beetlestone, Lord of Beetletun. The hunters you see here all work for Lord Beetlestone, slaughtering countless beasts for his heroic feasts.""","«Да ведь это охотничий домик великого министра Каудека Битлстоуна, лорда Битлетуна. Все охотники, которых вы здесь видите, работают на лорда Битлстоуна, убивая бесчисленное количество зверей для его героических пиров»."
"""Why, thank you! Though I admit, I'm not devoted the way Mepi and Cassie are. It's my job, though, and I don't mind it all that much.""","«Почему, спасибо! Хотя я признаю, что я не предана делу так, как Мепи и Кэсси. Однако это моя работа, и я не особо против этого»."
"""Why, why, why?""","«Почему, почему, почему?»"
"""Why, yes. Are you a Night bloom? I'm nearing my release into the wind. My final project is nearing completion, and then all I have left will be my trials. Then, I'll be fully grown.""","«Почему да. Ты — Ночной цветок? Я приближаюсь к своему освобождению на ветру. Мой последний проект близок к завершению, и тогда все, что мне останется, — это мои испытания. Тогда я вырасту»."
"""Why, you ask? Well, it all goes back to the story of Sneaky Tadpole.""","«Почему, спросите вы? Ну, все это восходит к истории Подлого Головастика»."
"""Wicked, ley-enhanced creatures are roaming the desert. What are you going to do about it?""","«Злые, усиленные лей существа бродят по пустыне. Что ты собираешься с этим делать?»"
"""Will do, thanks!""","«Сделаю, спасибо!»"
"""Will do. Thanks, Logan.""","«Сделаю. Спасибо, Логан»."
"""Will they really be able to filter out the native fauna, Chief?""","«Смогут ли они действительно отфильтровать местную фауну, шеф?»"
"""Will you tell me a little about Riannoc, Mother?""","— Расскажешь мне немного о Рианноке, мама?"
"""Will your mind be able to hold the fullness of eternity, or will it rupture like a clay jar?""","«Сможет ли твой разум вместить полноту вечности или он разорвется, как глиняный кувшин?»"
"""Willbreaker, a sword of illusion.""","«Сокрушитель воли, меч иллюзий»."
"""Win 5 PvP matches within the time limit. If a team loses a match, matches won will decrement by 1.""","«Выиграйте 5 PvP-матчей за отведенное время. Если команда проигрывает матч, количество выигранных матчей уменьшается на 1»."
"""Win some, lose some; win some more.""","«Выиграйте немного, проиграйте немного, выиграйте ещё немного»."
"""Win win win, I did!""","«Выиграл, выиграл, я сделал!»"
"""Wind Force grants stacking increased movement speed and damage. When you use Hawkeye, convert these into a stronger bonus for a duration.""","«Сила ветра даёт суммируемое увеличение скорости передвижения и урона. Когда вы используете Соколиный глаз, преобразуйте их в более сильный бонус на время»."
"""Wind Rider Ledge: High along the wall, southwest of Seething Pillar.""","«Выступ Наездника Ветра: высоко вдоль стены, к юго-западу от Кипящего столба»."
"""Wind Rider Ledge: On the northern side, in a ceiling crevasse.""","«Уступ Ветрокрыла: на северной стороне, в трещине потолка»."
"""Wind and water, guild member. I am pleased to see you again. What do you require?""","«Ветер и вода, член гильдии. Я рад видеть вас снова. Что вам нужно?»"
"""Wind? Ugh, the wind's a terrible thing. I'm a mine overseer. I vastly prefer the earth.""","«Ветер? Ух, ветер – ужасная вещь. Я надзиратель шахты. Я предпочитаю землю»."
"""Winds...? Uh, well, thank you. May the winds lift you...a beer.""","«Ветры?.. Ну, спасибо. Пусть ветры поднимут тебе... пиво»."
"""Wipe out dredge and creatures they disturb, destroy their unrefined ore, and fill in boreholes.""","«Уничтожьте земснаряды и существ, которых они беспокоят, уничтожьте их неочищенную руду и засыпьте скважины»."
"""Wisdom comes with experience, not age.""","«Мудрость приходит с опытом, а не с возрастом»."
"""Wisdom courses in these creatures' veins. Treat them as such, and that respect will be requited.""","«Мудрость течет в жилах этих существ. Относитесь к ним соответственно, и это уважение будет вознаграждено»."
"""Wise move, starting reconstruction of the market. We'll need that to start up commerce.""","«Мудрый шаг — начать реконструкцию рынка. Это понадобится нам, чтобы начать торговлю»."
"""Wish I could oblige you. Unfortunately, you ain't the only one, and the others didn't bother to ask. They just took it—all of it.""","«Хотел бы я оказать вам услугу. К сожалению, вы не единственный, и остальные не удосужились спросить. Они просто забрали это — все»."
"""Wish I could stay to see it, but I have to go.""","«Хотел бы я остаться и посмотреть это, но мне пора идти»."
"""With Caladbolg, sword of the Pale Tree, recovered, it's time to discuss how best to defeat the Orrian lich, Mazdak. Riannoc's spirit will be avenged, and the legend of the first sylvari to meet death will at last know an ending.""","«После возвращения Каладболга, меча Бледного Древа, пришло время обсудить, как лучше всего победить оррианского лича Маздака. Дух Рианнока будет отомщен, и легенда о первом сильвари, встретившем смерть, наконец-то обретет конец»."
"""With Dagda and Lyhr saved, the commander finally finds their footing in this strange side of Tyria.""","«После того, как Дагда и Лир были спасены, командир наконец-то нашёл свое место в этой странной части Тирии»."
"""With Dessa's authorization, gain access to additional daily achievements and special vendors with unique items inside the Mistlock Observatory.""",«С разрешения Дессы получите доступ к дополнительным ежедневным достижениям и специальным торговцам с уникальными предметами в Обсерватории Мистлок».
"""With Eda's husband gone, it's fallen on my shoulders to get the apple harvest in. I can't stand spiders though. Think you can lend a guy a hand?""","«Поскольку мужа Иды больше нет, на мои плечи легла задача собрать урожай яблок. Хотя пауков я терпеть не могу. Думаешь, ты сможешь помочь парню?»"
"""With Eir's help, I put the corrupted wolf Ormi out of his misery and released his troubled spirit. The Sons of Svanir will pay for corrupting one of Wolf's favorites.""",«С помощью Эйр я избавил оскверненного волка Орми от страданий и освободил его беспокойный дух. Сыны Сванира заплатят за развращение одного из любимцев Волка».
"""With Fort Vandal abandoned, we have our ground route into the Silverwastes. We're establishing a forward camp to amass troops and supplies for our airborne assault on Mordremoth.""","«Поскольку форт Вандал заброшен, у нас есть наземный путь в Серебряные пустоши. Мы создаем передовой лагерь для сбора войск и припасов для нашей воздушной атаки на Мордремот»."
"""With Ignaxious defeated, Peitha's forces gain access to Heitor's Gate.""",«После победы над Игнаксиусом силы Пейты получают доступ к Вратам Эйтора».
"""With Ikniu's help, I won the Tournament of the Sun God. The hylek were willing to listen to a tournament champion, and I convinced Chief Quecuan that we must defend the village from the undead, not offer sacrifices to them. High Priestess Ecolotl disagreed and stormed off, but the rest of the hylek joined in our plans to fortify and defend the village.""","«С помощью Икниу я выиграл Турнир Бога Солнца. Хилеки были готовы выслушать чемпиона турнира, и я убедил вождя Кекуана, что мы должны защищать деревню от нежити, а не приносить им жертвы. Верховная жрица Эколотль не согласилась и бросилась прочь, но остальные хилеки присоединились к нашим планам по укреплению и защите деревни»."
"""With Inquest weapons, you dredge will be unstoppable!""",«С оружием дознания вас будет невозможно остановить!»
"""With Li ousted, public controversy rages over whether or not an internal replacement would be just as corrupt.""","«После свержения Ли в обществе разгораются споры о том, будет ли внутренняя замена столь же коррумпированной»."
"""With Minister Caudecus gone from his palatial estate, sinister forces have made themselves at home.""","«После того, как министр Каудекус покинул свое роскошное поместье, зловещие силы обосновались дома»."
"""With Minister Caudecus missing from his palatial estate, sinister forces have made themselves at home.""","«Поскольку министр Кадекус пропал из своего роскошного поместья, зловещие силы обосновались как дома»."
"""With Northwatch activated, the Mordrem will be drawn to attack again. We're doing all we can to prepare. If we stand together with the Exalted, we'll have a chance.""","«После активации Северной стражи Мордремы снова будут привлечены к атаке. Мы делаем все возможное, чтобы подготовиться. Если мы объединимся с Возвышенными, у нас будет шанс»."
"""With Seraph attention on the centaur war, bandits are running amok. The medical supplies Andrew needs were swiped right out from under the nose of the Seraph and carted off to a hideout deep in Bandithaunt caves.""","«Поскольку Серафимы уделяют внимание войне с кентаврами, бандиты выходят из-под контроля. Медицинские принадлежности, необходимые Эндрю, были украдены прямо из-под носа Серафима и увезены в убежище глубоко в пещерах Бандитхаунтов»."
"""With Trahearne's help and guidance from the ghost of the great norn explorer Romke, I recovered a magic map that will allow us to find the Source of Orr. With the map in hand, Trahearne should be able to cast his cleansing ritual and finally complete his Wyld Hunt task of reversing the corruption of Orr done by Zhaitan.""","«С помощью Трэхирна и под руководством призрака великого норна-исследователя Ромке я нашёл волшебную карту, которая позволит нам найти Источник Орра. Имея карту в руках, Трэхирн сможет провести свой очищающий ритуал и, наконец, выполнить свою задачу Дикой Охоты по обращению вспять порчи Орра, нанесенной Зайтаном»."
"""With You, Always""",«С тобой всегда»
"""With Zhaitan's defeat, the Pact is exploring the human City of the Gods to gain more knowledge about the Elder Dragons.""","«После поражения Зайтана Пакт исследует человеческий Город Богов, чтобы получить больше знаний о Старших Драконах»."
"""With a fireplace this size, this common room must have been an excellent place to rest and socialize after a hunt. Judging by the lack of ashes, it hasn't been used in some time.""","«С камином такого размера эта общая комната, должно быть, была отличным местом для отдыха и общения после охоты. Судя по отсутствию пепла, она давно не использовалась»."
"""With a guild team, earn 16,000 PvP rank points within the time limit. Guild mission progress is not earned during custom arena games, nor will it be earned if the game was entered before the mission began.""","«Собрав команду гильдии, заработайте 16 000 очков PvP-ранга за отведенное время. Прогресс миссии гильдии не засчитывается во время пользовательских игр на арене и не засчитывается, если в игру вошёл до начала миссии»."
"""With a guild team, earn 4,000 PvP rank points within the time limit. Guild mission progress is not earned during custom arena games, nor will it be earned if the game was entered before the mission began.""","«Собрав команду гильдии, заработайте 4000 очков PvP-ранга за отведенное время. Прогресс миссии гильдии не засчитывается во время пользовательских игр на арене и не засчитывается, если в игру вошёл до начала миссии»."
"""With a guild team, earn 8,000 PvP rank points within the time limit. Guild mission progress is not earned during custom arena games, nor will it be earned if the game was entered before the mission began.""","«В составе команды гильдии заработайте 8000 очков PvP-ранга за отведенное время. Прогресс миссии гильдии не засчитывается во время пользовательских игр на арене и не засчитывается, если в игру вошёл до начала миссии»."
"""With a guild team, summon 18 Mist Champions within the time limit. As long as you are playing as a guild team, all members on your team will increase your mission progress for this mission. Guild mission progress will not be earned during custom arena games, nor will it be earned if the game was entered before starting the mission.""","«С помощью команды гильдии вызовите 18 Чемпионов Тумана в течение отведенного времени. Пока вы играете в команде гильдии, все члены вашей команды будут увеличивать ваш прогресс в этой миссии. Прогресс миссии гильдии не будет заработан во время пользовательских игр на арене, а также не будет заработан, если вы вошли в игру до начала миссии»."
"""With a guild team, summon 2 Mist Champions within the time limit. As long as you are playing as a guild team, all members on your team will increase your mission progress for this mission. Guild mission progress will not be earned during custom arena games, nor will it be earned if the game was entered before starting the mission.""","«С помощью команды гильдии вызовите 2 чемпионов Тумана в течение отведенного времени. Пока вы играете за команду гильдии, все члены вашей команды будут увеличивать ваш прогресс в этой миссии. Прогресс миссии гильдии не будет заработан во время пользовательских игр на арене, а также не будет заработан, если вы вошли в игру до начала миссии»."
"""With a guild team, summon 8 Mist Champions within the time limit. As long as you are playing as a guild team, all members on your team will increase your mission progress for this mission. Guild mission progress will not be earned during custom arena games, nor will it be earned if the game was entered before starting the mission.""","«С помощью команды гильдии вызовите 8 чемпионов Тумана в течение отведенного времени. Пока вы играете за команду гильдии, все члены вашей команды будут увеличивать ваш прогресс в этой миссии. Прогресс миссии гильдии не будет заработан во время пользовательских игр на арене, а также не будет заработан, если вы вошли в игру до начала миссии»."
"""With a guild team, win 1 PvP Stronghold match within the time limit. Guild mission progress will not be earned during custom arena games, nor will it be earned if the game was entered before the mission began.""","«С помощью команды гильдии выиграйте 1 PvP-матч в Крепости за отведенное время. Прогресс миссии гильдии не будет заработан во время пользовательских игр на арене, а также не будет заработан, если в игру вошёл до начала миссии»."
"""With a guild team, win 1 PvP conquest match within the time limit. Guild mission progress will not be earned during custom arena games, nor will it be earned if the game was entered before the mission began.""","«С помощью команды гильдии выиграйте 1 PvP-завоевательный матч за отведенное время. Прогресс миссии гильдии не будет заработан во время пользовательских игр на арене, а также не будет заработан, если в игру вошёл до начала миссии»."
"""With a guild team, win 1 PvP match within the time limit. Guild mission progress will not be earned during custom arena games, nor will it be earned if the game was entered before the mission began.""","«С помощью команды гильдии выиграйте 1 PvP-матч за отведенное время. Прогресс миссии гильдии не будет заработан во время пользовательских игр на арене, а также не будет заработан, если в игру вошёл до начала миссии»."
"""With a guild team, win 2 PvP Stronghold matches by killing the enemy lord. As long as you are playing as a guild team, all members on your team will increase your mission progress for this mission. Guild mission progress will not be earned during custom arena games, nor will it be earned if the game was entered before starting the mission.""","«С помощью команды гильдии выиграйте 2 матча PvP Stronghold, убив вражеского лорда. Пока вы играете за команду гильдии, все члены вашей команды будут увеличивать ваш прогресс в этой миссии. Прогресс в миссии гильдии не будет заработан во время пользовательских игр на арене, и он не будет заработан, если вы вошли в игру до начала миссии»."
"""With a guild team, win 2 PvP Stronghold matches within the time limit. Guild mission progress will not be earned during custom arena games, nor will it be earned if the game was entered before the mission began.""","«В составе команды гильдии выиграйте 2 PvP-матча в Крепости за отведенное время. Прогресс миссии гильдии не будет заработан во время пользовательских игр на арене, а также не будет заработан, если в игру вошёл до начала миссии»."
"""With a guild team, win 2 PvP conquest matches within the time limit. Guild mission progress will not be earned during custom arena games, nor will it be earned if the game was entered before the mission began.""","«С помощью команды гильдии выиграйте 2 PvP-захвата в отведенное время. Прогресс миссии гильдии не будет заработан во время пользовательских игр на арене, а также не будет заработан, если в игру вошёл до начала миссии»."
"""With a guild team, win 2 PvP matches within the time limit. Guild mission progress will not be earned during custom arena games, nor will it be earned if the game was entered before the mission began.""","«С помощью команды гильдии выиграйте 2 PvP-матча за отведенное время. Прогресс миссии гильдии не будет заработан во время пользовательских игр на арене, а также не будет заработан, если в игру вошёл до начала миссии»."
"""With a guild team, win 2 PvP matches within the time limit. If a team loses a match, matches won will decrement by 1. Guild mission progress will not be earned during custom arena games, nor will it be earned if the game was entered before the mission began.""","«С помощью команды гильдии выиграйте 2 PvP-матча за отведенное время. Если команда проигрывает матч, выигранные матчи уменьшаются на 1. Прогресс миссии гильдии не будет заработан во время пользовательских игр на арене, а также не будет заработан, если в игру вошёл до начала миссии»."
"""With a guild team, win 3 PvP Stronghold matches by killing the enemy lord. As long as you are playing as a guild team, all members on your team will increase your mission progress for this mission. Guild mission progress will not be earned during custom arena games, nor will it be earned if the game was entered before starting the mission.""","«С помощью команды гильдии выиграйте 3 матча PvP Stronghold, убив вражеского лорда. Пока вы играете за команду гильдии, все члены вашей команды будут увеличивать ваш прогресс в этой миссии. Прогресс миссии гильдии не будет заработан во время пользовательских игр на арене, а также не будет заработан, если в игру был введен до начала миссии»."
"""With a guild team, win 3 PvP Stronghold matches within the time limit. Guild mission progress will not be earned during custom arena games, nor will it be earned if the game was entered before the mission began.""","«В составе команды гильдии выиграйте 3 PvP-матча в Крепости за отведенное время. Прогресс миссии гильдии не будет заработан во время пользовательских игр на арене, а также не будет заработан, если в игру вошёл до начала миссии»."
"""With a guild team, win 3 PvP conquest matches within the time limit. Guild mission progress will not be earned during custom arena games, nor will it be earned if the game was entered before the mission began.""","«С помощью команды гильдии выиграйте 3 PvP-завоевательных матча за отведенное время. Прогресс миссии гильдии не будет заработан во время пользовательских игр на арене, а также не будет заработан, если вы вошли в игру до начала миссии»."
"""With a guild team, win 3 PvP matches within the time limit. Guild mission progress will not be earned during custom arena games, nor will it be earned if the game was entered before the mission begun.""","«В составе команды гильдии выиграйте 3 PvP-матча за отведенное время. Прогресс миссии гильдии не будет заработан во время пользовательских игр на арене, а также не будет заработан, если в игру вошёл до начала миссии»."
"""With a guild team, win 3 PvP matches within the time limit. If a team loses a match, matches won will decrement by 1. Guild mission progress will not be earned during custom arena games, nor will it be earned if the game was entered before the mission began.""","«С помощью команды гильдии выиграйте 3 PvP-матча за отведенное время. Если команда проигрывает матч, выигранные матчи уменьшаются на 1. Прогресс миссии гильдии не будет заработан во время пользовательских игр на арене, а также не будет заработан, если в игру вошёл до начала миссии»."
"""With a guild team, win a PvP Stronghold match by killing the enemy lord. As long as you are playing as a guild team, all members on your team will increase your mission progress for this mission. Guild mission progress will not be earned during custom arena games, nor will it be earned if the game was entered before starting the mission.""","«С помощью команды гильдии выиграйте PvP-матч «Крепость», убив вражеского лорда. Пока вы играете за команду гильдии, все члены вашей команды будут увеличивать ваш прогресс в этой миссии. Прогресс в миссии гильдии не будет заработан во время пользовательских игр на арене, а также не будет заработан, если вы вошли в игру до начала миссии»."
"""With a little bit of hard work, this place is going to be amazing.""","«Если немного постараться, это место станет потрясающим»."
"""With a little cleverness, we tweaked a magical device from the Priory's vaults. Now, we just have to test it.""","«Проявив немного смекалки, мы доработали волшебное устройство из хранилищ Приората. Теперь нам осталось его протестировать»."
"""With a twisted tongue, I can speak both sides of the truth.""",«С искривленным языком я могу говорить обе стороны правды».
"""With all of the pages together, the worn text is now legible.""","«Когда все страницы собраны вместе, потертый текст теперь разборчив»."
"""With all the essence we've collected, nothing can stop me! Nothing!""","«Несмотря на всю собранную нами сущность, ничто не сможет меня остановить! Ничего!»"
"""With all this death, Adelbern's blood must be boiling by now. Perfect chance to deal with him.""","«Из-за всей этой смерти кровь Адельберна, должно быть, уже кипит. Отличный шанс разобраться с ним»."
"""With all this food, you can take to the streets and start your own food cart. You'll be rich!""",«Со всей этой едой вы можете выйти на улицу и открыть собственную тележку с едой. Вы будете богаты!»
"""With an Elder Dragon's corruption spreading, the heroes of Tyria set out in an attempt to gather allies to meet this new threat. But with problems of their own close to home, will world leaders add their support or just introduce more challenges?""","«Поскольку коррупция Старшего Дракона распространялась, герои Тирии отправились в попытке собрать союзников для противостояния этой новой угрозе. Но, учитывая свои собственные проблемы, близкие к дому, мировые лидеры добавят свою поддержку или просто создадут новые проблемы?»"
"""With an Empty Hylek Flask in your inventory, mix all four ichors together to create the Ichor Alkahest.""","«Имея в инвентаре пустую флягу Хайлек, смешайте все четыре ихора, чтобы получить ихорный алкахест»."
"""With an Empty Hylek Flask in your inventory, mix the four spider venoms to create the Arachnid Venom Decanter.""","«Имея в инвентаре пустую флягу хайлека, смешайте четыре яда паука, чтобы создать графин с ядом паукообразных»."
"""With an Empty Hylek Flask in your inventory, mix the four volatile ingredients to form the Concentrated Volatile Substance.""","«Имея в инвентаре пустую флягу Хайлек, смешайте четыре летучих ингредиента, чтобы получить концентрированное летучее вещество»."
"""With an Empty Hylek Flask in your inventory, mix the six jungle bacteria to create the Concentrated Maguuma Bacteria.""","«Имея в инвентаре пустую флягу Хайлек, смешайте шесть лесных бактерий, чтобы получить концентрированные бактерии Магуума»."
"""With both halves of your sire's key in hand, it's time to report back to Tribune Brimstone. After that, you'll be free and clear to claim whatever treasure your father left behind as his legacy.""","«Имея в руках обе половинки ключа вашего отца, пришло время доложить Трибьюн Жарокамень. После этого вы сможете свободно и ясно требовать любое сокровище, которое ваш отец оставил после себя в качестве своего наследия»."
"""With bravery—and a little good fortune—I will collect trophies to prove my worth. Then, I will drink and boast of my victories!""","«Проявив храбрость — и немного удачи — я соберу трофеи, чтобы доказать свою ценность. Затем я выпью и похвастаюсь своими победами!»"
"""With every sunrise, breeze, or raindrop...I remember your face. Your hardy paws, wrapped around mine.""","«С каждым восходом солнца, ветерком или каплей дождя… Я вспоминаю твое лицо. Твои выносливые лапы, обвившие мои»."
"""With everyone else occupied, Gorrik's managing the barracks. From what I've heard, he's overwhelmed.""","«Поскольку все остальные заняты, Горрик управляет казармами. Судя по тому, что я слышал, он перегружен»."
"""With golem and gate and arcane crystal, we have made this new land our own.""","«С помощью голема, врат и магического кристалла мы сделали эту новую землю своей собственностью»."
"""With help from humans, the Deldrimor defeated the Stone Summit and forced them into exile. They moved through these passes, and some of the Stone Summit called these caves their homes.""","«С помощью людей Дельдримор победил Каменную Вершину и заставил их покинуть страну. Они прошли через эти проходы, и некоторые жители Каменной Вершины назвали эти пещеры своими домами»."
"""With help from my Order, Logan and I stopped Kellach before he could hurt Queen Jennah. Now, I travel to Lion's Arch to meet one of Logan's old friends. Thereafter, I begin my new adventures—with the Vigil!""","«С помощью моего Ордена мы с Логаном остановили Келлаха прежде, чем он смог причинить вред королеве Дженне. Теперь я отправляюсь в Львиную Арку, чтобы встретиться с одним из старых друзей Логана. После этого я начинаю свои новые приключения — с Дозором!»"
"""With help from my Order, Logan and I stopped Kellach before he could hurt Queen Jennah. Now, I will travel to Lion's Arch to meet one of Logan's old friends. Thereafter, I begin my new adventures—with the Durmand Priory!""","«С помощью моего Ордена мы с Логаном остановили Келлаха прежде, чем он смог причинить вред королеве Дженне. Теперь я отправлюсь в Львиную Арку, чтобы встретиться с одним из старых друзей Логана. После этого я начинаю свои новые приключения — с Приоратом Дурманд!»"
"""With help from my Order, Logan and I stopped Kellach before he could hurt Queen Jennah. Now, I will travel to Lion's Arch to meet one of Logan's old friends. Thereafter, I begin my new adventures—with the Order of Whispers!""","«С помощью моего Ордена мы с Логаном остановили Келлаха прежде, чем он смог причинить вред королеве Дженне. Теперь я отправлюсь в Львиную Арку, чтобы встретиться с одним из старых друзей Логана. После этого я начинаю свои новые приключения — с Орденом Шепота!»"
"""With help from the Order of Whispers, I proved that amulets much like the one owned by Howl the Brazen are definitely involved in a sharp increase in undead activity all across the region. We decided that more information was required, so I agreed continue to work with all three orders to dig deeper into this mystery.""","«С помощью Ордена Шепота я доказал, что амулеты, очень похожие на тот, что принадлежит Хаулу Наглому, определенно способствуют резкому увеличению активности нежити по всему региону. Мы решили, что требуется больше информации, поэтому я согласился продолжить работу со всеми тремя орденами, чтобы глубже разобраться в этой тайне»."
"""With help from the Vigil, I proved that amulets much like the one owned by Howl the Brazen are definitely involved in a sharp increase in undead activity all across the region. We decided that more information was required, so I agreed continue to work with all three orders orders to dig deeper into this mystery.""","«С помощью Дозора я доказал, что амулеты, очень похожие на тот, что принадлежит Хаулу Наглому, определенно способствуют резкому увеличению активности нежити по всему региону. Мы решили, что требуется больше информации, поэтому я согласился продолжить работу со всеми тремя орденами, чтобы глубже разобраться в этой тайне»."
"""With his crewmasters defeated, Captain Jetsam is trying to prevent Suwash the quaggan from becoming a pirate.""","«После того, как его капитаны побеждены, капитан Джетсам пытается помешать кваггану Сувашу стать пиратом»."
"""With its defenses destroyed, the base is vulnerable to Risen sea life.""","«Поскольку защита базы разрушена, она уязвима для морской жизни Восставших»."
"""With knowledge, we will drive away evil.""",«Знанием мы прогоним зло».
"""With magic, anything is possible.""",«С помощью магии возможно все».
"""With my last breath, I...""",«На последнем вздохе я…»
"""With my last breath, I....""",«На последнем вздохе я…»
"""With pleasure, Captain.""","— С удовольствием, капитан."
"""With pleasure. The dredge leader is completely insane. The farther away from him I get, the better. If you're smart, you'll do the same.""","«С удовольствием. Лидер драга совершенно безумен. Чем дальше я от него отойду, тем лучше. Если ты умный, ты сделаешь то же самое»."
"""With siege fire falling nearby, the ghosts of Wayward Watch scheme to use junundu to attack Fort Huduh and the Forged Firebase.""","«Поскольку поблизости падает осадный огонь, призраки Своенравного Дозора планируют использовать джунунду для нападения на форт Худу и Кованую огневую базу»."
"""With so much activity, we've little time to train. Would you be willing to spar with me?""",«При такой активности у нас мало времени на тренировки. Не могли бы вы спарринговать со мной?»
"""With stomach training, learn to ingest the speed-increasing mushrooms found scattered in the Heart of Maguuma. Run at blazing speeds with the help of nature!""","«Тренируя желудок, научитесь глотать увеличивающие скорость грибы, разбросанные в Сердце Магуумы. Бегите на невероятной скорости с помощью природы!»"
"""With stomach training, you can ingest the speed-increasing mushrooms found scattered in the Heart of Maguuma. Run at blazing speeds with the help of nature!""","«Тренируя желудок, вы сможете глотать увеличивающие скорость грибы, разбросанные в Сердце Магуумы. Бегите на невероятной скорости с помощью природы!»"
"""With that Son of Svanir defeated, the elemental lost its traction in our world, as I predicted.""","«После того, как Сын Сванира был побежден, элементаль потерял свое влияние в нашем мире, как я и предсказывал»."
"""With that illusory veil, you can sneak up on the ministry guards. Knock them out so that Tybalt and Demmi can escape the city.""","«С помощью этой иллюзорной завесы вы можете подкрасться к охранникам министерства. Вырубите их, чтобы Тибальт и Демми смогли сбежать из города»."
"""With the Aquanarium Hydropost in disarray, the quaggans of Vonooroovah can swim freely now.""","«Поскольку гидропост «Аквариум» находится в беспорядке, квагганы Вонурувы теперь могут свободно плавать»."
"""With the Crystallized Magic in your inventory, gather chaotic ectoplasmic energy by looting the Ascalonian ghosts found at the Old Piken Ruins in Iron Marches.""","«Имея в своем инвентаре Кристаллизованную магию, соберите хаотическую эктоплазменную энергию, грабя аскалонских призраков, найденных в руинах Старого Пайкена в Железных Топях»."
"""With the Crystallized Magic in your inventory, gather chaotic ley-line energy by defeating earth elementals near Omadd's Machine within the Cavern of the Shining Lights in Dry Top.""","«Имея в своем инвентаре Кристаллизованную магию, соберите хаотическую энергию силовых линий, победив элементалей земли возле Машины Омадда в Пещере Сияющих Огней в Сухом Вершине»."
"""With the Crystallized Magic in your inventory, gather the searing's chaotic energy by looting the chest at the end of the Urban Battlegrounds Fractal.""","«Имея в своем инвентаре Кристаллизованную магию, соберите хаотическую энергию обжига, найдя сундук в конце фрактала «Городские поля битвы»."
"""With the DDR in disrepair after our first meeting, your assistance here will be crucial. I'll lend my aid where I can.""","«Поскольку ГДР находится в упадке после нашей первой встречи, ваша помощь здесь будет иметь решающее значение. Я окажу свою помощь, где смогу»."
"""With the Kryptis now in Tyria, we can't afford any of their remains to be found after a successful hunt.""","«Поскольку Криптис сейчас находится в Тирии, мы не можем позволить себе найти их останки после успешной охоты»."
"""With the Ulgoth dead, the Modniir forces are broken.""",«После смерти Ульгота силы Модниира разбиты».
"""With the aid of the Inquest, as their first-chosen of allies, we shall conquer the norn and charr, humble the sylvari, and put the ancient humans in their place.""","«С помощью Инквеста, как их первых избранных союзников, мы победим норнов и чарр, укротим сильвари и поставим древних людей на их место»."
"""With the antitoxin in hand, we were able to enter the tower. My comrades and I navigated the treacherous maze of endless corridors, which was filled to the brim with krait, Nightmare Court, and other toxic horrors. The Priory's initial attempt to quell the tower failed, so it was up to me and my comrades to fight our way to the top.""","«С антитоксином в руках мы смогли войти в башню. Мои товарищи и я перемещались по коварному лабиринту бесконечных коридоров, которые до краев были заполнены крайтами, Двором Кошмаров и другими токсичными ужасами. Первоначальная попытка Приората подавить башню провалилась, поэтому мне и моим товарищам пришлось пробиться на вершину»."
"""With the arrival of the Frost Legion, the charr civil war is intensifying. And the ice dragon has taken notice.""",«С приходом Ледяного Легиона гражданская война чарров усиливается. И ледяной дракон это заметил».
"""With the bugs all dead, the skelk are moving in. Unintended consequences, I guess.""","«Поскольку все жуки мертвы, скелки приближаются. Думаю, это приведет к непредвиденным последствиям»."
"""With the challenge mote active, avoid damage from Fulgent Fence, any of Decima's beam attacks targeting squad members, and Chorus of Thunder targeting anything but yourself. Then defeat Decima without dying.""","«Когда активна частица вызова, избегайте урона от Fulgent Fence, любых лучевых атак Децимы, нацеленных на членов отряда, и Хора Грома, нацеленного на кого-либо, кроме себя. Затем победите Дециму, не умирая»."
"""With the challenge mote active, prevent Decima from receiving any charge. Allow no conduits to be charged by standard Fluxlance beams or Chorus of Thunder bolts aimed at squad members.""","«При активном вызывающем соринке не позволяйте Дециме получать какой-либо заряд. Не позволяйте никаким каналам заряжаться стандартными лучами Потока или молниями Хора Грома, направленными на членов отряда»."
"""With the display activated, the console appears to have a few records available to read.""","«При активированном дисплее на консоли появляется несколько записей, доступных для чтения»."
"""With the forge master's guidance, Aurene and I put the Dragonsblood Forge to use. Though the original Dragonsblood Spear was forged using a shard from Kralkatorrik's body, the forge master explained that we would have to make do with Brand crystals from Kralkatorrik's minions. Nevertheless, the spears we turned out looked like fine weapons, worthy of Glint's forge. All we needed now was to test their effectiveness on the Branded.""","«Под руководством мастера кузницы мы с Орин применили кузницу Драконьей крови. Хотя оригинальное Копьё Драконьей крови было выковано из осколка тела Кралькаторрика, мастер кузни объяснил, что нам придётся довольствоваться кристаллами Клейма от приспешников Кралькаторрика. Тем не менее, копья, которые у нас получились, выглядели как прекрасное оружие, достойное кузницы Глинта. Все, что нам сейчас нужно, это проверить их эффективность на Клейменных»."
"""With the gate closed and the parting good-bye long overdue, I returned to the Tyrian Alliance. I debriefed the council on the journey's events, assigning credit and responsibility wherever appropriate. With the formalities out the way, it was time to celebrate. I must admit, not having the stress of battle looming ahead helped me achieve an ease I hadn't felt at the battle's eve feast. Inspired by an optimistic speech delivered by Jennah, I chatted among friends. Rather than talk of combat and strategy we spoke of...life. Of hopes and plans for the future and our excitement for the promise of days ahead. A welcome relief. I don't know what the days ahead hold for me. But at this moment, I feel a sense of peace that has long evaded me. And for as long as the feeling may last, I will allow it.""","«Когда ворота закрылись, а прощание уже давно назрело, я вернулся в Тирский Альянс. Я доложил совету о событиях путешествия, возложив должное и ответственность там, где это было необходимо. Формальности были позади, пришло время праздновать. Должен признать, отсутствие предстоящего напряжения битвы помогло мне достичь легкости, которую я не чувствовал на пиру в канун битвы. Вдохновленный оптимистической речью, произнесенной Дженной, я болтал с друзьями. Вместо того, чтобы говорить о бое и стратегии, мы говорили о... жизни. О надеждах и планах на будущее, и о нашем предвкушении предстоящих дней. Я не знаю, что ждут меня в предстоящие дни, но в этот момент я чувствую чувство покоя, которое долгое время ускользало от меня, и пока это чувство может длиться, я позволю ему."
"""With the help of Captain Thackeray, Exemplars Salia and Mehid, and a group of brave Seraph, we raided the cultist-led camp and destroyed the White Mantle. Afterwards, Salia and Mehid told me they may've found my parents' last place of residence. They're coming with me to investigate.""","«С помощью капитана Теккерея, Образцов Салии и Мехида, а также группы храбрых Серафимов мы совершили набег на лагерь культистов и уничтожили Белую Мантию. После этого Салия и Мехид сказали мне, что, возможно, нашли последнее место жительства моих родителей. Они пойдут со мной для расследования»."
"""With the help of Zaeim, I was able to find the entrance to Fahranur in an old underground tunnel system. Next up: rescue Taimi.""",«С помощью Заима мне удалось найти вход в Фахранур в старой подземной системе туннелей. Дальше: спасти Тайми».
"""With the help of Zojja and Mr. Sparkles, I rescued Pol from the Inquest. Our traitorous krewe chief Varkk may have escaped, but I'm glad I chose to save my krewemate's life. Pol was all fired up after his ordeal, so he's joining us as we take down Teyo and recover the Transocator device.""","«С помощью Зоджи и мистера Спарклза я спас Пола от следствия. Наш предательский вождь креве Варкк, возможно, и сбежал, но я рад, что решил спасти жизнь моему напарнику. Пол был в ярости после своего испытания, поэтому он присоединяется к нам, когда мы уничтожаем Тейо и возвращаем устройство Трансокатора»."
"""With the help of a reunited Destiny's Edge, the Pact was able to accomplish the impossible: the slaying of an Elder Dragon. Zhaitan has fallen, and while the Pact's work is far from over, we have achieved a major victory. We agreed to continue the fight against the remaining Elder Dragons after we take a moment to honor those who have fallen and celebrate this triumph.""","«С помощью воссоединившейся Destiny's Edge Пакт смог совершить невозможное: убить Старшего Дракона. Зайтан пал, и хотя работа Пакта ещё далека от завершения, мы добились крупной победы. Мы согласились продолжить борьбу с оставшимися Старшими Драконами после того, как найдём минутку, чтобы почтить память павших и отпраздновать этот триумф»."
"""With the help of the Seraph and many others around the region, we've dealt a number of heavy blows to the White Mantle's siege of Lake Doric. Now that we can confidently leave the siege in the capable hands of the Seraph, I should return to Logan so we can plan our next move.""","«С помощью Серафима и многих других людей в регионе мы нанесли ряд тяжёлых ударов по осаде Дорикского озера Белой Мантией. Теперь, когда мы можем уверенно передать осаду в умелые руки Серафима, я должен вернуться к Логану, чтобы мы могли спланировать наш следующий шаг»."
"""With the loyalists sufficiently weakened, I returned to camp myself. Irja had made her way there, and Ramses and I did our best to make her feel comfortable. Getting comfortable wasn't part of Peitha's plans for me, though—she called a meeting for us to plan our assault on Heitor and the forces at her fortress. It was time to act.""","«Поскольку лоялисты достаточно ослабли, я сам вернулся в лагерь. Ирья пробилась туда, и мы с Рамзесом сделали все возможное, чтобы она чувствовала себя комфортно. Однако комфортное положение не входило в мои планы Пейты — она созвала для нас собрание, чтобы спланировать наше нападение на Эйтора и силы в её крепости. Пришло время действовать»."
"""With the rise of Xunlai Jade, competitors in the industry are afraid to stand up against the tech giant.""",«С появлением Xunlai Jade конкуренты в отрасли боятся противостоять технологическому гиганту».
"""With the suspects returned to Lion's Arch, I regrouped with Marjory at the scene of the crime. While I was searching for our suspects, she was recalibrating the Tassi box with some of the chemicals found at the crime scene. Our culprit? Mai Trin, the """"ever-helpful"""" medic. It turns out that false positive was right all along. She's apparently the leader of those ragtag pirates that attacked us after the effigy ceremony. They call themselves the """"Aetherblades."""" I'd call them a bunch of brutes, though they must be competent enough if they've managed to remain this elusive. Unfortunately, Mai Trin fled the scene before Kiel could make an arrest. Our next goal is to track her down and determine what the 'Blades are up to.""","«Когда подозреваемые вернулись в Львиную Арку, я перегруппировался с Марджори на месте преступления. Пока я искал наших подозреваемых, она перекалибровывала ящик Тасси некоторыми химикатами, найденными на месте преступления. Наш виновник? Май Трин, «всегда готовый помочь» медик. Оказывается, ложноположительный результат был прав с самого начала. Очевидно, она лидер тех разношерстных пиратов, которые напали на нас после церемонии чучела. Они звонят. Я бы назвал их кучей зверей, хотя они должны быть достаточно компетентны, если им удалось остаться такими неуловимыми. К сожалению, Май Трин скрылась с места происшествия до того, как Киль смог произвести арест. Наша следующая цель — выследить её и определить, что задумали «Клинки»."
"""With the tracker properly attached, I made my way back to Sun's Refuge to inform Gorrik of his brother's sacrifice. On hearing the news of Blish's final message, Taimi revealed the progression of her terminal illness, and Caithe finally revealed that she was watching us from the shadows for some time—and she may know how to find Aurene.""","«Прикрепив трекер должным образом, я вернулся в Убежище Солнца, чтобы сообщить Горрику о жертве его брата. Услышав новость о последнем сообщении Блиша, Тайми рассказала о прогрессировании своей неизлечимой болезни, а Кейт наконец рассказала, что какое-то время наблюдала за нами из тени — и, возможно, она знает, как найти Аурин»."
"""With their champion defeated, the Elder Dragon's forces are retreating from the area!""","«После того, как их чемпион побеждён, силы Старшего Дракона отступают из этого района!»"
"""With these halls Queen Jennah meets the both the mighty and the common folk, and rules with wisdom and affection.""","«В этих залах королева Дженна встречается как с сильными людьми, так и с простыми людьми, и правит с мудростью и любовью»."
"""With these resources, we'll be unstoppable!""",«С этими ресурсами нас будет невозможно остановить!»
"""With this great opening, we will spill from our mountain homes, and with the aid of our new allies, will come to dominate the lesser races of this land.""",«С этим великим открытием мы выйдём из наших горных домов и с помощью наших новых союзников станем доминировать над меньшими расами этой земли».
"""With training, you've learned to spot the mushrooms in the Heart of Maguuma even faster. They're now more visible on your map.""",«Благодаря тренировкам вы научились находить грибы в Сердце Магуумы ещё быстрее. Теперь они более заметны на вашей карте».
"""With valor, we have won the day!""",«С доблестью мы одержали победу!»
"""With wounds still fresh, the illusionist sat at the edge of the arena—weak, panting. Little did she know, she was about to be named champion.""","«С ещё свежими ранами иллюзионистка сидела на краю арены — слабая, тяжёло дыша. Мало ли она знала, что её собирались назвать чемпионкой»."
"""With your forged paperwork in hand, you're almost guaranteed to get into Professor Gorr's lab...but what will you find there? And will Rakt and his Arcane Eye agents let you out alive?""",«С вашими поддельными документами на руках вы почти гарантированно попадете в лабораторию профессора Горра… но что вы там найдёте? И выпустят ли Ракт и его агенты «Чародейского глаза» вас живыми?
"""With your help, the Seraph's camp is safer.""",«С твоей помощью лагерь Серафима станет безопаснее».
"""With your help, the quaggans are better prepared to defend themselves.""",«С вашей помощью квагганы будут лучше подготовлены к защите».
"""With your help, we are that much closer to driving the orrians from this place. Thank you!""",«С вашей помощью мы стали намного ближе к изгнанию оррианцев из этого места. Спасибо!»
"""With your help, we stand a chance of defeating our corrupted friend. Quiet now; we must focus on the path ahead.""",«С вашей помощью у нас есть шанс победить нашего испорченного друга. Теперь тихо; мы должны сосредоточиться на предстоящем пути».
"""With your help, we've learned much about this jungle.""",«С вашей помощью мы многое узнали об этих джунглях».
"""With your tongue coated in ice, this will be easy.""","«Когда твой язык покрыт льдом, это будет лёгко»."
"""Within fields torn by the dragon's power, a small glen blooms.""","«Внутри полей, раздираемых силой дракона, цветет небольшая лощина»."
"""Within the Brandstorm, you will attract repeated lightning strikes while grounded if not under cover.""","«В Брандшторме вы будете привлекать к себе повторяющиеся удары молний, ??находясь на земле, если не под укрытием»."
"""Within the Cathedral of Silence, we met with Grenth's avatar—the Seventh Reaper. It was too weakened to defend the temple from a powerful Risen, so we made an exchange: we defeated the Risen, and the Reaper gave us the information we were looking for. Apparently, there is an artesian well hidden beneath the moutain near Melandru's temple, the very spot where the gods first set foot upon Tyria. There, we'll find the source of Orr.""","«В Храме Тишины мы встретились с аватаром Грента — Седьмым Жнецом. Он был слишком ослаблен, чтобы защитить храм от могущественного Восставшего, поэтому мы произвели обмен: мы победили Восставшего, и Жнец дал нам искомую информацию. Судя по всему, под горой возле храма Меландру спрятан артезианский колодец, то самое место, где боги впервые ступили на Тирию. Там мы найдём источник Орр»."
"""Without being caught or leaving the area, sabotage the Jade Brotherhood Headquarters, taking the renown heart from completely empty to completely full.""","«Не будучи пойманным и не покинув территорию, совершите диверсию в штаб-квартире Нефритового Братства, превратив сердце славы из совершенно пустого в совершенно полное»."
"""Without being caught or leaving the area, sabotage the Speakers Headquarters, taking the renown heart from completely empty to completely full.""","«Не будучи пойманным и не покинув территорию, совершите диверсию в штаб-квартире ораторов, превратив сердце славы из совершенно пустого в совершенно полное»."
"""Without dismounting or teleporting, ride your skyscale from atop the dome on Stargaze Ridge to the tower at western Primal Maguuma.""","«Не спешиваясь и не телепортируясь, пронеситесь по небесной лестнице от вершины купола на Хребте Звёздного Взгляда до башни в западной части Изначальной Магуумы»."
"""Without dismounting or teleporting, ride your skyscale from the blue orb located near Wizard's Folly at Wizard's Ascent to the South Gate of Wizard's Tower.""","«Не спешиваясь и не телепортируясь, пройдите по небесной шкале от синего шара, расположенного рядом с Безумием Волшебника на Восхождении Волшебника, к Южным воротам Башни Волшебника»."
"""Without dismounting or teleporting, ride your skyscale from the southern part of the Bastion of Balance Waypoint to the small lake at Bastionmere at the Bastion of the Natural.""","«Не спешиваясь и не телепортируясь, проедьте на небесной шкале от южной части путевой точки Бастиона Баланса до небольшого озера в Бастионе в Бастионе Природы»."
"""Without dismounting or teleporting, ride your skyscale from the vista near Lyhr's Tower to Isgarren's Tower.""","«Не спешиваясь и не телепортируясь, пронеситесь по небесной шкале от смотровой площадки возле Башни Лира до Башни Исгаррена»."
"""Without dismounting or teleporting, ride your skyscale or griffon from the South Gate of Wizard's Tower to the blue orb near Wizard's Folly at Wizard's Ascent.""","«Не спешиваясь и не телепортируясь, проедьте на скайскейле или грифоне от Южных ворот Башни Волшебника до синего шара возле Безумия Волшебника на Восхождении Волшебника»."
"""Without dying, defeat four Mordrem lobbers before the south gate of Camp Resolve is breached.""","«Не умирая, победите четырех мордремов-лобберов до того, как южные ворота Лагеря Решильности будут взломаны»."
"""Without justice, courage is weak.""",«Без справедливости мужество слабо».
"""Without more training, I fear that I will not be able to stand against the undead. Will you help me spar?""","«Боюсь, что без дополнительной подготовки я не смогу противостоять нежити. Ты поможешь мне в спарринге?»"
"""Without my service to Balthazar and the family I left behind, what meaning does my life even have? I can't afford to lose that.""","«Без моей службы Бальтазару и семье, которую я оставил, какой смысл вообще имеет моя жизнь? Я не могу позволить себе потерять это»."
"""Without our servants, I'm not sure what to do with myself.""","«Без наших слуг я не знаю, что с собой делать»."
"""Without our supplies, we can't fortify our defenses here.""",«Без наших припасов мы не сможем укрепить здесь нашу оборону».
"""Without our traditions to hold on to, what is there still in this world for us?""","«Без наших традиций, что нам ещё остается в этом мире?»"
"""Without that tracking enchantment, the Ministry Guard will never be able to find Demmi. They'll be flying blind—and you can escort Demmi out of Lion's Arch right under their nose. They'll never even know you were there.""","«Без этих чар слежения Министерская гвардия никогда не сможет найти Демми. Они будут летать вслепую, а вы сможете выпроводить Демми из Львиной Арки прямо у них под носом. Они даже не узнают, что вы там были»."
"""Without the Light of the Forge Masters to protect you, the All Seer has fettered you with a dismal fate...""","«Без Света Мастеров Кузни, который защитил бы тебя, Всевидящий сковал тебя мрачной судьбой…»"
"""Without the protection of the mysterious spirit, you are overwhelmed by the death magic radiating from the Soulless Horror.""","«Без защиты таинственного духа вы охвачены магией смерти, исходящей от Бездушного Ужаса»."
"""Without trade, the younger races will wither and die! We will retake our land one piece at a time!""",«Без торговли молодые расы засохнут и вымрут! Мы вернем нашу землю по кусочку!»
"""Wizard's Tower Is Ours, Eparch""","«Башня Волшебника наша, епарх»"
"""Wolf Calls, Will You Answer?""","«Волк зовет, ты ответишь?»"
"""Wolf Shaman Gamli needs my help with the stricken Wolf Havroun's apprentice, Valda. She's stuck in a deep, restless sleep. Gamli asked me to get winter sage, a medicinal plant that he can use to wake Valda. Then we can find out what happened to her and her master.""","«Волчьему Шаману Гамли нужна моя помощь с Валдой, раненой ученицей Волка Хавруна. Она застряла в глубоком беспокойном сне. Гамли попросил меня достать зимний шалфей, лекарственное растение, с помощью которого он сможет разбудить Валду. Тогда мы сможем узнать, что случилось с ней и её хозяином»."
"""Wolf has the cunning of the pack behind him. He imparts the virtues of loyalty, ferocity, and strength in numbers. When he came to me, he whispered of my heroic future and told me I would never be alone.""","«Вольф имеет за собой хитрость стаи. Он передает такие качества, как верность, свирепость и силу в численности. Когда он пришёл ко мне, он прошептал о моем героическом будущем и сказал, что я никогда не буду одинок»."
"""Wolf provides, but does not always share.""","«Волк обеспечивает, но не всегда делится»."
"""Wolf's spirit watches this shrine, and he will howl your glory.""",«Дух Волка наблюдает за этим святилищем и будет восхвалять твою славу».
"""Wolf, give me strength!""","«Волк, дай мне сил!»"
"""Wolf, my spirit guide, teaches that there's a time for violence and a time for peace.""","«Вольф, мой духовный наставник, учит, что есть время для насилия и время для мира»."
"""Wonderful. I see we're off to a running start. The Order of Whispers needs allies, not infants.""","«Замечательно. Я вижу, мы уже на старте. Ордену Шепота нужны союзники, а не младенцы»."
"""Wonderful. Now you need to create the items used to make a boot. Select the recipe for a Practice Rawhide Boot Upper and use the """"Craft"""" button to create one of those now.""","«Замечательно. Теперь вам нужно создать предметы, используемые для изготовления ботинок. Выберите рецепт практического верха ботинок из сыромятной кожи и воспользуйтесь кнопкой «Создать», чтобы создать один из них прямо сейчас»."
"""Wonderful. Now you need to create the items used to make a scepter. Select the recipe for a Practice Scepter Core and use the """"Craft"""" button to create one of those now.""","«Замечательно. Теперь вам нужно создать предметы, из которых можно сделать скипетр. Выберите рецепт ядра практического скипетра и воспользуйтесь кнопкой «Создать», чтобы создать один из них прямо сейчас»."
"""Wonderful. Now you need to create the items used to make a sword. Select the recipe for a Practice Copper Sword Blade and use the """"Craft"""" button to create one of those now.""","«Замечательно. Теперь вам нужно создать предметы, из которых можно сделать меч. Выберите рецепт клинка практического медного меча и воспользуйтесь кнопкой «Создать», чтобы создать один из них прямо сейчас»."
"""Wonderful. Now you need to create the items used to make an earring. Select the recipe for a Practice Copper Settings and use the """"Craft"""" button to create one of those now.""","«Замечательно. Теперь вам нужно создать предметы, из которых можно сделать серьгу. Выберите рецепт тренировочной медной оправы и воспользуйтесь кнопкой «Создать», чтобы создать одну из них прямо сейчас»."
"""Wondering what to do next? Check the upper-right corner of the screen for your personal story goal. Next, follow the objective markers on your compass and world map to the next part of your story.""","«Интересно, что делать дальше? Проверьте правый верхний угол экрана, чтобы увидеть цель вашей личной истории. Затем следуйте указателям целей на компасе и карте мира, чтобы перейти к следующей части вашей истории»."
"""Wondering, """"Did they hear creation's whisper calling them back?""""""","«Интересно: «Услышали ли они шепот творения, зовущего их обратно?»»»"
"""Work, work, work. Where's the fun in that?""","«Работа, работа, работа. И что в этом интересного?»"
"""Work, work, work.""","«Работать, работать, работать»."
"""World 1, Zone 1""","«Мир 1, Зона 1»"
"""World 1, Zone 2""","«Мир 1, Зона 2»"
"""World 1, Zone 3""","«Мир 1, Зона 3»"
"""World 2, Zone 1""","«Мир 2, Зона 1»"
"""World 2, Zone 2""","«Мир 2, Зона 2»"
"""World 2, Zone 3""","«Мир 2, Зона 3»"
"""World 3, Test Zone""","«Мир 3, Тестовая зона»"
"""World Restructuring is in beta! Earn double WXP, increased reward-track progress, and increased magic find for the duration of the event!""","«Реструктуризация мира находится в стадии бета-тестирования! Зарабатывайте вдвое больше WXP, увеличивайте прогресс в наградах и увеличивайте количество магических находок на время события!»"
"""World leaders are converging for a historic summit in the spreading shadow of Mordremoth's advance. Can you convince uneasy allies to cooperate, or will political turmoil spell Tyria's doom?""","«Мировые лидеры собираются на исторический саммит в растущей тени наступления Мордремота. Сможете ли вы убедить неспокойных союзников сотрудничать, или политические беспорядки означают гибель Тирии?»"
"""Worst of all, our asura gates aren't functioning and nobody can tell me why. Magical or mechanical failure—saboteurs? It's all very disturbing.""","«Хуже всего то, что наши врата асуров не функционируют, и никто не может сказать мне, почему. Магический или механический сбой – диверсанты? Это все очень тревожно»."
"""Worth 25 team score, awarded on last hit • Gives Aura of Power for 90 seconds""","«Стоит 25 командных очков, присуждается за последнее попадание. • Даёт ауру силы на 90 секунд»"
"""Would you like to find asura gates to other cities, to Southsun Cove, or to the Mists?""","«Хотели бы вы найти врата асуров в другие города, в Бухту Южного Солнца или в Туманы?»"
"""Would you like to see the PvP Browser? It lets you click on an exisiting game to join it, or create a new one using the controls at the bottom of the window.""","«Хотите увидеть PvP-браузер? Он позволяет вам щёлкнуть существующую игру, чтобы присоединиться к ней, или создать новую, используя элементы управления в нижней части окна»."
"""Would you like to sign up for discounts and other benefits? If """"no,"""" please answer again.""","«Хотели бы вы подписаться на скидки и другие преимущества? Если «нет», пожалуйста, ответьте ещё раз»."
"""Would you like to switch to foreground downloading? This will increase your download speed, but you will no longer be able to play while you wait.""","«Хотите переключиться на загрузку в приоритетном режиме? Это увеличит скорость загрузки, но вы больше не сможете играть, пока ждете»."
"""Would you look at the size...I mean, immense target on the field.""",«Вы посмотрите на размер… Я имею в виду огромную мишень на поле».
"""Would you mind giving us a hand, outlander?""","— Не мог бы ты помочь нам, чужеземец?"
"""Would've been nice if they tipped you, at least.""","«Было бы неплохо, если бы они хотя бы дали тебе чаевые»."
"""Would've preferred to take that one back to Tribune Brimstone alive, but at least we're not walking away empty-handed. The Molten Alliance is taking prisoners, and we need to find them.""","«Я бы предпочел вернуть его на Трибьюн Жарокамень живым, но, по крайней мере, мы не уйдём с пустыми руками. Огненный Альянс берет пленных, и нам нужно их найти»."
"""Wow! That's the real thing, all right.""","«Ух ты! Это настоящая вещь, все в порядке»."
"""Wow! They must be pretty spectacular, then. I bet you're proud.""","«Ух ты! Тогда они, должно быть, очень впечатляющие. Могу поспорить, ты гордишься ими»."
"""Wow, I could've given a better speech with both hands tied behind my back.""","«Ух ты, я мог бы произнести лучшую речь со связанными за спиной обеими руками»."
"""Wow, big drinker, eh? Bet I could wring a cupful out of this thing.""","«Ух ты, большой пьющий, да? Держу пари, что я смогу выжать из этой штуки полную чашку»."
"""Wow, look at that.""","«Ух ты, посмотри на это»."
"""Wow, was Zojja angry! That killer VAL-A golem can't have been my fault. I'd better head to Desider Atum and find out the truth of the matter.""","«Ух ты, Зойджа разозлилась! Этот убийца ВАЛ-А-голем не мог быть моей ошибкой. Мне лучше отправиться к Дезидеру Атуму и выяснить правду»."
"""Wow, you actually did it.""","«Ух ты, ты действительно это сделал»."
"""Wow, you're fast!""","«Ух ты, какой ты быстрый!»"
"""Wow, your skyscale looks pretty toasty. What're you feeding that thing?""","«Ух ты, твои небесные шкалы выглядят довольно подрумяненными. Чем ты эту штуку кормишь?»"
"""Wow. I guess that proves you're not Seraph—they don't know how to make a decent threat. Listen, if you end up on my team, stick close. I like the way you carry yourself.""","«Ух ты. Думаю, это доказывает, что ты не Серафим — они не знают, как представлять достойную угрозу. Слушай, если окажешься в моей команде, держись рядом. Мне нравится, как ты себя ведешь»."
"""Wrestle air djinn loose from Forgotten pillars to obtain their glyphs, secure Forgotten reliquaries from sand sharks, and awaken inquisitive djinn from their urns and correctly answer their questions.""","«Высвободите воздушных джиннов из Забытых колонн, чтобы получить их символы, защитите реликварии Забытых от песчаных акул, пробудите любознательных джиннов из их урн и правильно ответьте на их вопросы»."
"""Wretched ettins! They stole the explosives I was working on. Who knows what they'll do with them! Please, help me.""","«Несчастные эттины! Они украли взрывчатку, над которой я работал. Кто знает, что они с ней сделают! Пожалуйста, помогите мне»."
"""Writings of the Last Spearmarshal, Vol. 1""","«Записки последнего маршала копья, Том 1»"
"""Writings of the Last Spearmarshal, Vol. 10""","«Записки последнего маршала копьеносцев, том 10»"
"""Writings of the Last Spearmarshal, Vol. 2""","«Записки последнего маршала копьеносцев, том 2»"
"""Writings of the Last Spearmarshal, Vol. 3""","«Записки последнего маршала копья, том 3»"
"""Writings of the Last Spearmarshal, Vol. 4""","«Записки последнего маршала копьеносцев, том 4»"
"""Writings of the Last Spearmarshal, Vol. 5""","«Записки последнего маршала копьеносцев, том 5»"
"""Writings of the Last Spearmarshal, Vol. 6""","«Записки последнего маршала копьеносцев, том 6»"
"""Writings of the Last Spearmarshal, Vol. 7""","«Записки последнего маршала копий, том 7»"
"""Writings of the Last Spearmarshal, Vol. 8""","«Записки последнего маршала копий, том 8»"
"""Writings of the Last Spearmarshal, Vol. 9""","«Записки последнего маршала копья, том 9»"
"""Written more than 100 years ago, this well-preserved book bears the mark of Vonda Lassien, one of the foremost scholars of the clash between humans and centaurs.""","«Эта хорошо сохранившаяся книга, написанная более 100 лет назад, несёт на себе отпечаток Вонды Лассиена, одного из выдающихся исследователей конфликта между людьми и кентаврами»."
"""Wrong step. Now, wait until the dance begins again.""","«Неправильный шаг. Теперь подожди, пока танец не начнется снова»."
"""Wrong. And wrong again. (laugh) Oh, your mind is weak and fragile.""","«Неправильно. И снова неправильно. (смех) О, твой разум слаб и хрупкий»."
"""Wuh—?! You're alive! Captain, look! Survivors!""","«Ух?! Вы живы! Капитан, посмотрите! Выжившие!»"
"""Wurm larvae, everywhere. That really brightens the place up.""",«Личинки червей повсюду. Это действительно делает это место ярче».
"""Wurm-Schlurfer[F:""""Schlurferin""""]""","""Вурм-Шлурфер[F:""""Шлурферин""""]"""
"""WvW mission. Members must capture and hold an objective; that objective must reach a certain tier within the time limit. Three guild members must participate in the assault event, and must be within the capture radius when the assault event completes. Guilds do not need to claim the objective, they only need to participate in the assault event.""","«Миссия WvW. Участники должны захватить и удержать цель; эта цель должна достичь определенного уровня в течение установленного срока. Три члена гильдии должны участвовать в штурмовом событии и должны находиться в радиусе захвата, когда штурмовое событие завершится. Гильдиям не нужно претендовать на цель, им нужно только участвовать в штурмовом событии»."
"""WvW rank is earned by playing in World vs. World. They allow you to train WvW abilities, which are advanced powers that you earn for all characters on your account.""","«Ранг WvW зарабатывается, играя в World vs. World. Они позволяют вам тренировать способности WvW, которые представляют собой расширенные способности, которые вы зарабатываете для всех персонажей в своей учётной записи»."
"""Wychmire Swamp has always been dangerous, but it's even more so now. The Nightmare Court set up camp in the heart of the swamp, and unnatural creatures rise up around them. Also, jungle trolls up north threaten the only major route through the area. Tread carefully.""","«Болото Уичмайра всегда было опасным, но сейчас оно стало ещё опаснее. Двор Кошмаров разбил лагерь в самом сердце болота, а вокруг них поднимаются неестественные существа. Кроме того, тролли джунглей на севере угрожают единственному главному маршруту через эту местность. Действуйте осторожно»."
"""Wyvern Matriarch, Patriarch, and Young""","«Виверна-матриарх, патриарх и молодой»"
"""Xera's magic has been weakened, revealing her human form.""","«Магия Зеры ослабла, обнажая её человеческую форму»."
"""Xunlai Jade Operational Report: Third Quarter, 1844""",«Операционный отчёт Сюньлайского нефрита: третий квартал 1844 г».
"""Xunlai Jade assures the public that there is nothing to fear, but the civilian reports tell another story.""","«Сюньлай Джейд уверяет общественность, что бояться нечего, но гражданские отчёты рассказывают другую историю»."
"""Xunlai Jade is going to ruin this country. What do you have to say for yourself, hmm?""","«Сюньлай Джейд разрушит эту страну. Что ты можешь сказать о себе, а?»"
"""Xunlai Jade, bringing safety back to the streets of New Kaineng.""",«Сюньлай Джейд возвращает безопасность на улицы Нового Кайненга».
"""Xuorri was cornered. At last, the centaur hunters had finally caught up with him. As his enemies lifted their swords, he simply closed his eyes and prayed, """"Zintl, light my path and guide me toward the Endless Summer."""" In that moment, Xuorri was engulfed by a radiant light. The hylek's skin warmed under the beams, and when Xuorri opened his eyes, his pursuers writhed on the ground. They had been blinded by the Lifegiver's light, allowing Xuorri a swift escape.""","«Ксуорри был загнан в угол. Наконец, кентавры-охотники наконец догнали его. Когда его враги подняли свои мечи, он просто закрыл глаза и взмолился: «Зинтл, освети мой путь и веди меня к Бесконечному Лету». В этот момент Ксуорри был охвачен сияющим светом. Кожа хилека нагрелась под лучами, и когда Ксуорри открыл глаза, его преследователи корчились на земле. Они были ослеплены светом Дающего Жизнь, что позволило Сюорри быстро сбежать»."
"""Y-yes, sir! I'm sorry, sir. Please don't tell the commander, sir?""","«Д-да, сэр! Извините, сэр. Пожалуйста, не говорите командиру, сэр?»"
"""Y-you really think so? He is observant, true. And he is just so sweet... But what if it doesn't matter? I'm a freebooter, and he's not! What if we have to stay apart?""","— Т-ты правда так думаешь? Он наблюдательный, правда. И он такой милый... Но что, если это не имеет значения? Я флибустьер, а он нет! Что, если нам придётся держаться порознь?"
"""YOU owe ME? Look, I made some mistakes, and I'm paying for them. But you don't owe me a damn thing.""","«ТЫ МНЕ должен? Слушай, я допустил несколько ошибок и расплачиваюсь за них. Но ты мне ни черта не должен»."
"""Yaaah! Charybda, forgive me...""","«Да-а-а! Харибда, прости меня...»"
"""Yao wasn't kidding, you ARE cute! It's nice to finally put a face to all the good gossip. Been told you're the helpful type; interested in helping me do a little research on AI empathy? For SCOUT!""","«Яо не шутил, ты милый! Приятно, наконец, взглянуть в лицо всем хорошим сплетням. Мне сказали, что ты отзывчивый тип; хочешь помочь мне провести небольшое исследование по эмпатии ИИ? Для СКАУТА!»"
"""Yao, these are case notes, not a holo-news broadcast! (clears throat) I'll continue logging updates as they occur. Gorrik out.""","«Яо, это записи о делах, а не голографическая передача новостей! (прокашливается) Я продолжу записывать обновления по мере их поступления. Горрик уходит»."
"""Yarr and rarr and blimey, matey! How's about you let us fellow pirates through? Avast, and bosun the prow-cap, sailor!""","«Ярр и р-р-р и черт возьми, приятель! Как насчет того, чтобы пропустить нас, товарищей-пиратов? Аваст и боцман, матрос!»"
"""Yarr! 'Tis true, 'tis true.""","«Йрр! Это правда, это правда»."
"""Yarr, me hearties! I'll wager my buddy here can drink you foul-smelling lot under the table! Now, who's got the guts to challenge us?""","«Йрр, мои дорогие! Держу пари, что мой приятель сможет выпить вашу вонючую массу под столом! Ну, у кого хватит смелости бросить нам вызов?»"
"""Yasfahr, the Rune[s] of Sacrifice""","«Ясфар, руна жертвоприношения»"
"""Yatendi, Jahai Bluffs""","«Ятенди, Джахай Блафс»"
"""Yay, Izem won! He was my pick!""","«Ура, Изем победил! Он был моим выбором!»"
"""Ye must've forgotten ta swab the poop deck, ye filthy dog.""","«Ты, должно быть, забыл протереть корму, грязная собака»."
"""Yeah woo! You know what? The krait are reeling from your short time with us. Thanks to your efforts, the Hazupl tribe now stands a chance. I'd send you a box of bugs, if I had any to spare.<br><br>—Your buddy, Yoal""","«Да-а-а! Знаешь что? Крайты шатаются от твоего короткого пребывания с нами. Благодаря твоим усилиям у племени Хазупл теперь есть шанс. Я бы послал тебе коробку жуков, если бы они у меня были в запасе.<br><br>—Твой приятель, Йоал»"
"""Yeah! Fight like Wolf! As a pack, and unstoppable!""","«Да! Сражайся как Волк! Как стая, и его невозможно остановить!»"
"""Yeah, I hear you. A lot's changed since Tetra came on.""","«Да, я вас слышу. Многое изменилось с тех пор, как появилась Тетра»."
"""Yeah, I knew he had it made when Kiel appointed him the Lionguard quartermaster during the crisis.""","«Да, я знал, что он это сделал, когда Киль назначил его квартирмейстером Львиной стражи во время кризиса»."
"""Yeah, I'll be leaving now.""","«Да, я сейчас уйду»."
"""Yeah, I'm not giving up yet.""","«Да, я ещё не сдаюсь»."
"""Yeah, I'm sure they are. I'm leaving.""","«Да, я уверен, что они есть. Я ухожу»."
"""Yeah, because it's necessary for you to stand around, breathing down our necks. Very productive. Start digging or shut up.""","«Да, потому что вам необходимо стоять и дышать нам в шею. Очень продуктивно. Начинайте копать или заткнитесь»."
"""Yeah, because knowing how to swing a weapon is just so hard.""","«Да, потому что уметь владеть оружием очень сложно»."
"""Yeah, but getting our base back was a good start. Thanks.""","«Да, но возвращение нашей базы было хорошим началом. Спасибо»."
"""Yeah, but the earth's solid. Permanent, filled with riches. You can rely on stone.""","«Да, но земля твердая. Вечная, наполненная богатствами. На камень можно положиться»."
"""Yeah, but we'll need more than this to get to Kralkatorrik.""","«Да, но чтобы добраться до Кралькаторрика, нам понадобится нечто большее»."
"""Yeah, enjoy the snow. Good-bye.""","«Да, наслаждайся снегом. До свидания»."
"""Yeah, go over the plan again. I want to make sure I understand it.""","«Да, просмотри план ещё раз. Я хочу убедиться, что я его понимаю»."
"""Yeah, good times. Why did they attack us, though? What do they have to gain?""","«Да, хорошие времена. Но почему они на нас напали? Что они от этого получат?»"
"""Yeah, in a BOOK. But I had to find it for REAL. You want to share the credit, help me open this door.""","«Да, в КНИГЕ. Но мне нужно было найти её НАСТОЯЩЕЕ. Хочешь поделиться заслугой, помоги мне открыть эту дверь»."
"""Yeah, it's making me nervous.""","«Да, это заставляет меня нервничать»."
"""Yeah, it's why I'm headed some place warmer.""","«Да, именно поэтому я направляюсь в место потеплее»."
"""Yeah, maybe they don't trust anyone else with an assignment of this magnitude.""","«Да, возможно, они больше никому не доверяют задание такого масштаба»."
"""Yeah, of course!""","«Да, конечно!»"
"""Yeah, once we've got a Khan-Ur again, nothing's going to stop us.""","«Да, когда у нас снова появится Хан-Ур, нас уже ничто не остановит»."
"""Yeah, probably not a good place for you.""","«Да, вероятно, это не самое подходящее место для тебя»."
"""Yeah, see ya.""","«Да, увидимся»."
"""Yeah, sorry I'm late. Had to stop and help some tourists who got waylaid by Speakers.""","«Да, извини, что опоздал. Пришлось остановиться и помочь туристам, которых подстерегли Спикеры»."
"""Yeah, sure. Go.""","«Да, конечно. Иди»."
"""Yeah, take all of my plant material.""","«Да, возьми весь мой растительный материал»."
"""Yeah, take this!""","«Да, возьми это!»"
"""Yeah, that's not what I'm looking for.""","«Да, это не то, что я ищу»."
"""Yeah, that's ours. I tell you, when we're done here, we should torch these skritt caves.""","«Да, это наше. Говорю тебе, когда мы здесь закончим, нам следует поджечь эти пещеры скриттов»."
"""Yeah, the tactician is the sort that peeks at answers rather than learn from experience.""","«Да, тактик из тех, кто ищет ответы, а не учится на опыте»."
"""Yeah, think about that.""","«Да, подумай об этом»."
"""Yeah, those smelly dredge in the ruins are sitting on an artifact gold mine. I know, I know, what's a cute girl like me doing looking for artifacts, right? Well, if it weren't for that lousy arcanist...""","«Да, эти вонючие земснаряды в руинах сидят на золотом руднике артефактов. Я знаю, знаю, что делает такая милая девчонка, как я, ищущая артефакты, верно? Ну, если бы не этот паршивый арканист…»"
"""Yeah, those smelly mole-men took over all the Deldrimor ruins after the dwarves fell. They're disgusting and have zero social skills. It's a pain just trying to get artifacts away from them.""","«Да, эти вонючие люди-кроты захватили все руины Делдримора после падения гномов. Они отвратительны и у них нулевые социальные навыки. Это боль, просто пытаться отобрать у них артефакты»."
"""Yeah, too much ale made me miss the Great Hunt. I'm looking forward to an epic battle today.""","«Да, из-за слишком большого количества эля я пропустил Великую Охоту. Сегодня я с нетерпением жду эпической битвы»."
"""Yeah, um, I don't know if this is the best place to go, but I saw something...weird the other day.""","«Да, эм, я не знаю, лучшее ли это место, но на днях я увидел кое-что… странное»."
"""Yeah, well, you do the inventorying, and I'll do the killing.""","«Да, ну, ты проведешь инвентаризацию, а я буду убивать»."
"""Yeah, well.""","«Да, ну»."
"""Yeah, yeah. Just get the door open, brainiac.""","— Да, да. Просто открой дверь, умник."
"""Yeah, yeah. Watch me leave.""","«Да, да. Смотри, как я ухожу»."
"""Yeah, yeah.""","""Ага-ага."""
"""Yeah, you better run!""","— Да, тебе лучше бежать!"
"""Yeah, you made your point.""","«Да, ты высказал свою точку зрения»."
"""Yeah. I ain't scared, but I'd avoid that charge. It'll give ya a headache for sure.""","«Да. Я не боюсь, но я бы избегал этого обвинения. От этого у тебя наверняка заболит голова»."
"""Yeah. I have mixed feelings too. They're saying it's Balthazar, but...""","«Да. У меня тоже смешанные чувства. Говорят, это Бальтазар, но…»"
"""Yeah. I've lived here since I was an infant with my father, Borje the Sun Chaser. He died when I was young, but I stayed here and lived with Yngvi Rugnar. He and his mate have taught me well.""","«Да. Я жил здесь с детства со своим отцом, Борье Охотником за Солнцем. Он умер, когда я был маленьким, но я остался здесь и жил с Ингви Ругнаром. Он и его товарищ хорошо меня научили»."
"""Yeah. Who is he to think he's useful, right?""","«Да. Кто он такой, чтобы думать, что он полезен, верно?»"
"""Yeah...yeah, you might be right. Thanks.""","«Да… да, возможно, ты прав. Спасибо»."
"""Years of conflict and warfare have ravaged this land, unleashing a chaotic, primal energy from deep within the ground. The air hisses with power.""","«Годы конфликтов и войн опустошили эту землю, высвободив хаотичную, первобытную энергию из глубин земли. Воздух шипит от силы»."
"""Yellowfin tuna meat is actually ruby red, if that's what's tripping you up.""","«Мясо желтоперого тунца на самом деле рубиново-красное, если это вас сбивает с толку»."
"""Yeng Isen is an importer of dangerous beasts for the arenas of Lion's Arch. He's also an informant for the Order of Whispers. If he's turned against the Order, the identities of agents across Tyria could be in jeopardy.""","«Йенг Айсен — импортер опасных зверей для арен Львиной Арки. Он также является информатором Ордена Шепота. Если он восстанет против Ордена, личности агентов по всей Тирии могут оказаться под угрозой»."
"""Yeng Isen is missing, and he has many enemies. Got it.""","«Йенг Айсен пропал, и у него много врагов. Понятно»."
"""Yeng Isen is the Keeper of Beasts in Lion's Arch. Whether for back-alley pit fights or the grand gladiatorial pit, he's your man.""","«Йенг Айсен — Хранитель Зверей в Львиной Арке. Будь то драки в переулках или грандиозная гладиаторская яма, он твой человек»."
"""Yeng had captured an Orrian scout—inside Lion's Arch. Tybalt and I are headed to Claw Island, to warn the Lionguard.""","«Йенг поймал оррианского разведчика внутри Львиной Арки. Мы с Тибальтом направляемся на остров Когтя, чтобы предупредить Львиную стражу»."
"""Yep, got the full order.""","«Ага, получил полный заказ»."
"""Yep, that's Logan.""","«Да, это Логан»."
"""Yep, that's my bad. Just don't kick me out!""","«Да, это моя вина. Только не выгоняй меня!»"
"""Yes! I did it! Er...we did it! Wha—whoa. We're not going into that, are we?""","«Да! Я сделал это! Э… мы сделали это! Что… ого. Мы не собираемся вдаваться в подробности, не так ли?»"
"""Yes! I've seen happy undead, and I've seen nobles running around the graveyard!""","«Да! Я видел счастливую нежить, и я видел дворян, бегающих по кладбищу!»"
"""Yes! Oh, we did it.""","«Да! О, мы сделали это»."
"""Yes! Once I'm on the stage, I need you to lead the chak to me!""","«Да! Как только я выйду на сцену, мне нужно, чтобы ты подвел ко мне чака!»"
"""Yes! She may have taught me how to communicate with you in the same way. I hope this isn't an...ah, unwanted complication?""","«Да! Возможно, она научила меня общаться с тобой таким же образом. Надеюсь, это не… ах, нежелательное осложнение?»"
"""Yes! This is Scarlet's work! I'd lay my reputation on it. Oh, we're close. She can't be far away. Do you think we'll get to see her? Maybe meet her? I'd like that. Wouldn't you?""","""Да! Это работа Скарлет! Я бы положил на это свою репутацию. О, мы близко. Она не может быть далеко. Как ты думаешь, мы сможем её увидеть? Может быть, встретимся с ней? Мне бы этого хотелось. А ты?"""
"""Yes! Well, that is to say, not for very long, but er, yes, I am!""","— Да! Ну, то есть ненадолго, но э-э, да, я!"
"""Yes, Caithe is here, though she does not understand. But I have failed the others too many times.""","«Да, Кейт здесь, хотя она и не понимает. Но я слишком много раз подводил остальных»."
"""Yes, Caithe. But sometimes we have to learn that lesson for ourselves. Now we should find the others. We have a dragon to fight.""","«Да, Кейт. Но иногда нам приходится усвоить этот урок самим. Теперь нам нужно найти остальных. Нам нужно сразиться с драконом»."
"""Yes, Chef.""","«Да, шеф»."
"""Yes, Commander! The gate's shattered, but we still have our cannons. What are your orders?""","«Да, командир! Ворота разрушены, но пушки у нас ещё есть. Каковы ваши приказы?»"
"""Yes, Commander? I don't mean to be disrespectful, but I've got my hands full at the moment, so to speak. Did you need something?""","— Да, коммандер? Я не хочу показаться неуважительным, но у меня сейчас, так сказать, дела заняты. Вам что-то нужно?"
"""Yes, I am. Pretty nervous about it, to be honest.""","«Да, я очень нервничаю по этому поводу, если честно»."
"""Yes, I believe I will.""","«Да, я верю, что так и сделаю»."
"""Yes, I did. Here.""","«Да, я это сделал. Вот»."
"""Yes, I fear I must ask you to take up arms against any undead that attack this place. We cannot afford to lose it now.""","«Да, боюсь, я должен попросить вас взять в руки оружие против любой нежити, нападающей на это место. Мы не можем позволить себе потерять его сейчас»."
"""Yes, I find sylvari to be interesting as well.""","«Да, я тоже считаю, что сильвари интересны»."
"""Yes, I have some right here.""","«Да, у меня есть кое-что прямо здесь»."
"""Yes, I must go. Good-bye.""","«Да, мне пора идти. До свидания»."
"""Yes, I saw in my Dream that I would be a gardener. My connection to plants is strong. I have a special affinity for medicinal herbs.""","«Да, во сне я видел, что стану садовником. Моя связь с растениями сильна. У меня особая склонность к лекарственным травам»."
"""Yes, I suppose that will do for now. Can you two bring these up to the camp?""","«Да, я полагаю, на данный момент этого достаточно. Можете ли вы двое принести это в лагерь?»"
"""Yes, I understand. Please teach me to be a chef.""","«Да, я понимаю. Пожалуйста, научите меня быть поваром»."
"""Yes, I understand. Please teach me to be a scribe.""","«Да, я понимаю. Пожалуйста, научите меня быть писцом»."
"""Yes, I would be honored to hunt with the pack.""","«Да, для меня будет честью поохотиться со стаей»."
"""Yes, I'm a Priory historian sent here to investigate the Temple of Ages ruins. History is my life, and it's an unbelievable honor to be one of the few to explore the temple.""","«Да, я историк Приората, посланный сюда исследовать руины Храма Веков. История — это моя жизнь, и для меня невероятная честь быть одним из немногих, кто исследовал храм»."
"""Yes, I'm a pirate. So what?""","«Да, я пират. И что?»"
"""Yes, I'm interested in trading.""","«Да, меня интересует торговля»."
"""Yes, I've seen a Brandstone.""","«Да, я видел Брэндстоун»."
"""Yes, Lightbringer. I am the Master of Whispers.""","«Да, Светоносный. Я Мастер Шепота»."
"""Yes, Luminate. We know what lies beneath your precious city. It belongs to us.""","«Да, Люминат. Мы знаем, что скрывается под твоим драгоценным городом. Оно принадлежит нам»."
"""Yes, Mama.""","«Да, мама»."
"""Yes, Master. It will be done.""","«Да, Мастер. Это будет сделано»."
"""Yes, Professor? Is there something you want to ask me?""","«Да, профессор? Вы хотите что-то у меня спросить?»"
"""Yes, Quaestor!""","— Да, квестор!"
"""Yes, Tribune!""","«Да, Трибюн!»"
"""Yes, Tribune. I heard the Flame Legion have been mobilizing in northern Diessa Plateau.""","«Да, Трибьюн. Я слышал, что Легион Пламени мобилизуется на севере плато Дисса»."
"""Yes, Tribune. I'll leave right away.""","«Да, Трибьюн. Я уйду прямо сейчас»."
"""Yes, a good plan.""","«Да, хороший план»."
"""Yes, always remember—and this is very important—Hahla's dad is an idiot.""","«Да, всегда помни — и это очень важно — отец Халы — идиот»."
"""Yes, and Ahgi, too. Nice work, everyone.""","«Да, и Аги тоже. Всем хорошая работа»."
"""Yes, and I have an exacting schedule to keep.""","«Да, и у меня есть строгий график»."
"""Yes, antidote. Must have it. Probably smells bad. Must be good for you.""","«Да, противоядие. Оно должно быть. Вероятно, плохо пахнет. Должно быть, оно полезно для тебя»."
"""Yes, anyone can join.""","«Да, любой может присоединиться»."
"""Yes, as magic or other weapons will damage the fur. If you use my bow and special arrows, the hunt will be quick and clean.""","«Да, ведь магия или другое оружие повредит мех. Если ты воспользуешься моим луком и специальными стрелами, охота будет быстрой и чистой»."
"""Yes, but I can't say for sure what happened to the others that set out with us from the Labyrinthine Cliffs. I hope they avoided whatever it was that happened to our ship.""","«Да, но я не могу сказать наверняка, что случилось с остальными, которые отправились с нами из Лабиринтных скал. Надеюсь, они избежали того, что случилось с нашим кораблем»."
"""Yes, but knowledge is power, and that's all there is to it.""","«Да, но знание — это сила, и это все, что нужно»."
"""Yes, but we do more than just fight. We also help those who survive dragon attacks, and provide charity as well as defense.""","«Да, но мы делаем больше, чем просто сражаемся. Мы также помогаем тем, кто выжил после нападения драконов, и оказываем благотворительную помощь, а также защиту»."
"""Yes, can I use your forge?""","«Да, могу ли я воспользоваться вашей кузницей?»"
"""Yes, child. I'll see you there and be right by your side. As the commander said, to ensure justice is served and...""","«Да, дитя. Я увижу тебя там и буду рядом с тобой. Как сказал командир, чтобы обеспечить торжество справедливости и...»"
"""Yes, exactly. I'm not superstitious by nature, but her golem seems an attempt to cheat fate.""","«Да, именно. Я не суеверен по натуре, но её голем кажется попыткой обмануть судьбу»."
"""Yes, go forth! The Forgotten City is ours for the taking!""","«Да, вперёд! Забытый город наш!»"
"""Yes, here they are.""","«Да, вот они»."
"""Yes, indeed! My cannons are the finest you'll ever see. You can walk right up and try them out yourself, if you'd like.""","«Да, действительно! Мои пушки — лучшие, которые вы когда-либо видели. Если хотите, можете подойти и опробовать их сами»."
"""Yes, it has begun. Our forces are attacking the Forgotten City!""","«Да, началось. Наши войска атакуют Забытый город!»"
"""Yes, it is I—Senior Crystallographer Smoxxi.""","«Да, это я — старший кристаллограф Смокси»."
"""Yes, it's noble and necessary, but this entire endeavor still strikes me as unseemly.""","«Да, это благородно и необходимо, но все это начинание все равно кажется мне неприличным»."
"""Yes, it's quite an unpredictable spectacle. I love the legal process.""","«Да, это довольно непредсказуемое зрелище. Мне нравится судебный процесс»."
"""Yes, just like that! Bring me more, as fast as you can!""","«Да, именно так! Принеси мне ещё, как можно быстрее!»"
"""Yes, just when I thought Faolain couldn't get any worse... What about Caithe?""","«Да, как раз тогда, когда я подумал, что Фаолейн уже не может стать хуже… А как насчет Кейт?»"
"""Yes, let me grab my manager and file your complaint. Oh, wait, that's me! Complaint humbly ignored.""","«Да, позвольте мне схватить моего менеджера и подать вашу жалобу. Ой, подождите, это я! Жалоба смиренно проигнорирована»."
"""Yes, ma'am! You heard the lady, let's move!""","«Да, мэм! Вы слышали даму, пойдём!»"
"""Yes, ma'am.""","«Да, мэм»."
"""Yes, maybe one day we'll be asked to prepare a meal for Joko himself.""","«Да, возможно, однажды нас попросят приготовить еду для самого Джоко»."
"""Yes, more recognition!""","«Да, больше признания!»"
"""Yes, must stop them!""","«Да, надо остановить их!»"
"""Yes, my lady!""","«Да, миледи!»"
"""Yes, of course. Uh... Would it be possible to get a receipt of purchase, so that I can expense it to the Priory?""","— Да, конечно. Э-э… Можно ли получить чек о покупке, чтобы я мог отнести его на счёт Приората?"
"""Yes, old friend. Raise the cry! The workers will not be exploited anymore!""","«Да, старый друг. Поднимите крик! Рабочие больше не будут эксплуатироваться!»"
"""Yes, once. Not long ago. Once. The asura wanted to make us gone. Gone. They didn't understand skritt ways. Don't understand. Understand that they can not make us gone. Not all gone.""","""Да, однажды. Не так давно. Однажды. Асура хотела, чтобы мы исчезли. Ушли. Они не понимали способов скрита. Не понимают. Поймите, что они не могут заставить нас исчезнуть. Не все ушли""."
"""Yes, please send me to the latest waypoint.""","«Да, пожалуйста, пришлите меня к последней путевой точке»."
"""Yes, please show me your supplies.""","«Да, пожалуйста, покажите мне свои припасы»."
"""Yes, please!""","«Да, пожалуйста!»"
"""Yes, please. <c=@warning>(Warning: This removes eligibility for certain achievements.)</c>""","«Да, пожалуйста. <c=@warning>(Внимание: это лишает права на получение определенных достижений.)</c>»"
"""Yes, please.""","«Да, пожалуйста»."
"""Yes, show me the game browser.""","«Да, покажи мне игровой браузер»."
"""Yes, sir. We're not going to lose it to a bunch of smokesuckers.""","«Да, сэр. Мы не собираемся отдавать его кучке курильщиков»."
"""Yes, sir.""","«Да, сэр»."
"""Yes, some rare food from the lake. I only have a small amount, though. I need to keep as much as I can for the locals.""","«Да, немного редкой еды из озера. Правда, у меня их совсем немного. Мне нужно оставить как можно больше для местных жителей»."
"""Yes, tell me how I can honor Snow Leopard.""","«Да, скажи мне, как я могу почтить Снежного Барса»."
"""Yes, thank you. How about you? Why come out here?""","«Да, спасибо. А ты? Зачем сюда приходить?»"
"""Yes, that could be a worthwhile journey. We go to the kodan ship and confront the ghosts.""","«Да, это может быть стоящее путешествие. Мы отправляемся на корабль кодан и противостоим призракам»."
"""Yes, that is the hope, that we can be a bulwark against the Orrian menace.""","«Да, это надежда, что мы сможем стать оплотом против оррианской угрозы»."
"""Yes, that thrill of racing against the clock! Thank you for your answer, and look forward to seeing the results in our holo-news!""","«Да, это острые ощущения от гонок на время! Спасибо за ваш ответ и с нетерпением ждем результатов в наших голографических новостях!»"
"""Yes, that was a little...excessive.""","«Да, это было немного… чересчур»."
"""Yes, the asura ambassador really likes them.""","«Да, они очень нравятся послу асура»."
"""Yes, the experiment will probably kill you. But it will also advance the Inquest's march toward total world domination.""","«Да, эксперимент, вероятно, убьёт вас. Но он также продвинет марш Следствия к полному мировому господству»."
"""Yes, there are some misfortunate pirate souls that seem to be bound to the treasure. They haunt it and anyone who touches it.""","«Да, есть несколько несчастных пиратских душ, которые, кажется, привязаны к сокровищам. Они преследуют его и всех, кто к нему прикасается»."
"""Yes, there're some particularly unusual looking outsiders wandering around.""","«Да, здесь бродят несколько особенно необычно выглядящих чужаков»."
"""Yes, they control an outpost near the dumpsite.""","«Да, они контролируют заставу возле свалки»."
"""Yes, they will. I'll make sure of it.""","«Да, они будут. Я позабочусь об этом»."
"""Yes, this is the time I enjoy the most. No saurians and no dragon minions.""","«Да, это время мне нравится больше всего. Никаких ящеров и никаких миньонов-драконов»."
"""Yes, though keep in mind that while they may look substantial, they're still constructs of wind and sand. When you interact with one, don't fight its inner nature. Shift with it, like the sand.""","«Да, но имейте в виду, что, хотя они могут выглядеть солидными, они по-прежнему представляют собой конструкции из ветра и песка. Когда вы взаимодействуете с одним из них, не боритесь с его внутренней природой. Двигайтесь вместе с ним, как песок»."
"""Yes, traveler?""","— Да, путник?"
"""Yes, very interesting.""","«Да, очень интересно»."
"""Yes, very proud indeed!""","«Да, очень горжусь!»"
"""Yes, we are.""","«Да, мы такие»."
"""Yes, we can, Zemzer. I have a well-ordnanced surprise planned for this ghostly 'Warmaster.' With these new weapons, we can't fail.""","«Да, мы можем, Земзер. У меня запланирован хорошо подготовленный сюрприз для этого призрачного «Воителя». С этим новым оружием мы не проиграем»."
"""Yes, we should learn more about this door.""","«Да, нам следует узнать больше об этой двери»."
"""Yes, what is it?""","«Да, что это такое?»"
"""Yes, why?""","«Да, почему?»"
"""Yes, with approval.""","«Да, с одобрения»."
"""Yes, yes I will. You will all bear witness to it. Especially you, my """"love."""" Suffer, break, and burn!""","«Да, да, буду. Вы все будете этому свидетелями. Особенно вы, моя «любовь». Страдайте, ломайте и горите!»"
"""Yes, yes yes! Bring in more, I give you shinies.""","«Да, да, да! Приносите ещё, я подарю вам блестки»."
"""Yes, yes! Tchkik found that one, in room full just like it. Many, many just like it. Tchkik went back to bring more, but...she has not returned.""","""Да, да! Чкик нашёл эту, в комнате, полной такой же. Многим, многим она точно такая же. Чкик вернулся, чтобы принести ещё, но... она не вернулась""."
"""Yes, yes!""","«Да, да!»"
"""Yes, yes, are you here for excavation, research, or defense?""","«Да, да, вы здесь для раскопок, исследований или защиты?»"
"""Yes, yes. I have an assistant in mind who will be the perfect test subject. Annoying twerp.""","«Да, да. Я имею в виду помощника, который станет идеальным подопытным. Надоедливый придурок»."
"""Yes, yes. Leaf men and fire trolls, new. And the crazy gray-ears. And many bad hiding men, too. So bad.""","«Да, да. Люди-листья и огненные тролли, новые. И сумасшедшие сероухие. И ещё много плохо прячущихся людей. Очень плохо»."
"""Yes, yes. Quaggan not any different from other Quaggans.""","«Да, да. Квагган ничем не отличается от других квагганов»."
"""Yes, yes. What is it?""","«Да, да. Что такое?»"
"""Yes, yes?""","«Да, да?»"
"""Yes, you can simply bash it. A few good hits should do the trick.""","«Да, ты можешь просто ударить его. Несколько хороших ударов должны помочь»."
"""Yes, you're right. I have to keep fighting.""","«Да, ты прав. Я должен продолжать сражаться»."
"""Yes, you've been looking much more vibrant of late.""","«Да, в последнее время ты выглядишь намного бодрее»."
"""Yes, your services are needed.""","«Да, ваши услуги необходимы»."
"""Yes. Good idea. Go, all of us.""",«Да. Хорошая идея. Идите все мы».
"""Yes. Humans enjoy being subservient, don't they?""","«Да. Людям нравится подчиняться, не так ли?»"
"""Yes. I just want to stop and enjoy the jungle sometimes. It's one of those days, for sure.""",«Да. Мне просто хочется иногда останавливаться и наслаждаться джунглями. Это точно один из тех дней».
"""Yes. Keep working, and don't think about it. Forget what their faces looked like.""","«Да. Продолжай работать и не думай об этом. Забудь, как выглядели их лица»."
"""Yes. Left with nothing but our beards. I even lost my favorite beer goblet, and I swore someone would have to tear it from my dead fingers before I gave it up. It's somewhere in the Wayfarer Foothills.""","«Да. Остался ни с чем, кроме наших бород. Я даже потерял свой любимый пивной кубок и поклялся, что кому-то придётся вырвать его из моих мёртвых пальцев, прежде чем я отдам его. Это где-то в Предгорьях Странника»."
"""Yes. The fractals quickplay entrance will match you with a group of likeminded heroes. To ensure success, I will also endeavor to lend what aid I can to you and your allies.""","«Да. Вход в быструю игру фракталов позволит вам найти группу героев-единомышленников. Чтобы обеспечить успех, я также постараюсь оказать всю возможную помощь вам и вашим союзникам»."
"""Yes. Tyria was on the verge of annihilation by the Great Destroyer, but the dwarves had a ritual. The ritual worked, but it exacted a severe price. The dwarves paid it.""","«Да. Тирия была на грани уничтожения Великим Разрушителем, но у гномов был ритуал. Ритуал сработал, но за него пришлось заплатить суровую цену. Гномы заплатили за неё»."
"""Yes. We must always strive ever upward into the light of the Sun, and inspire others to rise also. Continue!""","«Да. Мы всегда должны стремиться вверх, к свету Солнца, и вдохновлять других тоже подняться. Продолжайте!»"
"""Yes. Well, let's hope it doesn't come to that.""","— Да. Что ж, будем надеяться, что до этого не дойдёт."
"""Yes. Yes, I would. So, what're you doing out here?""","«Да. Да, я бы хотел. Итак, что ты здесь делаешь?»"
"""Yes. Yes, lovely. I didn't know you knew how to make tea.""","«Да. Да, милая. Я не знала, что ты умеешь заваривать чай»."
"""Yes. Yes. Burn, dead ones!""","«Да. Да. Горите, мертвецы!»"
"""Yes... In the middle, though. The outside was mushy.""",«Да… Хотя посередине. Снаружи было мягкое».
"""Yes...I """"helped."""" And I thought the Firstborn were full of themselves.""","«Да... я «помог». И я думал, что Первенцы были самодовольны»."
"""Yes...well, I was just wondering if you might know of any availabilities for entertainers such as myself?""","«Да… ну, мне просто интересно, знаете ли вы о каких-нибудь предложениях для таких артистов, как я?»"
"""Yesterday, I lifted my dad's axe for the first time!""",«Вчера я впервые поднял папин топор!»
"""Yeti yeti yeti! Big, mean, and nasty, the yeti attacks everyone it sees and hides when it sees no one.""","«Йети, йети, йети! Большой, злой и противный йети нападает на всех, кого видит, и прячется, когда никого не видит»."
"""Yoho, you scurvy dog .""","«Йохо, ты цинга, собака»."
"""Yokko, status report!""","«Ёкко, отчёт о состоянии!»"
"""Yoo-hoo, over here!""","«Йу-ху, сюда!»"
"""You """"got a feeling"""" about every loser today.""",«Ты «чувствуешь» каждого проигравшего сегодня».
"""You Have My Gratitude, %str1%.""","«Моя благодарность, %str1%»."
"""You ache, watching those you vowed to protect...""","«Тебе больно смотреть на тех, кого ты поклялся защищать…»"
"""You almost got him! Go, go!""","«Ты почти поймал его! Иди, иди!»"
"""You already have the maximum active disciplines, so you'll need to deactivate one first. You won't lose your progress, but reactivating it will cost more than learning a new discipline.""","«У вас уже есть максимальное количество активных дисциплин, поэтому сначала вам нужно деактивировать одну. Вы не потеряете свой прогресс, но его повторная активация будет стоить дороже, чем изучение новой дисциплины»."
"""You already own the complete package for this skin, or you must have partial ownership of it to acquire it.""","«У вас уже есть полный пакет этого облика, или вам необходимо частично владеть им, чтобы приобрести его»."
"""You already own this glider, or you must unlock the corresponding novelty to acquire it.""","«У вас уже есть этот планер, или вам необходимо разблокировать соответствующую новинку, чтобы получить его»."
"""You already own this novelty, or you must unlock the corresponding glider to acquire it.""","«У вас уже есть эта новинка, или вам необходимо разблокировать соответствующий планер, чтобы приобрести её»."
"""You already own this skin, or you must have the Wings of Love Glider unlocked to acquire it.""","«У вас уже есть этот облик, или для его приобретения вам необходимо разблокировать планер «Крылья любви»."
"""You already own this toy, or you must unlock the corresponding outfit to acquire it.""","«Эта игрушка у вас уже есть, или вам необходимо разблокировать соответствующий наряд, чтобы получить её»."
"""You always say that! I'll go this time, but next time it's your job.""","«Ты всегда так говоришь! На этот раз я пойду, но в следующий раз это твоя работа»."
"""You always were crafty, Zojja. But craftiness is not true genius.""","«Ты всегда была хитрой, Зоджа. Но хитрость — это не настоящий гений»."
"""You and all your axe clones shadowstep to a random location around your target and strike, applying confusion. This attack breaks enemy targeting, and your illusions change focus to the targeted foe.""","«Вы и все ваши клоны топора шагаете в случайное место вокруг вашей цели и наносите удар, вызывая замешательство. Эта атака нарушает нацеливание врага, и ваши иллюзии переключают фокус на выбранного врага»."
"""You and nearby allies gain swiftness, while curing crippled, immobilized, and chilled.""","«Вы и ближайшие союзники получаете скорость, одновременно исцеляя искалеченных, обездвиженных и охлажденных»."
"""You and the warband are ordered to rendezvous at Moledavia, assault the dredge, and reclaim the vehicle. Here's to hoping it'll be that easy.""","«Вам и отряду приказано встретиться в Моледавии, атаковать драгу и вернуть машину. Будем надеяться, что это будет так просто»."
"""You and your illusions deal increased strike damage to foes without boons. Disabling a foe removes boons from them.<br><c=@reminder>Disables include stun, daze, knockback, pull, knockdown, sink, float, launch, taunt, and fear.</c>""","«Вы и ваши иллюзии наносят увеличенный урон от ударов противникам без даров. Выведение противника из строя лишает его даров.<br><c=@reminder>Отключение включает оглушение, ошеломление, отбрасывание, притягивание, нокдаун, погружение, плавание, запуск, насмешку и страх.</c>»"
"""You and your illusions deal increased strike damage. Strike damage is further increased against foes without boons. Disabling a foe removes boons from them.<br><c=@reminder>Disables include stun, daze, knockback, pull, knockdown, sink, float, launch, taunt, and fear.</c>""","«Вы и ваши иллюзии наносите увеличенный урон от удара. Урон от удара ещё больше увеличивается по противникам без даров. Выведение противника из строя лишает его даров.<br><c=@reminder>Отключение включает оглушение, ошеломление, отбрасывание, притягивание, нокдаун, погружение, плавание, запуск, насмешку и страх.</c>»"
"""You and your krewe are prepared to extract Doxa from the MIG, but it won't be easy...or safe. So many things could go wrong: Doxa could die, the MIG could run amok again, or the Inquest could storm in and ruin everything. Still, if geniuses avoided conducting experiments that could blow up in their faces, there'd never be any progress. Onward!""","«Вы и ваши креве готовы извлечь Доксу из МИГа, но это будет нелегко… и небезопасно. Очень многое может пойти не так: Докса может погибнуть, МИГ может снова выйти из-под контроля или Следствие может ворваться и все разрушить. Тем не менее, если гении будут избегать проведения экспериментов, которые могут взорваться им в лицо, прогресса никогда не будет. Вперёд!»"
"""You and your krewe have decided to fuse Kazz with another golem so that he and Doxa can be together. It's an old story: boy meets girl, girl gets fused to a golem, boy fuses himself to a golem...and as long as Kazz and Doxa don't die, and the golems don't run amok, and the Inquest doesn't spoil everything, this tale might just have a happy ending.""","«Вы и ваш креве решили соединить Казза с другим големом, чтобы он и Докса могли быть вместе. Это старая история: мальчик встречает девушку, девочка сливается с големом, мальчик сливается с големом... и пока Казз и Докса не умрут, а големы не выйдут из-под контроля и дознание не испортит все, у этой истории может быть счастливый конец»."
"""You and your mount are soaked to the bone and shivering, slowing you down. You are now more prone to...accidents.""","«Вы и ваше животное промокли до костей и дрожите, замедляя ваше движение. Теперь вы более склонны к… несчастным случаям»."
"""You and your pet deal increased strike damage to disabled, defiant, or movement-impaired foes.<br><c=@reminder>Affected conditions are stun, taunt, daze, cripple, fear, immobilize, and chilled.</c>""","«Вы и ваш питомец наносите увеличенный урон от ударов обездвиженным, дерзким или ограниченным в движении противникам.<br><c=@reminder>Затрагиваемые состояния: оглушение, насмешка, ошеломление, калека, страх, обездвиживание и охлаждение.</c>»"
"""You and your pet gain ferocity. Axe skills gain reduced recharge, and you gain additional ferocity while wielding an axe.""","«Вы и ваш питомец обретаете свирепость. Навыки топора перезаряжаются медленнее, и вы получаете дополнительную свирепость, когда владеете топором»."
"""You and your pet grant each other increased damage and movement speed when striking enemies. <c=@reminder>When this triggers, it refreshes the duration of all stacks.</c>""","«Вы и ваш питомец увеличиваете урон и скорость передвижения друг друга при нанесении ударов по врагам. <c=@reminder>Когда это срабатывает, длительность всех стаков обновляется.</c>»"
"""You are a child of the Pale Tree, and a member of the Pact. Mordremoth is the enemy.""",«Ты — дитя Бледного Древа и член Пакта. Мордремот — враг».
"""You are a salty grub, friend! Quaggan has much respect for you.""","«Ты соленая харча, друг! Квагган тебя очень уважает»."
"""You are about to permanently destroy %str1%, of which you have unlocked the maximum quantity for the Legendary Armory. Enter the item's name below to confirm before destroying.""","«Вы собираетесь навсегда уничтожить %str1%, максимальное количество которого вы разблокировали для Легендарного арсенала. Введите название предмета ниже для подтверждения перед уничтожением»."
"""You are about to permanently destroy %str1%, which can be placed in the Legendary Armory. Enter the item's name below to confirm before destroying.""","«Вы собираетесь навсегда уничтожить %str1%, который можно поместить в Легендарный арсенал. Введите название предмета ниже для подтверждения перед уничтожением»."
"""You are about to permanently destroy %str1%, which can only be purchased once per account. Enter the item's name below to confirm before destroying.""","«Вы собираетесь навсегда уничтожить %str1%, который можно приобрести только один раз для каждой учётной записи. Введите название предмета ниже для подтверждения перед уничтожением»."
"""You are anchored to a point in time and can return to it. If you die, you are automatically returned.""","«Вы привязаны к определенному моменту времени и можете вернуться в него. Если вы умрете, вы автоматически вернетесь»."
"""You are at tier %num1% participation, and tier %num2% participation is required to earn reward pips. More information about tier participation can be found by checking the chest icon anchored to your mini map.""","«Вы находитесь на уровне участия %num1%, а для получения призовых очков требуется участие уровня %num2%. Более подробную информацию об участии на уровне можно найти, проверив значок сундука, прикрепленный к вашей мини-карте»."
"""You are attempting to log in with an account that does not have Guild Wars 2 registered to it. Please register a Guild Wars 2 serial code to this account. For additional information, please visit <a=1>http://support.guildwars2.com</a>.""","«Вы пытаетесь войти в систему с учётной записью, на которой не зарегистрирована Guild Wars 2. Пожалуйста, зарегистрируйте серийный код Guild Wars 2 для этой учётной записи. Для получения дополнительной информации посетите <a=1>http://support.guildwars2.com</a>»."
"""You are charged with a negative magnetic signature. Go find Jimmy Hammerhart, who matches your signature.""","«Вас обвиняют в отрицательной магнитной подписи. Найдите Джимми Хаммерхарта, подпись которого совпадает с вашей»."
"""You are charged with a positive magnetic signature. Go find Jessica Hammerhart, who matches your signature.""","«Вы заряжены положительной магнитной подписью. Найдите Джессику Хаммерхарт, которая соответствует вашей подписи»."
"""You are clearly a man of high regard—surely, you could do better.""","«Вы явно уважаемый человек, и, конечно, вы могли бы добиться большего»."
"""You are correct. Side by side, we will stand against the tide. Thank you, my friend. I must go, and consider my next move. I will call on you when I know what it will be.""","«Вы правы. Мы будем стоять плечом к плечу против течения. Спасибо, друг мой. Мне пора идти и обдумывать свой следующий шаг. Я позову тебя, когда узнаю, каким он будет»."
"""You are dead, yes?""","— Ты мертв, да?"
"""You are entering an area of lethal of amounts of spectral agony. Turn around, quickly!""",«Вы входите в область смертельной призрачной агонии. Быстро обернитесь!»
"""You are few, while my soldiers are infinite.""","«Вас мало, а моих солдат бесконечно»."
"""You are flying too far away from the scouting route. Return, or the magic will wear off.""","«Вы улетаете слишком далеко от маршрута разведки. Возвращайтесь, иначе магия исчезнет»."
"""You are helping. Watch what happens here, and sing my legend at the council fires.""","«Вы помогаете. Посмотрите, что здесь происходит, и войте мою легенду у костров совета»."
"""You are honored guests in Hoelbrak, but you can't threaten me in my own home.""","«Вы почётные гости в Хельбраке, но вы не можете угрожать мне в моем собственном доме»."
