english,translate
"""<c=@flavor>""""Reminds me of days gone by.""""<br>—Diantha</c>""","""<c=@flavor>""""Напоминает мне о прошедших днях.""""<br>—Дианта</c>"""
"""<c=@flavor>""""Ryland said no solo scouting, so I went with Vishen to check out the nearby caves. Good thing I was there—that troll was pretty big.""""</c>""","""<c=@flavor>""""Райланд сказал, что разведка в одиночку запрещена, поэтому я пошёл с Вишеном осмотреть близлежащие пещеры. Хорошо, что я был там — этот тролль был довольно большим.""""</c>"""
"""<c=@flavor>""""Scholar told me all about matrixes and arcane stuffs. I couldn't listen because of how shiny this shiny is.""""<br>—Sik'klak</c>""","""<c=@flavor>""""Ученый рассказал мне все о матрицах и тайных вещах. Я не мог слушать, потому что этот блестящий блестящий.""""<br>—Сик'клак</c>"""
"""<c=@flavor>""""Scouted a reflector overlooking a Bear shrine. Lines up with others nearby. Then spotted the tower to the southwest...""""""","""<c=@flavor>""""Обнаружил отражатель с видом на святилище Медведя. Выстраивается в линию с другими поблизости. Затем заметил башню на юго-западе..."""""""
"""<c=@flavor>""""Seed pods remind us of those who have not yet awakened.""""<br>—Diantha</c>""","""<c=@flavor>""""Семенные коробочки напоминают нам о тех, кто ещё не проснулся.""""<br>—Дианта</c>"""
"""<c=@flavor>""""Seek knowledge.""""<br>—Bink</c>""","""<c=@flavor>""""Ищите знания.""""<br>—Бинк</c>"""
"""<c=@flavor>""""Seems they had fancy spoons too. Well, that answers that question.""""<br>—Tactician Almonia</c>""","""<c=@flavor>""""Кажется, у них тоже были необычные ложки. Что ж, это ответ на этот вопрос.""""<br>—Тактик Алмония</c>"""
"""<c=@flavor>""""Separatists on one side, ghosts on the other. Too many dead charr.""""</c>""","""<c=@flavor>""""Сепаратисты с одной стороны, призраки с другой. Слишком много мёртвых чарров.""""</c>"""
"""<c=@flavor>""""Seriously, I don't want this thing.""""<br>—Lieutenant Pickins</c>""","""<c=@flavor>""""Серьёзно, мне эта штука не нужна.""""<br>—Лейтенант Пикинс</c>"""
"""<c=@flavor>""""Share and share alike. Sometimes a person needs a little more—uh—motivation, to be of the giving sort.""""<br>—Maakel The Immortal</c>""","""<c=@flavor>""""Делитесь и делитесь одинаково. Иногда человеку нужно немного больше... э-э... мотивации, чтобы быть щедрым.""""<br>—Маакел Бессмертный</c>"""
"""<c=@flavor>""""Sharper than your normal dagger...""""</c>""","""<c=@flavor>""""Острее обычного кинжала...""""</c>"""
"""<c=@flavor>""""Shaved one gram off the pommel to balance everything out.""""<br>—Crusader Brice</c>""","""<c=@flavor>""""Сбрил один грамм с навершия, чтобы все сбалансировать.""""<br>—Крестоносец Брайс</c>"""
"""<c=@flavor>""""Shaved one half gram off the pommel to balance everything out.""""<br>—Crusader Brice</c>""","""<c=@flavor>""""Сбрил полграмма с навершия, чтобы все сбалансировать.""""<br>—Крестоносец Брайс</c>"""
"""<c=@flavor>""""Shhh-shhhimmery.""""<br>—Qualdup</c>""","""<c=@flavor>""""Тсс-шшхиммери.""""<br>—Квалдап</c>"""
"""<c=@flavor>""""Shoes wear out quickly when you travel often. Travel twice as far with your own set of Lionguard shoes!""""<br>—Lionguard Rhyn</c>""","""<c=@flavor>""""Когда вы часто путешествуете, обувь быстро изнашивается. Путешествуйте в два раза дальше со своим собственным комплектом обуви Lionguard!""""<br>—Lionguard Rhyn</c>"""
"""<c=@flavor>""""Shoots shinies.""""<br>—Explorer Grretergrret</c>""","""<c=@flavor>""""Стреляет блестками.""""<br>—Исследователь Гретергррет</c>"""
"""<c=@flavor>""""Shoulderguards built for a hero.""""<br>—Arcanist Sol</c>""","""<c=@flavor>""""Наплечники, созданные для героя.""""<br>—Арканист Сол</c>"""
"""<c=@flavor>""""Show any weakness and centaurs will be on you like flies on carrion.""""<br>—Seraph Elmder</c>""","""<c=@flavor>""""Прояви любую слабость, и кентавры набросятся на тебя, как мухи на падаль.""""<br>—Сераф Элмдер</c>"""
"""<c=@flavor>""""Siege machinery takes a lot of lumber, and that takes a lot of axes. Sharp, sharp axes.""""<br>—Crusader Vilborg</c>""","""<c=@flavor>""""Осадная техника требует много древесины, а для этого нужно много топоров. Острые, острые топоры.""""<br>—Крестоносец Вилборг</c>"""
"""<c=@flavor>""""Sign below to support removing Dr. Bleent from the Arcane Council.""""</c>""","""<c=@flavor>""""Подпишитесь ниже, чтобы поддержать исключение доктора Блинта из Тайного совета.""""</c>"""
"""<c=@flavor>""""Simple and effective.""""<br>—Warden Brulians</c>""","""<c=@flavor>""""Просто и эффективно.""""<br>—Брулианцы-надзиратели</c>"""
"""<c=@flavor>""""Since Ryland had to face down Branded without his pauldrons, I've acquired a portable anvil so we never have that problem again.""""</c>""","""<c=@flavor>""""Поскольку Райланду пришлось сражаться с Клейменным без его наплечников, я приобрел переносную наковальню, чтобы у нас больше никогда не возникало этой проблемы.""""</c>"""
"""<c=@flavor>""""Skale number 354. Do not remove on penalty of death.""""</c>""","""<c=@flavor>""""Скале номер 354. Не удалять под страхом смертной казни.""""</c>"""
"""<c=@flavor>""""Skale seem to respond oddly when you mess with their fins.""""</c>""","""<c=@flavor>""""Кажется, чешуя странно реагирует, когда вы трогаете её плавники.""""</c>"""
"""<c=@flavor>""""Skale sure don't like getting zapped with magic.""""</c>""","""<c=@flavor>""""Скелам определенно не нравится, когда их бьют магией.""""</c>"""
"""<c=@flavor>""""Skelk love the sound of this thing.""""<br>—Skelk Wrangler</c>""","""<c=@flavor>""""Скелку нравится звук этой штуки.""""<br>—Скелк-победитель</c>"""
"""<c=@flavor>""""Skritt are highly attracted to shiney things. Some postulate it is due to their enhanced subteranean vision.""""<br>—Durmand Priory Field Guide to Skritt</c>""","""<c=@flavor>""""Скриттов очень привлекают блестящие вещи. Некоторые полагают, что это связано с их улучшенным подземным зрением.""""<br>—Полевой справочник по Скриттам Приората Дурманда</c>"""
"""<c=@flavor>""""Skritt rip these out of the mines all the time. Looks like this one survived the explosion. The skritt didn't.""""<br>—Faithspotter</c>""","""<c=@flavor>""""Скритт постоянно вырывает их из мин. Похоже, этот пережил взрыв. Скритт нет.""""<br>—Faithspotter</c>"""
"""<c=@flavor>""""Skritt will steal anything not nailed down, and even then it better be nailed to something big.""""<br>—Laborer Cardy</c>""","""<c=@flavor>""""Скритт украдет все, что не прибито гвоздями, и даже тогда лучше, чтобы это было прибито к чему-то большому.""""<br>—Разнорабочий Карди</c>"""
"""<c=@flavor>""""Smells like rum and body odor.""""<br>—Duidda</c>""","""<c=@flavor>""""Пахнет ромом и запахом тела.""""<br>—Дуидда</c>"""
"""<c=@flavor>""""Smells like rum and body odor.""""—Duidda</c>""","""<c=@flavor>""""Пахнет ромом и запахом тела.""""—Дуидда</c>"""
"""<c=@flavor>""""Sneaking up on someone is easy. Keeping others from noticing you is the hard part.""""<br>—Morina</c>""","""<c=@flavor>""""Подкрасться к кому-то лёгко. Не дать другим заметить вас — самое сложное.""""<br>—Морина</c>"""
"""<c=@flavor>""""So light and easy to wear, you'll think you're still on land.""""<br>—Mei Shadowwalker</c>""","""<c=@flavor>""""Настолько лёгкий и удобный, что вы подумаете, что все ещё находитесь на суше.""""<br>—Мэй Шэдоуокер</c>"""
"""<c=@flavor>""""So magical the fish catch it.""""</c>""","""<c=@flavor>""""Рыба так волшебно ловит.""""</c>"""
"""<c=@flavor>""""So magical the fish catch it.""""<br>—Supply Sergeant Mattimer</c>""","""<c=@flavor>""""Рыба так волшебно её ловит.""""<br>—Сержант снабжения Маттимер</c>"""
"""<c=@flavor>""""So many shiny things when they blow up on landing.""""<br>—Explorer Grretergrret</c>""","""<c=@flavor>""""Так много блестящих вещей, когда они взрываются при приземлении.""""<br>—Исследователь Гретергррет</c>"""
"""<c=@flavor>""""So shiny! You want it, yes? You won't find shinier!""""<br>—Mrr'kkant</c>""","""<c=@flavor>""""Так блестяще! Хочешь, да? Блестнее не найти!""""<br>—Мрр'ккант</c>"""
"""<c=@flavor>""""So, here's the thing: you can have lots of harpies, or we can finish this dam, but I don't think you can have both.""""<br>—Flannum</c>""","""<c=@flavor>""""Итак, вот в чем дело: у вас может быть много гарпий, или мы можем закончить эту плотину, но я не думаю, что вы можете иметь и то, и другое.""""<br>—Фланнум</c>"""
"""<c=@flavor>""""Some charr get very...excited about their gladiatorial events.""""</c>""","""<c=@flavor>""""Некоторые чарры очень... в восторге от своих гладиаторских боев.""""</c>"""
"""<c=@flavor>""""Some folks just survive in modern warfare. People who thrive in it wear these.""""<br>—Goran</c>""","""<c=@flavor>""""Некоторые люди просто выживают в современной войне. Люди, которые преуспевают в ней, носят их.""""<br>—Горан</c>"""
"""<c=@flavor>""""Some of that hardened tar worked its way into the seams.""""<br>—Scholar Merla</c>""","""<c=@flavor>""""Часть затвердевшей смолы проникла в швы.""""<br>—Ученый Мерла</c>"""
"""<c=@flavor>""""Some of the warband are starting to eye each other in the wrong way. Got to silence the whispers.""""</c>""","""<c=@flavor>""""Некоторые члены отряда начинают неправильно смотреть друг на друга. Надо заставить замолчать шепот.""""</c>"""
"""<c=@flavor>""""Some people think it makes 'em look tougher.""""<br>—Waldo</c>""","""<c=@flavor>""""Некоторые люди думают, что это делает их более крутыми.""""<br>—Уолдо</c>"""
"""<c=@flavor>""""Some think our poisons are potent because of the ingredients, the real trick is how you extract them.""""<br>—Ichtaca</c>""","""<c=@flavor>""""Некоторые думают, что наши яды сильны из-за ингредиентов, настоящая хитрость в том, как их извлечь.""""<br>—Ичтака</c>"""
"""<c=@flavor>""""Some use water to extinguish flame. I prefer steel.""""<br>—Corva Sharpclaw</c>""","""<c=@flavor>""""Некоторые используют воду для тушения пламени. Я предпочитаю сталь.""""<br>—Корва Остроког</c>"""
"""<c=@flavor>""""Something big is coming."""" - Captain Vandem</c>""","""<c=@flavor>""""Грядет что-то большое."" - капитан Вандем</c>"""
"""<c=@flavor>""""Sometimes I get bored waiting on shore for the nets to fill up. Out here you shouldn't be afraid to take what you want.""""<br>—Deno</c>""","""<c=@flavor>""""Иногда мне скучно ждать на берегу, пока наполнятся сети. Здесь не нужно бояться брать то, что хочешь.""""<br>—Дено</c>"""
"""<c=@flavor>""""Sometimes a prisoner needs a little 'motivation'.""""<br>—Warden Scourgejaw</c>""","""<c=@flavor>""""Иногда заключенному нужна небольшая «мотивация»».""<br>—Надзиратель Плетечелюк</c>"""
"""<c=@flavor>""""Sometimes an alliance isn't so much held together as it is forced into place.""""<br>—Arcanist Repth</c>""","""<c=@flavor>""""Иногда альянс не столько скрепляется, сколько создается силой.""""<br>—Arcanist Repth</c>"""
"""<c=@flavor>""""Sometimes even the sewer rats have things that are worth a few coins.""""<br>—Cin</c><br><br>This item only has value as part of a collection.""","""<c=@flavor>""""Иногда даже у канализационных крыс есть вещи, которые стоят несколько монет.""""<br>—Син</c><br><br>Этот предмет имеет ценность только как часть коллекции."""
"""<c=@flavor>""""Sometimes fighting can't be avoided, so it's good to have a blade you can trust.""""<br>—Leandra</c>""","""<c=@flavor>""""Иногда сражения невозможно избежать, поэтому хорошо иметь клинок, которому можно доверять.""""<br>—Леандра</c>"""
"""<c=@flavor>""""Sometimes it's not what the leaders say publicly that shapes the outcome. A memo by an assistant can mean the difference between war and peace.""""<br>—Kai</c>""","""<c=@flavor>""""Иногда результат зависит не от того, что лидеры говорят публично. Записка помощника может означать разницу между войной и миром.""""<br>—Кай</c>"""
"""<c=@flavor>""""Sometimes new ideas backfire on their creator, and sometimes they start a fire fueled by genius.""""<br>—Whispers Creator Pixtor</c>""","""<c=@flavor>""""Иногда новые идеи имеют неприятные последствия для их создателя, а иногда они разжигают пожар, разжигаемый гениальностью.""""<br>—Whispers Creator Pixtor</c>"""
"""<c=@flavor>""""Sometimes new ideas backfire on their creator; and sometimes, they start a fire fueled by genius.""""<br>—Whispers Creator Plxtor</c>""","""<c=@flavor>""""Иногда новые идеи имеют неприятные последствия для их создателя; а иногда они разжигают пожар, разжигаемый гениальностью.""""<br>—Whispers Creator Plxtor</c>"""
"""<c=@flavor>""""Sometimes one must work to restablish that which has been unbalanced.""""<br>—Enduring Protector</c>""","""<c=@flavor>""""Иногда нужно поработать, чтобы восстановить то, что было разбалансировано.""""<br>—Несокрушимый защитник</c>"""
"""<c=@flavor>""""Sometimes out here you 'scout' something a little bigger than normal.""""<br>—Fahrtak Shatterfiend</c>""","""<c=@flavor>""""Иногда здесь ты обнаруживаешь что-то немного большее, чем обычно.""""<br>—Фартак Шаттерфиенд</c>"""
"""<c=@flavor>""""Sometimes skritt find the strangest things.""""<br>—Crusader Aisling</c>""","""<c=@flavor>""""Иногда скритты находят самые странные вещи.""""<br>—Крестоносец Айслинг</c>"""
"""<c=@flavor>""""Sometimes subtlety is overrated. This will make enough noise to wake my old professor.""""<br>—Scholar Blix</c>""","""<c=@flavor>""""Иногда тонкость переоценивают. Это наделает столько шума, что разбудит моего старого профессора.""""<br>—Ученый Бликс</c>"""
"""<c=@flavor>""""Sometimes you have to bash a few heads to calm things down.""""</c>""","""<c=@flavor>""""Иногда приходится разбить несколько голов, чтобы успокоиться.""""</c>"""
"""<c=@flavor>""""Sometimes you have to fight to eat.""""<br>—Matlal</c>""","""<c=@flavor>""""Иногда за еду приходится бороться.""""<br>—Матлал</c>"""
"""<c=@flavor>""""Sometimes you just need to be practical.""""</c>""","""<c=@flavor>""""Иногда нужно просто быть практичным.""""</c>"""
"""<c=@flavor>""""Sometimes you must break something in order to rebuild it.""""<br>—Guard Splintering Serenity</c>""","""<c=@flavor>""""Иногда нужно что-то сломать, чтобы восстановить.""""<br>—Guard Splintering Serenity</c>"""
"""<c=@flavor>""""Sometimes you need to give them a little poke to get them moving.""""</c>""","""<c=@flavor>""""Иногда их нужно слегка ткнуть, чтобы заставить их двигаться.""""</c>"""
"""<c=@flavor>""""Sometimes you to need to invent your own scientific method. I call mine 'The Alchemical Method of Summoning Stones, by Inka.' It's a little wordy, but then, so am I.""""<br>—Scholar Inka</c>""","""<c=@flavor>""""Иногда вам нужно изобрести свой собственный научный метод. Я называю свой «Алхимический метод вызова камней, разработанный Инкой». Это немного многословно, но я тоже.""""<br>—Ученая Инка</c>"""
"""<c=@flavor>""""Speak softly and carry a big stick""""</c>""","""<c=@flavor>""""Говорите тихо и носите с собой большую палку""""</c>"""
"""<c=@flavor>""""Special grub gloves for special grub friend.""""<br>—Tarstar Chief</c>""","""<c=@flavor>""""Особые перчатки для особенных личинок.""""<br>—Вождь Тарзвезд</c>"""
"""<c=@flavor>""""Specially issued to this battalion by the Iron Legion.""""<br>—Legionnaire Bladechipper</c>""","""<c=@flavor>""""Специально выдан этому батальону Железным Легионом.""""<br>—Легионер Блейдчиппер</c>"""
"""<c=@flavor>""""Specially made for mining.""""<br>—Gon Rageshot</c>""","""<c=@flavor>""""Специально создан для добычи полезных ископаемых.""""<br>—Гон Рэйджшот</c>"""
"""<c=@flavor>""""Speed is your ally.""""<br>—Brian</c>""","""<c=@flavor>""""Скорость — ваш союзник.""""<br>—Брайан</c>"""
"""<c=@flavor>""""Stand your ground against the enemy by using this.</c>""","""<c=@flavor>""""С помощью этого защитите врага.</c>"""
"""<c=@flavor>""""Standard sentinel patrol torch with a little extra kick.""""<br>—Sentinel Jaggedclaw</c>""","""<c=@flavor>""""Стандартный фонарь дозорного патруля с небольшим дополнительным ударом.""""<br>—Часовой Зубчатый Коготь</c>"""
"""<c=@flavor>""""Stay sharp.""""<br>—Warmaster Chan</c>""","""<c=@flavor>""""Будьте начеку.""""<br>—Воитель Чан</c>"""
"""<c=@flavor>""""Steel warband's vigilance in holding the pass behind Brokentooth Maw prevented the Shatter warband from being overrun.""""</c>""","""<c=@flavor>""""Бдительность отряда Стали, удерживающего проход за Сломанной Утробой, не позволила отряду Раскола быть захваченным.""""</c>"""
"""<c=@flavor>""""Steel won't yield.""""<br>—Iron Legion</c>""","""<c=@flavor>""""Сталь не поддается.""""<br>—Железный Легион</c>"""
"""<c=@flavor>""""Step one: stop incoming attacks. Step two: repay in full.""""<br>—Scout Jones</c>""","""<c=@flavor>""""Шаг первый: остановить входящие атаки. Шаг второй: отплатить полностью.""""<br>—Скаут Джонс</c>"""
"""<c=@flavor>""""Sterilize after use to prevent contaminating samples.""""</c>""","""<c=@flavor>""""Стерилизуйте после использования, чтобы предотвратить загрязнение образцов.""""</c>"""
"""<c=@flavor>""""Stike hard, strike often.""""<br>—Blood Legion Motto</c>""","""<c=@flavor>""""Бей сильно, бей часто.""""<br>—Девиз Кровавого Легиона</c>"""
"""<c=@flavor>""""Stop. Pause. Think. Breathe.""""<br>—Motto Of Koda</c>""","""<c=@flavor>""""Стоп. Пауза. Подумай. Дыши.""""<br>—Девиз Коды</c>"""
"""<c=@flavor>""""Stories tell of a procession of lights through this area. It must have been beautiful with lights such as these.""""<br>—Keeper Lyrda</c>""","""<c=@flavor>""""Истории рассказывают о процессии огней, проходящей через эту местность. Должно быть, с такими огнями здесь было красиво.""""<br>—Хранительница Лирда</c>"""
"""<c=@flavor>""""Stride silently behind your prey.""""<br>—Anonymous</c>""","""<c=@flavor>""""Бесшумно идите за своей добычей.""""<br>—Анонимно</c>"""
"""<c=@flavor>""""Strike fast in order to strike again.""""<br>—Agent Siobhan</c>""","""<c=@flavor>""""Ударь быстро, чтобы ударить снова.""""<br>—Агент Шивон</c>"""
"""<c=@flavor>""""Strikes fear in the heart of your enemies and alerts your allies to danger.""""<br>—Goran</c>""","""<c=@flavor>""""Вселяет страх в сердца ваших врагов и предупреждает ваших союзников об опасности.""""<br>—Горан</c>"""
"""<c=@flavor>""""Such a wondrous relic. Dwarven amulets seem to last forever.""""<br>—Bink</c>""","""<c=@flavor>""""Какая чудесная реликвия. Гномьи амулеты, кажется, вечны.""""<br>—Бинк</c>"""
"""<c=@flavor>""""Sure to quiet the loudest riot.""""<br>—Eona</c>""","""<c=@flavor>""""Обязательно успокою самый громкий бунт.""""<br>—Эона</c>"""
"""<c=@flavor>""""Swing this at someone, and it'll definitely leave a mark.""""<br>—Mathair</c>""","""<c=@flavor>""""Направьте это на кого-нибудь, и оно обязательно оставит след.""""<br>—Матайр</c>"""
"""<c=@flavor>""""Swing with confidence knowing the devastation this mace can produce""""</c>""","""<c=@flavor>""""Размахивайте уверенно, зная, какие разрушения может произвести эта булава""""</c>"""
"""<c=@flavor>""""Take care when fighting those steam beasts; who knows where they've been.""""<br>—Agent Kaukiri</c>""","""<c=@flavor>""""Будьте осторожны, сражаясь с этими паровыми зверями; кто знает, где они были.""""<br>—Агент Каукири</c>"""
"""<c=@flavor>""""Take care: improper maintenance of this device may result in incorrect results...or explosions.""""<br>—Blopp</c>""","""<c=@flavor>""""Будьте осторожны: неправильное обслуживание этого устройства может привести к неправильным результатам... или взрывам.""""<br>—Blopp</c>"""
"""<c=@flavor>""""Take good care of this tiny little friend.""""<br>—Tarstar Chief</c>""","""<c=@flavor>""""Позаботьтесь об этом маленьком друге.""""<br>—Вождь Тарзвезд</c>"""
"""<c=@flavor>""""Take one as a momento of the excavation.""""<br>—Magister Razermane</c>""","""<c=@flavor>""""Возьмите один на память о раскопках.""""<br>—Магистр Разерман</c>"""
"""<c=@flavor>""""Takes courage to come out here. Thank you.""""<br>—Priory Explorer Cyara</c>""","""<c=@flavor>""""Нужно смелости, чтобы прийти сюда. Спасибо.""""<br>—Исследовательница Приората Киара</c>"""
"""<c=@flavor>""""Taking down the enemy just got easier!""""</c>""","""<c=@flavor>""""Победить врага стало проще!""""</c>"""
"""<c=@flavor>""""Tasty! Try it and see!""""<br>—Sneckit</c>""","""<c=@flavor>""""Вкусно! Попробуйте и убедитесь!""""<br>—Sneckit</c>"""
"""<c=@flavor>""""Tending the wall often causes damage to armor. Select a replacment from our stores to keep your defenses strong.""""<br>—Viner Neit </c>""","""<c=@flavor>""""Уход за стеной часто приводит к повреждению брони. Выберите замену в наших магазинах, чтобы сохранить свою защиту сильной.""""<br>—Винер Нейт </c>"""
"""<c=@flavor>""""Thank you for your help. Your work helps us get rid of those trouble making inquest.""""<br>—Sentinel Liharn</c>""","""<c=@flavor>""""Спасибо за вашу помощь. Ваша работа помогает нам избавиться от проблем, связанных с расследованием.""""<br>—Страж Лихарн</c>"""
"""<c=@flavor>""""Thank you friend of Degun Shun.""""<br>—Shelp</c>""","""<c=@flavor>""""Спасибо, друг Дегун Шуна.""""<br>—Помоги</c>"""
"""<c=@flavor>""""Thank you, friend.""""<br>—Commander Spleedoop</c>""","""<c=@flavor>""""Спасибо, друг.""""<br>—Командир Сплидуп</c>"""
"""<c=@flavor>""""Thanks for helping out. Bring back what you kill; it'll help feed the soldiers.""""<br>—Hunter Block</c>""","""<c=@flavor>""""Спасибо за помощь. Верните то, что вы убили; это поможет накормить солдат.""""<br>—Hunter Block</c>"""
"""<c=@flavor>""""Thanks for helping to get our supplies back. Here, take something you need from them.""""<br>—Quennida</c>""","""<c=@flavor>""""Спасибо, что помогли вернуть наши припасы. Вот, возьмите у них что-нибудь нужное.""""<br>—Квеннида</c>"""
"""<c=@flavor>""""Thanks. You really helped us out.""""<br>—Sentinel Staggerfoe</c>""","""<c=@flavor>""""Спасибо. Вы действительно нам помогли.""""<br>—Страж Стаггерфо</c>"""
"""<c=@flavor>""""That has to hurt.""""<br>—Lionscout Alli</c>""","""<c=@flavor>""""Это должно быть больно.""""<br>—Лайонскаут Алли</c>"""
"""<c=@flavor>""""That tar would set us back if not for your leadership. We have a fighting chance thanks to you.""""<br>—Legionnaire Kress Rustmaw</c>""","""<c=@flavor>""""Эта смола отбросила бы нас назад, если бы не ваше лидерство. Благодаря вам у нас есть шанс на победу.""""<br>—Легионер Кресс Ржавобрюх</c>"""
"""<c=@flavor>""""That's not really made of blood, is it?""""<br>—Anonymous Child</c>""","""<c=@flavor>""""Оно ведь не из крови, не так ли?""""<br>—Анонимный ребенок</c>"""
"""<c=@flavor>""""The Barradin family crest is old but still strong and proud. You can still hear his roar echoing in the crypt.""""</c>""","""<c=@flavor>""""Герб семьи Баррадинов старый, но все ещё сильный и гордый. Вы все ещё можете услышать его рев, эхом отдающийся в склепе.""""</c>"""
"""<c=@flavor>""""The Company shall not be held liable for damages or injuries sustained during the use of this horn.""""<br>—Disclaimer</c>""","""<c=@flavor>""""Компания не несёт ответственности за ущерб или травмы, полученные во время использования этого звукового сигнала.""""<br>—Отказ от ответственности</c>"""
"""<c=@flavor>""""The Flame Legion was doomed from the start. We are just the instruments of their fate.""""<br>—Sava Quicksnarl</c>""","""<c=@flavor>""""Легион Пламени был обречен с самого начала. Мы всего лишь инструменты их судьбы.""""<br>—Сава Быстрый Рык</c>"""
"""<c=@flavor>""""The Iron Legion is built with soldiers like you. Thank you.""""<br>—Helo Murkhaunt</c>""","""<c=@flavor>""""Железный Легион состоит из таких солдат, как вы. Спасибо.""""<br>—Хило Меркхаунт</c>"""
"""<c=@flavor>""""The Iron Legion thanks you. Maybe now we can get back to fixing up this blasted fort.""""<br>—Engineer Burlage Firestoker</c>""","""<c=@flavor>""""Железный Легион благодарит вас. Возможно, теперь мы сможем вернуться к восстановлению этого проклятого форта.""""<br>—Инженер Бурладж Файстокер</c>"""
"""<c=@flavor>""""The Modniir never saw it coming.""""<br>—Forward Scout Greta</c>""","""<c=@flavor>""""Моднииры никогда не ожидали этого.""""<br>—Передовой разведчик Грета</c>"""
"""<c=@flavor>""""The Pact recognizes your valor in combat.""""<br>—Tactician Coehl</c>""","""<c=@flavor>""""Пакт признает вашу доблесть в бою.""""<br>—Тактик Коэль</c>"""
"""<c=@flavor>""""The Priory is in your debt. Thank you.""""<br>—Arcanist Vance</c>""","""<c=@flavor>""""Приорат у вас в долгу. Спасибо.""""<br>—Арканист Вэнс</c>"""
"""<c=@flavor>""""The Priory sent us this shipment of underwater weapons. Must have been a mix-up somewhere.""""<br>—Magister Roslin</c>""","""<c=@flavor>""""Приорат прислал нам эту партию подводного оружия. Должно быть, где-то произошла путаница.""""<br>—Магистр Рослин</c>"""
"""<c=@flavor>""""The Vigil recognizes your steadfastness in battle.""""<br>—Crusader Rugan</c>""","""<c=@flavor>""""Бдение ценит вашу стойкость в бою.""""<br>—Крестоносец Руган</c>"""
"""<c=@flavor>""""The arcane matrix is specially calibrated for this area.""""<br>—Scholar Maroola</c>""","""<c=@flavor>""""Магическая матрица специально откалибрована для этой области.""""<br>—Учёный Марула</c>"""
"""<c=@flavor>""""The barnacles actually help deflect incoming attacks.""""<br>—Aerixx</c>""","""<c=@flavor>""""Усоногие раки на самом деле помогают отражать входящие атаки.""""<br>—Aerixx</c>"""
"""<c=@flavor>""""The best tribe scouts use this to watch for the undead. Be warned, when the shore looks empty, they rise out of the water."""" -Potatlan</c>""","""<c=@flavor>""""Лучшие разведчики племени используют это, чтобы высматривать нежить. Будьте осторожны: когда берег выглядит пустым, они поднимаются из воды."""" -Potatlan</c>"""
"""<c=@flavor>""""The big nasty ones sometimes take a little more force to bring in.""""<br>—Fisherman Will</c>""","""<c=@flavor>""""Чтобы достать больших гадостей, иногда требуется немного больше силы.""""<br>—Рыбак Уилл</c>"""
"""<c=@flavor>""""The blade of this weapon looks as though it could cause disease.""""<br>—Abhean</c>""","""<c=@flavor>""""Лезвие этого оружия выглядит так, будто оно может вызвать болезнь.""""<br>—Абхеан</c>"""
"""<c=@flavor>""""The boughs these are made from grow in the heights of the trees. Some say they learn the winds and help your arrows fly truer. Only one way to find out.""""<br>—Warden Llew</c>""","""<c=@flavor>""""Ветви, из которых они сделаны, растут на высоте деревьев. Некоторые говорят, что они изучают ветер и помогают вашим стрелам лететь точнее. Есть только один способ это выяснить.""""<br>—Страж Лью</c>"""
"""<c=@flavor>""""The call of the wild is more than just a saying.""""<br>—Packmaster Danador</c>""","""<c=@flavor>""""Зов дикой природы — это больше, чем просто поговорка.""""<br>—Возмездник Данадор</c>"""
"""<c=@flavor>""""The centaurs keep their weapons battle ready.""""<br>—Seraph</c>""","""<c=@flavor>""""Кентавры держат свое оружие наготове.""""<br>—Серафим</c>"""
"""<c=@flavor>""""The centaurs took everything from us, but people like you will help us take it back.""""<br>—Anonymous Refugee</c>""","""<c=@flavor>""""Кентавры забрали у нас всё, но такие люди, как вы, помогут нам вернуть это.""""<br>—Анонимный беженец</c>"""
"""<c=@flavor>""""The darkvine adds that extra weight and balances out the length of the blade.""""<br>—Laewyn</c>""","""<c=@flavor>""""Тёмная лоза добавляет дополнительный вес и уравновешивает длину клинка.""""<br>—Лэвин</c>"""
"""<c=@flavor>""""The dredge are no match for our superior weapons and knowledge.""""<br>—Magister Kathryn</c>""","""<c=@flavor>""""Земснаряды не могут сравниться с нашим превосходным оружием и знаниями.""""<br>—Магистр Кэтрин</c>"""
"""<c=@flavor>""""The edges have been sharpened a bit in order to give the shield a counter-offensive nature. After all, a good offense is the best defense.""""<br>—Sheriff Bloodclaw</c>""","""<c=@flavor>""""Крайья были немного заострены, чтобы придать щиту контрнаступательный характер. В конце концов, хорошее нападение — лучшая защита.""""<br>—Шериф Кровавый Коготь</c>"""
"""<c=@flavor>""""The enemy doesn't stand a chance now!""""</c>""","""<c=@flavor>""""У врага теперь нет шансов!""""</c>"""
"""<c=@flavor>""""The energy supply can be handled with a trinket from the vault. Even if the output is low, you'd be surprised how it can build up."""" —Field Archivist Cierle</c>""","""<c=@flavor>""""Энергоснабжением можно управлять с помощью безделушки из хранилища. Даже если мощность низкая, вы будете удивлены, как она может накапливаться."" — Полевой архивариус Цирле</c>"""
"""<c=@flavor>""""The eternal alchemy is stirred by the staff.""""<br>—Anonymous</c>""","""<c=@flavor>""""Посох вызывает вечную алхимию.""""<br>—Анонимно</c>"""
"""<c=@flavor>""""The eternal alchemy works in mysterious ways.""""<br>—Explorer Trebb</c>""","""<c=@flavor>""""Вечная алхимия действует таинственным образом.""""<br>—Исследователь Требб</c>"""
"""<c=@flavor>""""The extra wrappings are for cold weather.""""<br>—Scholar Tholin</c>""","""<c=@flavor>""""Дополнительная упаковка предназначена для холодной погоды.""""<br>—Ученый Толин</c>"""
"""<c=@flavor>""""The faster the kill, the quieter the quarry.""""<br>—Slayer Feldera</c>""","""<c=@flavor>""""Чем быстрее убийство, тем тише добыча.""""<br>—Убийца Фельдера</c>"""
"""<c=@flavor>""""The fine craftsmanship of the Ascalonians, passed down through the ages.""""<br>—Kiryn Brant</c>""","""<c=@flavor>""""Тонкое мастерство аскалонцев, передающееся сквозь века.""""<br>—Кирин Брант</c>"""
"""<c=@flavor>""""The first arrow I shot was from a bow such as this. Nevermind about that. That was a long time ago.""""<br>—Pact Crusader D'Stolt""","""<c=@flavor>""""Первая стрела, которую я выпустил, была из такого лука. Не обращайте на это внимания. Это было очень давно.""""<br>—Крестоносец Пакта Д'Столт"""
"""<c=@flavor>""""The first arrow I shot was from a bow such as this. Nevermind about that. That was a long time ago.""""<br>—Pact Crusader D'Stolt</c>""","""<c=@flavor>""""Первая стрела, которую я выпустил, была из такого лука. Не обращайте на это внимания. Это было очень давно.""""<br>—Крестоносец Пакта Д'Столт</c>"""
"""<c=@flavor>""""The first explorers of this area discovered abnormally powerful ore deposits.""""<br>—Arcanist Vance</c>""","""<c=@flavor>""""Первые исследователи этой области обнаружили аномально мощные залежи руды.""""<br>—Арканист Вэнс</c>"""
"""<c=@flavor>""""The first page will give you nightmares, ask Abel.""""<br>—Scholar Worfmir</c>""","""<c=@flavor>""""На первой странице вам будут сниться кошмары, спросите Абеля.""""<br>—Ученый Ворфмир</c>"""
"""<c=@flavor>""""The grawl seemed really attached to these.""""<br>—Bolla</c>""","""<c=@flavor>""""Кажется, грал действительно привязался к ним.""""<br>—Болла</c>"""
"""<c=@flavor>""""The greater the strike, the greater the counterblow.""""<br>—Crusader Vilborg</c>""","""<c=@flavor>""""Чем сильнее удар, тем сильнее контрудар.""""<br>—Крестоносец Вилборг</c>"""
"""<c=@flavor>""""The grip is made from my own special design, and it even has an extra compartment for extra mouth pieces.""""<br>—Tactician Lyan</c>""","""<c=@flavor>""""Рукоятка изготовлена ??по моей специальной конструкции и даже имеет дополнительное отделение для дополнительных мундштуков.""""<br>—Тактик Лиан</c>"""
"""<c=@flavor>""""The hooks are unique to this region. Some people like the way they look.""""<br>—Mayor Trisk</c>""","""<c=@flavor>""""Крючки уникальны для этого региона. Некоторым людям нравится, как они выглядят.""""<br>—Мэр Триск</c>"""
"""<c=@flavor>""""The inscription inside the ring is too worn to be discernable.""""</c>""","""<c=@flavor>""""Надпись внутри кольца слишком потерта, чтобы её можно было различить.""""</c>"""
"""<c=@flavor>""""The inscription worn and illegible.""""</c>""","""<c=@flavor>""""Надпись стерта и неразборчива.""""</c>"""
"""<c=@flavor>""""The inscriptions from the exorcism guide are read while the blade is forged.""""<br>—Scholar Worfmir</c>""","""<c=@flavor>""""Надписи из руководства по экзорцизму читаются во время ковки клинка.""""<br>—Ученый Ворфмир</c>"""
"""<c=@flavor>""""The jar seems to retain a remarkable amount of heat.""""<br>—Ahjj</c>""","""<c=@flavor>""""Кажется, банка сохраняет значительное количество тепла.""""<br>—Ага</c>"""
"""<c=@flavor>""""The less you train with these, the more dangerous you are, to everyone.""""<br>—Vigil Tactician Blazefur</c>""","""<c=@flavor>""""Чем меньше вы тренируетесь с ними, тем опаснее вы для всех.""""<br>—Vigil Tactician Blazefur</c>"""
"""<c=@flavor>""""The metal was tempered for this area. Those crystals are tough.""""</c>""","""<c=@flavor>""""Металл был закален для этой области. Эти кристаллы прочные.""""</c>"""
"""<c=@flavor>""""The mission isn't done until you come home.""""<br>—Brencis Quickblood</c>""","""<c=@flavor>""""Миссия не будет завершена, пока вы не вернетесь домой.""""<br>—Бренсис Квикблад</c>"""
"""<c=@flavor>""""The natural law of combat is to attack your enemy until they stop attacking you.""""<br>—Explorer Brokkar</c>""","""<c=@flavor>""""Естественный закон боя — атаковать врага до тех пор, пока он не перестанет атаковать вас.""""<br>—Исследователь Броккар</c>"""
"""<c=@flavor>""""The only thing hidden is the true depth of the pain you are going to cause with this.""""<br>—Nessa</c>""","""<c=@flavor>""""Единственное, что скрыто, — это истинная глубина боли, которую ты причинишь этим.""""<br>—Несса</c>"""
"""<c=@flavor>""""The only thing safer is a golem.""""</c>""","""<c=@flavor>""""Единственный безопаснее голем.""""</c>"""
"""<c=@flavor>""""The order thanks you for all your help.""""<br>—Agent Kaukiri</c>""","""<c=@flavor>""""Орден благодарит вас за помощь.""""<br>—Агент Каукири</c>"""
"""<c=@flavor>""""The polish on this piece is engineered to keep magical energy in while preventing you from burning your hand.""""<br>—Vejj</c>""","""<c=@flavor>""""Полировка этого изделия удерживает магическую энергию и не позволяет вам обжечь руку.""""<br>—Вейдж</c>"""
"""<c=@flavor>""""The power of the charr comes from Iron Legion ingenuity.""""</c>""","""<c=@flavor>""""Сила чарра проистекает из изобретательности Железного Легиона.""""</c>"""
"""<c=@flavor>""""The queen and the Seraph honor you.""""<br>—Erika Rane</c>""","""<c=@flavor>""""Королева и Серафим чтят вас.""""<br>—Эрика Рэйн</c>"""
"""<c=@flavor>""""The quicker they fall, the less noise they make.""""<br>—Solita Miststalker</c>""","""<c=@flavor>""""Чем быстрее они падают, тем меньше шума издают.""""<br>—Солита Охотница за туманами</c>"""
"""<c=@flavor>""""The ring of the Sun-God will bring you power and perception.""""—Qoetl</c>""","""<c=@flavor>""""Кольцо Бога Солнца принесет вам силу и восприятие.""""—Котл</c>"""
"""<c=@flavor>""""The sea is as deep as fate's are intertwined.""""<br>—Magister Izzmek</c>""","""<c=@flavor>""""Море настолько глубоко, насколько переплетены судьбы.""""<br>—Магистр Иззмек</c>"""
"""<c=@flavor>""""The sea is as deep as fates are intertwined.""""<br>—Magister Izzmek</c>""","""<c=@flavor>""""Море настолько глубоко, насколько переплетены судьбы.""""<br>—Магистр Иззмек</c>"""
"""<c=@flavor>""""The smallest fang can cause the deadliest wound.""""<br>—Shifting Waves</c>""","""<c=@flavor>""""Самый маленький клык может нанести самую смертельную рану.""""<br>—Смещающиеся волны</c>"""
"""<c=@flavor>""""The spikes are for opening jammed access panels, not for use as a weapon. Just kidding. Everything's a weapon.""""</c>""","""<c=@flavor>""""Шипы предназначены для открытия застрявших панелей доступа, а не для использования в качестве оружия. Шучу. Всё — оружие.""""</c>"""
"""<c=@flavor>""""The string is made from wurm gut.""""</c>""","""<c=@flavor>""""Невочка сделана из кишок червя.""""</c>"""
"""<c=@flavor>""""The tools you collected will help maintain the wall. Use these weapons as your tools against the Risen."""" <br>—Brannen</c>""","""<c=@flavor>""""Собранные вами инструменты помогут поддерживать стену. Используйте это оружие в качестве инструментов против Восставших."""" <br>—Браннен</c>"""
"""<c=@flavor>""""The trick is a little rabbit fur around the top, and tie it down with a little luck all around.""""<br>—Deno</c>""","""<c=@flavor>""""Хитрость заключается в том, чтобы обернуть сверху немного кроличьего меха и завязать его, если повезет, со всех сторон.""""<br>—Дено</c>"""
"""<c=@flavor>""""The trolls weave these in their hair. I can't explain it. Maybe they may have some magical powers.""""<br>—Lionguard Cern</c>""","""<c=@flavor>""""Тролли вплетают их в свои волосы. Я не могу это объяснить. Возможно, они обладают какими-то магическими способностями.""""<br>—Церн Львиная Страж</c>"""
"""<c=@flavor>""""The truffle is a symbol of survival in tough times.""""<br>—Matlal</c>""","""<c=@flavor>""""Трюфель — символ выживания в трудные времена.""""<br>—Матлал</c>"""
"""<c=@flavor>""""The truffle oil is mixed with our tribal magic.""""<br>—Matlal</c>""","""<c=@flavor>""""Трюфельное масло смешано с нашей племенной магией.""""<br>—Матлал</c>"""
"""<c=@flavor>""""The very staff I modified in order to determine the mystic harmonics originating from the stones.""""<br>—Scholar Inka</c>""","""<c=@flavor>""""Тот самый посох, который я модифицировал, чтобы определять мистические гармонии, исходящие от камней.""""<br>—Ученая Инка</c>"""
"""<c=@flavor>""""The way of codes and shadows.""""</c>""","""<c=@flavor>""""Путь кодов и теней.""""</c>"""
"""<c=@flavor>""""The weight is more deadly than the blade.""""<br>—Vigil Crusader Rugan</c>""","""<c=@flavor>""""Вес более смертоносен, чем клинок.""""<br>—Бдительный крестоносец Руган</c>"""
"""<c=@flavor>""""The writing in these are ancient and beautiful. Makes you wonder what else was lost when Ascalon fell.""""<br>—Jinell</c>""","""<c=@flavor>""""Написания на них древние и красивые. Заставляет задуматься, что ещё было потеряно, когда Аскалон пал.""""<br>—Джинелл</c>"""
"""<c=@flavor>""""Their metal working rivals that of the norn.""""<br>—Researcher Raekk</c>""","""<c=@flavor>""""Их металлообработчики соперничают с норнами.""""<br>—Исследователь Раекк</c>"""
"""<c=@flavor>""""There are far to many trolls here. Take a tooth from the big one if you wish."""" -Quennida</c>""","""<c=@flavor>""""Троллей здесь очень много. Если хочешь, оторви зуб от большого."""" -Квеннида</c>"""
"""<c=@flavor>""""There are less passive ways to clean up a problem.""""<br>—Carmel</c>""","""<c=@flavor>""""Есть менее пассивные способы решения проблемы.""""<br>—Кармель</c>"""
"""<c=@flavor>""""There is no trick to being a good hunter, just practice. The more you've eaten, the more you've had to practice. I practice a lot.""""<br>—Ichtaca</c>""","""<c=@flavor>""""Чтобы стать хорошим охотником, нет ничего сложного, просто тренируйтесь. Чем больше вы едите, тем больше вам приходится тренироваться. Я много тренируюсь.""""<br>—Ичтака</c>"""
"""<c=@flavor>""""There is nothing quiet about our guns.""""<br>—Mensorr</c>""","""<c=@flavor>""""В нашем оружии нет ничего тихого.""""<br>—Менсорр</c>"""
"""<c=@flavor>""""There is nothing quieter than a sharp blade on a dark night.""""<br>—Sizza</c>""","""<c=@flavor>""""Нет ничего тише, чем острый клинок в тёмную ночь.""""<br>—Сизза</c>"""
"""<c=@flavor>""""There's a sucker born every minute. Did I say sucker? I meant collector.""""<br>—Cin</c><br><br>This item only has value as part of a collection.""","""<c=@flavor>""""Каждую минуту рождается лох. Я сказал лох? Я имел в виду коллекционер.""""<br>—Син</c><br><br>Этот предмет имеет ценность только как часть коллекции."""
"""<c=@flavor>""""There's dried flowers in the padding to cover up that after-battle stench. It doesn't help much, but I try.""""<br>—Priory Explorer Cyara</c>""","""<c=@flavor>""""На подкладке лежат засушенные цветы, чтобы скрыть вонь после битвы. Это не особо помогает, но я стараюсь.""""<br>—Исследовательница Приора Киара</c>"""
"""<c=@flavor>""""There's more rust than iron left here.""""</c>""","""<c=@flavor>""""Здесь больше ржавчины, чем железа.""""</c>"""
"""<c=@flavor>""""There's more than one way to make a blade. These have a touch of the local plants used to fuel our forges.""""<br>—Tovar</c>""","""<c=@flavor>""""Существует несколько способов изготовления клинка. Они напоминают местные растения, используемые для топлива в наших кузницах.""""<br>—Товар</c>"""
"""<c=@flavor>""""There's only one thing better than a sword...""""<br>—Tripp</c>""","""<c=@flavor>""""Есть только одна вещь лучше меча...""""<br>—Трипп</c>"""
"""<c=@flavor>""""There, see? Isn't this pistol worth all the explosions, monstrous wurms, giant mosquitoes, and undead you had to go through?"""" —Admiral Clarinda Demard</c>""","""<c=@flavor>""""Вот, видишь? Разве этот пистолет не стоит всех взрывов, чудовищных червей, гигантских комаров и нежити, через которые тебе пришлось пройти?"""" — Адмирал Кларинда Демард</c>"""
"""<c=@flavor>""""These always break off at the worst possible time.""""<br>—Mara Ripsaw</c>""","""<c=@flavor>""""Они всегда ломаются в самый неподходящий момент.""""<br>—Мара Рипсо</c>"""
"""<c=@flavor>""""These always bring me good luck.""""<br>—Tamor Woodreave</c>""","""<c=@flavor>""""Это всегда приносит мне удачу.""""<br>—Тамор Вудрив</c>"""
"""<c=@flavor>""""These are a bit snug, but they don't look too bad.""""<br>—Fisherman Carter</c>""","""<c=@flavor>""""Они немного уютные, но выглядят неплохо.""""<br>—Рыбак Картер</c>"""
"""<c=@flavor>""""These are far too dangerous to refill. It is nice to look at though. """"<br>—Engineer Verutum</c>""","""<c=@flavor>""""Пополнять их слишком опасно. Хотя на них приятно смотреть. """"<br>—Инженер Верутум</c>"""
"""<c=@flavor>""""These are forged from heavy steel. Takes an edge like nothing else.""""<br>—Vigil Crusader Rugan</c>""","""<c=@flavor>""""Они выкованы из тяжёлой стали. Они дают преимущество как ничто другое.""""<br>—Vigil Crusader Rugan</c>"""
"""<c=@flavor>""""These are made from specially grown trees. We add a rare ore to the soil. The young sapling becomes almost too hard to cut down.""""<br>—Warden Llew</c>""","""<c=@flavor>""""Они сделаны из специально выращенных деревьев. Мы добавляем в почву редкую руду. Молодой саженец становится слишком твердым, чтобы его срубить.""""<br>—Страж Лью</c>"""
"""<c=@flavor>""""These are pretty. So pretty.""""<br>—Recruit Tochacatl</c>""","""<c=@flavor>""""Они красивые. Такие красивые.""""<br>—Нанять Точакатля</c>"""
"""<c=@flavor>""""These are specially padded to protect you and the artifacts.""""<br>—Explorer Cryptcutter</c>""","""<c=@flavor>""""Они имеют специальную подкладку, чтобы защитить вас и артефакты.""""<br>—Explorer Cryptcutter</c>"""
"""<c=@flavor>""""These aren't ACTUALLY everburning. But they will keep your feet from getting charred up around here.""""<br>—Brencis Quickblood</c>""","""<c=@flavor>""""Они НА САМОМ ДЕЛЕ не горят вечно. Но они защитят ваши ноги от обугливания здесь.""""<br>—Бренсис Квикблад</c>"""
"""<c=@flavor>""""These badges are amazing. There are so many interesting ranks, positions, honors. It was quite a complex military organization.""""<br>—Researcher Raekk</c>""","""<c=@flavor>""""Эти значки потрясающие. Там столько интересных званий, должностей, наград. Это была довольно сложная военная организация.""""<br>—Исследователь Раекк</c>"""
"""<c=@flavor>""""These boots are made for battle.""""<br>—Zalvax Brokenclaw</c>""","""<c=@flavor>""""Эти ботинки созданы для боя.""""<br>—Залвакс Сломанный Коготь</c>"""
"""<c=@flavor>""""These boots are made to crush corruption beneath them.""""<br>—Toka Axegrinder</c>""","""<c=@flavor>""""Эти ботинки созданы, чтобы раздавить под собой порчу.""""<br>—Тока Топоруб</c>"""
"""<c=@flavor>""""These briars are nearly indestructible.""""<br>—Warden Spy Alarin</c>""","""<c=@flavor>""""Эти шиповники практически неразрушимы.""""<br>—Страж-шпион Аларин</c>"""
"""<c=@flavor>""""These can also hold ale.""""<br>—Shengra</c>""","""<c=@flavor>""""Здесь также можно хранить эль.""""<br>—Шенгра</c>"""
"""<c=@flavor>""""These can take just about anything that undead thing has to throw at us.""""<br>—Warmaster Chan</c>""","""<c=@flavor>""""Они могут выдержать практически все, что нежить может бросить в нас.""""<br>—Воитель Чан</c>"""
"""<c=@flavor>""""These creatures are just fleeing the undead. It's a shame that they encroach upon the village and have to be dealt with so harshly.""""<br>—Quennida</c>""","""<c=@flavor>""""Эти существа просто бегут от нежити. Жаль, что они вторглись в деревню и с ними приходится так жестоко обращаться.""""<br>—Квеннида</c>"""
"""<c=@flavor>""""These crystals have some kind of energy. I've modified a standard bow with them. Let me know how it works.""""<br>—Olenn</c>""","""<c=@flavor>""""Эти кристаллы обладают какой-то энергией. Я модифицировал с их помощью стандартный лук. Дайте мне знать, как это работает.""""<br>—Оленн</c>"""
"""<c=@flavor>""""These gaskets make good rings. I wonder what kind of metal this is.""""—Garrius</c>""","""<c=@flavor>""""Из этих прокладок получаются хорошие кольца. Интересно, что это за металл.""""—Гарриус</c>"""
"""<c=@flavor>""""These guns have so many gears, I'm sure the one this is from wont be missing it.""""<br>—Legionnaire Sleekfur</c>""","""<c=@flavor>""""У этих пушек так много механизмов, я уверен, что тот, из которого это, не будет лишним.""""<br>—Легионер Гладкошерстный</c>"""
"""<c=@flavor>""""These have a special filter to handle all the tar.""""<br>—Engineer Verutum</c>""","""<c=@flavor>""""У них есть специальный фильтр для обработки всех смол.""""<br>—Инженер Верутум</c>"""
"""<c=@flavor>""""These have saved more than one patrol.""""<br>—Fahrtak Shatterfiend</c>""","""<c=@flavor>""""Они спасли не один патруль.""""<br>—Фартак Разрушитель</c>"""
"""<c=@flavor>""""These help deflect the blast away from your more...sensitive...areas.""""<br>—Centurion Truthbringer</c>""","""<c=@flavor>""""Они помогают отразить взрывную волну в сторону от ваших более... чувствительных... областей.""""<br>—Центурион Несущий Истину</c>"""
"""<c=@flavor>""""These help deflect the spent casings from a rapid rate of fire.""""<br>—Legionnaire Sleekfur</c>""","""<c=@flavor>""""Они помогают отразить стреляные гильзы от высокой скорости стрельбы.""""<br>—Легионер Гладкошерстный</c>"""
"""<c=@flavor>""""These help for those really dark caves.""""<br>—Adgils</c>""","""<c=@flavor>""""Они помогают в очень тёмных пещерах.""""<br>—Аджилс</c>"""
"""<c=@flavor>""""These help neutralize naturally occurring red-cap toxins.""""<br>—Elain</c>""","""<c=@flavor>""""Они помогают нейтрализовать естественные токсины красной шапочки.""""<br>—Элейн</c>"""
"""<c=@flavor>""""These help us escort caravans to the Pact base.""""<br>—Zara</c>""","""<c=@flavor>""""Они помогают нам сопровождать караваны к базе Пакта.""""<br>—Зара</c>"""
"""<c=@flavor>""""These help us handle the large amounts of natural magic in the area.""""<br>—Scholar Daphne</c>""","""<c=@flavor>""""Они помогают нам справиться с огромным количеством природной магии в этом районе.""""<br>—Ученый Дафна</c>"""
"""<c=@flavor>""""These help you move the eggs safely.""""<br>—Braxa Scalehunter</c>""","""<c=@flavor>""""Они помогут вам безопасно перемещать яйца.""""<br>—Бракса Чешуйчатый Охотник</c>"""
"""<c=@flavor>""""These may be a little heavier than normal, but that can come in handy.""""<br>—Crusader Rugan</c>""","""<c=@flavor>""""Они могут быть немного тяжелее обычных, но это может пригодиться.""""<br>—Крестоносец Руган</c>"""
"""<c=@flavor>""""These must have some kind of old power inbued in them.""""<br>—Seraph Soldier Dianna</c>""","""<c=@flavor>""""Должно быть, в них заключена какая-то старая сила.""""<br>—Серафим-солдат Дайанна</c>"""
"""<c=@flavor>""""These patterns must date all the way back to when Orr was still a thriving place.""""</c>""","""<c=@flavor>""""Эти закономерности, должно быть, восходят к тем временам, когда Орр ещё был процветающим местом.""""</c>"""
"""<c=@flavor>""""These seem to be expired. Not good for launch anything but a conversation.""""<br>—Lightbringer Krentch</c>""","""<c=@flavor>""""Похоже, срок их действия истек. Не подходит для начала чего-либо, кроме разговора.""""<br>—Светоносный Кренч</c>"""
"""<c=@flavor>""""These sometimes misfire due to the skritt's inability to maintain them.""""<br>—Durmand Priory Field Guide to Skritt</c>""","""<c=@flavor>""""Иногда они дают сбой из-за неспособности скритта их поддерживать.""""<br>—Полевой справочник по скриттам Приората Дурманда</c>"""
"""<c=@flavor>""""These spikes might have served a tactical purpose in battle, perhaps to denote rank.""""<br>—Tactician Sebastian</c>""","""<c=@flavor>""""Эти шипы могли служить тактическим целям в бою, возможно, для обозначения ранга.""""<br>—Тактик Себастьян</c>"""
"""<c=@flavor>""""These steins are crafted extra sturdy. They won't break over a bandit's head, and the can block a centaur arrow without leaking any ale.""""<br>—Brother Vince</c>""","""<c=@flavor>""""Эти кружки сделаны очень прочными. Они не разобьются о голову бандита и могут блокировать стрелу кентавра, не проливая при этом эля.""""<br>—Брат Винс</c>"""
"""<c=@flavor>""""These still have a little residual arcane energy. We are going to need every little magical scrap and crumb to defeat Zhaitan.""""<br>—Scholar Blix</c>""","""<c=@flavor>""""У них все ещё есть немного остаточной тайной энергии. Нам понадобится каждый маленький магический обрывок и крошка, чтобы победить Зайтана.""""<br>—Ученый Бликс</c>"""
"""<c=@flavor>""""These summoning stones have led to great breakthroughs in some of my more boot-related research.""""<br>—Scholar Inka</c>""","""<c=@flavor>""""Эти камни призыва привели к большим прорывам в некоторых моих исследованиях, связанных с обувью.""""<br>—Ученая Инка</c>"""
"""<c=@flavor>""""These weapons have been changed by this area. They really creep me out.""""<br>—Caedmon</c>""","""<c=@flavor>""""Это оружие было изменено в этой области. Оно меня очень пугает.""""<br>—Кэдмон</c>"""
"""<c=@flavor>""""These were stolen a while back. It's nice to have them back.""""<br>—Zara</c>""","""<c=@flavor>""""Они были украдены некоторое время назад. Приятно их вернуть.""""<br>—Зара</c>"""
"""<c=@flavor>""""These will come in handy during a long battle.""""<br>—Remaris Earshot</c>""","""<c=@flavor>""""Они пригодятся в долгой битве.""""<br>—Ремарис Слышимость</c>"""
"""<c=@flavor>""""These won't rescue you from the Risen, but they will offer you some extra protection.""""<br>—Danu</c>""","""<c=@flavor>""""Они не спасут вас от Восставших, но дадут дополнительную защиту.""""<br>—Дану</c>"""
"""<c=@flavor>""""These wont offer much protection from water.""""<br>—Phill the Fisher</c>""","""<c=@flavor>""""Они не обеспечивают особой защиты от воды.""""<br>—Филл Рыбак</c>"""
"""<c=@flavor>""""These wont unlock anything else, but they do grow in a pretty pattern.""""<br>—Tovar</c>""","""<c=@flavor>""""Они больше ничего не откроют, но растут красивым узором.""""<br>—Товар</c>"""
"""<c=@flavor>""""These would be great for sabotage, so long as the sabotage involves stabbing.""""<br>—Lightbringer Krentch</c>""","""<c=@flavor>""""Они отлично подходят для диверсий, если диверсия включает в себя ножевые ранения.""""<br>—Светоносный Кренч</c>"""
"""<c=@flavor>""""These wrecks were from Lion's Arch. I'd not mistake the mark of the Lionguard."""" -Danu</c>""","""<c=@flavor>""""Эти обломки были из Львиной Арки. Я бы не перепутал знак Львиной Стражи."""" -Дану</c>"""
"""<c=@flavor>""""They burn us; we burn them.""""<br>—Seraph</c>""","""<c=@flavor>""""Они сжигают нас, мы сжигаем их.""""<br>—Серафим</c>"""
"""<c=@flavor>""""They look nicer on a necklace than clamping down on your neck.""""—Leandra</c>""","""<c=@flavor>""""Они лучше смотрятся на ожерелье, чем на шее.""""—Леандра</c>"""
"""<c=@flavor>""""They love these sticks.""""<br>—Braxa Scalehunter</c>""","""<c=@flavor>""""Им нравятся эти палочки.""""<br>—Бракса Чешуйчатый Охотник</c>"""
"""<c=@flavor>""""They said I set a record, but hey, who's counting?"""" —Braham</c>""","""<c=@flavor>""""Они сказали, что я установил рекорд, но эй, кто считает?"""" —Брэм</c>"""
"""<c=@flavor>""""They said it couldn't be done, but I did it. The Pact's first tactical torch.""""<br>—Tactician Lyan</c>""","""<c=@flavor>""""Они говорили, что это невозможно, но я это сделал. Первый тактический факел Пакта.""""<br>—Тактик Лиан</c>"""
"""<c=@flavor>""""They said it couldn't be done, but I did it. The legions first tactical torch.""""<br>—Tactician Lyan</c>""","""<c=@flavor>""""Они говорили, что это невозможно, но я это сделал. Первый тактический факел легиона.""""<br>—Тактик Лиан</c>"""
"""<c=@flavor>""""They say charr don't like to swim? Ha! If there are Branded to kill, I love it.""""<br>—Sentinel Staggerfoe</c>""","""<c=@flavor>""""Говорят, чарры не любят плавать? Ха! Если есть Клейменные, которых можно убить, мне это нравится.""""<br>—Sentinel Staggerfoe</c>"""
"""<c=@flavor>""""They say the Ogres infuse these with some kind of magic. Thus the bond with their pets. We just collect them because it's fun.""""<br>—Avarr Sneakpaw</c>""","""<c=@flavor>""""Говорят, огры наделяют их какой-то магией. Таким образом создается связь с их питомцами. Мы просто собираем их, потому что это весело.""""<br>—Аварр Проныра</c>"""
"""<c=@flavor>""""They used these to trade goods a long time ago. Sometimes its easy to forget these used to be people.""""<br>—Lightbringer Zykk</c>""","""<c=@flavor>""""Давным-давно они использовали их для торговли товарами. Иногда лёгко забыть, что раньше это были люди.""""<br>—Светоносный Зикк</c>"""
"""<c=@flavor>""""They won't be using these on us anytime soon.""""<br>—Hua'racche</c>""","""<c=@flavor>""""Они не будут использовать их против нас в ближайшее время.""""<br>—Хуаракче</c>"""
"""<c=@flavor>""""Think before you leap.""""<br>—Bink</c>""","""<c=@flavor>""""Подумайте, прежде чем прыгнуть.""""<br>—Бинк</c>"""
"""<c=@flavor>""""This ancient golem head clearly substantiates the progress of asuran engineering.""""<br>—Shoon</c>""","""<c=@flavor>""""Эта голова древнего голема ясно подтверждает прогресс асуранской инженерии.""""<br>—Шун</c>"""
"""<c=@flavor>""""This arrowhead once belonged to Pyre Fierceshot.""""</c>""","""<c=@flavor>""""Этот наконечник стрелы когда-то принадлежал Погребальному Яростному Выстрелу.""""</c>"""
"""<c=@flavor>""""This artifact is more ornament than armament, but it gives hints of ancient craftsmanship.""""</c>""","""<c=@flavor>""""Этот артефакт скорее украшение, чем вооружение, но он даёт намек на древнее мастерство.""""</c>"""
"""<c=@flavor>""""This badge confers upon you all of the responsibilites of a peacemaker with none of the credit.""""<br>—Peacemaker Owta</c>""","""<c=@flavor>""""Этот значок возлагает на вас все обязанности миротворца без каких-либо заслуг.""""<br>—Миротворец Оута</c>"""
"""<c=@flavor>""""This beautiful ring represents a more peaceful time for the citizens of Ascalon.""""<br>—Bronson</c>""","""<c=@flavor>""""Это красивое кольцо символизирует более мирное время для жителей Аскалона.""""<br>—Бронсон</c>"""
"""<c=@flavor>""""This bow will make quick work of your enemy!""""</c>""","""<c=@flavor>""""Этот лук быстро расправится с вашим врагом!""""</c>"""
"""<c=@flavor>""""This can dispell the darkest of nights.""""<br>—Faithspotter</c>""","""<c=@flavor>""""Это может рассеять самые тёмные ночи.""""<br>—Faithspotter</c>"""
"""<c=@flavor>""""This chest has been puzzling me for a while. I see no way to reach the mechanism through this field...unless you're a tank-mounted harpoon.""""</c>""","""<c=@flavor>""""Этот сундук уже давно меня озадачивает. Я не вижу способа добраться до механизма через это поле... если только вы не гарпун, установленный на танке.""""</c>"""
"""<c=@flavor>""""This chestplate can be shot from point-blank range and still keep you from feeling it.""""<br>—Explorer Brokkar</c>""","""<c=@flavor>""""В этот нагрудник можно выстрелить в упор, но вы при этом не почувствуете его.""""<br>—Исследователь Броккар</c>"""
"""<c=@flavor>""""This chestplate could take a whole dredge tank round at point-blank range and still keep you from feeling it.""""<br>—Explorer Brokkar</c>""","""<c=@flavor>""""Этот нагрудник может выдержать выстрел в упор из целого танка-земснаряда, но при этом не дать вам почувствовать его.""""<br>—Исследователь Броккар</c>"""
"""<c=@flavor>""""This city's got the right idea sometimes. It's my kind of party! And you know, we did some good together on the way."""" —Braham</c>""","""<c=@flavor>""""Иногда у этого города появляется правильная идея. Это мой тип вечеринки! И вы знаете, мы вместе сделали кое-что хорошее."""" —Брэм</c>"""
"""<c=@flavor>""""This comes straight from the heart. Ha! Get it?""""<br>—Kona Timberrend</c>""","""<c=@flavor>""""Это идет прямо от сердца. Ха! Понял?""""<br>—Кона Лесодёр</c>"""
"""<c=@flavor>""""This contains a special power matrix embedded in what should appear to be a normal surface.""""<br>—Explorer Trebb</c>""","""<c=@flavor>""""Он содержит специальную матрицу мощности, встроенную в то, что должно выглядеть как обычная поверхность.""""<br>—Explorer Trebb</c>"""
"""<c=@flavor>""""This core has cooled making it too hard to work with.""""<br>—Kruppa</c>""","""<c=@flavor>""""Это ядро ??остыло, и с ним стало слишком трудно работать.""""<br>—Kruppa</c>"""
"""<c=@flavor>""""This core has cooled, making it too hard to work with.""""<br>—Kruppa</c>""","""<c=@flavor>""""Это ядро ??остыло, и с ним стало слишком сложно работать.""""<br>—Kruppa</c>"""
"""<c=@flavor>""""This dagger has a special coating making it quieter than others.""""<br>—Sizza</c>""","""<c=@flavor>""""Этот кинжал имеет специальное покрытие, благодаря которому он тише других.""""<br>—Sizza</c>"""
"""<c=@flavor>""""This destroys just about anything: artifacts, grubs, even undead. Just keep hitting them until they stop moving."""" <br>—Jezza</c>""","""<c=@flavor>""""Это уничтожает практически всё: артефакты, личинок, даже нежить. Просто продолжайте бить их, пока они не перестанут двигаться."""" <br>—Джезза</c>"""
"""<c=@flavor>""""This field manual appears to have had some heavy use, possibly as a shield. A few of the pages look like they've been gnawed on a bit.""""<br>—Lionguard Rhyn</c>""","""<c=@flavor>""""Похоже, что этим полевым руководством пользовались довольно часто, возможно, в качестве щита. Некоторые страницы выглядят так, будто их немного обглодали.""""<br>—Львиный страж Рин</c>"""
"""<c=@flavor>""""This focus was made specifically to aid me in my research.""""<br>—Magister Razermane</c>""","""<c=@flavor>""""Этот фокус был сделан специально, чтобы помочь мне в моих исследованиях.""""<br>—Магистр Разерман</c>"""
"""<c=@flavor>""""This had to be important for something.""""—Molesmasher</c>""","""<c=@flavor>""""Это должно было быть для чего-то важно.""""—Molesmasher</c>"""
"""<c=@flavor>""""This here is my very favorite rifle. Try it for yourself.""""<br>—Maakel The Immortal</c>""","""<c=@flavor>""""Это моя любимая винтовка. Попробуйте сами.""""<br>—Маакел Бессмертный</c>"""
"""<c=@flavor>""""This is a part from a steam creature, I've studied it all I could maybe you'll find it more useful.""""<br>—Garrius</c>""","""<c=@flavor>""""Это часть парового существа, я изучил все, что мог, возможно, вы найдёте это более полезным.""""<br>—Гарриус</c>"""
"""<c=@flavor>""""This is a part from a steam creature. I've studied it all I could. Maybe you'll find it more useful.""""<br>—Garrius</c>""","""<c=@flavor>""""Это часть парового существа. Я изучил её все, что мог. Возможно, она окажется для вас более полезной.""""<br>—Гарриус</c>"""
"""<c=@flavor>""""This is a symbol of strength around here.""""<br>—Rak Deathmane</c>""","""<c=@flavor>""""Здесь это символ силы.""""<br>—Рак Смертельная Грива</c>"""
"""<c=@flavor>""""This is an Opticalium-approved energy-focusing device.""""<br>—Opticalium Researcher Oisha</c>""","""<c=@flavor>""""Это устройство фокусировки энергии, одобренное Opticalium.""""<br>—Исследователь Opticalium Ойша</c>"""
"""<c=@flavor>""""This is but a tool of a greater machine.""""<br>—Guardian Infinite Mind</c>""","""<c=@flavor>""""Это всего лишь инструмент великой машины.""""<br>—Хранитель Бесконечного Разума</c>"""
"""<c=@flavor>""""This is it. Every step you take past here is straight into Zhaitan.""""<br>—Lightbringer Ives</c>""","""<c=@flavor>""""Вот оно. Каждый ваш шаг здесь ведёт прямо в Зайтан.""""<br>—Светоносный Айвз</c>"""
"""<c=@flavor>""""This is mostly fireproof. Calculations indicate that you'll be fine if you aim the flamethrower away from you.""""<br>—Jezza</c>""","""<c=@flavor>""""В основном он пожаробезопасен. Расчёты показывают, что с вами все будет в порядке, если вы направите огнемет от себя.""""<br>—Джезза</c>"""
"""<c=@flavor>""""This is my own special hook design that I carve out of dried driftwood.""""<br>—Fisherman Will</c>""","""<c=@flavor>""""Это мой особый крючок, который я вырезаю из высушенной коряги.""""<br>—Рыбак Уилл</c>"""
"""<c=@flavor>""""This is one of the heaviest books in our collection. The older the book, and the thicker the paper, the heavier it gets.""""<br>—Magister Kathryn</c>""","""<c=@flavor>""""Это одна из самых тяжёлых книг в нашей коллекции. Чем старше книга и чем толще бумага, тем тяжелее она становится.""""<br>—Магистр Кэтрин</c>"""
"""<c=@flavor>""""This is the prettiest one I have ever found.""""<br>—Harvester Mavad</c>""","""<c=@flavor>""""Это самый красивый экземпляр, который я когда-либо находил.""""<br>—Комбайн Мавад</c>"""
"""<c=@flavor>""""This is the smallest trident I've ever seen.""""<br>—Hua'racche</c>""","""<c=@flavor>""""Это самый маленький трезубец, который я когда-либо видел.""""<br>—Хуаракче</c>"""
"""<c=@flavor>""""This is what makes us different. We provide long range covering fire, surpressing the enemy so our mortar teams are exponentially more effective.""""<br>—Centurion Truthbringer</c>""","""<c=@flavor>""""Это то, что отличает нас от других. Мы обеспечиваем прикрытие огня на больших дистанциях, подавляя врага, поэтому наши минометные расчёты становятся в геометрической прогрессии более эффективными.""""<br>—Центурион Истинный Несущий</c>"""
"""<c=@flavor>""""This just allows you to gather the parts at the bottom of the lake more efficiently.""""<br>—Sesto Headsplitter</c>""","""<c=@flavor>""""Это просто позволит вам более эффективно собирать части на дне озера.""""<br>—Sesto Headsplitter</c>"""
"""<c=@flavor>""""This looks unlike any type of gear we've seen before.""""<br>—Gatekeeper</c>""","""<c=@flavor>""""Это устройство не похоже ни на одно другое снаряжение, которое мы видели раньше.""""<br>—Gatekeeper</c>"""
"""<c=@flavor>""""This may seem daunting, but remember, even cubs have claws.""""<br>—Magister Pagga</c>""","""<c=@flavor>""""Это может показаться пугающим, но помните: даже у детенышей есть когти.""""<br>—Магистр Пагга</c>"""
"""<c=@flavor>""""This mill is a dangerous place. A sturdy helm will help cut down on any 'accidents.'""""<br>—Tamor Woodreave</c>""","""<c=@flavor>""""Эта мельница — опасное место. Прочный шлем поможет предотвратить любые «несчастные случаи».""""<br>—Тамор Вудрив</c>"""
"""<c=@flavor>""""This model comes with MX-11 tubing standard!""""<br>—Blopp</c>""","""<c=@flavor>""""Эта модель поставляется со стандартной трубкой MX-11!""""<br>—Blopp</c>"""
"""<c=@flavor>""""This moss has an incredible ability to heal and protect.""""<br>—Arias</c>""","""<c=@flavor>""""Этот мох обладает невероятной способностью исцелять и защищать.""""<br>—Ариас</c>"""
"""<c=@flavor>""""This one lasted longer than the rest.""""<br>—Bordekka</c>""","""<c=@flavor>""""Этот продержался дольше остальных.""""<br>—Бордекка</c>"""
"""<c=@flavor>""""This one looks as though it hasn't been hit with a pickax.""""<br>—Lionguard Rhyn</c>""","""<c=@flavor>""""Этот выглядит так, будто его не ударили киркой.""""<br>—Львиный страж Рин</c>"""
"""<c=@flavor>""""This one was successful—unlike the experiment of me coming out here..""""<br>—Krewe Apprentice Blork</c>""","""<c=@flavor>""""Этот эксперимент оказался успешным — в отличие от моего эксперимента, пришедшего сюда...""""<br>—Крю Ученик Блорк</c>"""
"""<c=@flavor>""""This one's for my favorite experiment: Will it smash?""""<br>—Brikk</c>""","""<c=@flavor>""""Это мой любимый эксперимент: разобьётся ли он?""""<br>—Брикк</c>"""
"""<c=@flavor>""""This piece was anointed by Vollym himself. Wear it proudly!""""<br>—Johan</c>""","""<c=@flavor>""""Это изделие было помазано самим Воллимом. Носите его с гордостью!""""<br>—Йохан</c>"""
"""<c=@flavor>""""This pin might be a little too tactical.""""<br>—Tactician Lyan</c>""","""<c=@flavor>""""Этот значок может быть слишком тактическим.""""<br>—Тактик Лиан</c>"""
"""<c=@flavor>""""This rabbit died of natural causes!""""<br>—Dena</c>""","""<c=@flavor>""""Этот кролик умер естественной смертью!""""<br>—Дена</c>"""
"""<c=@flavor>""""This rifle served me well.""""</c>""","""<c=@flavor>""""Эта винтовка мне хорошо послужила.""""</c>"""
"""<c=@flavor>""""This ring is made of rock candy.""""</c>""","""<c=@flavor>""""Это кольцо сделано из леденца.""""</c>"""
"""<c=@flavor>""""This scepter is humming with energy!""""<br>—Ahjj</c>""","""<c=@flavor>""""Этот скипетр кипит энергией!""""<br>—Ага</c>"""
"""<c=@flavor>""""This seems to hold the key to the mysterious imps appearing.""""<br>—Scholar Inka</c>""","""<c=@flavor>""""Похоже, это ключ к появлению таинственных бесов.""""<br>—Ученый Инка</c>"""
"""<c=@flavor>""""This should help on the journey ahead!""""<br>—Arcanist Riagan</c>""","""<c=@flavor>""""Это должно помочь в предстоящем путешествии!""""<br>—Арканист Риаган</c>"""
"""<c=@flavor>""""This should help the Inquest with their research, if you know what I mean.""""<br>—Sentinel Liharn</c>""","""<c=@flavor>""""Это должно помочь Следствию в их исследованиях, если вы понимаете, о чем я.""""<br>—Страж Лихарн</c>"""
"""<c=@flavor>""""This should help when fighting the icebrood.""""<br>—Tor the Tall</c>""","""<c=@flavor>""""Это должно помочь в борьбе с ледяным выводком.""""<br>—Тор Высокий</c>"""
"""<c=@flavor>""""This should help you in your adventures.""""<br>—Tor the Tall</c>""","""<c=@flavor>""""Это должно помочь вам в ваших приключениях.""""<br>—Высокий</c>"""
"""<c=@flavor>""""This spoon commemorates the first silverware produced by the fine folk of First Haven.""""</c>""","""<c=@flavor>""""Эта ложка посвящена первым серебряным изделиям, изготовленным знатными людьми Первого Хэвена.""""</c>"""
"""<c=@flavor>""""This staff has excellent magical properties. Also, it makes for a great walking stick.""""<br>—Vejj</c>""","""<c=@flavor>""""Этот посох обладает превосходными магическими свойствами. Кроме того, из него можно сделать отличную трость.""""<br>—Вейдж</c>"""
"""<c=@flavor>""""This stone was infused with old energies, I figured that would have to make this thing more powerful than what the Priory issues us.""""<br>—Jinell</c>""","""<c=@flavor>""""Этот камень был наполнен старой энергией, я полагал, что это должно сделать эту штуку более мощной, чем то, что даёт нам Приорат.""""<br>—Джинелл</c>"""
"""<c=@flavor>""""This used to be cursed but the Durmand Priory removed it.""""<br>—Professor Maciver</c>""","""<c=@flavor>""""Раньше это было проклятие, но монастырь Дурманд устранил его.""""<br>—Профессор Макивер</c>"""
"""<c=@flavor>""""This version is a little more unstable, but worth the risk.""""<br>—Seesa</c>""","""<c=@flavor>""""Эта версия немного более нестабильна, но риск того стоит.""""<br>—Сиса</c>"""
"""<c=@flavor>""""This wall is our line in the sand. Defenders of this wall are welcome to use our shields."""" <br>—Brannen</c>""","""<c=@flavor>""""Эта стена — наша линия на песке. Защитники этой стены могут использовать наши щиты."""" <br>—Браннен</c>"""
"""<c=@flavor>""""This was taken from a large Jotun.""""<br>—Neida</c>""","""<c=@flavor>""""Это было взято у большого ётуна.""""<br>—Нейда</c>"""
"""<c=@flavor>""""This way you don't have to touch...them.""""<br>—Explorer Erikk</c>""","""<c=@flavor>""""Таким образом, вам не придётся прикасаться... к ним.""""<br>—Исследователь Эрикк</c>"""
"""<c=@flavor>""""This well-worn doll belonged to Cobiah Marriner's little sister, Biviane, who had her young life taken from her under the piers of Lion's Arch.""""</c>""","""<c=@flavor>""""Эта поношенная кукла принадлежала младшей сестре Кобии Марринер, Бивиане, у которой отобрали молодую жизнь под опорами Львиной Арки.""""</c>"""
"""<c=@flavor>""""This will come in handy once the Svanir threat increases.""""<br>—Tactician Sebastian</c>""","""<c=@flavor>""""Это пригодится, когда угроза Сванира увеличится.""""<br>—Тактик Себастьян</c>"""
"""<c=@flavor>""""Thorns can be as beautiful as they are painful.""""<br>—Diantha</c>""","""<c=@flavor>""""Шипы могут быть настолько же красивыми, насколько и болезненными.""""<br>—Дианта</c>"""
"""<c=@flavor>""""Those Inquest won't hear you coming, and if they do—well, this should quiet things down quickly enough.""""<br>—Slayer Feldera</c>""","""<c=@flavor>""""Эти Следственные органы не услышат вашего приближения, а если и услышат — что ж, это должно достаточно быстро утихомирить ситуацию.""""<br>—Убийца Фельдера</c>"""
"""<c=@flavor>""""Those centaurs better not come near anyone wielding this bow.""""<br>—Seraph</c>""","""<c=@flavor>""""Этим кентаврам лучше не приближаться к тем, кто владеет этим луком.""""<br>—Серафим</c>"""
"""<c=@flavor>""""Those dings and scratches just give the armor more character.""""<br>—Bracctus</c>""","""<c=@flavor>""""Эти вмятины и царапины лишь придают доспехам больше характера.""""<br>—Бракктус</c>"""
"""<c=@flavor>""""Those imps love magic almost as much I do.""""<br>—Scholar Inka</c>""","""<c=@flavor>""""Эти бесы любят магию почти так же сильно, как и я.""""<br>—Ученая Инка</c>"""
"""<c=@flavor>""""Those silly monkies will worship anything. Enjoy this tiny pockey sized """"Star God""""<br>—Olenn</c>""","""<c=@flavor>""""Эти глупые обезьяны будут поклоняться чему угодно. Наслаждайтесь этим крошечным ""Звёздным Богом"" размером с карман <br>—Оленн</c>"""
"""<c=@flavor>""""Though known for their use of sonic weapons, dredge sometimes rely on less sophisticated weaponry.""""<br>—Priory Field Guide to Dredge</c>""","""<c=@flavor>""""Несмотря на то, что драги известны своим использованием звукового оружия, иногда они полагаются на менее сложное вооружение.""""<br>—Приоритное полевое руководство по драгам</c>"""
"""<c=@flavor>""""Three of my own discoveries are right there on the cover.""""<br>—Aerixx</c>""","""<c=@flavor>""""Три моих собственных открытия прямо на обложке.""""<br>—Aerixx</c>"""
"""<c=@flavor>""""To Lt. Pickins—lover of lakes, lagoons, and all moist places.""""</c>""","""<c=@flavor>""""Лейтенанту Пикинсу — любителю озер, лагун и всех влажных мест.""""</c>"""
"""<c=@flavor>""""To focus the wrath of the machines.""""</c>""","""<c=@flavor>""""Чтобы сосредоточить гнев машин.""""</c>"""
"""<c=@flavor>""""Together.""""<br>—Pact Motto</c>""","""<c=@flavor>""""Вместе.""""<br>—Девиз Пакта</c>"""
"""<c=@flavor>""""Too bad we can't put them back on the people that made them.""""<br>—Coydd</c>""","""<c=@flavor>""""Жаль, что мы не можем вернуть их людям, которые их сделали.""""<br>—Койд</c>"""
"""<c=@flavor>""""Top of the line aquatic firepower. Having used it firsthand, I'm convinced that it's not too bad, for having been made by a human.""""<br>—Mei Shadowwalker</c>""","""<c=@flavor>""""Первоклассная водная огневая мощь. Использовав её лично, я убежден, что она не так уж и плоха, учитывая, что её создал человек.""""<br>—Мэй Теневой Ходок</c>"""
"""<c=@flavor>""""Torches will help keep away the undead."""" <br>—Cuadinti</c>""","""<c=@flavor>""""Факелы помогут отогнать нежить."""" <br>—Куадинти</c>"""
"""<c=@flavor>""""Track and kill.""""<br>—Meinolf Njordson</c>""","""<c=@flavor>""""Выследить и убить.""""<br>—Мейнольф Ньёрдсон</c>"""
"""<c=@flavor>""""Trade can never stop.""""<br>—Lionguard</c>""","""<c=@flavor>""""Торговля никогда не может остановиться.""""<br>—Lionguard</c>"""
"""<c=@flavor>""""Trade is life. Thanks.""""<br>—Micah</c>""","""<c=@flavor>""""Торговля — это жизнь. Спасибо.""""<br>—Мика</c>"""
"""<c=@flavor>""""Trained Member of the Claypool Militia""""</c>""","""<c=@flavor>""""Обученный член ополчения Клейпула""""</c>"""
"""<c=@flavor>""""Tribune, the renegade that just pledged Blood in the trials would be a fine addition to Steel. Make it happen, but do not show my hand.  —B""""</c>""","""<c=@flavor>""""Трибун, отступник, который только что дал клятву Крови в испытаниях, был бы прекрасным дополнением к Стали. Сделай это, но не показывай свою руку. —B""""</c>"""
"""<c=@flavor>""""Triktiki did not steal. Honest!""""<br>—Triktiki</c>""","""<c=@flavor>""""Триктики не воровали. Честно!""""<br>—Триктики</c>"""
"""<c=@flavor>""""Trolls attack anything that comes near and eat almost anything. Their teeth are very strong, but make a nice necklace."""" -Quennida</c>""","""<c=@flavor>""""Тролли нападают на все, что приближается, и едят почти все. Их зубы очень крепкие, из них получается красивое ожерелье."""" -Квеннида</c>"""
"""<c=@flavor>""""Try as you might, this one is soundless.""""<br>—Eona</c>""","""<c=@flavor>""""Как ни старайся, этот беззвучен.""""<br>—Эона</c>"""
"""<c=@flavor>""""Two things are seemingly endless: centaurs to kill, and our supply of leggings.""""<br>—Erika Rane</c>""","""<c=@flavor>""""Две вещи кажутся бесконечными: кентавры, которых нужно убивать, и наш запас леггинсов.""""<br>—Эрика Рэйн</c>"""
"""<c=@flavor>""""Undercoats of certain colors cause aetherovacillation at wavelengths that can enhance an armor's durability...maybe. We're still waiting on lab results.""""<br>—Peacemaker Owta</c>""","""<c=@flavor>""""Грунтовки определенных цветов вызывают эфировибрацию на длинах волн, которые могут повысить долговечность брони... возможно. Мы все ещё ждем результатов лабораторных исследований.""""<br>—Миротворец Оута</c>"""
"""<c=@flavor>""""Until we get through the Nightmare Court, we have extra supplies.""""<br>—Explorer Pentt</c>""","""<c=@flavor>""""Пока мы не пройдём Кошмарный двор, у нас есть дополнительные припасы.""""<br>—Исследователь Пентт</c>"""
"""<c=@flavor>""""Until we're able to get through the Nightmare Court, we have extra supplies.""""<br>—Explorer Pentt</c>""","""<c=@flavor>""""Пока мы не сможем пройти через Кошмарный двор, у нас есть дополнительные припасы.""""<br>—Исследователь Пентт</c>"""
"""<c=@flavor>""""Use this to keep you safe, young one.""""<br>—Bulsa</c>""","""<c=@flavor>""""Используй это, чтобы обезопасить себя, малыш.""""<br>—Булса</c>"""
"""<c=@flavor>""""Used strictly for religious purposes, of course.""""<br>—Cin</c><br><br>This item only has value as part of a collection.""","""<c=@flavor>""""Конечно, используется исключительно в религиозных целях.""<br>—Cin</c><br><br>Этот предмет имеет ценность только как часть коллекции."""
"""<c=@flavor>""""Using a bow is like training people. You have to bend them to know their limits."""" <br>—Laudren</c>""","""<c=@flavor>""""Использование лука похоже на тренировку людей. Вам нужно подчинить их, чтобы знать свои пределы."""" <br>—Лодрен</c>"""
"""<c=@flavor>""""Using a warhorn does two things here: it alerts to danger and calls for help."""" <br>—Cuadinti</c>""","""<c=@flavor>""""Использование боевого рога выполняет две функции: предупреждает об опасности и призывает на помощь."""" <br>—Куадинти</c>"""
"""<c=@flavor>""""Using a warhorn does two things: it alerts to danger and calls for help."""" <br>—Cuadinti</c>""","""<c=@flavor>""""Использование боевого рога выполняет две функции: предупреждает об опасности и призывает на помощь."""" <br>—Куадинти</c>"""
"""<c=@flavor>""""Using words is hard, because words mean things.""""</c>""","""<c=@flavor>""""Использовать слова сложно, потому что слова значат вещи.""""</c>"""
"""<c=@flavor>""""Usually only nobles wear these, but I just found a ton of 'em.""""<br>—Mrr'kkant</c>""","""<c=@flavor>""""Обычно их носят только дворяне, но я нашёл их уйму.""""<br>—Мрр'ккант</c>"""
"""<c=@flavor>""""Valor is the one flame that cannot be extinguished out here.""""<br>—Crusader D'Stolt</c>""","""<c=@flavor>""""Доблесть — это единственное пламя, которое невозможно потушить здесь.""""<br>—Крестоносец Д'Столт</c>"""
"""<c=@flavor>""""Very interesting that the imp's heart seems frozen but still works.""""<br>—Suki</c>""","""<c=@flavor>""""Очень интересно, что сердце чертенка кажется замороженным, но все ещё работает.""""<br>—Сьюки</c>"""
"""<c=@flavor>""""Very sturdy. I made it myself.""""<br>—Leika</c>""","""<c=@flavor>""""Очень прочный. Я сделал это сам.""""<br>—Лейка</c>"""
"""<c=@flavor>""""Victory does not go to the loudest, but to the most effective.""""<br>—Master of Whispers</c>""","""<c=@flavor>""""Победа достается не тому, кто громче, а тому, кто эффективнее.""""<br>—Мастер шепота</c>"""
"""<c=@flavor>""""Vishen Steelshot: immediately regroup with Steel warband at Terra Carorunda Waypoint for an important assignment.""""</c>""","""<c=@flavor>""""Вишен Стилшот: немедленно перегруппируйтесь со отрядом Стали на путевой точке Терра Карорунда для выполнения важного задания.""""</c>"""
"""<c=@flavor>""""Vollym himself used to dual wield two of these at a time.""""<br>—Johan</c>""","""<c=@flavor>""""Сам Воллим использовал два таких оружия одновременно.""""<br>—Йохан</c>"""
"""<c=@flavor>""""Walk a mile in these shoes.""""<br>—Lionscout Tunnira</c>""","""<c=@flavor>""""Пройди милю в этих туфлях.""""<br>—Львоскаут Туннира</c>"""
"""<c=@flavor>""""Walk softly and carry a sharp sword.""""<br>—Bulsa</c>""","""<c=@flavor>""""Идите мягко и носите острый меч.""""<br>—Булса</c>"""
"""<c=@flavor>""""Walk swift in the path of Snow Leopard.""""<br>—Toka Axegrinder</c>""","""<c=@flavor>""""Иди быстро по тропе Снежного Барса.""""<br>—Тока Топоруб</c>"""
"""<c=@flavor>""""Walk with wisdom, step with purpose.""""<br>—The Voice</c>""","""<c=@flavor>""""Идите мудро, шагайте целеустремлённо.""""<br>—The Voice</c>"""
"""<c=@flavor>""""Warmed by the sky above; nourished by the sea below. Grow strong in its radiance.""""</c>""","""<c=@flavor>""""Согрето небом вверху, питаемо морем внизу. Станьте сильнее в его сиянии.""""</c>"""
"""<c=@flavor>""""Warning: Keep tightly sealed. Some kinetic agitation is to be expected.""""</c>""","""<c=@flavor>""""Внимание: хранить плотно закрытым. Можно ожидать некоторого кинетического взбалтывания.""""</c>"""
"""<c=@flavor>""""Was hoping to get weapons or food. Got this instead.""""<br>—Hua'racche</c>""","""<c=@flavor>""""Надеялся получить оружие или еду. Вместо этого получил это.""""<br>—Хуаракче</c>"""
"""<c=@flavor>""""Watch out for those destroyer fissures; one wrong move'll get you a nasty burn.""""<br>—Kruppa</c>""","""<c=@flavor>""""Остерегайтесь этих трещин-разрушителей; одно неверное движение приведет к сильному ожогу.""""<br>—Kruppa</c>"""
"""<c=@flavor>""""Watch your head.""""<br>—Rebel Isaak</c>""","""<c=@flavor>""""Берегите голову.""""<br>—Бунтарь Исаак</c>"""
"""<c=@flavor>""""Water Resistant""""</c>""","""<c=@flavor>""""Водонепроницаемость""""</c>"""
"""<c=@flavor>""""We acquired the design from the local hylek.""""<br>—Lionguard Hester</c>""","""<c=@flavor>""""Мы приобрели дизайн у местного хилека.""""<br>—Львиная стража Эстер</c>"""
"""<c=@flavor>""""We add extra rivets on the inside. You can't see them, but they help when you have a hundred-pound crystal claw coming down on you.""""<br>—Helo Murkhaunt</c>""","""<c=@flavor>""""Мы добавляем дополнительные заклепки внутри. Вы их не видите, но они помогают, когда на вас обрушивается стофунтовый хрустальный коготь.""""<br>—Привет Меркхаунт</c>"""
"""<c=@flavor>""""We are here. You need only call.""""<br>—Keeper Lyrda</c>""","""<c=@flavor>""""Мы здесь. Вам нужно только позвонить.""""<br>—Хранительница Лирда</c>"""
"""<c=@flavor>""""We are still sorting this out and as you can see our award naming scheme could use some improvement. Thanks none the less.""""<br>—Lightbringer Surefoot</c>""","""<c=@flavor>""""Мы все ещё разбираемся с этим, и, как вы можете видеть, нашу схему наименования наград можно было бы улучшить. Тем не менее спасибо.""""<br>—Lightbringer Surefoot</c>"""
"""<c=@flavor>""""We aren't expert marksmen the moment we awaken.""""<br>—Diantha</c>""","""<c=@flavor>""""Мы не являемся опытными стрелками в тот момент, когда просыпаемся.""""<br>—Дианта</c>"""
"""<c=@flavor>""""We build.""""<br>—Iron Legion Motto</c>""","""<c=@flavor>""""Мы строим.""""<br>—Девиз Железного Легиона</c>"""
"""<c=@flavor>""""We carry with us great burdens, but oftentimes it's those burdens that shield us from danger.""""<br>—Bladed Softness</c>""","""<c=@flavor>""""Мы несём с собой большое бремя, но зачастую именно оно защищает нас от опасности.""""<br>—Мягкость клинков</c>"""
"""<c=@flavor>""""We caught the killer, but they were no lone crook. Looking for part-time work in the investigation business?"""" —Marjory</c>""","""<c=@flavor>""""Мы поймали убийцу, но они не были преступниками-одиночками. Ищете подработку в следственном бизнесе?"""" —Марджори</c>"""
"""<c=@flavor>""""We chain ourselves to fate by the decisions we make.""""<br>—Warden Scourgejaw</c>""","""<c=@flavor>""""Мы приковываем себя к судьбе решениями, которые принимаем.""""<br>—Страж Плетечелюк</c>"""
"""<c=@flavor>""""We coat the strings to make them quieter.""""<br>—Sizza</c>""","""<c=@flavor>""""Мы покрываем струны, чтобы они были тише.""""<br>—Sizza</c>"""
"""<c=@flavor>""""We considered painting it matte black so it couldn't be seen by moonlight, but it'd still be a greatsword.""""<br>—Lieutenant Summers</c>""","""<c=@flavor>""""Мы рассматривали возможность покрасить его в матово-чёрный цвет, чтобы его не было видно при лунном свете, но это все равно оставался бы двуручным мечом.""""<br>—Лейтенант Саммерс</c>"""
"""<c=@flavor>""""We deserve only the finest weapons.""""<br>—Warmaster Jofast</c>""","""<c=@flavor>""""Мы заслуживаем только лучшего оружия.""""<br>—Воитель Джофаст</c>"""
"""<c=@flavor>""""We designed this specifically to put spirits to rest. Most times you will also need something in your main hand.""""<br>—Scholar Worfmir</c>""","""<c=@flavor>""""Мы разработали это специально для того, чтобы успокоить дух. В большинстве случаев вам также понадобится что-то в основной руке.""""<br>—Ученый Ворфмир</c>"""
"""<c=@flavor>""""We didn't need to steal these. We have claws. We took thems because they are so shiny. Cheers!""""<br>—Cakilak'ka</c>""","""<c=@flavor>""""Нам не нужно было их воровать. У нас есть когти. Мы взяли их, потому что они такие блестящие. Ура!""""<br>—Cakilak'ka</c>"""
"""<c=@flavor>""""We finally got it to harden! Now we just need to figure out...you know...what to do with it.""""<br>—Scholar Merla</c>""","""<c=@flavor>""""Наконец-то оно затвердело! Теперь нам просто нужно выяснить... ну, вы знаете... что с ним делать.""""<br>—Ученый Мерла</c>"""
"""<c=@flavor>""""We find a lot of these lying around.""""<br>—Fyra Redtail</c>""","""<c=@flavor>""""Мы находим много таких повсюду.""""<br>—Фира Краснохвостая</c>"""
"""<c=@flavor>""""We find a lot of these. I wonder how many family members Jalis had."""" —Rinceword</c>""","""<c=@flavor>""""Мы находим много таких. Интересно, сколько членов семьи было у Джалиса."""" —Ринсворд</c>"""
"""<c=@flavor>""""We forged this blade from a local material with magical qualities. The result was...interesting.""""<br>—Scholar Daphne</c>""","""<c=@flavor>""""Мы выковали этот клинок из местного материала, обладающего магическими свойствами. Результат оказался... интересным.""""<br>—Ученая Дафна</c>"""
"""<c=@flavor>""""We forged this dagger from a local material with magical qualities, with surprising results.""""<br>—Scholar Daphne</c>""","""<c=@flavor>""""Мы выковали этот кинжал из местного материала, обладающего магическими свойствами, и получили удивительные результаты.""""<br>—Ученая Дафна</c>"""
"""<c=@flavor>""""We had to completely re engineer the insides of these weapons to not get gummed up.""""<br>—Engineer Verutum</c>""","""<c=@flavor>""""Нам пришлось полностью перепроектировать внутренности этого оружия, чтобы оно не застревало.""""<br>—Инженер Верутум</c>"""
"""<c=@flavor>""""We had to completely re-engineer the insides of these weapons to not get gummed up.""""<br>—Engineer Verutum</c>""","""<c=@flavor>""""Нам пришлось полностью перепроектировать внутренности этого оружия, чтобы оно не застревало.""""<br>—Инженер Верутум</c>"""
"""<c=@flavor>""""We had to see what would happen if you created a weapon using some of the ore.""""<br>—Arcanist Vance</c>""","""<c=@flavor>""""Нам нужно было посмотреть, что произойдёт, если вы создадите оружие, используя часть руды.""""<br>—Арканист Вэнс</c>"""
"""<c=@flavor>""""We have all the jewlery from this site we can handle. That is a beautiful artifact though.""""<br>—Magister Razermane</c>""","""<c=@flavor>""""У нас есть все украшения с этого сайта, которые мы можем взять с собой. Но это прекрасный артефакт.""""<br>—Магистр Разерман</c>"""
"""<c=@flavor>""""We heard fighting over the ridge, but Ryland ordered us to hold the pass. If we chased the fight, we would have been surrounded.""""</c>""","""<c=@flavor>""""Мы слышали бой за хребтом, но Райланд приказал нам удерживать перевал. Если бы мы преследовали бой, мы были бы окружены.""""</c>"""
"""<c=@flavor>""""We hold our war paint in this jar. When the battle is over, we give it to the hero. In this case, that would be you.""""<br>—Atzintli</c>""","""<c=@flavor>""""В этой банке мы держим нашу боевую раскраску. Когда битва закончится, мы отдаем её герою. В данном случае это вы.""""<br>—Ацинтли</c>"""
"""<c=@flavor>""""We just have to be stronger and faster than the centaurs.""""<br>—Seraph Elmder</c>""","""<c=@flavor>""""Нам просто нужно быть сильнее и быстрее кентавров.""""<br>—Сераф Элмдер</c>"""
"""<c=@flavor>""""We like to give our friends these!"""" -Costi Atl</c>""","""<c=@flavor>""""Мы любим дарить это нашим друзьям!"""" - Кости Атл</c>"""
"""<c=@flavor>""""We magisters tend to get the better equipment. You helped us with the Flame Legion, ghosts, and research. I owe you something.""""<br>—Magister Razermane</c>""","""<c=@flavor>""""Мы, магистры, как правило, получаем лучшее снаряжение. Вы помогли нам с Легионом Пламени, призраками и исследованиями. Я вам кое-что должен.""""<br>—Магистр Разерман</c>"""
"""<c=@flavor>""""We melted pirate cannonballs down to make these. Thick, heavy, deadly. Hitting pirates with their own weapons gives me a great feeling of satisfaction.""""<br>—Joukje</c>""","""<c=@flavor>""""Чтобы сделать их, мы расплавили пиратские пушечные ядра. Толстые, тяжёлые, смертоносные. Удары по пиратам их собственным оружием доставляют мне огромное чувство удовлетворения.""""<br>—Joukje</c>"""
"""<c=@flavor>""""We modified ours to sound like the ogres so they can't tell our signalling from their own. Sneaky, huh?""""<br>—Avarr</c>""","""<c=@flavor>""""Мы изменили наши, чтобы они звучали как огры, чтобы они не могли отличить наши сигналы от своих. Подлый, да?""""<br>—Аварр</c>"""
"""<c=@flavor>""""We modified these to help defend ourselves against krait.""""<br>—Mayor Trisk</c>""","""<c=@flavor>""""Мы изменили их, чтобы защититься от крайтов.""""<br>—Мэр Триск</c>"""
"""<c=@flavor>""""We modified this gear with techniques that should make us famous—if we survive.""""<br>—Asuran Inventor</c>""","""<c=@flavor>""""Мы модифицировали это снаряжение с помощью технологий, которые должны сделать нас знаменитыми, если мы выживем.""""<br>—Asuran Inventor</c>"""
"""<c=@flavor>""""We must each bring balance in our own ways.""""<br>—Worthy Burden</c>""","""<c=@flavor>""""Каждый из нас должен приносить баланс по-своему.""""<br>—Достойное бремя</c>"""
"""<c=@flavor>""""We prefer a more hands-on approach to our teachings. This study guide is actually more of a safety manual.""""<br>—Professor Gahf</c>""","""<c=@flavor>""""Мы предпочитаем более практический подход к нашему обучению. Это учебное пособие на самом деле больше похоже на руководство по безопасности.""""<br>—Профессор Гахф</c>"""
"""<c=@flavor>""""We printed extra copies in case any disagreements came up in the field. This way we are all on the same page.""""<br>—Agent Crandle</c>""","""<c=@flavor>""""Мы напечатали дополнительные копии на случай, если возникнут какие-либо разногласия на местах. Таким образом, мы все находимся на одной волне.""""<br>—Агент Крэндл</c>"""
"""<c=@flavor>""""We received a shipment of these. Of course, I've made improvements.""""<br>—Scholar Maroola</c>""","""<c=@flavor>""""Мы получили их партию. Конечно, я внес улучшения.""""<br>—Ученый Марула</c>"""
"""<c=@flavor>""""We reinforce these with our own special techniques.""""<br>—Warden Gemai</c>""","""<c=@flavor>""""Мы усиливаем их с помощью наших особых техник.""""<br>—Страж Джемай</c>"""
"""<c=@flavor>""""We sharpen these blades once we get them for use against the undead.""""<br>—Priory Explorer Cyara</c>""","""<c=@flavor>""""Мы затачиваем эти лезвия, как только получим их для использования против нежити.""""<br>—Исследовательница Приора Киара</c>"""
"""<c=@flavor>""""We specially designed the inside of the shield to sneak messages through. Without subtlety peace would be impossible.""""<br>—Kai</c>""","""<c=@flavor>""""Мы специально спроектировали внутреннюю часть щита, чтобы передавать сообщения. Без тонкости мир был бы невозможен.""""<br>—Кай</c>"""
"""<c=@flavor>""""We stop the undead advance here at the Caer Brier wall."""" -Brannen</c>""","""<c=@flavor>""""Мы остановим наступление нежити здесь, у стены Каэр Шиповник."""" -Браннен</c>"""
"""<c=@flavor>""""We use these teeth as inspiration for our spears; you can see how deadly all those little ridges are. Use your enemies against themselves.""""<br>—Yoal</c>""","""<c=@flavor>""""Мы используем эти зубы в качестве вдохновения для наших копий; вы можете видеть, насколько смертоносны все эти маленькие гребни. Используйте своих врагов против них самих.""""<br>—Йоал</c>"""
"""<c=@flavor>""""We used to train to hunt. Now we train to protect.""""<br>—Pact Crusader D'Stolt</c>""","""<c=@flavor>""""Раньше мы тренировались охотиться. Теперь мы тренируемся защищать.""""<br>—Рыцарь Пакта Д'Столт</c>"""
"""<c=@flavor>""""We were gonna sell the gold ball for food after Wintersday, so Grawnk hid it real good. He said something about corrupted wood and sea smells.""""<br>—Laine</c>""","""<c=@flavor>""""Мы собирались продать золотой шар на еду после Зимнего дня, поэтому Граунк очень хорошо его спрятал. Он сказал что-то о запахах испорченного дерева и моря.""""<br>—Лейн</c>"""
"""<c=@flavor>""""We wont be a secret here for long.""""<br>—Agent Siobhan</c>""","""<c=@flavor>""""Мы не будем здесь долго оставаться секретом.""""<br>—Агент Шивон</c>"""
"""<c=@flavor>""""We'll get back at the centaurs for invading.""""<br>—Seraph</c>""","""<c=@flavor>""""Мы отомстим кентаврам за вторжение.""""<br>—Серафим</c>"""
"""<c=@flavor>""""We're the first camp out from Shadowfain, so we tend to get decent gear.""""<br>—Tactician Almonia</c>""","""<c=@flavor>""""Мы первый лагерь из Shadowfain, поэтому обычно получаем приличное снаряжение.""""<br>—Тактик Алмония</c>"""
"""<c=@flavor>""""We're under constant attack, so we have to be constantly on our guard.""""<br>—Lightbringer Zykk</c>""","""<c=@flavor>""""Нас постоянно атакуют, поэтому нам нужно постоянно быть начеку.""""<br>—Светоносный Зикк</c>"""
"""<c=@flavor>""""We've found these useful in disrupting their shields.""""<br>—Magister Kathryn</c>""","""<c=@flavor>""""Мы нашли их полезными для разрушения их щитов.""""<br>—Магистр Кэтрин</c>"""
"""<c=@flavor>""""We've managed to save a handful of these beautiful, rare flowers. Protect it with your life.""""<br>—Caedmon</c>""","""<c=@flavor>""""Нам удалось спасти несколько этих прекрасных, редких цветов. Защитите их ценой своей жизни.""""<br>—Кэдмон</c>"""
"""<c=@flavor>""""Well worth the effort and the cost!""""</c>""","""<c=@flavor>""""Оно стоит затраченных усилий и затрат!""""</c>"""
"""<c=@flavor>""""Well, he wasn't using it anymore."""" —Rox</c>""","""<c=@flavor>""""Ну, он больше им не пользовался."""" —Рокс</c>"""
"""<c=@flavor>""""Were you raised in an interdimensional barn? Close the portals!""""</c>""","""<c=@flavor>""""Вы выросли в межпространственном сарае? Закройте порталы!""""</c>"""
"""<c=@flavor>""""Whack somebody with this, and they'll remember it...when they wake up""""<br>—Leigheara</c>""","""<c=@flavor>""""Ударь кого-нибудь этим, и он запомнит это... когда проснется""""<br>—Лейгеара</c>"""
"""<c=@flavor>""""What brings the spirits here?""""<br>—Historian Garrod</c>""","""<c=@flavor>""""Что привело сюда духов?""""<br>—Историк Гаррод</c>"""
"""<c=@flavor>""""What did I do to improve this? Its what any good engineer does to a weapon. I made it bigger.""""<br>—Engineer Burlage Firestoker</c>""","""<c=@flavor>""""Что я сделал, чтобы улучшить это? Это то же самое, что любой хороший инженер делает с оружием. Я сделал его больше.""""<br>—Инженер Берладж Файерстокер</c>"""
"""<c=@flavor>""""What did they think I'd be doing at Seraph's Landing?""""<br>—Lieutenant Pickins</c>""","""<c=@flavor>""""Что, по их мнению, я буду делать в Пристани Серафима?""""<br>—Лейтенант Пикинс</c>"""
"""<c=@flavor>""""What do you mean, 'it's just a bunch of scribbles?'""""<br>—Twitchok</c>""","""<c=@flavor>""""Что значит ""это просто каракули?""""""<br>—Twitchok</c>"""
"""<c=@flavor>""""What does the 'covert' mean? It means this blade disappears, into whatever enemy you want it to.""""<br>—Solita Miststalker</c>""","""<c=@flavor>""""Что означает слово «скрытый»? Это означает, что этот клинок исчезает в любом враге, которого вы хотите.""""<br>—Solita Miststalker</c>"""
"""<c=@flavor>""""What is it with people collecting pieces of this ghost cursed wall? Stone is stone. I prefer it when its not in my way.""""<br>—Legionnaire Bladechipper</c>""","""<c=@flavor>""""Что это за люди, собирающие куски этой призрачной проклятой стены? Камень есть камень. Я предпочитаю его, когда он мне не мешает.""""<br>—Легионер Блейдчиппер</c>"""
"""<c=@flavor>""""What they lack in common sense, they make up for in their ability to collect scraps. In this case, magical scraps.""""<br>—Scholar Antal the Patient</c>""","""<c=@flavor>""""Недостаток здравого смысла они компенсируют способностью собирать обрывки. В данном случае магические обрывки.""""<br>—Ученый Антал Терпеливый</c>"""
"""<c=@flavor>""""What were these doing back there?""""<br>—Kalare the Intrepid</c>""","""<c=@flavor>""""Что они там делали?""""<br>—Каларе Бесстрашный</c>"""
"""<c=@flavor>""""What you think you know can kill you just a quickly as what you don't.""""<br>—Sava Quicksnarl</c>""","""<c=@flavor>""""То, что, по вашему мнению, вы знаете, может убить вас так же быстро, как и то, чего вы не знаете.""""<br>—Сава Быстрый Рык</c>"""
"""<c=@flavor>""""What's that Krytan saying about sticks and stones? Well, thanks to our breakthrough, this is a little bit of both!""""<br>—Scholar Merla</c>""","""<c=@flavor>""""Что этот Крайтан говорит о палках и камнях? Что ж, благодаря нашему прорыву, это понемногу и того, и другого!""""<br>—Ученый Мерла</c>"""
"""<c=@flavor>""""Whatever dog got hold of this whistle has really big teeth.""""<br>—Paden</c>""","""<c=@flavor>""""Какая бы собака ни взяла этот свисток, у неё очень большие зубы.""""<br>—Паден</c>"""
"""<c=@flavor>""""When Swordshadow comes for you, may she leave you alive.""""<br>—Ash Legion</c>""","""<c=@flavor>""""Когда Тень Меча придёт за тобой, пусть она оставит тебя в живых.""""<br>—Пепельный Легион</c>"""
"""<c=@flavor>""""When a regular sword just won't do.""""<br>—Coydd</c>""","""<c=@flavor>""""Когда обычный меч просто не подойдёт.""""<br>—Койд</c>"""
"""<c=@flavor>""""When a shot fails, you stab.""""</c>""","""<c=@flavor>""""Когда выстрел не удался, вы наносите удар.""""</c>"""
"""<c=@flavor>""""When doing hard work, always wear gloves.""""<br>—Hune</c>""","""<c=@flavor>""""При выполнении тяжёлой работы всегда надевайте перчатки.""""<br>—Хьюн</c>"""
"""<c=@flavor>""""When fighting ghosts, never leave home without a good screw.""""<br>—Zalvax</c>""","""<c=@flavor>""""Сражаясь с призраками, никогда не выходите из дома без хорошего парня.""""<br>—Залвакс</c>"""
"""<c=@flavor>""""When finesse fails, try hitting it with a blunt object.""""</c>""","""<c=@flavor>""""Если ловкость не сработала, попробуйте ударить его тупым предметом.""""</c>"""
"""<c=@flavor>""""When it seems darkest, light your path with action.""""<br>—Warden Gemai</c>""","""<c=@flavor>""""Когда кажется, что тёмно, осветите свой путь действием.""""<br>—Страж Джемай</c>"""
"""<c=@flavor>""""When it starts making noises, that means it's time to run.""""<br>—Researcher Borpp</c>""","""<c=@flavor>""""Когда он начинает шуметь, это означает, что пора бежать.""""<br>—Исследователь Борпп</c>"""
"""<c=@flavor>""""When smashing dredge, always wear protective gloves. Dredge claws are sharp.""""<br>—Grimarr</c>""","""<c=@flavor>""""Разбивая драгу, всегда надевайте защитные перчатки. Когти драги острые.""""<br>—Гримарр</c>"""
"""<c=@flavor>""""When you need the perfect curl for the burl.""""</c>""","""<c=@flavor>""""Когда вам нужен идеальный завиток капа.""""</c>"""
"""<c=@flavor>""""While heavy, this hammer will do the trick if wielded properly.""""</c>""","""<c=@flavor>""""Этот молот тяжёлый, но при правильном обращении с ним справится.""""</c>"""
"""<c=@flavor>""""While normally verbose on topics, the Priory will remain succinct when it comes to the proper use of munitions. Point toward enemy. Stand back.""""<br>— Priory Field Guide to Munitions</c>""","""<c=@flavor>""""Обычно многословно рассказывая о темах, Приорат будет оставаться кратким, когда дело доходит до правильного использования боеприпасов. Укажите на врага. Отойдите.""""<br>— Полевое руководство Приората по боеприпасам</c>"""
"""<c=@flavor>""""While some may pray to Balthazar, this reminds me that a soldier's peace is inevitable.""""<br>—Sergeant Yarbrough</c>""","""<c=@flavor>""""Хотя некоторые могут молиться Бальтазару, это напоминает мне, что мир солдата неизбежен.""""<br>—Сержант Ярбро</c>"""
"""<c=@flavor>""""Who ever planned this operation should have read this first—who destroys a perfectly good gate?""""<br>—Agent Siobhan</c>""","""<c=@flavor>""""Кто когда-либо планировал эту операцию, должен был прочитать это первым — кто разрушает совершенно хорошие врата?""""<br>—Агент Шивон</c>"""
"""<c=@flavor>""""Who knew Braham actually had it in him? Good thing I didn't lose my eye.""""</c>""","""<c=@flavor>""""Кто знал, что в Брэхаме это действительно есть? Хорошо, что я не потерял глаз.""""</c>"""
"""<c=@flavor>""""Who knew wurms had teeth?""""<br>—Diah </c>""","""<c=@flavor>""""Кто знал, что у червей есть зубы?""""<br>—Диа </c>"""
"""<c=@flavor>""""Why did they come here? What were these used for? If only I could find the answers.""""<br>—Historian Garrod</c>""","""<c=@flavor>""""Почему они пришли сюда? Для чего они использовались? Если бы я только мог найти ответы.""""<br>—Историк Гаррод</c>"""
"""<c=@flavor>""""Why didn't I try to take your gear? Because I have plenty of my own.""""<br>—Admiral Clarinda Demard</c>""","""<c=@flavor>""""Почему я не попытался забрать ваше снаряжение? Потому что у меня полно своего.""""<br>—Адмирал Кларинда Демард</c>"""
"""<c=@flavor>""""Why didn't I try to take your gear? Because I have plenty of my own.""""<br>—Carmel</c>""","""<c=@flavor>""""Почему я не попытался забрать твое снаряжение? Ведь у меня полно своего.""""<br>—Кармель</c>"""
"""<c=@flavor>""""Why do they need lanterns? I thought they liked working in the dark.""""<br>—Leika</c>""","""<c=@flavor>""""Зачем им фонари? Я думал, им нравится работать в темноте.""""<br>—Лейка</c>"""
"""<c=@flavor>""""Why should it stay there shocking passersby when it can be put to good use?""""</c>""","""<c=@flavor>""""Почему он должен оставаться там, шокируя прохожих, если ему можно найти хорошее применение?""""</c>"""
"""<c=@flavor>""""Will these portals never end? I'd like to complete my research.""""<br>—Historian Garrod</c>""","""<c=@flavor>""""Эти порталы никогда не закончатся? Я бы хотел завершить свое исследование.""""<br>—Историк Гаррод</c>"""
"""<c=@flavor>""""With a hero like you around the Flame Legion here wont last long.""""<br>—Legionnaire Neverburn</c>""","""<c=@flavor>""""С таким героем, как ты, в Легионе Пламени здесь долго не протянешь.""""<br>—Легионер Неверберн</c>"""
"""<c=@flavor>""""With a hero like you around, the Flame Legion doesn't stand a chance.""""<br>-Corva Sharpclaw</c>""","""<c=@flavor>""""При таком герое, как ты, у Легиона Пламени нет шансов.""""<br>-Корва Остроког</c>"""
"""<c=@flavor>""""With a hero like you around, the Flame Legion doesn't stand a chance.""""<br>—Corva Sharpclaw</c>""","""<c=@flavor>""""При таком герое, как ты, у Легиона Пламени нет шансов.""""<br>—Корва Остроког</c>"""
"""<c=@flavor>""""With a hero like you around, the Flame Legion here won't last long.""""<br>—Legionnaire Neverburn</c>""","""<c=@flavor>""""С таким героем, как ты, Легион Пламени здесь долго не протянет.""""<br>—Легионер Неверберн</c>"""
"""<c=@flavor>""""With all this fire I have no idea how we keep our powder from exploding. Just lucky I guess.""""<br>—Brencis Quickblood</c>""","""<c=@flavor>""""При всем этом огне я понятия не имею, как нам уберечь наш порох от взрыва. Думаю, мне просто повезло.""""<br>—Бренсис Квикблад</c>"""
"""<c=@flavor>""""With this you can end conversations as fast as you start 'em.""""<br>—Crusader Brice</c>""","""<c=@flavor>""""Благодаря этому вы сможете завершать разговоры так же быстро, как и начинаете.""""<br>—Крестоносец Брайс</c>"""
"""<c=@flavor>""""With what's around here, you can never have too much armor.""""<br>—Zalvax Brokenclaw</c>""","""<c=@flavor>""""Здесь много доспехов не бывает.""""<br>—Залвакс Сломанный Коготь</c>"""
"""<c=@flavor>""""Wolf watches over you.""""<br>—Vigmarr</c>""","""<c=@flavor>""""Волк наблюдает за тобой.""""<br>—Вигмар</c>"""
"""<c=@flavor>""""Wonder who originally owned this...""""</c>""","""<c=@flavor>""""Интересно, кому это изначально принадлежало...""""</c>"""
"""<c=@flavor>""""Words are the sparks that start the flames of ideas.""""<br>—Rebel Isaak</c>""","""<c=@flavor>""""Слова — это искры, которые разжигают пламя идей.""""<br>—Бунтарь Исаак</c>"""
"""<c=@flavor>""""Working with Dolyaks takes good boots. You never know what you might step in.""""<br>—Lyot</c>""","""<c=@flavor>""""Работа с Дольяками требует хорошей обуви. Никогда не знаешь, во что можешь вмешаться.""""<br>—Лиот</c>"""
"""<c=@flavor>""""Worth the effort it takes to keep it sharp.""""</c>""","""<c=@flavor>""""Стоит приложить усилия, чтобы сохранить остроту.""""</c>"""
"""<c=@flavor>""""Written in a strange dredge script. Looks vaguely like Old Dwarven.""""<br>—Engineer Radley</c>""","""<c=@flavor>""""Написано странным драг-почерком. Смутно напоминает Старого Гнома.""""<br>—Инженер Рэдли</c>"""
"""<c=@flavor>""""Yes yes, it was a tragedy. But also an opportunity! Those dam pieces are historical artifacts!""""<br>—Cin</c><br><br>This item only has value as part of a collection.""","""<c=@flavor>""""Да, да, это была трагедия. Но также и возможность! Эти фрагменты плотины — исторические артефакты!""""<br>—Cin</c><br><br>Этот предмет имеет ценность только как часть коллекции."""
"""<c=@flavor>""""Yes, it's a rather long name for something so simple, but these have revolutionized the home golem-making industry.""""<br>—Researcher Kaii</c>""","""<c=@flavor>""""Да, это довольно длинное название для такой простой вещи, но они произвели революцию в индустрии домашнего изготовления големов.""""<br>—Исследователь Кайи</c>"""
"""<c=@flavor>""""Yes, mines have pins, too. It helps keep them from blowing up when carrying them.""""<br>—Tiga</c>""","""<c=@flavor>""""Да, у мин тоже есть булавки. Это помогает им не взорваться при переноске.""""<br>—Тига</c>"""
"""<c=@flavor>""""You act with the honor of Wardens. Thank you for your help."""" <br>—Quennida</c>""","""<c=@flavor>""""Вы действуете с честью Стражей. Спасибо за вашу помощь."""" <br>—Квеннида</c>"""
"""<c=@flavor>""""You are true friend of the Nrocroc.""""<br>—Nrocroc Chief</c>""","""<c=@flavor>""""Ты настоящий друг Нрокроков.""""<br>—Вождь Нрокроков</c>"""
"""<c=@flavor>""""You can guard against everything but yourself.""""<br>—Guard Splintering Serenity</c>""","""<c=@flavor>""""Вы можете защититься от всего, кроме себя.""""<br>—Guard Splintering Serenity</c>"""
"""<c=@flavor>""""You can hear this from the highest peaks""""<br>—Pact Crusader D'Stolt</c>""","""<c=@flavor>""""Вы можете услышать это с самых высоких вершин""""<br>—Крестоносец Пакта Д'Столт</c>"""
"""<c=@flavor>""""You can hit them even harder with my special gloves.""""<br>—Latera Painstorm</c>""","""<c=@flavor>""""Моими специальными перчатками можно ударить их ещё сильнее.""""<br>—Latera Painstorm</c>"""
"""<c=@flavor>""""You can read between the lines. More harnesses than Dolyaks.""""<br>—Warmaster Jofast</c>""","""<c=@flavor>""""Вы можете читать между строк. Упряжей больше, чем у Дольяков.""""<br>—Воитель Джофаст</c>"""
"""<c=@flavor>""""You can still feel magic pulsing through it's veins.""""<br>—Leigheara</c>""","""<c=@flavor>""""Вы все ещё можете чувствовать магию, пульсирующую в его венах.""""<br>—Лейгеара</c>"""
"""<c=@flavor>""""You can't beat your enemy if you have your skull caved in, can you?""""<br>—Legionnaire Neverburn</c>""","""<c=@flavor>""""Вы не сможете победить врага, если у вас проломлен череп, не так ли?""""<br>—Легионер Неверберн</c>"""
"""<c=@flavor>""""You can't have light without a little fire, now, can you?""""<br>—Maakel The Immortal</c>""","""<c=@flavor>""""Теперь у вас не может быть света без небольшого огня, не так ли?""""<br>—Маакел Бессмертный</c>"""
"""<c=@flavor>""""You can't ignore this land's plea to protect it from the legendary evil.""""<br>—Toka Axegrinder</c>""","""<c=@flavor>""""Вы не можете игнорировать мольбу этой земли защитить её от легендарного зла.""""<br>—Тока Топоруб</c>"""
"""<c=@flavor>""""You can't spell sabotage without P I S T O L. Well, you could. In fact, I just did. But, my point is that it wouldn't be nearly as much fun.""""<br>—Lightbringer Krentch</c>""","""<c=@flavor>""""Вы не сможете совершить диверсию без ПИСТОЛА. Ну, вы могли бы. На самом деле, я только что это сделал. Но я хочу сказать, что это было бы далеко не так весело.""""<br>—Светоносный Крентч</c>"""
"""<c=@flavor>""""You can't use standard-issue gear, especially in our field of research.""""<br>—Researcher Zippti</c>""","""<c=@flavor>""""Вы не можете использовать стандартное снаряжение, особенно в нашей области исследований.""""<br>—Исследователь Зиппти</c>"""
"""<c=@flavor>""""You cannot fall if you are always standing.""""<br>—Guardian Infinite Mind</c>""","""<c=@flavor>""""Вы не можете упасть, если всегда стоите.""""<br>—Хранитель Бесконечного Разума</c>"""
"""<c=@flavor>""""You cannot stop me from becoming a god!"""" - Imperator Gaheron Baelfire</c>""","""<c=@flavor>""""Ты не можешь помешать мне стать богом!"""" - Император Гахерон Бэлфайр</c>"""
"""<c=@flavor>""""You could sneak up on the Master of Whispers in these things.""""<br>—Slayer Feldera</c>""","""<c=@flavor>""""В этих вещах можно подкрасться к Мастеру Шепота.""""<br>—Убийца Фельдера</c>"""
"""<c=@flavor>""""You don't wanna know how many wrecked trebuchets I had to search through to find that.""""</c>""","""<c=@flavor>""""Вы не хотите знать, сколько разбитых требушетов мне пришлось перебрать, чтобы найти это.""""</c>"""
"""<c=@flavor>""""You don't want to get any of this stuff on your hands. Crystal or ghost. Trust me.""""<br>—Erria</c>""","""<c=@flavor>""""Вы не хотите, чтобы что-то из этого попало вам в руки. Кристалл или призрак. Поверьте мне.""""<br>—Эрриа</c>"""
"""<c=@flavor>""""You don't want your hands to damage the artifacts.""""<br>—Priory Researcher Raekk</c>""","""<c=@flavor>""""Вы же не хотите, чтобы ваши руки повредили артефакты.""""<br>—Исследователь Раекк</c>"""
"""<c=@flavor>""""You guessed it: more secret pockets. One by the ankle, and another we designed into the heel.""""<br>—Kai</c>""","""<c=@flavor>""""Как вы уже догадались: больше потайных карманов. Один на щиколотке, а другой мы спроектировали в пятке.""""<br>—Кай</c>"""
"""<c=@flavor>""""You hear that? No? Of course not. Not with these on. Quiet as a moa feather in the breeze.""""<br>—Fina Duskmaker</c>""","""<c=@flavor>""""Вы это слышите? Нет? Конечно, нет. Не в этом. Тихо, как перо моа на ветру.""""<br>—Фина Создатель Сумерек</c>"""
"""<c=@flavor>""""You kill enough centaurs, you'll need some gloves. Trust me.""""<br>—Barnaby</c>""","""<c=@flavor>""""Если вы убьёте достаточно кентавров, вам понадобятся перчатки. Поверьте мне.""""<br>—Барнаби</c>"""
"""<c=@flavor>""""You know what they say about idle hands...""""<br>—Zalvax Brokenclaw</c>""","""<c=@flavor>""""Вы знаете, что говорят о праздных руках...""""<br>—Залвакс Сломанный Коготь</c>"""
"""<c=@flavor>""""You lead like quaggan now. OOOoooOOooo""""<br>—Commander Spleedoop</c>""","""<c=@flavor>""""Теперь ты ведешь себя как квагган. О-О-О-о-о-о-о-о-о-о""""<br>—Командир Сплидуп</c>"""
"""<c=@flavor>""""You look tougher than a dolyak in these.""""<br>—Warmaster Jofast</c>""","""<c=@flavor>""""В них ты выглядишь круче долика.""""<br>—Воитель Джофаст</c>"""
"""<c=@flavor>""""You make the most noise with motion.""""<br>—Sizza</c>""","""<c=@flavor>""""Вы производите больше всего шума при движении.""""<br>—Sizza</c>"""
"""<c=@flavor>""""You might need a little extra protection. These ghosts don't take kindly to us destroying their precious wall a second time.""""<br>—Legionnaire Bladechipper</c>""","""<c=@flavor>""""Возможно, вам понадобится дополнительная защита. Эти призраки не любят, когда мы разрушаем их драгоценную стену во второй раз.""""<br>—Легионер Блейдчиппер</c>"""
"""<c=@flavor>""""You must outthink them.""""<br>—Sigrytha</c>""","""<c=@flavor>""""Ты должен перехитрить их.""""<br>—Сигрита</c>"""
"""<c=@flavor>""""You need a good blanket to keep your Dolyaks happy, because when they get upset no telling what will happen.""""<br>—Lyot</c>""","""<c=@flavor>""""Чтобы дольяки были счастливы, вам понадобится хорошее одеяло, потому что, когда они расстроятся, неизвестно, что произойдёт.""""<br>—Лёт</c>"""
"""<c=@flavor>""""You need a good loud horn when working with dolyaks. Keeps them in line.""""<br>—Lyot</c>""","""<c=@flavor>""""При работе с доликами нужен хороший громкий гудок. Держит их в узде.""""<br>—Лёт</c>"""
"""<c=@flavor>""""You need these more than I do. I don't wear shoes.""""<br>—Hua'racche</c>""","""<c=@flavor>""""Они нужны вам больше, чем мне. Я не ношу обувь.""""<br>—Хуаракче</c>"""
"""<c=@flavor>""""You need to follow your enemy, even if it means into the darkness.""""<br>—Warden Spy Alarin</c>""","""<c=@flavor>""""Вам нужно следовать за своим врагом, даже если это означает идти во тьму.""""<br>—Страж-шпион Аларин</c>"""
"""<c=@flavor>""""You need to learn all you can about your enemy if you're going to defeat them.""""<br>—Scholar Maroola</c>""","""<c=@flavor>""""Вам нужно узнать все, что можно, о своем враге, если вы хотите победить его.""""<br>—Ученый Марула</c>"""
"""<c=@flavor>""""You paid for this in centaur blood.""""<br>—Diedra</c>""","""<c=@flavor>""""Вы заплатили за это кровью кентавра.""""<br>—Дьедра</c>"""
"""<c=@flavor>""""You realize I have a small army of golems on my side."""" - Kudu</c>""","""<c=@flavor>""""Вы понимаете, что на моей стороне небольшая армия големов."" - Куду</c>"""
"""<c=@flavor>""""You scratched my back, and now I'll scratch yours. Take a look at this crate of rifles we recovered from the wreck of the Argent Warrior. See any you like?"""" <br>—Admiral Clarinda Demard</c>""","""<c=@flavor>""""Ты почесал мне спину, а теперь я почешу твою. Взгляните на этот ящик с винтовками, которые мы нашли после крушения ""Серебряного Воина"". Посмотрите, что вам нравится?"""" <br>—Адмирал Кларинда Демард</c>"""
"""<c=@flavor>""""You see it; you can shoot it.""""<br>—Nessi</c>""","""<c=@flavor>""""Вы видите это; вы можете стрелять.""""<br>—Несси</c>"""
"""<c=@flavor>""""You sure earned your pay on this one.""""<br>—Lieutenant Ryder</c>""","""<c=@flavor>""""Вы определенно заслужили свою зарплату за это.""""<br>—Лейтенант Райдер</c>"""
"""<c=@flavor>""""You were just the unpredictable variable we needed to turn the tide of undead. The Vigil will remember your service."""" -Jezza</c>""","""<c=@flavor>""""Вы были той непредсказуемой переменной, которая нам нужна, чтобы переломить волну нежити. Дозор запомнит вашу службу."""" -Джезза</c>"""
"""<c=@flavor>""""You will join my kingdom! You and all the world of the living!""""—King Adelbern</c>""","""<c=@flavor>""""Ты присоединишься к моему королевству! Ты и весь мир живых!""""—Король Адельберн</c>"""
"""<c=@flavor>""""You will need a good blade.""""<br>—Recruit Tochacatl</c>""","""<c=@flavor>""""Вам понадобится хороший клинок.""""<br>—Наймите Точакатля</c>"""
"""<c=@flavor>""""You'd be surprised at the amount of information this staff can collect.""""<br>—Seesa</c>""","""<c=@flavor>""""Вы будете удивлены количеством информации, которую могут собрать эти сотрудники.""""<br>—Сиса</c>"""
"""<c=@flavor>""""You'd be surprised how many uses a fisher like me has for a shield.""""<br>—Fisher Leudap</c>""","""<c=@flavor>""""Вы будете удивлены, сколько раз такой рыбак, как я, использовал щит в качестве щита.""""<br>—Фишер Леудап</c>"""
"""<c=@flavor>""""You'd never guess the last one wearing this got hit by a trebuchet, would you?""""<br>—Sergeant Yarbrough</c>""","""<c=@flavor>""""Вы никогда не догадаетесь, что последний, кто носил это, попал под требушет, не так ли?""""<br>—Сержант Ярбро</c>"""
"""<c=@flavor>""""You'd think it would be easier to clean the tar off these.""""<br>-Legionnaire Kress Rustmaw</c>""","""<c=@flavor>""""Можно подумать, что с них будет легче счистить смолу.""""<br>-Легионер Кресс Ржавобрюх</c>"""
"""<c=@flavor>""""You'll like the extra padding around the ears when the cannons fire.""""<br>—Legionnaire Bladechipper</c>""","""<c=@flavor>""""Вам понравятся дополнительные подушечки вокруг ушей, когда стреляют из пушек.""""<br>—Легионер Блейдчиппер</c>"""
"""<c=@flavor>""""You'll need a shield when they start throwing bottles, gears, and the occasional bomb.""""<br>—Scholar Antal the Patient</c>""","""<c=@flavor>""""Вам понадобится щит, когда они начнут бросать бутылки, шестеренки и случайные бомбы.""""<br>—Ученый Антал Терпеливый</c>"""
"""<c=@flavor>""""You'll need this for fighting those nasty pirates.""""—Joukje</c>""","""<c=@flavor>""""Это понадобится вам для борьбы с этими мерзкими пиратами.""""—Joukje</c>"""
