english,translate
"""A recipe to make an ascended warhorn with Diviner's (+Power, +Concentration, +Ferocity, and +Precision) stats.""","«Рецепт изготовления вознесенного боевого рога со характеристиками Прорицателя (сила, концентрация, свирепость и точность)»."
"""A recipe to make an ascended warhorn with Dragon's (+Power, +Ferocity, +Precision, and +Vitality) stats.""","«Рецепт изготовления вознесенного боевого рога со характеристиками Дракона (сила, свирепость, точность и живучесть)»."
"""A recipe to make an ascended warhorn with Giver's (+Toughness, +Healing, and +Concentration) stats.""","«Рецепт изготовления вознесенного боевого рога со характеристиками Дарителя (стойкость, исцеление и концентрация»)."
"""A recipe to make an ascended warhorn with Grieving (+Power, +Condition Damage, +Ferocity, and +Precision) stats.""","«Рецепт изготовления вознесенного боевого рога со характеристиками скорби (сила, урон от состояний, свирепость и точность)»."
"""A recipe to make an ascended warhorn with Harrier's (+Power, +Healing, and +Concentration) stats.""","«Рецепт изготовления вознесённого боевого рога со характеристиками Вестника (сила, исцеление и концентрация)»."
"""A recipe to make an ascended warhorn with Knight (+Toughness, +Power, and +Precision) stats.""","«Рецепт изготовления вознесенного боевого рога со характеристиками рыцаря (стойкость, сила и точность)»."
"""A recipe to make an ascended warhorn with Magi (+Healing Power, +Precision, and +Vitality) stats.""","«Рецепт изготовления вознесенного боевого рога со характеристиками мага (исцеляющая сила, точность и живучесть)»."
"""A recipe to make an ascended warhorn with Marauder (+Power, +Precision, +Vitality, and +Ferocity) stats.""","«Рецепт изготовления вознесенного боевого рога со характеристиками мародера (сила, точность, живучесть и свирепость)»."
"""A recipe to make an ascended warhorn with Marshal's (+Power, +Healing, +Condition Damage, and +Precision) stats.""","«Рецепт изготовления вознесённого боевого рога со характеристиками Маршала (сила, лечение, урон от состояний и точность)»."
"""A recipe to make an ascended warhorn with Minstrel's (+Toughness, +Healing, +Concentration, and +Vitality) stats.""","«Рецепт изготовления вознесенного боевого рога со характеристиками Менестреля (стойкость, исцеление, концентрация и живучесть)»."
"""A recipe to make an ascended warhorn with Nomad's (+Toughness, +Healing, and +Vitality) stats.""","«Рецепт изготовления вознесённого боевого рога со характеристиками Кочевника (стойкость, исцеление и живучесть)»."
"""A recipe to make an ascended warhorn with Plaguedoctor's (+Condition Damage, +Vitality, +Concentration, and +Healing Power) stats.""","«Рецепт изготовления вознесенного боевого рога со характеристиками Чумного доктора (урон от состояний, живучесть, концентрация и сила исцеления)»."
"""A recipe to make an ascended warhorn with Rabid (+Condition Damage, +Precision, and +Toughness) stats.""","«Рецепт изготовления вознесенного боевого рога со характеристиками «Бешеный» (урон от состояний, точность и выносливость)»."
"""A recipe to make an ascended warhorn with Rampager (+Precision, +Condition Damage, and +Power) stats.""","«Рецепт изготовления вознесённого боевого рога со характеристиками Буйства (точность, урон от состояний и сила)»."
"""A recipe to make an ascended warhorn with Ritualist's (+Condition Damage, +Concentration, +Expertise, and +Vitality) stats.""","«Рецепт изготовления вознесенного боевого рога со характеристиками Ритуалиста (урон от состояний, концентрация, мастерство и живучесть)»."
"""A recipe to make an ascended warhorn with Sentinel (+Vitality, +Power, and +Toughness) stats.""","«Рецепт изготовления вознесённого боевого рога со характеристиками Стража (жизненная сила, сила и выносливость)»."
"""A recipe to make an ascended warhorn with Seraph (+Condition Damage, +Precision, +Concentration, and +Healing Power) stats.""","«Рецепт изготовления вознесенного боевого рога со характеристиками Серафима (урон от состояний, точность, концентрация и сила исцеления)»."
"""A recipe to make an ascended warhorn with Settler (+Toughness, +Healing Power, and +Condition Damage) stats.""","«Рецепт изготовления вознесенного боевого рога со характеристиками поселенца (стойкость, сила исцеления и урон от состояний)»."
"""A recipe to make an ascended warhorn with Shaman (+Vitality, +Condition Damage, and +Healing Power) stats.""","«Рецепт изготовления вознесенного боевого рога со характеристиками Шамана (живучесть, урон от состояний и сила исцеления)»."
"""A recipe to make an ascended warhorn with Sinister (+Condition Damage, +Power, and +Precision) stats.""","«Рецепт изготовления вознесенного боевого рога со зловещими характеристиками (урон от состояний, сила и точность)»."
"""A recipe to make an ascended warhorn with Soldier (+Power, +Vitality, and +Toughness) stats.""","«Рецепт изготовления вознесённого боевого рога со характеристиками солдата (сила, живучесть и выносливость)»."
"""A recipe to make an ascended warhorn with Trailblazer's (+Toughness, +Condition Damage, +Expertise, and +Vitality) stats.""","«Рецепт изготовления вознесенного боевого рога со характеристиками Первопроходца (стойкость, урон от состояний, опыт и живучесть)»."
"""A recipe to make an ascended warhorn with Valkyrie (+Power, +Ferocity, and +Vitality) stats.""","«Рецепт изготовления вознесенного боевого рога со характеристиками Валькирии (сила, свирепость и живучесть)»."
"""A recipe to make an ascended warhorn with Vigilant (+Power, +Toughness, +Concentration, and +Expertise) stats.""","«Рецепт изготовления вознесенного боевого рога со характеристиками бдительности (сила, выносливость, концентрация и мастерство»)."
"""A recipe to make an ascended warhorn with Viper's (+Condition Damage, +Power, +Expertise, and +Precision) stats.""","«Рецепт изготовления вознесенного боевого рога со характеристиками Гадюки (урон от состояний, сила, мастерство и точность)»."
"""A recipe to make an ascended warhorn with Wanderer's (+Power, +Vitality, +Concentration, and +Toughness) stats.""","«Рецепт изготовления вознесённого боевого рога со характеристиками Странника (сила, живучесть, концентрация и выносливость)»."
"""A recipe to make an ascended warhorn with Zealot's (+Power, +Precision, +Healing) stats.""","«Рецепт изготовления вознесенного боевого рога со характеристиками фанатика (сила, точность, исцеление)»."
"""A recipe to make an exalted light helm with Plaguedoctor's (+Condition Damage, +Vitality, +Concentration, and +Healing Power) stats.""","«Рецепт изготовления возвышенного лёгкого шлема со характеристиками Чумного доктора (урон от состояний, живучесть, концентрация и сила исцеления)»."
"""A recipe to make an exotic axe with Diviner's (+Power, +Concentration, +Ferocity, and +Precision) stats.""","«Рецепт изготовления экзотического топора со характеристиками Прорицателя (сила, концентрация, свирепость и точность)»."
"""A recipe to make an exotic axe with Diviner's (+Power, +Concentration, +Precision, and +Ferocity) stats.""","«Рецепт изготовления экзотического топора со характеристиками Прорицателя (сила, концентрация, точность и свирепость)»."
"""A recipe to make an exotic axe with Dragon's (+Power, +Ferocity, +Precision, and +Vitality) stats.""","«Рецепт изготовления экзотического топора со характеристиками Дракона (сила, свирепость, точность и живучесть)»."
"""A recipe to make an exotic axe with Plaguedoctor's (+Condition Damage, +Vitality, +Concentration, and +Healing Power) stats.""","«Рецепт изготовления экзотического топора со характеристиками Чумного доктора (урон от состояний, живучесть, концентрация и сила исцеления)»."
"""A recipe to make an exotic dagger with Diviner's (+Power, +Concentration, +Ferocity, and +Precision) stats.""","«Рецепт изготовления экзотического кинжала со характеристиками Прорицателя (сила, концентрация, свирепость и точность)»."
"""A recipe to make an exotic dagger with Diviner's (+Power, +Concentration, +Precision, and +Ferocity) stats.""","«Рецепт изготовления экзотического кинжала со характеристиками Прорицателя (сила, концентрация, точность и свирепость)»."
"""A recipe to make an exotic dagger with Dragon's (+Power, +Ferocity, +Precision, and +Vitality) stats.""","«Рецепт изготовления экзотического кинжала со характеристиками Дракона (сила, свирепость, точность и живучесть)»."
"""A recipe to make an exotic dagger with Plaguedoctor's (+Condition Damage, +Vitality, +Concentration, and +Healing Power) stats.""","«Рецепт изготовления экзотического кинжала со характеристиками Чумного доктора (урон от состояний, живучесть, концентрация и сила исцеления)»."
"""A recipe to make an exotic focus with Diviner's (+Power, +Concentration, +Ferocity, and +Precision) stats.""","«Рецепт создания экзотического фокуса с характеристиками Прорицателя (сила, концентрация, свирепость и точность)»."
"""A recipe to make an exotic focus with Diviner's (+Power, +Concentration, +Precision, and +Ferocity) stats.""","«Рецепт создания экзотического фокуса с характеристиками Прорицателя (сила, концентрация, точность и свирепость)»."
"""A recipe to make an exotic focus with Dragon's (+Power, +Ferocity, +Precision, and +Vitality) stats.""","«Рецепт создания экзотического фокуса с использованием характеристик Дракона (сила, свирепость, точность и живучесть)»."
"""A recipe to make an exotic focus with Plaguedoctor's (+Condition Damage, +Vitality, +Concentration, and +Healing Power) stats.""","«Рецепт создания экзотического фокуса со характеристиками Чумного доктора (урон от состояний, живучесть, концентрация и сила исцеления)»."
"""A recipe to make an exotic greatsword with Diviner's (+Power, +Concentration, +Ferocity, and +Precision) stats.""","«Рецепт изготовления экзотического двуручного меча со характеристиками Прорицателя (сила, концентрация, свирепость и точность)»."
"""A recipe to make an exotic greatsword with Diviner's (+Power, +Concentration, +Precision, and +Ferocity) stats.""","«Рецепт изготовления экзотического двуручного меча со характеристиками Прорицателя (сила, концентрация, точность и свирепость)»."
"""A recipe to make an exotic greatsword with Dragon's (+Power, +Ferocity, +Precision, and +Vitality) stats.""","«Рецепт изготовления экзотического двуручного меча со характеристиками Дракона (сила, свирепость, точность и живучесть)»."
"""A recipe to make an exotic greatsword with Plaguedoctor's (+Condition Damage, +Vitality, +Concentration, and +Healing Power) stats.""","«Рецепт изготовления экзотического двуручного меча со характеристиками Чумного доктора (урон от состояний, живучесть, концентрация и сила исцеления)»."
"""A recipe to make an exotic hammer with Diviner's (+Power, +Concentration, +Ferocity, and +Precision) stats.""","«Рецепт изготовления экзотического молота со характеристиками Прорицателя (сила, концентрация, свирепость и точность)»."
"""A recipe to make an exotic hammer with Diviner's (+Power, +Concentration, +Precision, and +Ferocity) stats.""","«Рецепт изготовления экзотического молота со характеристиками Прорицателя (сила, концентрация, точность и свирепость)»."
"""A recipe to make an exotic hammer with Dragon's (+Power, +Ferocity, +Precision, and +Vitality) stats.""","«Рецепт изготовления экзотического молота со характеристиками Дракона (сила, свирепость, точность и живучесть)»."
"""A recipe to make an exotic hammer with Plaguedoctor's (+Condition Damage, +Vitality, +Concentration, and +Healing Power) stats.""","«Рецепт изготовления экзотического молота со характеристиками Чумного доктора (урон от состояний, живучесть, концентрация и сила исцеления)»."
"""A recipe to make an exotic harpoon gun with Diviner's (+Power, +Concentration, +Ferocity, and +Precision) stats.""","«Рецепт изготовления экзотического гарпунного ружья со характеристиками Прорицателя (сила, концентрация, свирепость и точность)»."
"""A recipe to make an exotic harpoon gun with Plaguedoctor's (+Condition Damage, +Vitality, +Concentration, and +Healing Power) stats.""","«Рецепт изготовления экзотического гарпунного ружья со характеристиками Чумного доктора (урон от состояний, живучесть, концентрация и сила исцеления)»."
"""A recipe to make an exotic heavy coat with Diviner's (+Power, +Concentration, +Ferocity, and +Precision) stats.""","«Рецепт изготовления экзотического тяжёлого пальто со характеристиками Прорицателя (сила, концентрация, свирепость и точность)»."
"""A recipe to make an exotic heavy coat with Plaguedoctor's (+Condition Damage, +Vitality, +Concentration, and +Healing Power) stats.""","«Рецепт изготовления экзотического тяжёлого пальто со характеристиками Чумного доктора (урон от состояний, живучесть, концентрация и сила исцеления)»."
"""A recipe to make an exotic heavy helm with Diviner's (+Power, +Concentration, +Ferocity, and +Precision) stats.""","«Рецепт изготовления экзотического тяжёлого шлема со характеристиками Прорицателя (сила, концентрация, свирепость и точность)»."
"""A recipe to make an exotic heavy helm with Plaguedoctor's (+Condition Damage, +Vitality, +Concentration, and +Healing Power) stats.""","«Рецепт изготовления экзотического тяжёлого шлема со характеристиками Чумного доктора (урон от состояний, живучесть, концентрация и сила исцеления)»."
"""A recipe to make an exotic light coat with Diviner's (+Power, +Concentration, +Ferocity, and +Precision) stats.""","«Рецепт изготовления экзотического лёгкого пальто со характеристиками Прорицателя (сила, концентрация, свирепость и точность)»."
"""A recipe to make an exotic light coat with Plaguedoctor's (+Condition Damage, +Vitality, +Concentration, and +Healing Power) stats.""","«Рецепт изготовления экзотического лёгкого пальто со характеристиками Чумного доктора (урон от состояний, живучесть, концентрация и сила исцеления)»."
"""A recipe to make an exotic light helm with Diviner's (+Power, +Concentration, +Ferocity, and +Precision) stats.""","«Рецепт изготовления экзотического лёгкого шлема со характеристиками Прорицателя (сила, концентрация, свирепость и точность)»."
"""A recipe to make an exotic longbow with Diviner's (+Power, +Concentration, +Ferocity, and +Precision) stats.""","«Рецепт изготовления экзотического длинного лука со характеристиками Прорицателя (сила, концентрация, свирепость и точность)»."
"""A recipe to make an exotic longbow with Diviner's (+Power, +Concentration, +Precision, and +Ferocity) stats.""","«Рецепт изготовления экзотического длинного лука со характеристиками Прорицателя (сила, концентрация, точность и свирепость)»."
"""A recipe to make an exotic longbow with Dragon's (+Power, +Ferocity, +Precision, and +Vitality) stats.""","«Рецепт изготовления экзотического длинного лука со характеристиками Дракона (сила, свирепость, точность и живучесть)»."
"""A recipe to make an exotic longbow with Plaguedoctor's (+Condition Damage, +Vitality, +Concentration, and +Healing Power) stats.""","«Рецепт изготовления экзотического длинного лука со характеристиками Чумного доктора (урон от состояний, живучесть, концентрация и сила исцеления)»."
"""A recipe to make an exotic mace with Diviner's (+Power, +Concentration, +Ferocity, and +Precision) stats.""","«Рецепт изготовления экзотической булавы со характеристиками Прорицателя (сила, концентрация, свирепость и точность)»."
"""A recipe to make an exotic mace with Diviner's (+Power, +Concentration, +Precision, and +Ferocity) stats.""","«Рецепт изготовления экзотической булавы со характеристиками Прорицателя (сила, концентрация, точность и свирепость)»."
"""A recipe to make an exotic mace with Dragon's (+Power, +Ferocity, +Precision, and +Vitality) stats.""","«Рецепт изготовления экзотической булавы со характеристиками Дракона (сила, свирепость, точность и живучесть)»."
"""A recipe to make an exotic mace with Plaguedoctor's (+Condition Damage, +Vitality, +Concentration, and +Healing Power) stats.""","«Рецепт изготовления экзотической булавы со характеристиками Чумного доктора (урон от состояний, живучесть, концентрация и сила исцеления)»."
"""A recipe to make an exotic medium coat with Diviner's (+Power, +Concentration, +Ferocity, and +Precision) stats.""","«Рецепт изготовления экзотического среднего пальто со характеристиками Прорицателя (сила, концентрация, свирепость и точность)»."
"""A recipe to make an exotic medium coat with Plaguedoctor's (+Condition Damage, +Vitality, +Concentration, and +Healing Power) stats.""","«Рецепт изготовления экзотического среднего пальто со характеристиками Чумного доктора (урон от состояний, живучесть, концентрация и сила исцеления)»."
"""A recipe to make an exotic medium helm with Diviner's (+Power, +Concentration, +Ferocity, and +Precision) stats.""","«Рецепт изготовления экзотического среднего шлема со характеристиками Прорицателя (сила, концентрация, свирепость и точность)»."
"""A recipe to make an exotic medium helm with Plaguedoctor's (+Condition Damage, +Vitality, +Concentration, and +Healing Power) stats.""","«Рецепт изготовления экзотического среднего шлема со характеристиками Чумного доктора (урон от состояний, живучесть, концентрация и сила исцеления)»."
"""A recipe to make an exotic pistol with Diviner's (+Power, +Concentration, +Ferocity, and +Precision) stats.""","«Рецепт изготовления экзотического пистолета со характеристиками Прорицателя (сила, концентрация, свирепость и точность)»."
"""A recipe to make an exotic pistol with Diviner's (+Power, +Concentration, +Precision, and +Ferocity) stats.""","«Рецепт изготовления экзотического пистолета со характеристиками Прорицателя (сила, концентрация, точность и свирепость)»."
"""A recipe to make an exotic pistol with Dragon's (+Power, +Ferocity, +Precision, and +Vitality) stats.""","«Рецепт изготовления экзотического пистолета со характеристиками Дракона (сила, свирепость, точность и живучесть)»."
"""A recipe to make an exotic pistol with Plaguedoctor's (+Condition Damage, +Vitality, +Concentration, and +Healing Power) stats.""","«Рецепт изготовления экзотического пистолета со характеристиками Чумного доктора (урон от состояний, живучесть, концентрация и сила исцеления)»."
"""A recipe to make an exotic rifle with Diviner's (+Power, +Concentration, +Ferocity, and +Precision) stats.""","«Рецепт изготовления экзотической винтовки со характеристиками Прорицателя (сила, концентрация, свирепость и точность)»."
"""A recipe to make an exotic rifle with Diviner's (+Power, +Concentration, +Precision, and +Ferocity) stats.""","«Рецепт изготовления экзотической винтовки со характеристиками Прорицателя (сила, концентрация, точность и свирепость)»."
"""A recipe to make an exotic rifle with Dragon's (+Power, +Ferocity, +Precision, and +Vitality) stats.""","«Рецепт изготовления экзотической винтовки со характеристиками Дракона (сила, свирепость, точность и живучесть)»."
"""A recipe to make an exotic rifle with Plaguedoctor's (+Condition Damage, +Vitality, +Concentration, and +Healing Power) stats.""","«Рецепт изготовления экзотической винтовки со характеристиками Чумного доктора (урон от состояний, живучесть, концентрация и сила исцеления)»."
"""A recipe to make an exotic scepter with Diviner's (+Power, +Concentration, +Ferocity, and +Precision) stats.""","«Рецепт изготовления экзотического скипетра со характеристиками Прорицателя (сила, концентрация, свирепость и точность)»."
"""A recipe to make an exotic scepter with Diviner's (+Power, +Concentration, +Precision, and +Ferocity) stats.""","«Рецепт изготовления экзотического скипетра со характеристиками Прорицателя (сила, концентрация, точность и свирепость)»."
"""A recipe to make an exotic scepter with Dragon's (+Power, +Ferocity, +Precision, and +Vitality) stats.""","«Рецепт изготовления экзотического скипетра со характеристиками Дракона (сила, свирепость, точность и живучесть)»."
"""A recipe to make an exotic scepter with Plaguedoctor's (+Condition Damage, +Vitality, +Concentration, and +Healing Power) stats.""","«Рецепт изготовления экзотического скипетра со характеристиками Чумного доктора (урон от состояний, живучесть, концентрация и сила исцеления)»."
"""A recipe to make an exotic shield with Diviner's (+Power, +Concentration, +Ferocity, and +Precision) stats.""","«Рецепт изготовления экзотического щита со характеристиками Прорицателя (сила, концентрация, свирепость и точность)»."
"""A recipe to make an exotic shield with Diviner's (+Power, +Concentration, +Precision, and +Ferocity) stats.""","«Рецепт изготовления экзотического щита со характеристиками Прорицателя (сила, концентрация, точность и свирепость)»."
"""A recipe to make an exotic shield with Dragon's (+Power, +Ferocity, +Precision, and +Vitality) stats.""","«Рецепт изготовления экзотического щита со характеристиками Дракона (сила, свирепость, точность и живучесть)»."
"""A recipe to make an exotic shield with Plaguedoctor's (+Condition Damage, +Vitality, +Concentration, and +Healing Power) stats.""","«Рецепт изготовления экзотического щита со характеристиками Чумного доктора (урон от состояний, живучесть, концентрация и сила исцеления)»."
"""A recipe to make an exotic short bow with Diviner's (+Power, +Concentration, +Ferocity, and +Precision) stats.""","«Рецепт изготовления экзотического короткого лука со характеристиками Прорицателя (сила, концентрация, свирепость и точность)»."
"""A recipe to make an exotic short bow with Diviner's (+Power, +Concentration, +Precision, and +Ferocity) stats.""","«Рецепт изготовления экзотического короткого лука со характеристиками Прорицателя (сила, концентрация, точность и свирепость)»."
"""A recipe to make an exotic short bow with Dragon's (+Power, +Ferocity, +Precision, and +Vitality) stats.""","«Рецепт изготовления экзотического короткого лука со характеристиками Дракона (сила, свирепость, точность и живучесть)»."
"""A recipe to make an exotic short bow with Plaguedoctor's (+Condition Damage, +Vitality, +Concentration, and +Healing Power) stats.""","«Рецепт изготовления экзотического короткого лука со характеристиками Чумного доктора (урон от состояний, живучесть, концентрация и сила исцеления)»."
"""A recipe to make an exotic spear with Diviner's (+Power, +Concentration, +Ferocity, and +Precision) stats.""","«Рецепт изготовления экзотического копья со характеристиками Прорицателя (сила, концентрация, свирепость и точность)»."
"""A recipe to make an exotic spear with Plaguedoctor's (+Condition Damage, +Vitality, +Concentration, and +Healing Power) stats.""","«Рецепт изготовления экзотического копья со характеристиками Чумного доктора (урон от состояний, живучесть, концентрация и сила исцеления)»."
"""A recipe to make an exotic staff with Diviner's (+Power, +Concentration, +Ferocity, and +Precision) stats.""","«Рецепт изготовления экзотического посоха со характеристиками Прорицателя (сила, концентрация, свирепость и точность)»."
"""A recipe to make an exotic staff with Diviner's (+Power, +Concentration, +Precision, and +Ferocity) stats.""","«Рецепт изготовления экзотического посоха со характеристиками Прорицателя (сила, концентрация, точность и свирепость)»."
"""A recipe to make an exotic staff with Dragon's (+Power, +Ferocity, +Precision, and +Vitality) stats.""","«Рецепт изготовления экзотического посоха со характеристиками Дракона (сила, свирепость, точность и живучесть)»."
"""A recipe to make an exotic staff with Plaguedoctor's (+Condition Damage, +Vitality, +Concentration, and +Healing Power) stats.""","«Рецепт изготовления экзотического посоха со характеристиками Чумного доктора (урон от состояний, живучесть, концентрация и сила исцеления)»."
"""A recipe to make an exotic sword with Diviner's (+Power, +Concentration, +Ferocity, and +Precision) stats.""","«Рецепт изготовления экзотического меча со характеристиками Прорицателя (сила, концентрация, свирепость и точность)»."
"""A recipe to make an exotic sword with Diviner's (+Power, +Concentration, +Precision, and +Ferocity) stats.""","«Рецепт изготовления экзотического меча со характеристиками Прорицателя (сила, концентрация, точность и свирепость)»."
"""A recipe to make an exotic sword with Dragon's (+Power, +Ferocity, +Precision, and +Vitality) stats.""","«Рецепт изготовления экзотического меча со характеристиками Дракона (сила, свирепость, точность и живучесть)»."
"""A recipe to make an exotic sword with Plaguedoctor's (+Condition Damage, +Vitality, +Concentration, and +Healing Power) stats.""","«Рецепт изготовления экзотического меча со характеристиками Чумного доктора (урон от состояний, живучесть, концентрация и сила исцеления)»."
"""A recipe to make an exotic torch with Diviner's (+Power, +Concentration, +Ferocity, and +Precision) stats.""","«Рецепт изготовления экзотического факела со характеристиками Прорицателя (сила, концентрация, свирепость и точность)»."
"""A recipe to make an exotic torch with Diviner's (+Power, +Concentration, +Precision, and +Ferocity) stats.""","«Рецепт изготовления экзотического факела со характеристиками Прорицателя (сила, концентрация, точность и свирепость)»."
"""A recipe to make an exotic torch with Dragon's (+Power, +Ferocity, +Precision, and +Vitality) stats.""","«Рецепт изготовления экзотического факела со характеристиками Дракона (сила, свирепость, точность и живучесть)»."
"""A recipe to make an exotic torch with Plaguedoctor's (+Condition Damage, +Vitality, +Concentration, and +Healing Power) stats.""","«Рецепт изготовления экзотического факела со характеристиками Чумного доктора (урон от состояний, живучесть, концентрация и сила исцеления)»."
"""A recipe to make an exotic trident with Diviner's (+Power, +Concentration, +Ferocity, and +Precision) stats.""","«Рецепт изготовления экзотического трезубца со характеристиками Прорицателя (сила, концентрация, свирепость и точность)»."
"""A recipe to make an exotic trident with Plaguedoctor's (+Condition Damage, +Vitality, +Concentration, and +Healing Power) stats.""","«Рецепт изготовления экзотического трезубца со характеристиками Чумного доктора (урон от состояний, живучесть, концентрация и сила исцеления)»."
"""A recipe to make an exotic warhorn with Diviner's (+Power, +Concentration, +Ferocity, and +Precision) stats.""","«Рецепт изготовления экзотического боевого рога со характеристиками Прорицателя (сила, концентрация, свирепость и точность)»."
"""A recipe to make an exotic warhorn with Diviner's (+Power, +Concentration, +Precision, and +Ferocity) stats.""","«Рецепт изготовления экзотического боевого рога со характеристиками Прорицателя (сила, концентрация, точность и свирепость)»."
"""A recipe to make an exotic warhorn with Dragon's (+Power, +Ferocity, +Precision, and +Vitality) stats.""","«Рецепт изготовления экзотического боевого рога со характеристиками Дракона (сила, свирепость, точность и живучесть)»."
"""A recipe to make an exotic warhorn with Plaguedoctor's (+Condition Damage, +Vitality, +Concentration, and +Healing Power) stats.""","«Рецепт изготовления экзотического боевого рога со характеристиками Чумного доктора (урон от состояний, живучесть, концентрация и сила исцеления)»."
"""A recipe to make ascended heavy boots with Apothecary (+Healing Power, +Toughness, and +Condition Damage) stats.""","«Рецепт изготовления вознесенных тяжёлых ботинок со характеристиками аптекаря (исцеляющая сила, выносливость и урон от состояний)»."
"""A recipe to make ascended heavy boots with Assassin (+Precision, +Power, and +Ferocity) stats.""","«Рецепт изготовления вознесенных тяжёлых ботинок со характеристиками убийцы (точность, сила и свирепость)»."
"""A recipe to make ascended heavy boots with Berserker (+Power, +Ferocity, and +Precision) stats.""","«Рецепт изготовления вознесенных тяжёлых ботинок со характеристиками Берсерка (сила, свирепость и точность)»."
"""A recipe to make ascended heavy boots with Bringer's (+Expertise, +Vitality, and +Precision) stats.""","«Рецепт изготовления вознесенных тяжёлых ботинок со характеристиками Брингера (экспертиза, живучесть и точность)»."
"""A recipe to make ascended heavy boots with Carrion (+Condition Damage, +Power, and +Vitality) stats.""","«Рецепт изготовления вознесенных тяжёлых сапог со характеристиками Падальщика (урон от состояний, сила и живучесть)»."
"""A recipe to make ascended heavy boots with Cavalier (+Toughness, +Power, and +Ferocity) stats.""","«Рецепт изготовления вознесенных тяжёлых ботинок со характеристиками кавалера (стойкость, сила и свирепость)»."
"""A recipe to make ascended heavy boots with Cleric (+Healing Power, +Power, and +Toughness) stats.""","«Рецепт изготовления вознесенных тяжёлых сапог со характеристиками клирика (исцеляющая сила, сила и выносливость)»."
"""A recipe to make ascended heavy boots with Commander's (+Power, +Precision, +Toughness, and +Concentration) stats.""","«Рецепт изготовления вознесенных тяжёлых ботинок с характеристиками командира (сила, точность, выносливость и концентрация»)."
"""A recipe to make ascended heavy boots with Crusader (+Power, +Toughness, +Ferocity, and +Healing) stats.""","«Рецепт изготовления вознесенных тяжёлых ботинок со характеристиками крестоносца (сила, выносливость, свирепость и исцеление)»."
"""A recipe to make ascended heavy boots with Dire (+Condition Damage, +Vitality, and +Toughness) stats.""","«Рецепт изготовления вознесенных тяжёлых сапог со характеристиками Dire (урон от состояний, живучесть и выносливость)»."
"""A recipe to make ascended heavy boots with Diviner's (+Power, +Concentration, +Ferocity, and +Precision) stats.""","«Рецепт изготовления вознесенных тяжёлых ботинок со характеристиками Прорицателя (сила, концентрация, свирепость и точность)»."
"""A recipe to make ascended heavy boots with Dragon's (+Power, +Ferocity, +Precision, and +Vitality) stats.""","«Рецепт изготовления вознесенных тяжёлых ботинок со характеристиками Дракона (сила, свирепость, точность и живучесть)»."
"""A recipe to make ascended heavy boots with Giver's (+Toughness, +Healing, and +Concentration) stats.""","«Рецепт изготовления вознесенных тяжёлых ботинок со характеристиками Дарителя (Выносливость, Исцеление и Концентрация»)."
"""A recipe to make ascended heavy boots with Grieving (+Power, +Condition Damage, +Ferocity, and +Precision) stats.""","«Рецепт изготовления вознесенных тяжёлых ботинок со характеристиками скорби (сила, урон от состояний, свирепость и точность)»."
"""A recipe to make ascended heavy boots with Harrier's (+Power, +Healing, and +Concentration) stats.""","«Рецепт изготовления вознесенных тяжёлых ботинок со характеристиками Вестника (сила, исцеление и концентрация)»."
"""A recipe to make ascended heavy boots with Knight (+Toughness, +Power, and +Precision) stats.""","«Рецепт изготовления вознесенных тяжёлых ботинок со характеристиками рыцаря (стойкость, сила и точность)»."
"""A recipe to make ascended heavy boots with Magi (+Healing Power, +Precision, and +Vitality) stats.""","«Рецепт изготовления вознесенных тяжёлых сапог со характеристиками мага (исцеляющая сила, точность и живучесть)»."
"""A recipe to make ascended heavy boots with Marauder (+Power, +Precision, +Vitality, and +Ferocity) stats.""","«Рецепт изготовления вознесенных тяжёлых ботинок со характеристиками мародера (сила, точность, живучесть и свирепость)»."
"""A recipe to make ascended heavy boots with Marshal's (+Power, +Healing, +Condition Damage, and +Precision) stats.""","«Рецепт изготовления вознесенных тяжёлых ботинок со характеристиками Маршала (сила, исцеление, урон от состояний и точность)»."
"""A recipe to make ascended heavy boots with Minstrel's (+Toughness, +Healing, +Concentration, and +Vitality) stats.""","«Рецепт изготовления вознесенных тяжёлых ботинок со характеристиками Менестреля (стойкость, исцеление, концентрация и живучесть)»."
"""A recipe to make ascended heavy boots with Plaguedoctor's (+Condition Damage, +Vitality, +Concentration, and +Healing Power) stats.""","«Рецепт изготовления вознесенных тяжёлых ботинок со характеристиками Чумного доктора (урон от состояний, живучесть, концентрация и сила исцеления)»."
"""A recipe to make ascended heavy boots with Rabid (+Condition Damage, +Precision, and +Toughness) stats.""","«Рецепт изготовления вознесенных тяжёлых ботинок со характеристиками «Бешеный» (урон от состояния, точность и выносливость)»."
"""A recipe to make ascended heavy boots with Rampager (+Precision, +Condition Damage, and +Power) stats.""","«Рецепт изготовления вознесенных тяжёлых ботинок со характеристиками Буйства (точность, урон от состояний и сила)»."
"""A recipe to make ascended heavy boots with Ritualist's (+Condition Damage, +Concentration, +Expertise, and +Vitality) stats.""","«Рецепт изготовления вознесенных тяжёлых ботинок со характеристиками Ритуалиста (урон от состояний, концентрация, мастерство и живучесть)»."
"""A recipe to make ascended heavy boots with Sentinel (+Vitality, +Power, and +Toughness) stats.""","«Рецепт изготовления вознесенных тяжёлых ботинок со характеристиками Стража (Живучесть, Сила и Стойкость)»."
"""A recipe to make ascended heavy boots with Seraph (+Condition Damage, +Precision, +Concentration, and +Healing Power) stats.""","«Рецепт изготовления вознесенных тяжёлых ботинок со характеристиками Серафима (Урон от состояний, Точность, Концентрация и Сила исцеления)»."
"""A recipe to make ascended heavy boots with Settler (+Toughness, +Healing Power, and +Condition Damage) stats.""","«Рецепт изготовления вознесенных тяжёлых ботинок со характеристиками поселенца (стойкость, сила исцеления и урон от состояний)»."
"""A recipe to make ascended heavy boots with Shaman (+Vitality, +Condition Damage, and +Healing Power) stats.""","«Рецепт изготовления вознесенных тяжёлых сапог со характеристиками Шамана (живучесть, урон от состояний и сила исцеления)»."
"""A recipe to make ascended heavy boots with Sinister (+Condition Damage, +Power, and +Precision) stats.""","«Рецепт изготовления вознесенных тяжёлых ботинок со зловещими характеристиками (урон от состояния, сила и точность)»."
"""A recipe to make ascended heavy boots with Soldier (+Power, +Vitality, and +Toughness) stats.""","«Рецепт изготовления вознесенных тяжёлых ботинок со характеристиками солдата (сила, живучесть и выносливость)»."
"""A recipe to make ascended heavy boots with Trailblazer's (+Toughness, +Condition Damage, +Expertise, and +Vitality) stats.""","«Рецепт изготовления вознесенных тяжёлых ботинок со характеристиками Первопроходца (стойкость, урон от состояний, мастерство и живучесть)»."
"""A recipe to make ascended heavy boots with Valkyrie (+Power, +Ferocity, and +Vitality) stats.""","«Рецепт изготовления вознесенных тяжёлых сапог со характеристиками Валькирии (сила, свирепость и живучесть)»."
"""A recipe to make ascended heavy boots with Vigilant (+Power, +Toughness, +Concentration, and +Expertise) stats.""","«Рецепт изготовления вознесенных тяжёлых ботинок со характеристиками бдительности (сила, выносливость, концентрация и мастерство»)."
"""A recipe to make ascended heavy boots with Viper's (+Condition Damage, +Power, +Expertise, and +Precision) stats.""","«Рецепт изготовления вознесенных тяжёлых ботинок со характеристиками Гадюки (урон от состояний, сила, мастерство и точность)»."
"""A recipe to make ascended heavy boots with Wanderer's (+Power, +Vitality, +Concentration, and +Toughness) stats.""","«Рецепт изготовления вознесенных тяжёлых ботинок со характеристиками Странника (сила, живучесть, концентрация и выносливость)»."
"""A recipe to make ascended heavy gloves with Apothecary (+Healing Power, +Toughness, and +Condition Damage) stats.""","«Рецепт изготовления вознесенных тяжёлых перчаток со характеристиками аптекаря (исцеляющая сила, выносливость и урон от состояний»)."
"""A recipe to make ascended heavy gloves with Assassin (+Precision, +Power, and +Ferocity) stats.""","«Рецепт изготовления вознесенных тяжёлых перчаток со характеристиками убийцы (точность, сила и свирепость)»."
"""A recipe to make ascended heavy gloves with Berserker (+Power, +Ferocity, and +Precision) stats.""","«Рецепт изготовления вознесенных тяжёлых перчаток со характеристиками Берсерка (сила, свирепость и точность)»."
"""A recipe to make ascended heavy gloves with Bringer's (+Expertise, +Vitality, and +Precision) stats.""","«Рецепт изготовления вознесенных тяжёлых перчаток со характеристиками Брингера (экспертиза, живучесть и точность)»."
"""A recipe to make ascended heavy gloves with Carrion (+Condition Damage, +Power, and +Vitality) stats.""","«Рецепт изготовления вознесенных тяжёлых перчаток со характеристиками Падали (урон от состояний, сила и живучесть)»."
"""A recipe to make ascended heavy gloves with Cavalier (+Toughness, +Power, and +Ferocity) stats.""","«Рецепт изготовления вознесенных тяжёлых перчаток с кавалерийскими характеристиками (стойкость, сила и свирепость)»."
"""A recipe to make ascended heavy gloves with Cleric (+Healing Power, +Power, and +Toughness) stats.""","«Рецепт изготовления вознесенных тяжёлых перчаток со характеристиками клирика (исцеляющая сила, сила и выносливость)»."
"""A recipe to make ascended heavy gloves with Commander's (+Power, +Precision, +Toughness, and +Concentration) stats.""","«Рецепт изготовления вознесенных тяжёлых перчаток с характеристиками командира (сила, точность, выносливость и концентрация»)."
"""A recipe to make ascended heavy gloves with Crusader (+Power, +Toughness, +Ferocity, and +Healing) stats.""","«Рецепт изготовления вознесенных тяжёлых перчаток со характеристиками крестоносца (сила, выносливость, свирепость и исцеление)»."
"""A recipe to make ascended heavy gloves with Dire (+Condition Damage, +Vitality, and +Toughness) stats.""","«Рецепт изготовления вознесенных тяжёлых перчаток со характеристиками Dire (урон от состояний, живучесть и выносливость)»."
"""A recipe to make ascended heavy gloves with Diviner's (+Power, +Concentration, +Ferocity, and +Precision) stats.""","«Рецепт изготовления вознесенных тяжёлых перчаток со характеристиками Прорицателя (сила, концентрация, свирепость и точность)»."
"""A recipe to make ascended heavy gloves with Dragon's (+Power, +Ferocity, +Precision, and +Vitality) stats.""","«Рецепт изготовления вознесенных тяжёлых перчаток со характеристиками Дракона (сила, свирепость, точность и живучесть)»."
"""A recipe to make ascended heavy gloves with Giver's (+Toughness, +Healing, and +Concentration) stats.""","«Рецепт изготовления вознесенных тяжёлых перчаток со характеристиками Дарителя (Выносливость, Исцеление и Концентрация»)."
"""A recipe to make ascended heavy gloves with Grieving (+Power, +Condition Damage, +Ferocity, and +Precision) stats.""","«Рецепт изготовления вознесенных тяжёлых перчаток со характеристиками скорби (сила, урон от состояний, свирепость и точность)»."
"""A recipe to make ascended heavy gloves with Harrier's (+Power, +Healing, and +Concentration) stats.""","«Рецепт изготовления вознесенных тяжёлых перчаток со характеристиками Вестника (сила, исцеление и концентрация)»."
"""A recipe to make ascended heavy gloves with Knight (+Toughness, +Power, and +Precision) stats.""","«Рецепт изготовления вознесенных тяжёлых перчаток со характеристиками рыцаря (стойкость, сила и точность)»."
"""A recipe to make ascended heavy gloves with Magi (+Healing Power, +Precision, and +Vitality) stats.""","«Рецепт изготовления вознесенных тяжёлых перчаток со характеристиками мага (исцеляющая сила, точность и живучесть)»."
"""A recipe to make ascended heavy gloves with Marauder (+Power, +Precision, +Vitality, and +Ferocity) stats.""","«Рецепт изготовления вознесенных тяжёлых перчаток со характеристиками мародера (сила, точность, живучесть и свирепость)»."
"""A recipe to make ascended heavy gloves with Marshal's (+Power, +Healing, +Condition Damage, and +Precision) stats.""","«Рецепт изготовления вознесенных тяжёлых перчаток со характеристиками Маршала (сила, исцеление, урон от состояний и точность)»."
"""A recipe to make ascended heavy gloves with Minstrel's (+Toughness, +Healing, +Concentration, and +Vitality) stats.""","«Рецепт изготовления вознесенных тяжёлых перчаток со характеристиками Менестреля (стойкость, исцеление, концентрация и живучесть)»."
"""A recipe to make ascended heavy gloves with Plaguedoctor's (+Condition Damage, +Vitality, +Concentration, and +Healing Power) stats.""","«Рецепт изготовления вознесенных тяжёлых перчаток со характеристиками Чумного доктора (урон от состояний, живучесть, концентрация и сила исцеления)»."
"""A recipe to make ascended heavy gloves with Rabid (+Condition Damage, +Precision, and +Toughness) stats.""","«Рецепт изготовления вознесенных тяжёлых перчаток со характеристиками бешеных (урон от состояния, точность и выносливость)»."
"""A recipe to make ascended heavy gloves with Rampager (+Precision, +Condition Damage, and +Power) stats.""","«Рецепт изготовления вознесенных тяжёлых перчаток со характеристиками Буйвола (точность, урон от состояний и сила)»."
"""A recipe to make ascended heavy gloves with Ritualist's (+Condition Damage, +Concentration, +Expertise, and +Vitality) stats.""","«Рецепт изготовления вознесенных тяжёлых перчаток со характеристиками Ритуалиста (урон от состояний, концентрация, мастерство и живучесть)»."
"""A recipe to make ascended heavy gloves with Sentinel (+Vitality, +Power, and +Toughness) stats.""","«Рецепт изготовления вознесенных тяжёлых перчаток со характеристиками Стража (жизненная сила, сила и выносливость)»."
"""A recipe to make ascended heavy gloves with Seraph (+Condition Damage, +Precision, +Concentration, and +Healing Power) stats.""","«Рецепт изготовления вознесенных тяжёлых перчаток со характеристиками Серафима (Урон от состояний, Точность, Концентрация и Сила исцеления)»."
"""A recipe to make ascended heavy gloves with Settler (+Toughness, +Healing Power, and +Condition Damage) stats.""","«Рецепт изготовления вознесенных тяжёлых перчаток со характеристиками поселенца (стойкость, сила исцеления и урон от состояний)»."
"""A recipe to make ascended heavy gloves with Shaman (+Vitality, +Condition Damage, and +Healing Power) stats.""","«Рецепт изготовления вознесенных тяжёлых перчаток со характеристиками Шамана (живучесть, урон от состояний и сила исцеления)»."
"""A recipe to make ascended heavy gloves with Sinister (+Condition Damage, +Power, and +Precision) stats.""","«Рецепт изготовления вознесенных тяжёлых перчаток со характеристиками Зловещих (Урон от состояний, Сила и Точность)»."
"""A recipe to make ascended heavy gloves with Soldier (+Power, +Vitality, and +Toughness) stats.""","«Рецепт изготовления вознесенных тяжёлых перчаток со характеристиками солдата (сила, живучесть и выносливость)»."
"""A recipe to make ascended heavy gloves with Trailblazer's (+Toughness, +Condition Damage, +Expertise, and +Vitality) stats.""","«Рецепт изготовления вознесенных тяжёлых перчаток со характеристиками Первопроходца (стойкость, урон от состояний, мастерство и живучесть)»."
"""A recipe to make ascended heavy gloves with Valkyrie (+Power, +Ferocity, and +Vitality) stats.""","«Рецепт изготовления вознесенных тяжёлых перчаток со характеристиками Валькирии (сила, свирепость и живучесть)»."
"""A recipe to make ascended heavy gloves with Vigilant (+Power, +Toughness, +Concentration, and +Expertise) stats.""","«Рецепт изготовления вознесенных тяжёлых перчаток со характеристиками бдительности (сила, выносливость, концентрация и мастерство»)."
"""A recipe to make ascended heavy gloves with Viper's (+Condition Damage, +Power, +Expertise, and +Precision) stats.""","«Рецепт изготовления вознесенных тяжёлых перчаток со характеристиками Змеи (урон от состояний, сила, мастерство и точность)»."
"""A recipe to make ascended heavy gloves with Wanderer's (+Power, +Vitality, +Concentration, and +Toughness) stats.""","«Рецепт изготовления вознесенных тяжёлых перчаток со характеристиками Странника (сила, живучесть, концентрация и выносливость)»."
"""A recipe to make ascended heavy leggings with Apothecary (+Healing Power, +Toughness, and +Condition Damage) stats.""","«Рецепт изготовления вознесенных тяжёлых поножей со характеристиками аптекаря (исцеляющая сила, выносливость и урон от состояний)»."
"""A recipe to make ascended heavy leggings with Assassin (+Precision, +Power, and +Ferocity) stats.""","«Рецепт изготовления вознесенных тяжёлых поножей со характеристиками убийцы (точность, сила и свирепость)»."
"""A recipe to make ascended heavy leggings with Berserker (+Power, +Ferocity, and +Precision) stats.""","«Рецепт изготовления вознесенных тяжёлых поножей со характеристиками Берсерка (сила, свирепость и точность)»."
"""A recipe to make ascended heavy leggings with Bringer's (+Expertise, +Vitality, and +Precision) stats.""","«Рецепт изготовления тяжёлых поножей с характеристиками Брингера (экспертиза, живучесть и точность)»."
"""A recipe to make ascended heavy leggings with Carrion (+Condition Damage, +Power, and +Vitality) stats.""","«Рецепт изготовления вознесенных тяжёлых поножей со характеристиками Падали (урон от состояний, сила и живучесть)»."
"""A recipe to make ascended heavy leggings with Cavalier (+Toughness, +Power, and +Ferocity) stats.""","«Рецепт изготовления вознесенных тяжёлых поножей с кавалерийскими характеристиками (стойкость, сила и свирепость)»."
"""A recipe to make ascended heavy leggings with Cleric (+Healing Power, +Power, and +Toughness) stats.""","«Рецепт изготовления вознесенных тяжёлых поножей со характеристиками клирика (исцеляющая сила, сила и выносливость)»."
"""A recipe to make ascended heavy leggings with Commander's (+Power, +Precision, +Toughness, and +Concentration) stats.""","«Рецепт изготовления вознесенных тяжёлых поножей с характеристиками командира (сила, точность, выносливость и концентрация»)."
"""A recipe to make ascended heavy leggings with Crusader (+Power, +Toughness, +Ferocity, and +Healing) stats.""","«Рецепт изготовления вознесенных тяжёлых поножей со характеристиками крестоносца (сила, выносливость, свирепость и исцеление)»."
"""A recipe to make ascended heavy leggings with Dire (+Condition Damage, +Vitality, and +Toughness) stats.""","«Рецепт изготовления вознесенных тяжёлых поножей со характеристиками Dire (урон от состояний, живучесть и выносливость)»."
"""A recipe to make ascended heavy leggings with Diviner's (+Power, +Concentration, +Ferocity, and +Precision) stats.""","«Рецепт изготовления вознесенных тяжёлых поножей со характеристиками Прорицателя (сила, концентрация, свирепость и точность)»."
"""A recipe to make ascended heavy leggings with Dragon's (+Power, +Ferocity, +Precision, and +Vitality) stats.""","«Рецепт изготовления вознесенных тяжёлых поножей со характеристиками Дракона (сила, свирепость, точность и живучесть)»."
"""A recipe to make ascended heavy leggings with Giver's (+Toughness, +Healing, and +Concentration) stats.""","«Рецепт изготовления вознесенных тяжёлых поножей со характеристиками Дарителя (стойкость, исцеление и концентрация)»."
"""A recipe to make ascended heavy leggings with Grieving (+Power, +Condition Damage, +Ferocity, and +Precision) stats.""","«Рецепт изготовления вознесенных тяжёлых поножей со характеристиками скорби (сила, урон от состояний, свирепость и точность)»."
"""A recipe to make ascended heavy leggings with Harrier's (+Power, +Healing, and +Concentration) stats.""","«Рецепт изготовления вознесенных тяжёлых поножей со характеристиками Вестника (сила, исцеление и концентрация)»."
"""A recipe to make ascended heavy leggings with Knight (+Toughness, +Power, and +Precision) stats.""","«Рецепт изготовления вознесенных тяжёлых поножей со характеристиками рыцаря (стойкость, сила и точность)»."
"""A recipe to make ascended heavy leggings with Magi (+Healing Power, +Precision, and +Vitality) stats.""","«Рецепт изготовления вознесенных тяжёлых поножей со характеристиками мага (исцеляющая сила, точность и живучесть)»."
"""A recipe to make ascended heavy leggings with Marauder (+Power, +Precision, +Vitality, and +Ferocity) stats.""","«Рецепт изготовления вознесенных тяжёлых поножей со характеристиками мародера (сила, точность, живучесть и свирепость)»."
"""A recipe to make ascended heavy leggings with Marshal's (+Power, +Healing, +Condition Damage, and +Precision) stats.""","«Рецепт изготовления вознесенных тяжёлых поножей со характеристиками Маршала (сила, исцеление, урон от состояний и точность)»."
"""A recipe to make ascended heavy leggings with Minstrel's (+Toughness, +Healing, +Concentration, and +Vitality) stats.""","«Рецепт изготовления вознесенных тяжёлых поножей со характеристиками Менестреля (стойкость, исцеление, концентрация и живучесть)»."
"""A recipe to make ascended heavy leggings with Plaguedoctor's (+Condition Damage, +Vitality, +Concentration, and +Healing Power) stats.""","«Рецепт изготовления вознесенных тяжёлых поножей со характеристиками Чумного доктора (урон от состояний, живучесть, концентрация и сила исцеления)»."
"""A recipe to make ascended heavy leggings with Rabid (+Condition Damage, +Precision, and +Toughness) stats.""","«Рецепт изготовления вознесенных тяжёлых поножей со характеристиками Бешенства (Урон от состояний, Точность и Стойкость)»."
"""A recipe to make ascended heavy leggings with Rampager (+Precision, +Condition Damage, and +Power) stats.""","«Рецепт изготовления вознесенных тяжёлых поножей со характеристиками Буйства (точность, урон от состояний и сила)»."
"""A recipe to make ascended heavy leggings with Ritualist's (+Condition Damage, +Concentration, +Expertise, and +Vitality) stats.""","«Рецепт изготовления вознесенных тяжёлых поножей со характеристиками Ритуалиста (урон от состояний, концентрация, мастерство и живучесть)»."
"""A recipe to make ascended heavy leggings with Sentinel (+Vitality, +Power, and +Toughness) stats.""","«Рецепт изготовления вознесенных тяжёлых поножей со характеристиками Стража (жизненная сила, сила и выносливость)»."
"""A recipe to make ascended heavy leggings with Seraph (+Condition Damage, +Precision, +Concentration, and +Healing Power) stats.""","«Рецепт изготовления вознесенных тяжёлых поножей со характеристиками Серафима (урон от состояний, точность, концентрация и сила исцеления)»."
"""A recipe to make ascended heavy leggings with Settler (+Toughness, +Healing Power, and +Condition Damage) stats.""","«Рецепт изготовления вознесенных тяжёлых поножей со характеристиками поселенца (стойкость, сила исцеления и урон от состояний)»."
"""A recipe to make ascended heavy leggings with Shaman (+Vitality, +Condition Damage, and +Healing Power) stats.""","«Рецепт изготовления вознесенных тяжёлых поножей со характеристиками Шамана (живучесть, урон от состояний и сила исцеления)»."
"""A recipe to make ascended heavy leggings with Sinister (+Condition Damage, +Power, and +Precision) stats.""","«Рецепт изготовления вознесенных тяжёлых поножей со зловещими характеристиками (урон от состояний, сила и точность)»."
"""A recipe to make ascended heavy leggings with Soldier (+Power, +Vitality, and +Toughness) stats.""","«Рецепт изготовления вознесенных тяжёлых поножей со характеристиками солдата (сила, живучесть и выносливость)»."
"""A recipe to make ascended heavy leggings with Trailblazer's (+Toughness, +Condition Damage, +Expertise, and +Vitality) stats.""","«Рецепт изготовления вознесенных тяжёлых поножей со характеристиками Первопроходца (стойкость, урон от состояний, мастерство и живучесть)»."
"""A recipe to make ascended heavy leggings with Valkyrie (+Power, +Ferocity, and +Vitality) stats.""","«Рецепт изготовления вознесенных тяжёлых поножей со характеристиками Валькирии (сила, свирепость и живучесть)»."
"""A recipe to make ascended heavy leggings with Vigilant (+Power, +Toughness, +Concentration, and +Expertise) stats.""","«Рецепт изготовления вознесенных тяжёлых поножей со характеристиками бдительности (сила, выносливость, концентрация и мастерство»)."
"""A recipe to make ascended heavy leggings with Viper's (+Condition Damage, +Power, +Expertise, and +Precision) stats.""","«Рецепт изготовления вознесенных тяжёлых поножей со характеристиками Змеи (урон от состояний, сила, мастерство и точность)»."
"""A recipe to make ascended heavy leggings with Wanderer's (+Power, +Vitality, +Concentration, and +Toughness) stats.""","«Рецепт изготовления вознесенных тяжёлых поножей со характеристиками Странника (сила, живучесть, концентрация и выносливость)»."
"""A recipe to make ascended heavy leggings with Zealot's (+Power, +Precision, +Healing) stats.""","«Рецепт изготовления вознесенных тяжёлых поножей со характеристиками фанатика (сила, точность, исцеление)»."
"""A recipe to make ascended heavy shoulders with Apothecary (+Healing Power, +Toughness, and +Condition Damage) stats.""","«Рецепт создания вознесенных тяжёлых плеч со статами аптекаря (исцеляющая сила, выносливость и урон от состояний»)."
"""A recipe to make ascended heavy shoulders with Assassin (+Precision, +Power, and +Ferocity) stats.""","«Рецепт создания поднятых тяжёлых плеч со характеристиками убийцы (точность, сила и свирепость)»."
"""A recipe to make ascended heavy shoulders with Berserker (+Power, +Ferocity, and +Precision) stats.""","«Рецепт создания поднятых тяжёлых плеч со характеристиками Берсерка (сила, свирепость и точность)»."
"""A recipe to make ascended heavy shoulders with Bringer's (+Expertise, +Vitality, and +Precision) stats.""","«Рецепт создания поднятых тяжёлых плеч с характеристиками Брингера (экспертиза, живучесть и точность)»."
"""A recipe to make ascended heavy shoulders with Carrion (+Condition Damage, +Power, and +Vitality) stats.""","«Рецепт создания вознесенных тяжёлых наплечников со характеристиками Падали (Урон от состояний, Сила и Живучесть)»."
"""A recipe to make ascended heavy shoulders with Cavalier (+Toughness, +Power, and +Ferocity) stats.""","«Рецепт создания поднятых тяжёлых плеч с кавалерийскими характеристиками (стойкость, сила и свирепость)»."
"""A recipe to make ascended heavy shoulders with Cleric (+Healing Power, +Power, and +Toughness) stats.""","«Рецепт создания вознесенных тяжёлых плеч со характеристиками клирика (исцеляющая сила, сила и выносливость)»."
"""A recipe to make ascended heavy shoulders with Commander's (+Power, +Precision, +Toughness, and +Concentration) stats.""","«Рецепт создания поднятых тяжёлых плеч с характеристиками командира (сила, точность, выносливость и концентрация»)."
"""A recipe to make ascended heavy shoulders with Crusader (+Power, +Toughness, +Ferocity, and +Healing) stats.""","«Рецепт создания поднятых тяжёлых плеч со характеристиками крестоносца (сила, выносливость, свирепость и исцеление)»."
"""A recipe to make ascended heavy shoulders with Dire (+Condition Damage, +Vitality, and +Toughness) stats.""","«Рецепт создания вознесенных тяжёлых наплечников со характеристиками Dire (урон от состояний, живучесть и выносливость)»."
"""A recipe to make ascended heavy shoulders with Diviner's (+Power, +Concentration, +Ferocity, and +Precision) stats.""","«Рецепт создания вознесенных тяжёлых плеч с характеристиками Прорицателя (сила, концентрация, свирепость и точность)»."
"""A recipe to make ascended heavy shoulders with Dragon's (+Power, +Ferocity, +Precision, and +Vitality) stats.""","«Рецепт создания поднятых тяжёлых плеч с характеристиками Дракона (сила, свирепость, точность и живучесть)»."
"""A recipe to make ascended heavy shoulders with Giver's (+Toughness, +Healing, and +Concentration) stats.""","«Рецепт создания поднятых тяжёлых плеч с характеристиками Дарителя (Выносливость, Исцеление и Концентрация»)."
"""A recipe to make ascended heavy shoulders with Grieving (+Power, +Condition Damage, +Ferocity, and +Precision) stats.""","«Рецепт создания вознесенных тяжёлых плеч со характеристиками скорби (сила, урон от состояний, свирепость и точность)»."
"""A recipe to make ascended heavy shoulders with Harrier's (+Power, +Healing, and +Concentration) stats.""","«Рецепт создания поднятых тяжёлых плеч с характеристиками Вестника (сила, исцеление и концентрация)»."
"""A recipe to make ascended heavy shoulders with Knight (+Toughness, +Power, and +Precision) stats.""","«Рецепт создания поднятых тяжёлых плеч с характеристиками рыцаря (выносливость, сила и точность)»."
"""A recipe to make ascended heavy shoulders with Magi (+Healing Power, +Precision, and +Vitality) stats.""","«Рецепт создания поднятых тяжёлых плеч со характеристиками мага (исцеляющая сила, точность и живучесть)»."
"""A recipe to make ascended heavy shoulders with Marauder (+Power, +Precision, +Vitality, and +Ferocity) stats.""","«Рецепт создания поднятых тяжёлых плеч со характеристиками мародера (сила, точность, живучесть и свирепость)»."
"""A recipe to make ascended heavy shoulders with Marshal's (+Power, +Healing, +Condition Damage, and +Precision) stats.""","«Рецепт создания поднятых тяжёлых плеч с характеристиками Маршала (сила, исцеление, урон от состояний и точность)»."
"""A recipe to make ascended heavy shoulders with Minstrel's (+Toughness, +Healing, +Concentration, and +Vitality) stats.""","«Рецепт создания вознесенных тяжёлых плеч с характеристиками Менестреля (стойкость, исцеление, концентрация и живучесть)»."
"""A recipe to make ascended heavy shoulders with Plaguedoctor's (+Condition Damage, +Vitality, +Concentration, and +Healing Power) stats.""","«Рецепт создания вознесенных тяжёлых плеч со характеристиками Чумного доктора (урон от состояний, живучесть, концентрация и сила исцеления)»."
"""A recipe to make ascended heavy shoulders with Rabid (+Condition Damage, +Precision, and +Toughness) stats.""","«Рецепт создания поднятых тяжёлых плеч со характеристиками Бешеных (Урон от состояний, Точность и Выносливость)»."
"""A recipe to make ascended heavy shoulders with Rampager (+Precision, +Condition Damage, and +Power) stats.""","«Рецепт создания поднятых тяжёлых плеч со характеристиками Буйства (точность, урон от состояний и сила)»."
"""A recipe to make ascended heavy shoulders with Ritualist's (+Condition Damage, +Concentration, +Expertise, and +Vitality) stats.""","«Рецепт создания вознесенных тяжёлых плеч с характеристиками Ритуалиста (урон от состояний, концентрация, мастерство и живучесть)»."
"""A recipe to make ascended heavy shoulders with Sentinel (+Vitality, +Power, and +Toughness) stats.""","«Рецепт создания поднятых тяжёлых плеч со характеристиками Стража (жизненная сила, сила и выносливость)»."
"""A recipe to make ascended heavy shoulders with Seraph (+Condition Damage, +Precision, +Concentration, and +Healing Power) stats.""","«Рецепт создания вознесенных тяжёлых плеч со характеристиками Серафима (Урон от состояний, Точность, Концентрация и Сила исцеления)»."
"""A recipe to make ascended heavy shoulders with Settler (+Toughness, +Healing Power, and +Condition Damage) stats.""","«Рецепт создания вознесенных тяжёлых плеч со характеристиками поселенца (стойкость, сила исцеления и урон от состояний)»."
"""A recipe to make ascended heavy shoulders with Shaman (+Vitality, +Condition Damage, and +Healing Power) stats.""","«Рецепт создания вознесенных тяжёлых плеч с характеристиками Шамана (живучесть, урон от состояний и сила исцеления)»."
"""A recipe to make ascended heavy shoulders with Sinister (+Condition Damage, +Power, and +Precision) stats.""","«Рецепт создания поднятых тяжёлых плеч со зловещими характеристиками (урон от состояний, сила и точность)»."
"""A recipe to make ascended heavy shoulders with Soldier (+Power, +Vitality, and +Toughness) stats.""","«Рецепт создания поднятых тяжёлых плеч со характеристиками солдата (сила, живучесть и выносливость)»."
"""A recipe to make ascended heavy shoulders with Trailblazer's (+Toughness, +Condition Damage, +Expertise, and +Vitality) stats.""","«Рецепт создания вознесенных тяжёлых плеч со характеристиками Первопроходца (стойкость, урон от состояний, мастерство и живучесть)»."
"""A recipe to make ascended heavy shoulders with Valkyrie (+Power, +Ferocity, and +Vitality) stats.""","«Рецепт создания поднятых тяжёлых плеч со характеристиками Валькирии (сила, свирепость и живучесть)»."
"""A recipe to make ascended heavy shoulders with Vigilant (+Power, +Toughness, +Concentration, and +Expertise) stats.""","«Рецепт создания поднятых тяжёлых плеч с характеристиками бдительности (сила, выносливость, концентрация и мастерство»)."
"""A recipe to make ascended heavy shoulders with Viper's (+Condition Damage, +Power, +Expertise, and +Precision) stats.""","«Рецепт создания поднятых тяжёлых плеч с характеристиками Гадюки (урон от состояний, сила, мастерство и точность)»."
"""A recipe to make ascended heavy shoulders with Wanderer's (+Power, +Vitality, +Concentration, and +Toughness) stats.""","«Рецепт создания поднятых тяжёлых плеч с характеристиками Странника (сила, живучесть, концентрация и выносливость)»."
"""A recipe to make ascended light boots with Apothecary (+Healing Power, +Toughness, and +Condition Damage) stats.""","«Рецепт изготовления вознесенных лёгких ботинок со характеристиками аптекаря (исцеляющая сила, выносливость и урон от состояний)»."
"""A recipe to make ascended light boots with Assassin (+Precision, +Power, and +Ferocity) stats.""","«Рецепт изготовления вознесенных лёгких ботинок со характеристиками убийцы (точность, сила и свирепость)»."
"""A recipe to make ascended light boots with Berserker (+Power, +Ferocity, and +Precision) stats.""","«Рецепт изготовления вознесенных лёгких ботинок со характеристиками Берсерка (сила, свирепость и точность)»."
"""A recipe to make ascended light boots with Bringer's (+Expertise, +Vitality, and +Precision) stats.""","«Рецепт изготовления вознесенных лёгких ботинок со характеристиками Брингера (экспертиза, живучесть и точность)»."
"""A recipe to make ascended light boots with Carrion (+Condition Damage, +Power, and +Vitality) stats.""","«Рецепт изготовления вознесенных лёгких ботинок со характеристиками Падали (урон от состояний, сила и живучесть)»."
"""A recipe to make ascended light boots with Cavalier (+Toughness, +Power, and +Ferocity) stats.""","«Рецепт изготовления вознесенных лёгких сапог с кавалерийскими характеристиками (стойкость, сила и свирепость)»."
"""A recipe to make ascended light boots with Cleric (+Healing Power, +Power, and +Toughness) stats.""","«Рецепт изготовления вознесенных лёгких ботинок со характеристиками клирика (исцеляющая сила, сила и выносливость)»."
"""A recipe to make ascended light boots with Commander's (+Power, +Precision, +Toughness, and +Concentration) stats.""","«Рецепт изготовления вознесенных лёгких ботинок с характеристиками командира (сила, точность, выносливость и концентрация)»."
"""A recipe to make ascended light boots with Crusader (+Power, +Toughness, +Ferocity, and +Healing) stats.""","«Рецепт изготовления вознесенных лёгких ботинок со характеристиками крестоносца (сила, выносливость, свирепость и исцеление)»."
"""A recipe to make ascended light boots with Dire (+Condition Damage, +Vitality, and +Toughness) stats.""","«Рецепт изготовления вознесенных лёгких ботинок со характеристиками Dire (урон от состояний, живучесть и выносливость)»."
"""A recipe to make ascended light boots with Diviner's (+Power, +Concentration, +Ferocity, and +Precision) stats.""","«Рецепт изготовления вознесенных лёгких ботинок со характеристиками Прорицателя (сила, концентрация, свирепость и точность)»."
"""A recipe to make ascended light boots with Dragon's (+Power, +Ferocity, +Precision, and +Vitality) stats.""","«Рецепт изготовления вознесенных лёгких ботинок со характеристиками Дракона (сила, свирепость, точность и живучесть)»."
"""A recipe to make ascended light boots with Giver's (+Toughness, +Healing, and +Concentration) stats.""","«Рецепт изготовления вознесенных лёгких ботинок со характеристиками Дарителя (стойкость, исцеление и концентрация»)."
"""A recipe to make ascended light boots with Grieving (+Power, +Condition Damage, +Ferocity, and +Precision) stats.""","«Рецепт изготовления вознесенных лёгких ботинок со характеристиками скорби (сила, урон от состояний, свирепость и точность)»."
"""A recipe to make ascended light boots with Harrier's (+Power, +Healing, and +Concentration) stats.""","«Рецепт изготовления вознесенных лёгких ботинок со характеристиками Вестника (сила, исцеление и концентрация)»."
"""A recipe to make ascended light boots with Knight (+Toughness, +Power, and +Precision) stats.""","«Рецепт изготовления вознесенных лёгких ботинок со характеристиками рыцаря (стойкость, сила и точность)»."
"""A recipe to make ascended light boots with Magi (+Healing Power, +Precision, and +Vitality) stats.""","«Рецепт изготовления вознесенных лёгких сапог со характеристиками мага (исцеляющая сила, точность и живучесть)»."
"""A recipe to make ascended light boots with Marauder (+Power, +Precision, +Vitality, and +Ferocity) stats.""","«Рецепт изготовления вознесенных лёгких ботинок со характеристиками мародера (сила, точность, живучесть и свирепость)»."
"""A recipe to make ascended light boots with Marshal's (+Power, +Healing, +Condition Damage, and +Precision) stats.""","«Рецепт изготовления вознесенных лёгких ботинок со характеристиками Маршала (сила, исцеление, урон от состояний и точность)»."
"""A recipe to make ascended light boots with Minstrel's (+Toughness, +Healing, +Concentration, and +Vitality) stats.""","«Рецепт изготовления вознесенных лёгких ботинок со характеристиками Менестреля (стойкость, исцеление, концентрация и живучесть)»."
"""A recipe to make ascended light boots with Plaguedoctor's (+Condition Damage, +Vitality, +Concentration, and +Healing Power) stats.""","«Рецепт изготовления вознесенных лёгких ботинок со характеристиками Чумного доктора (урон от состояний, живучесть, концентрация и сила исцеления)»."
"""A recipe to make ascended light boots with Rabid (+Condition Damage, +Precision, and +Toughness) stats.""","«Рецепт изготовления вознесенных лёгких ботинок со характеристиками «Бешеный» (урон от состояния, точность и выносливость)»."
"""A recipe to make ascended light boots with Rampager (+Precision, +Condition Damage, and +Power) stats.""","«Рецепт изготовления вознесенных лёгких ботинок со характеристиками Буйвола (точность, урон от состояний и сила)»."
"""A recipe to make ascended light boots with Ritualist's (+Condition Damage, +Concentration, +Expertise, and +Vitality) stats.""","«Рецепт изготовления вознесенных лёгких ботинок со характеристиками Ритуалиста (урон от состояний, концентрация, мастерство и живучесть)»."
"""A recipe to make ascended light boots with Sentinel (+Vitality, +Power, and +Toughness) stats.""","«Рецепт изготовления вознесенных лёгких ботинок со характеристиками Стража (живучесть, сила и выносливость)»."
"""A recipe to make ascended light boots with Seraph (+Condition Damage, +Precision, +Concentration, and +Healing Power) stats.""","«Рецепт изготовления вознесенных лёгких ботинок со характеристиками Серафима (Урон от состояний, Точность, Концентрация и Сила исцеления)»."
"""A recipe to make ascended light boots with Settler (+Toughness, +Healing Power, and +Condition Damage) stats.""","«Рецепт изготовления вознесенных лёгких ботинок со характеристиками поселенца (стойкость, сила исцеления и урон от состояний)»."
"""A recipe to make ascended light boots with Shaman (+Vitality, +Condition Damage, and +Healing Power) stats.""","«Рецепт изготовления вознесенных лёгких ботинок со характеристиками Шамана (живучесть, урон от состояний и сила исцеления)»."
"""A recipe to make ascended light boots with Sinister (+Condition Damage, +Power, and +Precision) stats.""","«Рецепт изготовления вознесенных лёгких ботинок со зловещими характеристиками (урон от состояния, сила и точность)»."
"""A recipe to make ascended light boots with Soldier (+Power, +Vitality, and +Toughness) stats.""","«Рецепт изготовления вознесенных лёгких ботинок со характеристиками солдата (сила, живучесть и выносливость)»."
"""A recipe to make ascended light boots with Trailblazer's (+Toughness, +Condition Damage, +Expertise, and +Vitality) stats.""","«Рецепт изготовления вознесенных лёгких ботинок со характеристиками Первопроходца (стойкость, урон от состояний, мастерство и живучесть)»."
"""A recipe to make ascended light boots with Valkyrie (+Power, +Ferocity, and +Vitality) stats.""","«Рецепт изготовления вознесенных лёгких сапог со характеристиками Валькирии (сила, свирепость и живучесть)»."
"""A recipe to make ascended light boots with Vigilant (+Power, +Toughness, +Concentration, and +Expertise) stats.""","«Рецепт изготовления вознесенных лёгких ботинок со характеристиками бдительности (сила, выносливость, концентрация и мастерство»)."
"""A recipe to make ascended light boots with Viper's (+Condition Damage, +Power, +Expertise, and +Precision) stats.""","«Рецепт изготовления вознесенных лёгких ботинок со характеристиками Гадюки (урон от состояний, сила, мастерство и точность)»."
"""A recipe to make ascended light boots with Wanderer's (+Power, +Vitality, +Concentration, and +Toughness) stats.""","«Рецепт изготовления вознесенных лёгких ботинок со характеристиками Странника (сила, живучесть, концентрация и выносливость)»."
"""A recipe to make ascended light gloves with Apothecary (+Healing Power, +Toughness, and +Condition Damage) stats.""","«Рецепт изготовления вознесенных лёгких перчаток со характеристиками аптекаря (исцеляющая сила, выносливость и урон от состояний»)."
"""A recipe to make ascended light gloves with Assassin (+Precision, +Power, and +Ferocity) stats.""","«Рецепт изготовления вознесенных лёгких перчаток со характеристиками убийцы (точность, сила и свирепость)»."
"""A recipe to make ascended light gloves with Berserker (+Power, +Ferocity, and +Precision) stats.""","«Рецепт изготовления вознесенных лёгких перчаток со характеристиками Берсерка (сила, свирепость и точность)»."
"""A recipe to make ascended light gloves with Bringer's (+Expertise, +Vitality, and +Precision) stats.""","«Рецепт изготовления вознесенных лёгких перчаток со характеристиками Брингера (экспертиза, живучесть и точность)»."
"""A recipe to make ascended light gloves with Carrion (+Condition Damage, +Power, and +Vitality) stats.""","«Рецепт изготовления вознесенных лёгких перчаток со характеристиками Падали (урон от состояний, сила и живучесть)»."
"""A recipe to make ascended light gloves with Cavalier (+Toughness, +Power, and +Ferocity) stats.""","«Рецепт изготовления вознесенных лёгких перчаток со характеристиками Кавалера (Выносливость, Сила и Свирепость)»."
"""A recipe to make ascended light gloves with Cleric (+Healing Power, +Power, and +Toughness) stats.""","«Рецепт изготовления вознесенных лёгких перчаток со характеристиками клирика (исцеляющая сила, сила и выносливость)»."
"""A recipe to make ascended light gloves with Commander's (+Power, +Precision, +Toughness, and +Concentration) stats.""","«Рецепт изготовления вознесенных лёгких перчаток с характеристиками командира (сила, точность, выносливость и концентрация»)."
"""A recipe to make ascended light gloves with Crusader (+Power, +Toughness, +Ferocity, and +Healing) stats.""","«Рецепт изготовления вознесенных лёгких перчаток со характеристиками крестоносца (сила, выносливость, свирепость и исцеление)»."
"""A recipe to make ascended light gloves with Dire (+Condition Damage, +Vitality, and +Toughness) stats.""","«Рецепт изготовления вознесенных лёгких перчаток со характеристиками Dire (урон от состояний, живучесть и выносливость)»."
"""A recipe to make ascended light gloves with Diviner's (+Power, +Concentration, +Ferocity, and +Precision) stats.""","«Рецепт изготовления вознесенных лёгких перчаток со характеристиками Прорицателя (сила, концентрация, свирепость и точность)»."
"""A recipe to make ascended light gloves with Dragon's (+Power, +Ferocity, +Precision, and +Vitality) stats.""","«Рецепт изготовления вознесенных лёгких перчаток со характеристиками Дракона (сила, свирепость, точность и живучесть)»."
"""A recipe to make ascended light gloves with Giver's (+Toughness, +Healing, and +Concentration) stats.""","«Рецепт изготовления вознесенных лёгких перчаток со характеристиками Дарителя (Выносливость, Исцеление и Концентрация»)."
"""A recipe to make ascended light gloves with Grieving (+Power, +Condition Damage, +Ferocity, and +Precision) stats.""","«Рецепт изготовления вознесенных лёгких перчаток со характеристиками скорби (сила, урон от состояний, свирепость и точность)»."
"""A recipe to make ascended light gloves with Harrier's (+Power, +Healing, and +Concentration) stats.""","«Рецепт изготовления вознесенных лёгких перчаток со характеристиками Вестника (сила, исцеление и концентрация)»."
"""A recipe to make ascended light gloves with Knight (+Toughness, +Power, and +Precision) stats.""","«Рецепт изготовления вознесенных лёгких перчаток со характеристиками рыцаря (стойкость, сила и точность)»."
"""A recipe to make ascended light gloves with Magi (+Healing Power, +Precision, and +Vitality) stats.""","«Рецепт изготовления перчаток вознесенного света со характеристиками мага (исцеляющая сила, точность и живучесть)»."
"""A recipe to make ascended light gloves with Marauder (+Power, +Precision, +Vitality, and +Ferocity) stats.""","«Рецепт изготовления вознесенных лёгких перчаток со характеристиками мародера (сила, точность, живучесть и свирепость)»."
"""A recipe to make ascended light gloves with Marshal's (+Power, +Healing, +Condition Damage, and +Precision) stats.""","«Рецепт изготовления вознесенных лёгких перчаток со характеристиками Маршала (сила, исцеление, урон от состояний и точность)»."
"""A recipe to make ascended light gloves with Minstrel's (+Toughness, +Healing, +Concentration, and +Vitality) stats.""","«Рецепт изготовления вознесенных лёгких перчаток со характеристиками Менестреля (стойкость, исцеление, концентрация и живучесть)»."
"""A recipe to make ascended light gloves with Plaguedoctor's (+Condition Damage, +Vitality, +Concentration, and +Healing Power) stats.""","«Рецепт изготовления вознесенных лёгких перчаток со характеристиками Чумного доктора (урон от состояний, живучесть, концентрация и сила исцеления)»."
"""A recipe to make ascended light gloves with Rabid (+Condition Damage, +Precision, and +Toughness) stats.""","«Рецепт изготовления вознесенных лёгких перчаток со характеристиками бешенства (урон от состояний, точность и выносливость)»."
"""A recipe to make ascended light gloves with Rampager (+Precision, +Condition Damage, and +Power) stats.""","«Рецепт изготовления вознесенных лёгких перчаток со характеристиками Буйства (точность, урон от состояний и сила)»."
"""A recipe to make ascended light gloves with Ritualist's (+Condition Damage, +Concentration, +Expertise, and +Vitality) stats.""","«Рецепт изготовления вознесенных лёгких перчаток со характеристиками Ритуалиста (урон от состояний, концентрация, мастерство и живучесть)»."
"""A recipe to make ascended light gloves with Sentinel (+Vitality, +Power, and +Toughness) stats.""","«Рецепт изготовления вознесенных лёгких перчаток со характеристиками Стража (жизненная сила, сила и выносливость)»."
"""A recipe to make ascended light gloves with Seraph (+Condition Damage, +Precision, +Concentration, and +Healing Power) stats.""","«Рецепт изготовления вознесенных лёгких перчаток со характеристиками Серафима (Урон от состояний, Точность, Концентрация и Сила исцеления)»."
"""A recipe to make ascended light gloves with Settler (+Toughness, +Healing Power, and +Condition Damage) stats.""","«Рецепт изготовления вознесенных лёгких перчаток со характеристиками поселенца (стойкость, сила исцеления и урон от состояний)»."
"""A recipe to make ascended light gloves with Shaman (+Vitality, +Condition Damage, and +Healing Power) stats.""","«Рецепт изготовления вознесенных лёгких перчаток со характеристиками Шамана (жизненная сила, урон от состояний и сила исцеления)»."
"""A recipe to make ascended light gloves with Sinister (+Condition Damage, +Power, and +Precision) stats.""","«Рецепт изготовления вознесенных лёгких перчаток со характеристиками Зловещих (Урон от состояний, Сила и Точность)»."
"""A recipe to make ascended light gloves with Soldier (+Power, +Vitality, and +Toughness) stats.""","«Рецепт изготовления вознесенных лёгких перчаток со характеристиками солдата (сила, живучесть и выносливость)»."
"""A recipe to make ascended light gloves with Trailblazer's (+Toughness, +Condition Damage, +Expertise, and +Vitality) stats.""","«Рецепт изготовления вознесенных лёгких перчаток со характеристиками Первопроходца (стойкость, урон от состояний, мастерство и живучесть)»."
"""A recipe to make ascended light gloves with Valkyrie (+Power, +Ferocity, and +Vitality) stats.""","«Рецепт изготовления вознесенных лёгких перчаток со характеристиками Валькирии (сила, свирепость и живучесть)»."
"""A recipe to make ascended light gloves with Vigilant (+Power, +Toughness, +Concentration, and +Expertise) stats.""","«Рецепт изготовления вознесенных лёгких перчаток со характеристиками бдительности (сила, выносливость, концентрация и мастерство»)."
"""A recipe to make ascended light gloves with Viper's (+Condition Damage, +Power, +Expertise, and +Precision) stats.""","«Рецепт изготовления вознесенных лёгких перчаток со характеристиками Змеи (урон от состояний, сила, мастерство и точность)»."
"""A recipe to make ascended light gloves with Wanderer's (+Power, +Vitality, +Concentration, and +Toughness) stats.""","«Рецепт изготовления вознесенных лёгких перчаток со характеристиками Странника (сила, живучесть, концентрация и выносливость)»."
"""A recipe to make ascended light leggings with Apothecary (+Healing Power, +Toughness, and +Condition Damage) stats.""","«Рецепт изготовления вознесенных лёгких поножей со характеристиками аптекаря (исцеляющая сила, выносливость и урон от состояний)»."
"""A recipe to make ascended light leggings with Assassin (+Precision, +Power, and +Ferocity) stats.""","«Рецепт изготовления вознесенных лёгких поножей со характеристиками убийцы (точность, сила и свирепость)»."
"""A recipe to make ascended light leggings with Berserker (+Power, +Ferocity, and +Precision) stats.""","«Рецепт изготовления вознесенных лёгких поножей со характеристиками Берсерка (сила, свирепость и точность)»."
"""A recipe to make ascended light leggings with Bringer's (+Expertise, +Vitality, and +Precision) stats.""","«Рецепт изготовления вознесенных лёгких поножей со характеристиками Брингера (экспертиза, живучесть и точность)»."
"""A recipe to make ascended light leggings with Carrion (+Condition Damage, +Power, and +Vitality) stats.""","«Рецепт изготовления вознесенных лёгких поножей со характеристиками Падали (урон от состояний, сила и живучесть)»."
"""A recipe to make ascended light leggings with Cavalier (+Toughness, +Power, and +Ferocity) stats.""","«Рецепт изготовления вознесенных лёгких поножей с кавалерийскими характеристиками (стойкость, сила и свирепость)»."
"""A recipe to make ascended light leggings with Cleric (+Healing Power, +Power, and +Toughness) stats.""","«Рецепт изготовления вознесенных лёгких поножей со характеристиками клирика (исцеляющая сила, сила и выносливость)»."
"""A recipe to make ascended light leggings with Commander's (+Power, +Precision, +Toughness, and +Concentration) stats.""","«Рецепт изготовления вознесенных лёгких поножей с характеристиками командира (сила, точность, выносливость и концентрация)»."
"""A recipe to make ascended light leggings with Crusader (+Power, +Toughness, +Ferocity, and +Healing) stats.""","«Рецепт изготовления вознесенных лёгких поножей со характеристиками крестоносца (сила, выносливость, свирепость и исцеление)»."
"""A recipe to make ascended light leggings with Dire (+Condition Damage, +Vitality, and +Toughness) stats.""","«Рецепт изготовления вознесенных лёгких поножей со характеристиками Dire (урон от состояний, живучесть и выносливость)»."
"""A recipe to make ascended light leggings with Diviner's (+Power, +Concentration, +Ferocity, and +Precision) stats.""","«Рецепт изготовления вознесенных лёгких поножей со характеристиками Прорицателя (сила, концентрация, свирепость и точность)»."
"""A recipe to make ascended light leggings with Dragon's (+Power, +Ferocity, +Precision, and +Vitality) stats.""","«Рецепт изготовления вознесенных лёгких поножей со характеристиками Дракона (сила, свирепость, точность и живучесть)»."
"""A recipe to make ascended light leggings with Giver's (+Toughness, +Healing, and +Concentration) stats.""","«Рецепт изготовления вознесенных лёгких поножей со характеристиками Дарителя (стойкость, исцеление и концентрация»)."
"""A recipe to make ascended light leggings with Grieving (+Power, +Condition Damage, +Ferocity, and +Precision) stats.""","«Рецепт изготовления вознесенных лёгких поножей со характеристиками скорби (сила, урон от состояний, свирепость и точность)»."
"""A recipe to make ascended light leggings with Harrier's (+Power, +Healing, and +Concentration) stats.""","«Рецепт изготовления вознесенных лёгких поножей со характеристиками Вестника (сила, исцеление и концентрация)»."
"""A recipe to make ascended light leggings with Knight (+Toughness, +Power, and +Precision) stats.""","«Рецепт изготовления вознесенных лёгких поножей со характеристиками рыцаря (стойкость, сила и точность)»."
"""A recipe to make ascended light leggings with Magi (+Healing Power, +Precision, and +Vitality) stats.""","«Рецепт изготовления поножей вознесенного света со характеристиками мага (исцеляющая сила, точность и живучесть)»."
"""A recipe to make ascended light leggings with Marauder (+Power, +Precision, +Vitality, and +Ferocity) stats.""","«Рецепт изготовления вознесенных лёгких поножей со характеристиками мародера (сила, точность, живучесть и свирепость)»."
"""A recipe to make ascended light leggings with Marshal's (+Power, +Healing, +Condition Damage, and +Precision) stats.""","«Рецепт изготовления вознесенных лёгких поножей со характеристиками Маршала (сила, исцеление, урон от состояний и точность)»."
"""A recipe to make ascended light leggings with Minstrel's (+Toughness, +Healing, +Concentration, and +Vitality) stats.""","«Рецепт изготовления вознесенных лёгких поножей со характеристиками Менестреля (стойкость, исцеление, концентрация и живучесть)»."
"""A recipe to make ascended light leggings with Plaguedoctor's (+Condition Damage, +Vitality, +Concentration, and +Healing Power) stats.""","«Рецепт изготовления вознесенных лёгких поножей со характеристиками Чумного доктора (урон от состояний, живучесть, концентрация и сила исцеления)»."
"""A recipe to make ascended light leggings with Rabid (+Condition Damage, +Precision, and +Toughness) stats.""","«Рецепт изготовления вознесенных лёгких поножей со характеристиками Бешеных (Урон от состояний, Точность и Стойкость)»."
"""A recipe to make ascended light leggings with Rampager (+Precision, +Condition Damage, and +Power) stats.""","«Рецепт изготовления вознесенных лёгких поножей со характеристиками Буйства (точность, урон от состояний и сила)»."
"""A recipe to make ascended light leggings with Ritualist's (+Condition Damage, +Concentration, +Expertise, and +Vitality) stats.""","«Рецепт изготовления вознесенных лёгких поножей со характеристиками Ритуалиста (урон от состояний, концентрация, мастерство и живучесть)»."
"""A recipe to make ascended light leggings with Sentinel (+Vitality, +Power, and +Toughness) stats.""","«Рецепт изготовления вознесенных лёгких поножей со характеристиками Стража (жизненная сила, сила и выносливость)»."
"""A recipe to make ascended light leggings with Seraph (+Condition Damage, +Precision, +Concentration, and +Healing Power) stats.""","«Рецепт изготовления вознесенных лёгких поножей со характеристиками Серафима (урон от состояний, точность, концентрация и сила исцеления)»."
"""A recipe to make ascended light leggings with Settler (+Toughness, +Healing Power, and +Condition Damage) stats.""","«Рецепт изготовления вознесенных лёгких поножей со характеристиками поселенца (стойкость, сила исцеления и урон от состояний)»."
"""A recipe to make ascended light leggings with Shaman (+Vitality, +Condition Damage, and +Healing Power) stats.""","«Рецепт изготовления вознесенных лёгких поножей со характеристиками Шамана (живучесть, урон от состояний и сила исцеления)»."
"""A recipe to make ascended light leggings with Sinister (+Condition Damage, +Power, and +Precision) stats.""","«Рецепт изготовления вознесенных лёгких поножей со зловещими характеристиками (урон от состояний, сила и точность)»."
"""A recipe to make ascended light leggings with Soldier (+Power, +Vitality, and +Toughness) stats.""","«Рецепт изготовления вознесенных лёгких поножей со характеристиками солдата (сила, живучесть и выносливость)»."
"""A recipe to make ascended light leggings with Trailblazer's (+Toughness, +Condition Damage, +Expertise, and +Vitality) stats.""","«Рецепт изготовления вознесенных лёгких поножей со характеристиками Первопроходца (стойкость, урон от состояний, мастерство и живучесть)»."
"""A recipe to make ascended light leggings with Valkyrie (+Power, +Ferocity, and +Vitality) stats.""","«Рецепт изготовления вознесенных лёгких поножей со характеристиками Валькирии (сила, свирепость и живучесть)»."
"""A recipe to make ascended light leggings with Vigilant (+Power, +Toughness, +Concentration, and +Expertise) stats.""","«Рецепт изготовления вознесенных лёгких поножей со характеристиками Бдительности (Мощь, Выносливость, Концентрация и Мастерство»)."
"""A recipe to make ascended light leggings with Viper's (+Condition Damage, +Power, +Expertise, and +Precision) stats.""","«Рецепт изготовления вознесенных лёгких поножей со характеристиками Гадюки (урон от состояний, сила, мастерство и точность)»."
"""A recipe to make ascended light leggings with Wanderer's (+Power, +Vitality, +Concentration, and +Toughness) stats.""","«Рецепт изготовления вознесенных лёгких поножей со характеристиками Странника (сила, живучесть, концентрация и выносливость)»."
"""A recipe to make ascended light leggings with Zealot's (+Power, +Precision, +Healing) stats.""","«Рецепт изготовления вознесенных лёгких поножей со характеристиками Зелота (сила, точность, исцеление)»."
"""A recipe to make ascended light shoulders with Apothecary (+Healing Power, +Toughness, and +Condition Damage) stats.""","«Рецепт создания вознесенных лёгких плеч со статами аптекаря (исцеляющая сила, выносливость и урон от состояний»)."
"""A recipe to make ascended light shoulders with Assassin (+Precision, +Power, and +Ferocity) stats.""","«Рецепт создания вознесенных лёгких плеч со характеристиками убийцы (точность, сила и свирепость)»."
"""A recipe to make ascended light shoulders with Berserker (+Power, +Ferocity, and +Precision) stats.""","«Рецепт создания вознесенных лёгких плеч со характеристиками Берсерка (сила, свирепость и точность)»."
"""A recipe to make ascended light shoulders with Bringer's (+Expertise, +Vitality, and +Precision) stats.""","«Рецепт создания вознесенных лёгких плеч с характеристиками Брингера (экспертиза, живучесть и точность)»."
"""A recipe to make ascended light shoulders with Carrion (+Condition Damage, +Power, and +Vitality) stats.""","«Рецепт создания вознесенных лёгких плеч со характеристиками Падали (урон от состояний, сила и живучесть)»."
"""A recipe to make ascended light shoulders with Cavalier (+Toughness, +Power, and +Ferocity) stats.""","«Рецепт создания вознесенных лёгких плеч с характеристиками Кавалера (стойкость, сила и свирепость)»."
"""A recipe to make ascended light shoulders with Cleric (+Healing Power, +Power, and +Toughness) stats.""","«Рецепт создания вознесенных лёгких плеч со характеристиками клирика (исцеляющая сила, сила и выносливость)»."
"""A recipe to make ascended light shoulders with Commander's (+Power, +Precision, +Toughness, and +Concentration) stats.""","«Рецепт создания вознесенных лёгких плеч с характеристиками командира (сила, точность, выносливость и концентрация)»."
"""A recipe to make ascended light shoulders with Crusader (+Power, +Toughness, +Ferocity, and +Healing) stats.""","«Рецепт создания вознесенных лёгких плеч со характеристиками крестоносца (сила, выносливость, свирепость и исцеление)»."
"""A recipe to make ascended light shoulders with Dire (+Condition Damage, +Vitality, and +Toughness) stats.""","«Рецепт создания вознесенных лёгких плеч с характеристиками Dire (урон от состояний, живучесть и выносливость)»."
"""A recipe to make ascended light shoulders with Diviner's (+Power, +Concentration, +Ferocity, and +Precision) stats.""","«Рецепт создания вознесенных лёгких плеч с характеристиками Прорицателя (сила, концентрация, свирепость и точность)»."
"""A recipe to make ascended light shoulders with Dragon's (+Power, +Ferocity, +Precision, and +Vitality) stats.""","«Рецепт создания вознесенных лёгких плеч с характеристиками Дракона (сила, свирепость, точность и живучесть)»."
"""A recipe to make ascended light shoulders with Giver's (+Toughness, +Healing, and +Concentration) stats.""","«Рецепт создания вознесенных лёгких плеч с характеристиками Дарителя (стойкость, исцеление и концентрация)»."
"""A recipe to make ascended light shoulders with Grieving (+Power, +Condition Damage, +Ferocity, and +Precision) stats.""","«Рецепт создания вознесенных лёгких плеч со характеристиками скорби (сила, урон от состояний, свирепость и точность)»."
"""A recipe to make ascended light shoulders with Harrier's (+Power, +Healing, and +Concentration) stats.""","«Рецепт создания вознесенных лёгких плеч с характеристиками Вестника (сила, исцеление и концентрация)»."
"""A recipe to make ascended light shoulders with Knight (+Toughness, +Power, and +Precision) stats.""","«Рецепт создания вознесенных лёгких плеч с характеристиками рыцаря (стойкость, сила и точность)»."
"""A recipe to make ascended light shoulders with Magi (+Healing Power, +Precision, and +Vitality) stats.""","«Рецепт создания вознесенных лёгких плеч со характеристиками мага (исцеляющая сила, точность и живучесть)»."
"""A recipe to make ascended light shoulders with Marauder (+Power, +Precision, +Vitality, and +Ferocity) stats.""","«Рецепт создания вознесенных лёгких плеч со характеристиками мародера (сила, точность, живучесть и свирепость)»."
"""A recipe to make ascended light shoulders with Marshal's (+Power, +Healing, +Condition Damage, and +Precision) stats.""","«Рецепт создания вознесенных лёгких плеч с характеристиками Маршала (сила, лечение, урон от состояний и точность)»."
"""A recipe to make ascended light shoulders with Minstrel's (+Toughness, +Healing, +Concentration, and +Vitality) stats.""","«Рецепт создания вознесенных лёгких плеч с характеристиками Менестреля (стойкость, исцеление, концентрация и живучесть)»."
"""A recipe to make ascended light shoulders with Nomad's (+Toughness, +Healing, and +Vitality) stats.""","«Рецепт создания вознесенных лёгких плеч с характеристиками Кочевника (стойкость, исцеление и живучесть)»."
"""A recipe to make ascended light shoulders with Plaguedoctor's (+Condition Damage, +Vitality, +Concentration, and +Healing Power) stats.""","«Рецепт создания вознесенных лёгких плеч со характеристиками Чумного доктора (урон от состояний, живучесть, концентрация и сила исцеления)»."
"""A recipe to make ascended light shoulders with Rabid (+Condition Damage, +Precision, and +Toughness) stats.""","«Рецепт создания вознесенных лёгких плеч с характеристиками Бешеного (Урон от состояний, Точность и Выносливость)»."
"""A recipe to make ascended light shoulders with Rampager (+Precision, +Condition Damage, and +Power) stats.""","«Рецепт создания вознесенных лёгких плеч со характеристиками Буйвола (точность, урон от состояний и сила)»."
"""A recipe to make ascended light shoulders with Ritualist's (+Condition Damage, +Concentration, +Expertise, and +Vitality) stats.""","«Рецепт создания вознесенных лёгких плеч со характеристиками Ритуалиста (урон от состояний, концентрация, мастерство и живучесть)»."
"""A recipe to make ascended light shoulders with Sentinel (+Vitality, +Power, and +Toughness) stats.""","«Рецепт создания вознесенных лёгких плеч со характеристиками Стража (жизненная сила, сила и выносливость)»."
"""A recipe to make ascended light shoulders with Seraph (+Condition Damage, +Precision, +Concentration, and +Healing Power) stats.""","«Рецепт создания вознесенных лёгких плеч со характеристиками Серафима (Урон от состояний, Точность, Концентрация и Сила исцеления)»."
"""A recipe to make ascended light shoulders with Settler (+Toughness, +Healing Power, and +Condition Damage) stats.""","«Рецепт создания вознесенных лёгких плеч со характеристиками поселенца (стойкость, сила исцеления и урон от состояний)»."
"""A recipe to make ascended light shoulders with Shaman (+Vitality, +Condition Damage, and +Healing Power) stats.""","«Рецепт создания вознесенных лёгких плеч со характеристиками Шамана (живучесть, урон от состояний и сила исцеления)»."
"""A recipe to make ascended light shoulders with Sinister (+Condition Damage, +Power, and +Precision) stats.""","«Рецепт создания вознесенных лёгких плеч со зловещими характеристиками (урон от состояний, сила и точность)»."
"""A recipe to make ascended light shoulders with Soldier (+Power, +Vitality, and +Toughness) stats.""","«Рецепт создания вознесенных лёгких плеч со характеристиками солдата (сила, живучесть и выносливость)»."
"""A recipe to make ascended light shoulders with Trailblazer's (+Toughness, +Condition Damage, +Expertise, and +Vitality) stats.""","«Рецепт создания вознесенных лёгких плеч с характеристиками Первопроходца (стойкость, урон от состояний, мастерство и живучесть)»."
"""A recipe to make ascended light shoulders with Valkyrie (+Power, +Ferocity, and +Vitality) stats.""","«Рецепт создания вознесенных лёгких плеч со характеристиками Валькирии (сила, свирепость и живучесть)»."
"""A recipe to make ascended light shoulders with Vigilant (+Power, +Toughness, +Concentration, and +Expertise) stats.""","«Рецепт создания вознесенных лёгких плеч с характеристиками бдительности (сила, выносливость, концентрация и мастерство»)."
"""A recipe to make ascended light shoulders with Viper's (+Condition Damage, +Power, +Expertise, and +Precision) stats.""","«Рецепт создания вознесенных лёгких плеч со характеристиками Гадюки (урон от состояний, сила, мастерство и точность)»."
"""A recipe to make ascended light shoulders with Wanderer's (+Power, +Vitality, +Concentration, and +Toughness) stats.""","«Рецепт создания вознесенных лёгких плеч со характеристиками Странника (сила, живучесть, концентрация и выносливость)»."
"""A recipe to make ascended light shoulders with Zealot's (+Power, +Precision, +Healing) stats.""","«Рецепт создания вознесенных лёгких плеч с характеристиками Зелота (сила, точность, исцеление)»."
"""A recipe to make ascended medium boots with Apothecary (+Healing Power, +Toughness, and +Condition Damage) stats.""","«Рецепт изготовления вознесенных средних ботинок со характеристиками аптекаря (исцеляющая сила, выносливость и урон от состояний»)."
"""A recipe to make ascended medium boots with Assassin (+Precision, +Power, and +Ferocity) stats.""","«Рецепт изготовления вознесенных средних ботинок со характеристиками убийцы (точность, сила и свирепость)»."
"""A recipe to make ascended medium boots with Berserker (+Power, +Ferocity, and +Precision) stats.""","«Рецепт изготовления вознесенных средних ботинок со характеристиками Берсерка (сила, свирепость и точность)»."
"""A recipe to make ascended medium boots with Bringer's (+Expertise, +Vitality, and +Precision) stats.""","«Рецепт изготовления вознесенных средних ботинок со характеристиками Брингера (экспертиза, живучесть и точность)»."
"""A recipe to make ascended medium boots with Carrion (+Condition Damage, +Power, and +Vitality) stats.""","«Рецепт изготовления вознесенных средних ботинок со характеристиками Падали (урон от состояний, сила и живучесть)»."
"""A recipe to make ascended medium boots with Cavalier (+Toughness, +Power, and +Ferocity) stats.""","«Рецепт изготовления вознесенных средних ботинок со характеристиками кавалера (стойкость, сила и свирепость)»."
"""A recipe to make ascended medium boots with Cleric (+Healing Power, +Power, and +Toughness) stats.""","«Рецепт изготовления вознесенных средних ботинок со характеристиками клирика (исцеляющая сила, сила и выносливость)»."
"""A recipe to make ascended medium boots with Commander's (+Power, +Precision, +Toughness, and +Concentration) stats.""","«Рецепт изготовления вознесенных средних ботинок с характеристиками командира (сила, точность, выносливость и концентрация)»."
"""A recipe to make ascended medium boots with Crusader (+Power, +Toughness, +Ferocity, and +Healing) stats.""","«Рецепт изготовления вознесенных средних ботинок со характеристиками крестоносца (сила, выносливость, свирепость и исцеление)»."
"""A recipe to make ascended medium boots with Dire (+Condition Damage, +Vitality, and +Toughness) stats.""","«Рецепт изготовления вознесенных средних ботинок со характеристиками Dire (урон от состояний, живучесть и выносливость)»."
"""A recipe to make ascended medium boots with Diviner's (+Power, +Concentration, +Ferocity, and +Precision) stats.""","«Рецепт изготовления вознесенных средних ботинок со характеристиками Прорицателя (сила, концентрация, свирепость и точность)»."
"""A recipe to make ascended medium boots with Dragon's (+Power, +Ferocity, +Precision, and +Vitality) stats.""","«Рецепт изготовления вознесенных средних ботинок со характеристиками Дракона (сила, свирепость, точность и живучесть)»."
"""A recipe to make ascended medium boots with Giver's (+Toughness, +Healing, and +Concentration) stats.""","«Рецепт изготовления вознесенных средних ботинок со характеристиками Дарителя (стойкость, исцеление и концентрация»)."
"""A recipe to make ascended medium boots with Grieving (+Power, +Condition Damage, +Ferocity, and +Precision) stats.""","«Рецепт изготовления вознесенных средних ботинок со характеристиками скорби (сила, урон от состояний, свирепость и точность)»."
"""A recipe to make ascended medium boots with Harrier's (+Power, +Healing, and +Concentration) stats.""","«Рецепт изготовления вознесенных средних ботинок со характеристиками Вестника (сила, исцеление и концентрация)»."
"""A recipe to make ascended medium boots with Knight (+Toughness, +Power, and +Precision) stats.""","«Рецепт изготовления вознесенных средних ботинок со характеристиками рыцаря (стойкость, сила и точность)»."
"""A recipe to make ascended medium boots with Magi (+Healing Power, +Precision, and +Vitality) stats.""","«Рецепт изготовления вознесенных средних ботинок со характеристиками мага (исцеляющая сила, точность и живучесть)»."
"""A recipe to make ascended medium boots with Marauder (+Power, +Precision, +Vitality, and +Ferocity) stats.""","«Рецепт изготовления вознесенных средних ботинок со характеристиками мародера (сила, точность, живучесть и свирепость)»."
"""A recipe to make ascended medium boots with Marshal's (+Power, +Healing, +Condition Damage, and +Precision) stats.""","«Рецепт изготовления вознесенных средних ботинок со характеристиками Маршала (сила, исцеление, урон от состояний и точность)»."
"""A recipe to make ascended medium boots with Minstrel's (+Toughness, +Healing, +Concentration, and +Vitality) stats.""","«Рецепт изготовления вознесенных средних ботинок со характеристиками Менестреля (стойкость, исцеление, концентрация и живучесть)»."
"""A recipe to make ascended medium boots with Plaguedoctor's (+Condition Damage, +Vitality, +Concentration, and +Healing Power) stats.""","«Рецепт изготовления вознесенных средних ботинок со характеристиками Чумного доктора (урон от состояний, живучесть, концентрация и сила исцеления)»."
"""A recipe to make ascended medium boots with Rabid (+Condition Damage, +Precision, and +Toughness) stats.""","«Рецепт изготовления вознесенных средних ботинок со характеристиками «Бешеный» (урон от состояния, точность и выносливость)»."
"""A recipe to make ascended medium boots with Rampager (+Precision, +Condition Damage, and +Power) stats.""","«Рецепт изготовления вознесенных средних ботинок со характеристиками Буйства (точность, урон от состояний и сила)»."
"""A recipe to make ascended medium boots with Ritualist's (+Condition Damage, +Concentration, +Expertise, and +Vitality) stats.""","«Рецепт изготовления вознесенных средних ботинок со характеристиками Ритуалиста (урон от состояний, концентрация, мастерство и живучесть)»."
"""A recipe to make ascended medium boots with Sentinel (+Vitality, +Power, and +Toughness) stats.""","«Рецепт изготовления вознесенных средних ботинок со характеристиками Стража (живучесть, сила и выносливость)»."
"""A recipe to make ascended medium boots with Seraph (+Condition Damage, +Precision, +Concentration, and +Healing Power) stats.""","«Рецепт изготовления вознесенных средних ботинок со характеристиками Серафима (Урон от состояний, Точность, Концентрация и Сила исцеления)»."
"""A recipe to make ascended medium boots with Settler (+Toughness, +Healing Power, and +Condition Damage) stats.""","«Рецепт изготовления вознесенных средних ботинок со характеристиками поселенца (стойкость, сила исцеления и урон от состояний)»."
"""A recipe to make ascended medium boots with Shaman (+Vitality, +Condition Damage, and +Healing Power) stats.""","«Рецепт изготовления вознесенных средних ботинок со характеристиками Шамана (живучесть, урон от состояний и сила исцеления)»."
"""A recipe to make ascended medium boots with Sinister (+Condition Damage, +Power, and +Precision) stats.""","«Рецепт изготовления вознесенных средних ботинок со зловещими характеристиками (урон от состояния, сила и точность)»."
"""A recipe to make ascended medium boots with Soldier (+Power, +Vitality, and +Toughness) stats.""","«Рецепт изготовления вознесенных средних ботинок со характеристиками солдата (сила, живучесть и выносливость)»."
"""A recipe to make ascended medium boots with Trailblazer's (+Toughness, +Condition Damage, +Expertise, and +Vitality) stats.""","«Рецепт изготовления вознесенных средних ботинок со характеристиками Первопроходца (стойкость, урон от состояний, мастерство и живучесть)»."
"""A recipe to make ascended medium boots with Valkyrie (+Power, +Ferocity, and +Vitality) stats.""","«Рецепт изготовления вознесенных средних ботинок со характеристиками Валькирии (сила, свирепость и живучесть)»."
"""A recipe to make ascended medium boots with Viper's (+Condition Damage, +Power, +Expertise, and +Precision) stats.""","«Рецепт изготовления вознесенных средних ботинок со характеристиками Змеи (урон от состояний, сила, мастерство и точность)»."
"""A recipe to make ascended medium boots with Wanderer's (+Power, +Vitality, +Concentration, and +Toughness) stats.""","«Рецепт изготовления вознесенных средних ботинок со характеристиками Странника (сила, живучесть, концентрация и выносливость)»."
"""A recipe to make ascended medium gloves with Apothecary (+Healing Power, +Toughness, and +Condition Damage) stats.""","«Рецепт изготовления вознесенных средних перчаток со характеристиками аптекаря (исцеляющая сила, выносливость и урон от состояний)»."
"""A recipe to make ascended medium gloves with Assassin (+Precision, +Power, and +Ferocity) stats.""","«Рецепт изготовления вознесенных средних перчаток со характеристиками убийцы (точность, сила и свирепость)»."
"""A recipe to make ascended medium gloves with Berserker (+Power, +Ferocity, and +Precision) stats.""","«Рецепт изготовления вознесенных средних перчаток со характеристиками Берсерка (сила, свирепость и точность)»."
"""A recipe to make ascended medium gloves with Bringer's (+Expertise, +Vitality, and +Precision) stats.""","«Рецепт изготовления вознесенных средних перчаток со характеристиками Брингера (экспертиза, живучесть и точность)»."
"""A recipe to make ascended medium gloves with Carrion (+Condition Damage, +Power, and +Vitality) stats.""","«Рецепт изготовления вознесенных средних перчаток со характеристиками Падали (урон от состояний, сила и живучесть)»."
"""A recipe to make ascended medium gloves with Cavalier (+Toughness, +Power, and +Ferocity) stats.""","«Рецепт изготовления вознесенных средних перчаток с кавалерийскими характеристиками (стойкость, сила и свирепость)»."
"""A recipe to make ascended medium gloves with Cleric (+Healing Power, +Power, and +Toughness) stats.""","«Рецепт изготовления вознесенных средних перчаток со характеристиками клирика (исцеляющая сила, сила и выносливость)»."
"""A recipe to make ascended medium gloves with Commander's (+Power, +Precision, +Toughness, and +Concentration) stats.""","«Рецепт изготовления вознесенных средних перчаток с характеристиками командира (сила, точность, выносливость и концентрация»)."
"""A recipe to make ascended medium gloves with Crusader (+Power, +Toughness, +Ferocity, and +Healing) stats.""","«Рецепт изготовления вознесенных средних перчаток со характеристиками крестоносца (сила, выносливость, свирепость и исцеление)»."
"""A recipe to make ascended medium gloves with Dire (+Condition Damage, +Vitality, and +Toughness) stats.""","«Рецепт изготовления вознесенных средних перчаток со характеристиками Dire (урон от состояний, живучесть и выносливость)»."
"""A recipe to make ascended medium gloves with Diviner's (+Power, +Concentration, +Ferocity, and +Precision) stats.""","«Рецепт изготовления вознесенных средних перчаток со характеристиками Прорицателя (сила, концентрация, свирепость и точность)»."
"""A recipe to make ascended medium gloves with Dragon's (+Power, +Ferocity, +Precision, and +Vitality) stats.""","«Рецепт изготовления вознесенных средних перчаток со характеристиками Дракона (сила, свирепость, точность и живучесть)»."
"""A recipe to make ascended medium gloves with Giver's (+Toughness, +Healing, and +Concentration) stats.""","«Рецепт изготовления вознесенных средних перчаток со характеристиками Дарителя (стойкость, исцеление и концентрация)»."
"""A recipe to make ascended medium gloves with Grieving (+Power, +Condition Damage, +Ferocity, and +Precision) stats.""","«Рецепт изготовления вознесенных средних перчаток со характеристиками скорби (сила, урон от состояний, свирепость и точность)»."
"""A recipe to make ascended medium gloves with Harrier's (+Power, +Healing, and +Concentration) stats.""","«Рецепт изготовления вознесенных средних перчаток со характеристиками Вестника (сила, исцеление и концентрация)»."
"""A recipe to make ascended medium gloves with Knight (+Toughness, +Power, and +Precision) stats.""","«Рецепт изготовления вознесенных средних перчаток со характеристиками рыцаря (стойкость, сила и точность)»."
"""A recipe to make ascended medium gloves with Magi (+Healing Power, +Precision, and +Vitality) stats.""","«Рецепт изготовления вознесенных средних перчаток со характеристиками мага (исцеляющая сила, точность и живучесть)»."
"""A recipe to make ascended medium gloves with Marauder (+Power, +Precision, +Vitality, and +Ferocity) stats.""","«Рецепт изготовления вознесенных средних перчаток со характеристиками мародера (сила, точность, живучесть и свирепость)»."
"""A recipe to make ascended medium gloves with Marshal's (+Power, +Healing, +Condition Damage, and +Precision) stats.""","«Рецепт изготовления вознесенных средних перчаток со характеристиками Маршала (сила, исцеление, урон от состояний и точность)»."
"""A recipe to make ascended medium gloves with Minstrel's (+Toughness, +Healing, +Concentration, and +Vitality) stats.""","«Рецепт изготовления вознесенных средних перчаток со характеристиками Менестреля (стойкость, исцеление, концентрация и живучесть)»."
"""A recipe to make ascended medium gloves with Plaguedoctor's (+Condition Damage, +Vitality, +Concentration, and +Healing Power) stats.""","«Рецепт изготовления вознесенных средних перчаток со характеристиками Чумного доктора (урон от состояний, живучесть, концентрация и сила исцеления)»."
"""A recipe to make ascended medium gloves with Rabid (+Condition Damage, +Precision, and +Toughness) stats.""","«Рецепт изготовления вознесенных средних перчаток со характеристиками бешенства (урон от состояния, точность и выносливость)»."
"""A recipe to make ascended medium gloves with Rampager (+Precision, +Condition Damage, and +Power) stats.""","«Рецепт изготовления вознесенных средних перчаток со характеристиками Буйства (точность, урон от состояний и сила)»."
"""A recipe to make ascended medium gloves with Ritualist's (+Condition Damage, +Concentration, +Expertise, and +Vitality) stats.""","«Рецепт изготовления вознесенных средних перчаток со характеристиками Ритуалиста (урон от состояний, концентрация, мастерство и живучесть)»."
"""A recipe to make ascended medium gloves with Sentinel (+Vitality, +Power, and +Toughness) stats.""","«Рецепт изготовления вознесенных средних перчаток со характеристиками Стража (жизненная сила, сила и выносливость)»."
"""A recipe to make ascended medium gloves with Seraph (+Condition Damage, +Precision, +Concentration, and +Healing Power) stats.""","«Рецепт изготовления вознесенных средних перчаток со характеристиками Серафима (урон от состояний, точность, концентрация и сила исцеления)»."
"""A recipe to make ascended medium gloves with Settler (+Toughness, +Healing Power, and +Condition Damage) stats.""","«Рецепт изготовления вознесенных средних перчаток со характеристиками поселенца (стойкость, сила исцеления и урон от состояний)»."
"""A recipe to make ascended medium gloves with Shaman (+Vitality, +Condition Damage, and +Healing Power) stats.""","«Рецепт изготовления вознесенных средних перчаток со характеристиками Шамана (живучесть, урон от состояний и сила исцеления)»."
"""A recipe to make ascended medium gloves with Sinister (+Condition Damage, +Power, and +Precision) stats.""","«Рецепт изготовления вознесенных средних перчаток со зловещими характеристиками (урон от состояния, сила и точность)»."
"""A recipe to make ascended medium gloves with Soldier (+Power, +Vitality, and +Toughness) stats.""","«Рецепт изготовления вознесенных средних перчаток со характеристиками солдата (сила, живучесть и выносливость)»."
"""A recipe to make ascended medium gloves with Trailblazer's (+Toughness, +Condition Damage, +Expertise, and +Vitality) stats.""","«Рецепт изготовления вознесенных средних перчаток со характеристиками Первопроходца (стойкость, урон от состояний, мастерство и живучесть)»."
"""A recipe to make ascended medium gloves with Valkyrie (+Power, +Ferocity, and +Vitality) stats.""","«Рецепт изготовления вознесенных средних перчаток со характеристиками Валькирии (сила, свирепость и живучесть)»."
"""A recipe to make ascended medium gloves with Vigilant (+Power, +Toughness, +Concentration, and +Expertise) stats.""","«Рецепт изготовления вознесенных средних перчаток со характеристиками бдительности (сила, выносливость, концентрация и мастерство»)."
"""A recipe to make ascended medium gloves with Viper's (+Condition Damage, +Power, +Expertise, and +Precision) stats.""","«Рецепт изготовления вознесенных средних перчаток со характеристиками Змеи (урон от состояний, сила, мастерство и точность)»."
"""A recipe to make ascended medium gloves with Wanderer's (+Power, +Vitality, +Concentration, and +Toughness) stats.""","«Рецепт изготовления вознесенных средних перчаток со характеристиками Странника (сила, живучесть, концентрация и выносливость)»."
"""A recipe to make ascended medium leggings with Apothecary (+Healing Power, +Toughness, and +Condition Damage) stats.""","«Рецепт изготовления вознесенных средних поножей со характеристиками аптекаря (исцеляющая сила, выносливость и урон от состояний»)."
"""A recipe to make ascended medium leggings with Assassin (+Precision, +Power, and +Ferocity) stats.""","«Рецепт изготовления вознесенных средних поножей со характеристиками убийцы (точность, сила и свирепость)»."
"""A recipe to make ascended medium leggings with Berserker (+Power, +Ferocity, and +Precision) stats.""","«Рецепт изготовления вознесенных средних поножей со характеристиками Берсерка (сила, свирепость и точность)»."
"""A recipe to make ascended medium leggings with Bringer's (+Expertise, +Vitality, and +Precision) stats.""","«Рецепт изготовления вознесенных средних леггинсов со характеристиками Брингера (экспертиза, живучесть и точность)»."
"""A recipe to make ascended medium leggings with Carrion (+Condition Damage, +Power, and +Vitality) stats.""","«Рецепт изготовления вознесенных средних поножей со характеристиками Падали (урон от состояний, сила и живучесть)»."
"""A recipe to make ascended medium leggings with Cavalier (+Toughness, +Power, and +Ferocity) stats.""","«Рецепт изготовления вознесенных средних поножей с кавалерийскими характеристиками (стойкость, сила и свирепость)»."
"""A recipe to make ascended medium leggings with Cleric (+Healing Power, +Power, and +Toughness) stats.""","«Рецепт изготовления вознесенных средних поножей со характеристиками клирика (исцеляющая сила, сила и выносливость)»."
"""A recipe to make ascended medium leggings with Commander's (+Power, +Precision, +Toughness, and +Concentration) stats.""","«Рецепт изготовления вознесенных средних поножей с характеристиками командира (сила, точность, выносливость и концентрация)»."
"""A recipe to make ascended medium leggings with Crusader (+Power, +Toughness, +Ferocity, and +Healing) stats.""","«Рецепт изготовления вознесенных средних поножей со характеристиками крестоносца (сила, выносливость, свирепость и исцеление)»."
"""A recipe to make ascended medium leggings with Dire (+Condition Damage, +Vitality, and +Toughness) stats.""","«Рецепт изготовления вознесенных средних поножей со характеристиками Dire (урон от состояний, живучесть и выносливость)»."
"""A recipe to make ascended medium leggings with Diviner's (+Power, +Concentration, +Ferocity, and +Precision) stats.""","«Рецепт изготовления вознесенных средних поножей со характеристиками Прорицателя (сила, концентрация, свирепость и точность)»."
"""A recipe to make ascended medium leggings with Dragon's (+Power, +Ferocity, +Precision, and +Vitality) stats.""","«Рецепт изготовления вознесенных средних поножей со характеристиками Дракона (сила, свирепость, точность и живучесть)»."
"""A recipe to make ascended medium leggings with Giver's (+Toughness, +Healing, and +Concentration) stats.""","«Рецепт изготовления вознесённых средних поножей со характеристиками Дарителя (стойкость, исцеление и концентрация)»."
"""A recipe to make ascended medium leggings with Grieving (+Power, +Condition Damage, +Ferocity, and +Precision) stats.""","«Рецепт изготовления вознесенных средних поножей со характеристиками скорби (сила, урон от состояний, свирепость и точность)»."
"""A recipe to make ascended medium leggings with Harrier's (+Power, +Healing, and +Concentration) stats.""","«Рецепт изготовления вознесенных средних поножей со характеристиками Вестника (сила, исцеление и концентрация)»."
"""A recipe to make ascended medium leggings with Knight (+Toughness, +Power, and +Precision) stats.""","«Рецепт изготовления вознесенных средних поножей со характеристиками рыцаря (стойкость, сила и точность)»."
"""A recipe to make ascended medium leggings with Magi (+Healing Power, +Precision, and +Vitality) stats.""","«Рецепт изготовления вознесенных средних поножей со характеристиками мага (исцеляющая сила, точность и живучесть)»."
"""A recipe to make ascended medium leggings with Marauder (+Power, +Precision, +Vitality, and +Ferocity) stats.""","«Рецепт изготовления вознесенных средних поножей со характеристиками мародера (сила, точность, живучесть и свирепость)»."
"""A recipe to make ascended medium leggings with Marshal's (+Power, +Healing, +Condition Damage, and +Precision) stats.""","«Рецепт изготовления вознесенных средних поножей со характеристиками Маршала (сила, исцеление, урон от состояний и точность)»."
"""A recipe to make ascended medium leggings with Minstrel's (+Toughness, +Healing, +Concentration, and +Vitality) stats.""","«Рецепт изготовления вознесенных средних поножей со характеристиками Менестреля (стойкость, исцеление, концентрация и живучесть)»."
"""A recipe to make ascended medium leggings with Nomad's (+Toughness, +Healing, and +Vitality) stats.""","«Рецепт изготовления вознесенных средних поножей со характеристиками Кочевника (стойкость, исцеление и живучесть)»."
"""A recipe to make ascended medium leggings with Plaguedoctor's (+Condition Damage, +Vitality, +Concentration, and +Healing Power) stats.""","«Рецепт изготовления вознесенных средних поножей со характеристиками Чумного доктора (урон от состояний, живучесть, концентрация и сила исцеления)»."
"""A recipe to make ascended medium leggings with Rabid (+Condition Damage, +Precision, and +Toughness) stats.""","«Рецепт изготовления вознесенных средних поножей со характеристиками «Бешеный» (урон от состояний, точность и выносливость)»."
"""A recipe to make ascended medium leggings with Rampager (+Precision, +Condition Damage, and +Power) stats.""","«Рецепт изготовления вознесенных средних поножей со характеристиками Буйства (точность, урон от состояний и сила)»."
"""A recipe to make ascended medium leggings with Ritualist's (+Condition Damage, +Concentration, +Expertise, and +Vitality) stats.""","«Рецепт изготовления вознесенных средних поножей со характеристиками Ритуалиста (урон от состояний, концентрация, мастерство и живучесть)»."
"""A recipe to make ascended medium leggings with Sentinel (+Vitality, +Power, and +Toughness) stats.""","«Рецепт изготовления вознесенных средних поножей со характеристиками Стража (жизненная сила, сила и выносливость)»."
"""A recipe to make ascended medium leggings with Seraph (+Condition Damage, +Precision, +Concentration, and +Healing Power) stats.""","«Рецепт изготовления вознесенных средних поножей со характеристиками Серафима (урон от состояний, точность, концентрация и сила исцеления)»."
"""A recipe to make ascended medium leggings with Settler (+Toughness, +Healing Power, and +Condition Damage) stats.""","«Рецепт изготовления вознесенных средних поножей со характеристиками поселенца (стойкость, сила исцеления и урон от состояний)»."
"""A recipe to make ascended medium leggings with Shaman (+Vitality, +Condition Damage, and +Healing Power) stats.""","«Рецепт изготовления вознесенных средних поножей со характеристиками Шамана (живучесть, урон от состояний и сила исцеления)»."
"""A recipe to make ascended medium leggings with Sinister (+Condition Damage, +Power, and +Precision) stats.""","«Рецепт изготовления вознесенных средних поножей со зловещими характеристиками (урон от состояний, сила и точность)»."
"""A recipe to make ascended medium leggings with Soldier (+Power, +Vitality, and +Toughness) stats.""","«Рецепт изготовления вознесенных средних поножей со характеристиками солдата (сила, живучесть и выносливость)»."
"""A recipe to make ascended medium leggings with Trailblazer's (+Toughness, +Condition Damage, +Expertise, and +Vitality) stats.""","«Рецепт изготовления вознесенных средних поножей со характеристиками Первопроходца (стойкость, урон от состояний, мастерство и живучесть)»."
"""A recipe to make ascended medium leggings with Valkyrie (+Power, +Ferocity, and +Vitality) stats.""","«Рецепт изготовления вознесенных средних поножей со характеристиками Валькирии (сила, свирепость и живучесть)»."
"""A recipe to make ascended medium leggings with Vigilant (+Power, +Toughness, +Concentration, and +Expertise) stats.""","«Рецепт изготовления вознесенных средних поножей со характеристиками бдительности (сила, выносливость, концентрация и мастерство»)."
"""A recipe to make ascended medium leggings with Viper's (+Condition Damage, +Power, +Expertise, and +Precision) stats.""","«Рецепт изготовления вознесенных средних поножей со характеристиками Змеи (урон от состояний, сила, мастерство и точность)»."
"""A recipe to make ascended medium leggings with Wanderer's (+Power, +Vitality, +Concentration, and +Toughness) stats.""","«Рецепт изготовления вознесённых средних поножей со характеристиками Странника (сила, живучесть, концентрация и выносливость)»."
"""A recipe to make ascended medium leggings with Zealot's (+Power, +Precision, +Healing) stats.""","«Рецепт изготовления вознесенных средних поножей со характеристиками фанатика (сила, точность, исцеление)»."
"""A recipe to make ascended medium shoulders with Apothecary (+Healing Power, +Toughness, and +Condition Damage) stats.""","«Рецепт создания вознесенных средних плеч со статами аптекаря (исцеляющая сила, выносливость и урон от состояний»)."
