english,translate
"""Looking healthier already, the plot is. Must have quite the knack for this.""",«Сюжет уже выглядит более здоровым. Надо иметь для этого достаточно сноровки».
"""Looking out at the incredible view from this spot, you can't help but sit for a moment and take it in.""","«Глядя на невероятный вид с этого места, вы не можете не присесть на мгновение и не насладиться им»."
"""Looking to start a new character and need to make sure it's super efficient and equipped? Here's everything you need in one pack, with a big discount for thinking ahead. This package is valued at 6170 gems.""","«Хотите создать нового персонажа и хотите убедиться, что он очень эффективен и экипирован? Вот все, что вам нужно, в одном пакете, с большой скидкой, если вы продумаете будущее. Этот пакет оценивается в 6170 драгоценных камней»."
"""Looks as though I'm right on time. Mount your skyscale, or use whatever means you have. Bring that gate down!""","«Похоже, я вовремя. Поднимитесь на небесную шкалу или используйте любые средства, которые у вас есть. Опустите эти ворота!»"
"""Looks like the ancient kings of Orr weren't ready to part with their treasures just yet. With those horrors out of the way, I can get back to exploring.""","«Похоже, древние короли Орра ещё не были готовы расстаться со своими сокровищами. Когда эти ужасы будут позади, я смогу вернуться к исследованиям»."
"""Looks like they're running from something. Whatever's back there, it's meaner than they are.""","«Похоже, они от чего-то бегут. Что бы там ни было, оно злее, чем они есть»."
"""Looks like this place has seen better days, what happened here?""","«Похоже, это место знавало лучшие дни. Что здесь произошло?»"
"""Looks like you were wrong about that one, Haneri.""","«Похоже, в этом ты ошибся, Ханери»."
"""Looks like you're still in one piece. C'mon, grab the orb.""","«Похоже, ты все ещё цел. Давай, хватай сферу»."
"""Loot Aliyana's Locket from risen around Murkvale in Mount Maelstrom, and return it to Crusader Aliyana.""","«Соберите медальон Алианы, поднятый вокруг Мрачной долины на горе Водоворот, и верните его крестоносцу Алиане»."
"""Loot the final treasure chest in the Aetherblade's Secret Base in Gendarran Fields after completing the """"Sky Pirates"""" episode.""",«Обыщите последний сундук с сокровищами на секретной базе Этерклинка на Гендарранских полях после завершения эпизода «Небесные пираты»».
"""Loot this after killing the Thaumanova Anomaly in the Thaumanova Fractal, and use the Illuminator to capture its light.""","«Соберите это после убийства Аномалии Таумановы во фрактале Тауманова и используйте Иллюминатор, чтобы уловить её свет»."
"""Looted from the Champion Risen Captain, found inside the Chapel of Lady Glaive in Straits of Devastation.""","«Добыто у Капитана Воскресшего Чемпиона, найдено в часовне Леди Глейв в Проливе Опустошения»."
"""Lord Faren and I waited for the Krytan ship at the docks. Councilor Mayameen went ahead to meet them, only to discover that all aboard had been infected with the Scarab Plague. She succumbed, but with Aurene's help, I managed to contain the Plague.""","«Лорд Фарен и я ждали крайтанский корабль в доках. Советник Майамин пошла навстречу им, но обнаружила, что все на борту заражены чумой скарабеев. Она скончалась, но с помощью Аурин мне удалось сдержать чуму»."
"""Lord Faren: Take your hands off me, you scum! Help! Murder! Mayhem!""","«Лорд Фарен: Убери от меня руки, подонок! Помогите! Убийство! Погром!»"
"""Lord Kitah: Now, let us entertain you.""","""Лорд Китах: А теперь давайте развлечем вас."""
"""Lord of the Seven Reapers, la-la-la, prince of ice and sorrow. (humming)""","«Повелитель Семи Жнецов, ла-ла-ла, принц льда и печали. (напевает)»"
"""Lornar's Pass is a string of narrow valleys that lead down from the Shiverpeaks in the north to the Sea of Sorrows in the south. Its deep valleys are the haunts of wild creatures, ancient ruins, and hidden places of power long concealed from prying eyes.""","«Перевал Лорнара — это цепочка узких долин, которые ведут вниз от Дрожащих пиков на севере к Морю Печали на юге. Его глубокие долины — это прибежище диких существ, древние руины и скрытые места силы, долгое время скрытые от любопытных глаз»."
"""Loses defiance bar when broken, allowing creature to be moved away from allies.""","«При разрушении теряется полоса неповиновения, что позволяет отодвинуть существо от союзников»."
"""Love the optimism. Keep me apprised, Gorrik.""","«Люблю оптимизм. Держи меня в курсе, Горрик»."
"""Lovers in life, bound eternally in death. Think of the concentrated ecto-undeath distillate!""","«Влюбленные в жизни, навечно связанные смертью. Подумайте о концентрированном дистилляте экто-нежити!»"
"""Low, underneath the trees.""","«Низко, под деревьями»."
"""Lowland Shore Insight: """"Battle of Ice"""" Memorial""",«Lowland Shore Insight:» «Ледяное побоище» «Мемориал»
"""Luce, Avatar of the All Seer""","«Люси, Аватар Всевидящего»"
"""Lucent motes are acquired by salvaging runes, sigils, and relics.""","«Прозрачные пылинки можно получить, собирая руны, символы и реликвии»."
"""Lunar, Chinese, Year, New Year, Zodiac""","«Лунный, китайский, год, новый год, зодиак»"
"""Lunaria, Circle of the Moon (Infused)""","«Лунария, Круг Луны (Настоянный)»"
"""Lunaria, Circle of the Moon""","«Лунария, Круг Луны»"
"""Lunatic Courtiers have been spotted in Queensdale, Kessex Hills, and Gendarran Fields. Lion's Arch has been experiencing severe paranormal disturbances.""","«Безумные придворные были замечены в Квинсдейле, Кессекс-Хиллз и Гендарранских полях. Львиная Арка испытывает серьёзные паранормальные явления»."
"""Lunatic Courtiers have been spotted in Queensdale, Kessex Hills, and Gendarran Fields. There is also a severe paranormal disturbance in the Grand Piazza.""","«Безумные придворные были замечены в Квинсдейле, Кессекс-Хиллз и Жандарранских полях. На Гранд-Пьяцца также наблюдается серьёзное паранормальное нарушение»."
"""Lunge at your foe, striking them with your sword.""","«Рывок на врага, ударив его мечом»."
"""Lunge forward with explosive force, damaging and burning enemies at your starting position.""","«Рывок вперёд со взрывной силой, нанося урон и поджигая врагов в исходной позиции»."
"""Lunge forward with explosive force, damaging enemies at your starting position.""","«Рывок вперёд со взрывной силой, нанося урон врагам в вашей исходной позиции»."
"""Lunge forward with explosive force, granting boons and superspeed to allies at your starting position.""","«Рывок вперёд со взрывной силой, дарующий дары и суперскорость союзникам, находящимся в вашей исходной позиции»."
"""Lunge forward, crippling opponents in the path.""","«Рывок вперёд, нанося вред противникам на пути»."
"""Lunges across the platform, knocking back enemies.""","«Выпады через платформу, отбрасывая врагов назад»."
"""Lure salamander drakes into fishing nets with tasty fishes, repair small fishing nets, and search the village for Separatists.""","«Заманивайте селезней саламандры в рыболовные сети вкусной рыбой, ремонтируйте небольшие рыболовные сети и обыскивайте деревню в поисках сепаратистов»."
"""Lurking within the isle, life lights even dark places.""",«Таящаяся на острове жизнь освещает даже тёмные места».
"""Lutze has what she needs to make the arrest. Good job, detective!""","«У Лютце есть все, что ей нужно для ареста. Хорошая работа, детектив!»"
"""Lyhr has been corrupted by Kryptis invaders. When his defiance bar is broken, the Kryptis corrupting him will materialize and can be defeated.""","«Лир был испорчен захватчиками Криптиса. Когда его полоса неповиновения будет сломана, Криптис, развращающий его, материализуется, и его можно будет победить»."
"""Lyhr is resting in Droknar's Forge, and Mabon has returned to activity throughout Wizard's Ascent.""","«Лир отдыхает в Кузнице Дрокнара, а Мабон вернулся к работе на протяжении всего Wizard's Ascent»."
"""Lyhr needs help while he prepares his spell. The hall must be balanced, so disperse evenly among the Avatars of Rage or Regret.""","«Лиру нужна помощь, пока он готовит свое заклинание. Зал должен быть сбалансирован, поэтому распределите равномерно между Аватарами Ярости или Сожаления»."
"""Lyhr's key was not able to open the main gates, but bonus rewards lie within.""","«Ключ Лира не смог открыть главные врата, но внутри лежат бонусные награды»."
"""Lynx are tenacious hunters, capable of leaping long distances to chase down fleeing prey. When they feel especially comfortable and safe, they will sometimes roll onto their backs and stick their paws in the air. —Acht""","«Рыси — стойкие охотники, способные прыгать на большие расстояния, чтобы преследовать убегающую добычу. Когда они чувствуют себя особенно комфортно и безопасно, они иногда перекатываются на спину и поднимают лапы вверх. — Ахт»"
"""Lyssa is the goddess of illusions, duality, and beauty. Her blessing provides an illusion of speed so strong that it becomes the truth.""","«Лисса — богиня иллюзий, двойственности и красоты. Её благословение создает иллюзию скорости, настолько сильную, что она становится правдой»."
"""Lyssa teaches us to see beyond our own masks, to embrace the duality within ourselves. Tell her what truths you have learned from within.""","«Лисса учит нас видеть за пределами собственных масок, принимать двойственность внутри себя. Расскажи ей, какие истины ты узнал изнутри»."
"""Lyssa wears many masks. She is the dual-faced goddess of beauty, water, and illusion. She is the patron of the most attractive and graceful among us. Her blessings have touched me all my life.""","«Лисса носит множество масок. Она двуликая богиня красоты, воды и иллюзий. Она покровительница самых привлекательных и изящных среди нас. Её благословения трогали меня всю мою жизнь»."
"""Lyssa, huh? Better make her an offering, then. Or ask YOUR daughter to clean it.""","— Лисса, да? Тогда лучше сделай ей подношение. Или попроси СВОЮ дочь почистить его."
"""Lyssa, the goddess of beauty, blessed me when I was young.""","«Лисса, богиня красоты, благословила меня, когда я был молод»."
"""MY daughter, huh? This should be good.""","«МОЯ дочь, да? Это должно быть хорошо»."
"""MY discovery, Torin. I found this place.""","«МОЕ открытие, Торин. Я нашёл это место»."
"""Ma'am, I'm sure your cat will come back. This isn't a Seraph matter.""","«Мэм, я уверен, что ваш кот вернется. Это не дело Серафима»."
"""Mabon has put Lyhr in stasis near Droknar's Light, and he will attempt to cleanse Lyhr of corruption soon.""","«Мабон поместил Лира в стазис возле Света Дрокнара, и вскоре он попытается очистить Лира от порчи»."
"""Mabon, we need to expel them from this plane. I hate to ask more of you, but please. Lend me what little strength remains.""","«Мабон, нам нужно изгнать их из этого мира. Ненавижу просить тебя о большем, но, пожалуйста. Одолжи мне те немногие силы, которые остались»."
"""Mach's gut, Alligator""","«Кишка Маха, Аллигатор»"
"""Macha's Landing. Macha, who was the asura pilot of Cobiah Marriner's ship, was integral to the founding of the free city of Lion's Arch.""","«Приземление Маха. Маха, пилот-асура на корабле Кобии Марринера, сыграла важную роль в основании свободного города Львиной Арки»."
"""Made from Globs of Ectoplasm, an Eldritch Scroll, Hydrocatalytic Reagents, and Amalgamated Gemstones.""","«Сделано из капель эктоплазмы, жуткого свитка, гидрокаталитических реагентов и объединенных драгоценных камней»."
"""Maderero[f:""""Maderera""""] de End of Dragons del dia""","""Мадереро[f:""""Мадерера""""] конца драконов дня"""
"""Made—by—Zojja, genius.""","«Сделано… Зойджей, гений»."
"""Maestro[f:""""Maestra""""] de dominios: Secrets of the Obscure""","""Маэстро[f:""""Maestra""""] de dominios: Тайны неясного"""
"""Maeva's home in Lion's Arch is a prominent building, well-known for the inventor's eccentricities. Many people try to catch a sneak glimpse of the old asura while she's at work here; those who have succeeded are given the best of care in the Lion's Arch infirmaries.""","«Дом Маэвы в Львиной Арке — выдающееся здание, известное эксцентричностью изобретателя. Многие люди пытаются мельком увидеть старую асуру, пока она здесь работает; те, кому это удалось, получают лучший уход в лазаретах Львиной Арки»."
"""Magdaer is shattered, but I know a blacksmith who can mend these pieces.""","«Магдаэр разбит, но я знаю кузнеца, который сможет починить эти осколки»."
"""Magic Spells, Volume 119: Teleportation Magic""","«Магические заклинания, том 119: Магия телепортации»"
"""Magic and War: An Educated Warning: On a lower level, but only reachable by mount.""","«Магия и война: разумное предупреждение: находится на более низком уровне, но добраться до него можно только на скакуне»."
"""Magic can be used to heal, transmute, and inspire, but for this bastion, they focus on battle. Learn the poses and complete the spell.""","«Магию можно использовать для лечения, трансмутации и вдохновения, но в этом бастионе они сосредоточены на битве. Изучите позы и завершите заклинание»."
"""Magic in Amnytas is always temperamental, but with the Kryptis attack it's running amok. Once statuesque, this place needs a helping hand.""","«Магия в Амнитасе всегда темпераментна, но после нападения Криптиса она вышла из-под контроля. Когда-то это место было статным, но теперь ему нужна рука помощи»."
"""Magic sword in hand, he set out to slay evil.""",«Волшебный меч в руке он намеревался уничтожить зло».
"""Magic. Everywhere. Swirling and whispering, like a flock of birds dancing through the air. It settles at my feet. Dust, piling higher and higher like sand on a beach... Wake up, it says. Wake up.""","«Магия. Повсюду. Кружится и шепчет, как стая птиц, танцующих в воздухе. Она оседает у моих ног. Пыль поднимается все выше и выше, как песок на пляже... Проснись, говорит он. Проснись»."
"""Magister Cuth: Commander! We were overrun. More of my troops are trapped, but I can't get to them.""","«Магистр Кут: Командир! Мы были захвачены. Ещё больше моих войск в ловушке, но я не могу до них добраться»."
"""Magister Cuth: There's an Orrian army between us and them, and our cannons are inoperative.""","«Магистр Кут: Между нами и ними стоит оррианская армия, а наши пушки не работают»."
"""Magmacyte is incredibly volatile, and puts the """"boom"""" in my Kaboomium.""",«Магмацит невероятно изменчив и вызывает «бум» в моем кабумии».
"""Magnificent! The Mortis Virge worked. Perhaps not perfectly, but certainly, better than I hoped!""","«Великолепно! Мортис Вирдж сработал. Возможно, не идеально, но определенно лучше, чем я надеялся!»"
"""Maguuma-harvested mushrooms have become a trendy Canthan delicacy, and unscrupulous traders smuggled cartloads of them without performing safety inspections.""","«Грибы, собранные в Магууме, стали модным кантанским деликатесом, и недобросовестные торговцы провозили их контрабандой целыми телегами, не проводя проверок безопасности»."
"""Mai Trin, a pirate-turned-hero, sacrificed her life to save Kaineng in the terrorist attack at the Yong Reactor.""","«Май Трин, пиратка, ставшая героем, пожертвовала своей жизнью, чтобы спасти Кайненга во время террористической атаки на реактор Йонг»."
"""Mai Trin, former captain of the Aetherblades until deposed by a mutiny, is the only one who can tell you where the Aetherblades will strike next. Confront the drunken captain and convince her to join you.""","«Май Трин, бывший капитан Эфирных Клинков, пока не был свергнут в результате мятежа, — единственный, кто может сказать вам, где Эфирные Клинки нанесут следующий удар. Сразитесь с пьяным капитаном и убедите её присоединиться к вам»."
"""Mai tried, but Trin didn't win.""","«Май пыталась, но Трин не выиграла»."
"""Maim your target with an immobilizing strike, then deliver a devastating blow that inflicts heavy bleeding.""","«Калечите цель обездвиживающим ударом, а затем наносите сокрушительный удар, вызывающий сильное кровотечение»."
"""Maintain distance, NON-BROTHERHOOD organism.""","«Соблюдай дистанцию, НЕБРАТСКИЙ организм»."
"""Majid: Sandbound Towers, in the Quickmire. Harun: Southwest Prophet's Path. Ghada: Western Prophet's Path. Basma: Near Palawa's Grace, in Arid Gladefields.""","«Маджид: Башни, окруженные песком, в Квикмайре. Харун: Юго-западный путь Пророка. Гада: Западный путь Пророка. Басма: Рядом с Милостью Палавы, в засушливых полянах»."
"""Makali Outpost, Desert Highlands""","«Застава Макали, Пустынное нагорье»"
"""Make a guard laugh by misbehaving (glide, swim, pet).""","«Заставьте охранника смеяться, плохо себя ведя (скользить, плавать, гладить)»."
"""Make a shock wave ahead of you, striking foes in its path.""","«Создайте перед собой ударную волну, поражающую противников на своем пути»."
"""Make me into a snow leopard, so I can honor her spirit in the hunt.""","«Сделай меня снежным барсом, чтобы я мог почтить её дух на охоте»."
"""Make some noise! If the boss goes down, we lose everything!""","«Пошумите! Если босс падет, мы потеряем все!»"
"""Make the skritt happy by entertaining them, returning lost treasures, and killing threats to their cave.""","«Сделайте скриттов счастливыми, развлекая их, возвращая потерянные сокровища и убивая угрозы их пещере»."
"""Make your way to our protected home, unsheltered one. Learn of the Offgoing! Join us!""","«Проберитесь к нашему защищенному дому, незащищенному. Узнайте об Уходящем! Присоединяйтесь к нам!»"
"""Make your way to the Great Lodge, where Knut and Mikkel are waiting. Come on, Garm! This is one tournament fight we don't want to miss.""","«Отправляйся в Великую Ложу, где ждут Кнут и Миккель. Давай, Гарм! Это турнирный бой, который мы не хотим пропустить»."
"""Makes sense. Report to Watch Commander Talon, and tell the men to be ready.""","«Разумно. Доложись командиру Караула Талону и скажи людям, чтобы они были готовы»."
"""Makes volatile beetles inert. Also, launches you backward at an alarming rate.""","«Делает летучих жуков инертными. Кроме того, с пугающей скоростью отбрасывает вас назад»."
"""Makes you hot under the collar, hm?""","— Тебе жарко под воротником, а?"
"""Malchor was the sculptor who shaped the statues of the gods you see across Orr. The process drove him to madness, and he eventually took his life here. A curious thing to commemorate, I think.""","«Малчор был скульптором, который создавал статуи богов, которых вы видите по всему Орру. Этот процесс довел его до безумия, и в конце концов он покончил с собой здесь. Я думаю, это любопытная вещь, которую стоит отметить»."
"""Malevolent spirit monsters from the Underworld haunt the Godslost Swamp, where the barrier between this world and theirs is the thinnest. The greatest and most terrifying of these fell beasts is the Shadow Behemoth, a gargantuan fiend that broke through to the world of light and substance to devour and destroy all that it can.""","«Злобные духи-монстры из Подземного мира обитают в Затерянном Богами Болоте, где барьер между этим миром и их самым тонким. Величайшим и самым ужасающим из этих мерзких зверей является Теневой Бегемот, гигантский злодей, который прорвался в мир света и материи, чтобы поглотить и уничтожить все, что он может»."
"""Malok, please, we're not asking you to abandon them, but you're hurt also. We have scouts looking for them as we speak.""","«Малок, пожалуйста, мы не просим тебя бросить их, но ты тоже ранен. Пока мы говорим, у нас есть разведчики, которые их ищут»."
"""Malyck is an unusual sylvari, not like anyone else you've ever met. What is it about him that feels so foreign?""","«Малик — необычный сильвари, не похожий ни на кого, кого вы когда-либо встречали. Что в нем такого, что кажется таким чуждым?»"
"""Mama, are we refugees now?""","«Мама, мы теперь беженцы?»"
"""Manage your armor, weapons, and other equipment.""","«Управляйте своей броней, оружием и другим снаряжением»."
"""Managed to track the Inquest here without them spotting me. Can't quite tell what they're up to, though.""","«Мне удалось проследить здесь за дознанием, и они меня не заметили. Хотя я не могу точно сказать, что они задумали»."
"""Manifest Sand Shade grants a barrier to allies near it. When you apply barrier, grant boons to the affected target.<br><c=@reminder>This effect only occurs with barrier from scourge skills and traits.</c>""","«Проявленная песчаная тень создает барьер для союзников рядом с ней. Когда вы применяете барьер, даруйте блага затронутой цели.<br><c=@reminder>Этот эффект возникает только при использовании навыков и черт барьера от плети.</c>»"
"""Manifest a powerful cyclone at the target location, periodically damaging enemies.""","«Вызывает мощный циклон в выбранном месте, периодически нанося урон врагам»."
"""Manifest yourself some time, Wayfinder. I'm coming.""","«Прояви себя когда-нибудь, Путеводитель. Я иду»."
"""Many Thanks, Big Thanks""","«Большое спасибо, большое спасибо»"
"""Many a scholar or sage has walked this path, only for their mind to shatter when faced with the scale of eternity.""","«Многие учёные или мудрецы шли по этому пути только для того, чтобы их разум разбился перед лицом масштабов вечности»."
"""Many are coming back injured. Your skimmer apparently can heal them, but don't ask me how.""","«Многие возвращаются ранеными. Ваш скиммер, очевидно, может их вылечить, но не спрашивайте меня, как»."
"""Many are the problems that cleverness cannot solve, but vigor and might can.""","«Многие проблемы не могут решить умом, но могут решить сила и сила»."
"""Many collections make themselves apparent once you start finding things for them. Complete one of them, and you'll be the envy of your peers.""","«Многие коллекции становятся очевидными, как только вы начинаете находить для них что-то. Завершите одну из них, и вы станете предметом зависти своих коллег»."
"""Many have challenged me to combat. They say they seek Ascension. That does not mean much to me, but I'm enjoying the friendly fights. Come, traveler, and battle me! Test your mettle!""","«Многие вызывали меня на бой. Говорят, они стремятся к Вознесению. Для меня это мало что значит, но я наслаждаюсь дружескими боями. Приходи, путешественник, и сразись со мной! Испытай свой характер!»"
"""Many have never interacted with non-kodan. Talk to them. Perhaps if you made an effort to learn about balance, it would warm hearts toward you. There are other ways as well.""","«Многие никогда не взаимодействовали с некоданами. Поговорите с ними. Возможно, если бы вы попытались узнать о балансе, это согрело бы ваши сердца. Есть и другие способы»."
"""Many many more. We'll be overrun, and they'll torment the beasts around here. This will get ugly.""","«Намного-много больше. Нас захватят, и они будут мучить здешние звери. Это будет ужасно»."
"""Many tengu sacrificed their lives to overcome the Ministry of Purity. So tortured by the horrors their people had endured, their spirits persisted, unable to tell the difference between friend and foe. Release them finally to the Sky Above Sky.""","«Многие тенгу пожертвовали своими жизнями, чтобы победить Министерство Чистоты. Настолько замученные ужасами, которые пережил их народ, их души упорствовали, неспособные отличить друга от врага. Отпустите их, наконец, в Небо Над Небом»."
"""Many things whisper in Amnytas that should not: doors, books, and spirits. Hunt them down and trace their source.""","«В Амнитасе шепчутся многие вещи, которых не должно быть: двери, книги и духи. Выследите их и выследите их источник»."
"""Many times, rifts will need to be stabilized before they can be sealed. This can be achieved by clearing out any Kryptis that have spawned around the rifts.""","«Часто разломы необходимо стабилизировать, прежде чем их можно будет закрыть. Этого можно добиться, уничтожив всех криптисов, которые появились вокруг разломов»."
"""Many travelers passing through Snowdrift have mentioned your name, %str1%. And with only a few exceptions, they've spoken well of you. Well done!""","""Многие путешественники, проходящие через Сноудрифт, упоминали ваше имя, %str1%. И лишь за некоторыми исключениями, они отзывались о вас хорошо. Молодцы!"""
"""Map completion is another way to explore Tyria. Find all waypoints, points of interest, and vistas and complete all renown hearts and hero challenges in a map to earn rewards. Your completion progress is on your map.""","«Завершение карты — это ещё один способ исследовать Тирию. Найдите все путевые точки, точки интереса и виды, а также завершите все известные сердца и испытания героев на карте, чтобы получить награды. Ваш прогресс завершения отображается на вашей карте»."
"""Marauding? Marauder? I don't know the right word, but I'm ready to maraud! Let's go.""","«Мародерство? Мародер? Я не знаю подходящего слова, но я готов мародерствовать! Поехали»."
"""Mariner Landing: Near a thermal tube, south of Sub Landing.""","«Маринерская посадка: возле термальной трубки, к югу от подводной посадки»."
"""Marjory Delaqua, Delaqua Investigations""","«Марджори Делакуа, расследования Делакуа»"
"""Marjory reported that Bangar, Ryland, and several dozen warbands of armed charr had begun slipping away from the celebration and into the mountains west of the Blood Keep. I met up with Crecia and Rytlock. I saw that Rytlock was obviously worried about Ryland's involvement in whatever Bangar was planning, and the three of us set out after them. When we caught up to Bangar, he was addressing a horde of fervent followers with Ryland beside him and Braham's stolen bow in hand. With grand promises to secure a dominant future for the charr, he described his intention to """"even the odds"""" with the rest of the world by securing an Elder Dragon of his own. Then, blowing a bridge behind them, he led his band of mixed legions and renegades deeper into the Shiverpeaks. The sudden appearance of a vicious icebrood construct and the strength of an unnatural blizzard prevented us from following. In the aftermath, we tried to absorb Bangar's intentions. It was clear what he was after: Jormag. How to stop him was less clear. At the very least, we'd have to wait out that blizzard...""","«Марджори сообщила, что Бангар, Райланд и несколько десятков отрядов вооруженных чарров начали ускользать с празднования в горы к западу от Кровавой крепости. Я встретилась с Кресией и Ритлоком. Я увидела, что Ритлок явно беспокоился о причастности Райланда к тому, что планировал Бангар, и мы втроем отправились за ними. Когда мы догнали Бангара, он обращался к орде пылких последователей вместе с Райландом и Украденный у Брейхама лук в руке. С грандиозными обещаниями обеспечить доминирующее будущее чаррам, он описал свое намерение «уравнять шансы» с остальным миром, заполучив собственного Старшего Дракона. Затем, взорвав мост за ними, он повел свою группу смешанных легионов и отступников глубже в Шиверпики. Внезапное появление злобной конструкции ледяного выводка и сила неестественной метели помешали нам следовать за ними. пытался уловить намерения Бангара. Было ясно, чего он добивался: Йормага, было менее ясно. По крайней мере, нам придётся переждать эту метель...»"
"""Marjory, Kasmeer, and I investigated the Zephyrite airship crash in Dry Top. Wreckage and bodies were strewn about the canyon, making it difficult to piece together the sequence of events. We learned of a Soundless sylvari named Aerin who attacked the ship's crew and set off the explosives that ultimately took down the aircraft. We have reason to believe this murderous saboteur is after the Master of Peace, who has been missing. I should head to the nearby mining town, Prosperity, to see if he's there.<br><br>Kasmeer worried that Marjory still hadn't healed from the fight against Scarlet, but her fears were put to rest after Marjory held her own in our repeated fights against the Inquest operatives at the crash site.""","«Марджори, Касмир и я расследовали крушение дирижабля «Зефирит» в Сухой Вершине. Обломки и тела были разбросаны по всему каньону, что затрудняло составление последовательности событий. Мы узнали о Беззвучном сильвари по имени Аэрин, который напал на команду корабля и взорвал взрывчатку, которая в конечном итоге разрушила самолет. У нас есть основания полагать, что этот кровожадный диверсант охотится за пропавшим Мастером Мира. Мне следует отправиться в близлежащий шахтерский городок, Процветания, чтобы увидеть, там ли он.<br><br>Касмир беспокоилась, что Марджори до сих пор не оправилась от битвы со Скарлет, но её страхи развеялись после того, как Марджори выстояла в наших неоднократных боях с оперативниками дознания на месте крушения."""
"""Mark a single target; after a short delay, bombard the area with spears that deal more damage to the marked target and continue to track their location.""","«Отметьте одну цель; после небольшой задержки бомбардируйте область копьями, которые наносят больший урон отмеченной цели, и продолжайте отслеживать её местоположение»."
"""Mark a target, causing your initiative attacks to generate malice when they hit or critically hit your mark. Lose malice when the mark ends or when this skill is recast on a new target.<br><c=@reminder>Malice is only gained once per skill use.</c>""","«Отметьте цель, в результате чего ваши инициативные атаки будут генерировать злобу, когда они поражают или критически поражают вашу цель. Потеряйте злобу, когда метка закончится или когда этот навык будет повторно применен к новой цели.<br><c=@reminder>Злоба приобретается только один раз за использование навыка.</c>»"
"""Mark a target, causing your initiative attacks to generate malice when they hit or critically hit your mark. Shadowstep to your target if you are wielding a dagger, sword, spear, or staff in your main hand. Lose malice when the mark ends or when this skill is recast on a new target.<br><c=@reminder>Malice is only gained once per skill use.</c>""","«Отметьте цель, заставив ваши инициативные атаки генерировать злобу, когда они поражают или критически поражают вашу цель. Шагните тенью к своей цели, если вы держите в основной руке кинжал, меч, копьё или посох. Потеряйте злобу, когда метка закончится или когда этот навык будет повторно применен к новой цели.<br><c=@reminder>Злоба приобретается только один раз за использование навыка.</c>»"
"""Mark an area for judgment, rapidly healing allies and then blasting foes in the area.""","«Отметьте область для суда, быстро исцеляя союзников, а затем взрывая врагов в этой области»."
"""Mark your target with a green smoke grenade, signalling your gunner to open fire with their mortar.""","«Отметьте цель зелёной дымовой гранатой, дав сигнал наводчику открыть огонь из миномета»."
"""Marshal Trahearne, sir! I'm Efut, liaison for the Vigil troops. The Lionguard are clearing some road, but the inner courtyard gate is blocked.""","«Маршал Трахёрн, сэр! Я Эфут, связной с войсками Дежурства. Львиная стража расчищает дорогу, но ворота внутреннего двора заблокированы»."
"""Marvelous. Been many a moon since I've seen this many a bee! And look, Buzzie's simply elated.""","«Чудесно. Прошло много лун с тех пор, как я видел столько пчел! И посмотрите, Баззи просто в восторге»."
"""Mask of 1,000 Faces (Level 44)""",«Маска 1000 лиц (44 уровень)»
"""Mask of 1,000 Faces (Level 51)""",«Маска 1000 лиц (51 уровень)»
"""Mask of 1,000 Faces (Level 60)""",«Маска 1000 лиц (60 уровень)»
"""Mask of 1,000 Faces""",«Маска 1000 лиц»
"""Masked Roller """"F""""""","""Валик в маске """"F"""""""
"""Massively increased damage, but slowed.""","«Значительно увеличен урон, но замедлен»."
"""Master Artificer<br>• Learn to craft staves, scepters, foci, and energy potions.""","«Мастер-ремесленник<br>• Научитесь создавать посохи, скипетры, фокусы и энергетические зелья»."
"""Master Blipp was known for his redundancies as well as his redundancies. He often said, """"Your first try should never be your last, especially if it succeeded. You can always succeed bigger next time.""""""","«Мастер Блипп был известен как своими сокращениями, так и своими сокращениями. Он часто говорил: «Ваша первая попытка никогда не должна быть последней, особенно если она увенчалась успехом. В следующий раз вы всегда сможете добиться большего»»»."
"""Master Huntsman<br>• Learn to craft ranged weapons, horns, and torches.""","«Мастер-охотник<br>• Научитесь создавать оружие дальнего боя, рога и факелы»."
"""Master diving through the air to improve your griffon's maneuverability, speed, and distance!""","«Освойте ныряние по воздуху, чтобы улучшить маневренность, скорость и дальность вашего грифона!»"
"""Master of Baubles, World 1""","«Мастер безделушек, Мир 1»"
"""Master of Baubles, World 2""","«Мастер безделушек, Мир 2»"
"""Master of Coins, Under 3""","«Мастер монет, до 3 лет»"
"""Master of Coins, World 1""","«Мастер монет, Мир 1»"
"""Master of Coins, World 2""","«Мастер монет, Мир 2»"
"""Master of Decor, World 1""","«Мастер декора, Мир 1»"
"""Master of Decor, World 2""","«Мастер декора, Мир 2»"
"""Master of Secrets, World 1""","«Мастер тайн, мир 1»"
"""Master of Secrets, World 2""","«Мастер тайн, Мир 2»"
"""Master the griffon by learning to use its Wing Flap ability, which allows you to gain a burst of speed while diving or climbing into the sky.""","«Освойте грифона, научившись использовать его способность «Взмах крыльев», которая позволит вам увеличить скорость во время ныряния или восхождения в небо»."
"""Master the use of Nuhoch Wallows, learning to traverse these hidden passages to gain access to locations both far and hidden.""","«Освойте использование валов Нухоха, научившись проходить через эти потайные проходы, чтобы получить доступ к дальним и скрытым локациям»."
"""Master your bond with Aurene so that she can lend you magical wings, allowing you to launch from your mounts.""","«Наладьте свою связь с Орин, чтобы она могла одарить вас волшебными крыльями, позволяющими взлетать со своих скакунов»."
"""Master your skill as a gunner, learning to convert incoming damage into ammo.""","«Совершенствуйте свои навыки стрелка, научившись преобразовывать получаемый урон в боеприпасы»."
"""Mastery of tengu wind magic allows you to conjure the Cyclone Bow at will. Using arrow-consuming skills grants Wind Force. After you reach the Wind Force threshold, you are able to use Hawkeye. Gain access to <c=@abilitytype>Squalls</c>.<br><c=@reminder>Using Cyclone Bow skills consumes arrows. You generate arrows every interval.</c>""","«Мастерство магии ветра тенгу позволяет вам вызывать Лук Циклона по своему желанию. Использование навыков, потребляющих стрелы, даёт Силу Ветра. После того, как вы достигнете порога Силы Ветра, вы сможете использовать Соколиный Глаз. Получите доступ к <c=@abilitytype>Шквалам</c>.<br><c=@reminder>Использование навыков Лука Циклона расходует стрелы. Вы создаете стрелы каждый интервал.</c>»"
"""Mastery points are earned by overcoming challenges with level 80 characters in PvE. They allow you to train mastery abilities, which are advanced powers that you earn for all characters on your account.""","«Очки мастерства зарабатываются за преодоление испытаний персонажами 80-го уровня в PvE. Они позволяют вам тренировать способности мастерства, которые представляют собой расширенные способности, которые вы зарабатываете для всех персонажей в вашей учётной записи»."
"""Matchmaker, Matchmaker""","«Сваха, сваха»"
"""Maully doesn't like you, no. You should go before she gets bitey. Yes.""","— Ты не нравишься Молли, нет. Тебе следует уйти, пока она не стала кусаться. Да."
"""Maverick is the best single-combat fighter I've ever met. Unfortunately, he has a wild streak and an ego the size of the Black Citadel. He may be a loose cannon, but he knows how to make things epic!""","«Маверик — лучший боец ??единоборств, которого я когда-либо встречал. К сожалению, у него дикие черты характера и эго размером с Чёрную Цитадель. Пусть он и неуклюжий боец, но он знает, как сделать что-то эпическое!»"
"""Maximize speed, minimize inefficiencies, eliminate targets...""","«Максимизировать скорость, минимизировать неэффективность, устранить цели…»"
"""Maximum adrenaline is capped at 2 bars, and only level 1 bursts are available. Gain access to the Full Counter burst and <c=@abilitytype>Meditation</c> skills.""","«Максимальный уровень адреналина ограничен двумя полосками, доступны только всплески уровня 1. Получите доступ к всплеску полного противодействия и навыкам <c=@abilitytype>Медитация</c>»."
"""May I take a moment of your time, Commander?""","— Могу я уделить вам минутку, коммандер?"
"""May cure sickness, ailments, flesh wounds, or other general maladies.<br><c=@flavor>Claims not evaluated or guaranteed by the Captain's Council.</c>""","""Может вылечить болезни, недомогания, телесные раны или другие общие недуги.<br><c=@flavor>Заявления не оцениваются и не гарантируются Советом Капитанов.</c>"""
"""May each lantern you light spark happiness within you, not only in the completion of the task, but through the act of lighting the world.""","«Пусть каждый фонарь, который вы зажжете, зажжет внутри вас счастье не только в результате выполнения задачи, но и в процессе освещения мира»."
"""May we...and yes, you may. I'll be right here. Watch out for crabs.""","«Можем ли мы... и да, вы можете. Я буду здесь. Остерегайтесь крабов»."
"""Maybe """"crown"""" is his password.""","«Может быть, «корона» — это его пароль»."
"""Maybe I do, maybe I don't. Listen... Buy me a drink an' maybe I'll 'ave somethin' to share.""","«Может быть, да, а может и нет. Послушай... Купите мне выпить, и, может быть, мне будет чем поделиться»."
"""Maybe I should start my own ammunition supply outfit? Nah, too much work.""","«Может быть, мне стоит открыть собственное предприятие по снабжению боеприпасами? Нет, слишком много работы»."
"""Maybe I'll switch to a safer career, like pirating.""","«Может быть, я переключусь на более безопасную карьеру, например, на пиратство»."
"""Maybe another time, thanks.""","«Может быть, в другой раз, спасибо»."
"""Maybe if remain perfectly still, they not see me.""","«Может быть, если оставаться совершенно неподвижным, они меня не увидят»."
"""Maybe just a little. I have a sip here or there...and here again. I help make wine, you know. Delicious, delicious wine.""","«Может быть, совсем немного. Я делаю глоток здесь или там... и снова здесь. Я помогаю делать вино, понимаешь. Восхитительное, восхитительное вино»."
"""Maybe next time. I'll even buy you a round of something you'll enjoy. Apple cider, right?""","«Может быть, в следующий раз. Я даже куплю тебе что-нибудь, что тебе понравится. Яблочный сидр, да?»"
"""Maybe not, but it'll die just as permanently.""","«Может быть, и нет, но он умрет так же навсегда»."
"""Maybe the Inquest tampered with them. Regardless, the gwyldell seem to be avoiding it now. And there are others like this.""","«Может быть, Следствие вмешалось в них. Тем не менее, гвилделлы, кажется, теперь избегают этого. И есть другие подобные»."
"""Maybe the stories are true that Zalambur is a djinn, that's just playing at being a man.""","«Может быть, правдивы истории о том, что Заламбур — джинн, который просто притворяется человеком»."
"""Maybe this time, but who knows.""","«Может быть, на этот раз, но кто знает»."
"""Maybe we can help each other. If you get us in to speak with your leaders, we'll come with you to save your brother.""","«Может быть, мы сможем помочь друг другу. Если ты пригласишь нас поговорить с твоими лидерами, мы пойдём с тобой, чтобы спасти твоего брата»."
"""Maybe we're lucky after all, to be where we are in this oasis.""","«Может быть, нам все-таки повезло, что мы находимся в этом оазисе»."
"""Maybe when I'm older, they'll let me race.""","«Может быть, когда я подрасту, мне позволят участвовать в гонках»."
"""Maybe you can convince him to compromise, join the freebooters...""","«Может быть, тебе удастся убедить его пойти на компромисс, присоединиться к флибустьерам...»"
"""Maybe, but there may be just too much that even time cannot erase.""","«Может быть, но может быть слишком многое, что даже время не сможет стереть»."
"""Maybe, what are you selling?""","«Может быть, что ты продаешь?»"
"""Maybe. But we have to start somewhere, and the dredge started this when they attacked the Vigil.""","— Возможно. Но нам нужно с чего-то начинать, и драги начали это, когда они напали на «Виджил»."
"""Maybe. Do you have any more? There's still time to find others. Remember, you're doing my career a service.""","«Может быть. У тебя есть ещё? Ещё есть время найти других. Помните, вы оказываете услугу моей карьере»."
"""Mazdak the Accursed is destroyed and Riannoc's spirit can finally rest in peace. I returned Caladbolg to the Pale Tree, but perhaps one day, I will see the sword again. Meanwhile, I've joined the Vigil. I look forward to seeing more of the world.""","«Маздак Проклятый уничтожен, и дух Рианнок наконец-то может упокоиться с миром. Я вернул Каладболга Бледному Древу, но, возможно, однажды я снова увижу меч. А тем временем я присоединился к Бдению. Я с нетерпением жду возможности увидеть больше мира»."
"""Mazdak the Accursed is destroyed. Riannoc's spirit can finally rest in peace. I returned Caladbolg to the Pale Tree, but perhaps one day, I will see the sword again. Meanwhile, I've joined the Durmand Priory. I look forward to seeing more of the world.""","«Маздак Проклятый уничтожен. Дух Рианнок наконец-то может упокоиться с миром. Я вернул Каладболга Бледному Древу, но, возможно, однажды я снова увижу меч. А тем временем я присоединился к Приорату Дурманд. Я с нетерпением жду возможности увидеть больше мира»."
"""Mazdak the Accursed is destroyed. Riannoc's spirit can finally rest in peace. I returned Caladbolg to the Pale Tree, but perhaps one day, I will see the sword again. Meanwhile, I've joined the Order of Whispers. I look forward to seeing more of the world.""","«Маздак Проклятый уничтожен. Дух Рианнок наконец-то может упокоиться с миром. Я вернул Каладболга Бледному Древу, но, возможно, однажды я снова увижу меч. А тем временем я присоединился к Ордену Шепота. Я с нетерпением жду возможности увидеть больше мира»."
"""Mazdak the Accursed is prepared to fight humans. He may even be prepared to fight sylvari. But what he isn't prepared to face is absolute chaos, caused by agents of the Order of Whispers moving behind the scenes.""","«Маздак Проклятый готов сражаться с людьми. Возможно, он даже готов сражаться с сильвари. Но с чем он не готов столкнуться, так это с абсолютным хаосом, вызванным агентами Ордена Шепота, действующими за кулисами»."
"""Mazdak the Accursed? I know that name. One of my firstborn, Riannoc, went to destroy Mazdak many years ago.""","«Маздак Проклятый? Я знаю это имя. Один из моих первенцев, Рианнок, много лет назад отправился уничтожить Маздака»."
"""Me too! Or I try to anyway. I'm still real little though, but I can be a big help! Want to see?""","«Я тоже! Или я, во всяком случае, пытаюсь. Хотя я ещё очень маленький, но могу оказать большую помощь! Хочешь посмотреть?»"
"""Me, I'm fighting for my daughters. All three of 'em. Thinking about them keeps me going.""",«Я борюсь за своих дочерей. За всех троих. Мысли о них помогают мне идти вперёд».
"""Me, either. Let's go.""",— Я тоже. Пойдём.
"""Me, too. He's one of the reasons I decided to join the Guild Initiative. I'm no adventurer, but I can keep 'em fed.""","«Я тоже. Он — одна из причин, по которой я решил присоединиться к Инициативе Гильдии. Я не искатель приключений, но я могу их накормить»."
"""Me, too. I'd be slinging fish if it weren't for the jobs here.""","«Я тоже. Я бы ловил рыбу, если бы не работа здесь»."
"""Meat's meat, and a charr's got to eat.""","«Мясо есть мясо, а чарру нужно есть»."
"""Med kit construction requires sutures, bandages, and medicine.""","«Для изготовления аптечки требуются швы, бинты и лекарства»."
"""Medic! We need a medic over here! Commander Talon, hold on. You'll be all right.""","«Медик! Нам здесь нужен медик! Командир Коготь, держитесь. С вами все будет в порядке»."
"""Meditation on Alacrity: once obtained, your team's movement speed is increased.""",«Медитация на рвение: после получения скорость передвижения вашей команды увеличивается».
"""Meditation on Ferocity: once obtained, all members of your team have increased offensive stats.""",«Медитация на свирепость: после получения все члены вашей команды повышают атакующие характеристики».
"""Meditation on Ferocity: once obtained, your team gains +3 points for each kill.""",«Медитация на свирепость: после получения ваша команда получает 3 очка за каждое убийство».
"""Meditation on Ferocity: once obtained, your team gains +5 points for each kill.""",«Медитация на свирепость: после получения ваша команда получает 5 очков за каждое убийство».
"""Meditation on Protection: once obtained, all members of your team have increased defensive stats.""",«Медитация на защиту: после получения у всех членов вашей команды улучшаются защитные характеристики».
"""Meditation on Singularity: once obtained, all members of your team have all stats improved.""",«Медитация о сингулярности: после получения у всех членов вашей команды улучшаются все характеристики».
"""Meditation on Stillness: once obtained, your team receives double points for each captured point.""",«Медитация на неподвижность: после получения ваша команда получает двойные очки за каждое захваченное очко».
"""Meditation on Tranquility: once obtained, your team automatically owns all capture points.""",«Медитация на спокойствие: после получения ваша команда автоматически становится владельцем всех точек захвата».
"""Medium armor, inventory packs, and runes.""","«Средние доспехи, наборы инвентаря и руны»."
"""Meet Adherent Avyn—Thornbloom's most dedicated servant—and complete the """"Take part in the ritual of the Sheltered Ones"""" event.""",«Познакомьтесь с Приверженцем Эйвином — самым преданным слугой Торнблума — и завершите событие «Примите участие в ритуале Укрытых»».
"""Meet Kash and help them lead the Hullgardeners in the """"Escort the castaways into freebooter territory to pillage and plunder"""" event.""","«Встретьтесь с Кашем и помогите им возглавить Халлгарденцев в событии «Сопроводите потерпевших кораблекрушение на территорию флибустьеров, чтобы грабить и грабить»»."
"""Meet the leader of suntanning castaways, Ursulette, and successfully complete the """"Keep the Hullgardeners comfortable while they work on their tans"""" event.""","«Познакомьтесь с лидером загоревших, Урсулетт, и успешно завершите мероприятие «обеспечьте комфорт жителям Халлгардена, пока они работают над загаром»»."
"""Meet the locals and learn about their history, stories, and struggles.""","«Познакомьтесь с местными жителями и узнайте об их истории, историях и борьбе»."
"""Meet wannabe freebooter royalty Jessica and Jimmy, and successfully complete the Hammerhart Rumble! world boss event.""",«Познакомьтесь с подражателями королевских разбойников Джессикой и Джимми и успешно завершите событие с мировым боссом Hammerhart Rumble!».
"""Meet with Gorr, the inventor, and test his new weapon.""",«Встретьтесь с изобретателем Горром и испытайте его новое оружие».
"""Meet with Gorrik, Taimi, and Yao.""","«Встретьтесь с Горриком, Тайми и Яо»."
"""Meet—and defeat—the rat king, a leader among rodents.""","«Встретьтесь и победите крысиного короля, лидера среди грызунов»."
"""Melandru respects those who walk a path of balance—to live within nature and not apart. To understand destruction and protection, and to know there is a time for each. Do you follow her teachings?""","«Меландру уважает тех, кто идет по пути баланса – жить в природе, а не отдельно. Понимать разрушение и защиту и знать, что для каждого свое время. Следуешь ли ты её учениям?»"
"""Melandru, the goddess of nature, blessed me when I was young.""","«Меландру, богиня природы, благословила меня, когда я был молод»."
"""Melandru—the goddess of nature, earth, and growth—can be found in every harvest and every flower. She smiles upon those, like me, who have an affinity with animals. I am a follower of Melandru.""","«Меландру — богиню природы, земли и роста — можно найти в каждом урожае и каждом цветке. Она улыбается тем, кто, как и я, имеет близость к животным. Я последователь Меландру»."
"""Melee attacks become ranged, have an increased chance to critically hit, and apply vulnerability. Unlocks the Mech Command skill Spark Revolver.<br>""","«Атаки ближнего боя становятся дальними, имеют повышенный шанс нанести критический удар и повышают уязвимость. Открывает навык командования мехами «Искровой револьвер».<br>»"
"""Meliza thought she saw an ancient plate sticking out of the dirt west of the Inquest's Command Complex. She was on her skimmer, so it was likely along the ravine.""","«Мелизе показалось, что она увидела древнюю плиту, торчащую из грязи к западу от командного комплекса дознания. Она была на своем скиммере, так что, скорее всего, она находилась вдоль ущелья»."
"""Meliza's map is annotated with circled areas and hastily scribbled hypotheses, along with a request in the margin: """"Take detailed notes before collection. Artifacts are meaningless without context!""""""","«Карта Мелизы отмечена обведенными областями и наспех нацарапанными гипотезами, а также просьбой на полях: «Перед сбором делайте подробные записи. Артефакты бессмысленны без контекста!»»»"
"""Melki, Misshapen Offering""","«Мельки, деформированное подношение»"
"""Members of the Crystal Bloom, an organization associated with the dragon Aurene, are being detained for questioning.""","«Члены Хрустального Цветения, организации, связанной с драконом Орин, задержаны для допроса»."
"""Members of the Lionguard, including a knight of the Vigil, have gone missing in Lion's Arch. Reports indicate they may have been dragged into the sewers by something living beneath the city. Almorra has asked us to check it out.""","«Члены Львиной стражи, в том числе рыцарь Дозора, пропали без вести в Львиной Арке. В сообщениях говорится, что их могло затащить в канализацию что-то, живущее под городом. Альморра попросила нас это проверить»."
"""Memoirs of Captain Greywind, Unabridged""","«Воспоминания капитана Грейвинда, полные»"
"""Memories lost, memories gained... Is it duty or freedom you seek?""","«Воспоминания потеряны, воспоминания обретены... Чего ты ищешь — долга или свободы?»"
"""Men, get these landlubbers outta here!""","«Мужчины, уберите отсюда этих сухопутных людей!»"
"""Mend injured miners, collapse skritt holes, and stop skritt thieves.""","«Лечите раненых шахтеров, обрушивайте ямы скриттов и останавливайте скриттов-воров»."
"""Mend the refugee's injuries in the prescribed order, wipe Zaishen graffiti off temple walls, and cheer up disheartened refugees.""","«Залечите раны беженца в установленном порядке, сотрите граффити Зайшена со стен храма и подбодрите обескураженных беженцев»."
"""Mender Aviala said that the trolls in the woods had their own antidote to the deadly rotsap poison, and that a sylvari version could be adapted from one of the crude troll salves. Now to obtain that poultice and get out in one piece!""","«Мендер Авиала сказал, что у лесных троллей есть собственное противоядие от смертельного яда гнильца, и что версию сильвари можно адаптировать из одной из грубых тролльих мазей. Теперь нужно получить этот припарки и выбраться отсюда целым и невредимым!»"
"""Mepi's wife Cassie, who helps run the moa ranch in Queensdale, would probably appreciate it if this were returned to her.""","«Жена Мепи Кэсси, которая помогает управлять ранчо моа в Квинсдейле, вероятно, была бы признательна, если бы это ей вернули»."
"""Merchant, I'm calling you out! Stop taking advantage of these people.""","«Купец, я вызываю тебя! Прекрати пользоваться этими людьми»."
"""Mergath Flarekin used to be just your father's second. In Forktail's absence, he has risen to legionnaire of his Flame Legion warband. Now he's ready to initiate a powerful ritual and destroy the Black Citadel's highest-ranking officers.""",«Раньше Мергат Фларекин был всего лишь секундантом твоего отца. В отсутствие Вилохвоста он стал легионером своей банды Легиона Пламени. Теперь он готов инициировать мощный ритуал и уничтожить самых высокопоставленных офицеров Чёрной Цитадели».
"""Merge with the ley lines, and become invulnerable for a brief time.""",«Следитесь с силовыми линиями и на короткое время станьте неуязвимым».
"""Mess amassing! The autotargeting is glommed on you now, and it won't let go!""",«Надвигается бардак! Теперь на вас наведен автонацеливание и не отпускает!»
"""Messenger Nelson: Help! Somebody, help me! The team studying Rankor Ruins was overwhelmed by the undead!""","«Посланник Нельсон: Помогите! Кто-нибудь, помогите мне! Команда, изучающая Ранкорские руины, была захвачена нежитью!»"
"""Met a sylvari the other day. Curious lot, they are.""",«На днях встретил сильвари. Любопытные они люди».
"""Metal Legion """"Imperator"""" Size""","«Металлический Легион», «Император», «Размер»"
"""Metal Legion """"Soldier"""" Size""","«Металлический Легион», «Солдат», «Размер»"
"""Metal Legion """"Tribune"""" Size""","«Металл Легион», «Трибуна», «Размер»"
"""Meteorlogicus was designed by a sylvari astrologer, Surya—a love letter to the sky. She once used the orrery to trace a thunderous cloud that lurked on the horizon. She knew then: a dragon had awoken.""","«Метеорлогикус был создан астрологом сильвари Сурьей — любовное письмо небу. Однажды она использовала Оррери, чтобы отследить грозовую тучу, скрывавшуюся на горизонте. Тогда она поняла: проснулся дракон»."
"""Meteorlogicus, the legendary scepter. Your profession cannot equip this weapon.""","«Метеорлогикус, легендарный скипетр. Ваша профессия не может использовать это оружие»."
"""Meticulously and painfully researched. """"To go upward, sometimes you need to briefly go downward.""""""","""Тщательно и кропотливо исследовано. """"Чтобы пойти вверх, иногда нужно ненадолго спуститься вниз."""""""
"""Metrica Province is the domain of the asura of Rata Sum. The landscape is littered with their private laboratories and discarded experiments, and entire landscapes have been transformed under the not-so-gentle hands of these small geniuses.""","«Провинция Метрика — это владения асур Рата Сум. Ландшафт усеян их частными лабораториями и заброшенными экспериментами, и целые ландшафты были преобразованы под не очень нежными руками этих маленьких гениев»."
"""Might as well let me out. I won't be in here long, anyway.""","«Может, выпусти меня. В любом случае, я здесь долго не пробуду»."
"""Might be nothing, but if it's Mordrem, it's better off dead. Right, big guy?""","«Может быть, и ничего, но если это Мордрем, то лучше умереть. Верно, здоровяк?»"
"""Might effectiveness increased. When this expires, all might stacks are removed from you.""",«Эффективность мощи увеличена. По истечении этого срока все заряды мощи снимаются с вас».
"""Mighty, huh? Sounds too good to be true.""","«Могущественно, да? Звучит слишком хорошо, чтобы быть правдой»."
"""Mikkel Toivosson has been the Big Brawl champion for a year, and he's spent that time rubbing it in everyone's face. He beat you unfairly—and now it's time for some payback.""","«Миккель Тойвоссон был чемпионом Big Brawl в течение года, и все это время он втирал это всем в лицо. Он победил вас несправедливо — и теперь пришло время расплаты»."
"""Mikkel Toivosson is the current Big Brawl champion, with a well earned reputation for two things: his fighting skill, and his arrogant, abrasive personality. Many in Hoelbrak would love to see this cruel and bullying braggart knocked off his championship throne.""","«Миккель Тойвоссон — нынешний чемпион Big Brawl, заслуживший репутацию благодаря двум вещам: своим боевым навыкам и высокомерному, резкому характеру. Многие в Хельбраке хотели бы, чтобы этого жестокого и задиристого хвастуна сбросили с его чемпионского трона»."
"""Mina Starling operates a shooting gallery in the shadow of one of the great high roads. Its clockwork mechanisms have been provided by Minister Caudecus, for the benefit of all.""",«Мина Старлинг управляет тиром в тени одной из великих дорог. Её часовые механизмы были предоставлены министром Каудекусом на благо всех».
"""Minero[f:""""Minera""""] de End of Dragons del dia""","""Minero[f:""""Minera""""] Конца Драконов дня"""
"""Miners, minors...how was I supposed to know I was hiring ten-year-olds? They can still dig if they want to!""","«Шахтеры, несовершеннолетние… откуда мне было знать, что я нанимаю десятилетних детей? Они все ещё могут копать, если захотят!»"
"""Mini Murakai, Doomlore's Bane""","«Мини Муракай, проклятие Думлора»"
"""Mini Peggellegg the """"Pirate""""""","""Мини Пеггеллегг, ""Пират"""""""
"""Mini Ryland, Champion of Jormag""","""Мини Райланд, Чемпион Йормага"""
"""Mini Zuzu, Cat of Darkness""","«Мини Зузу, Кот тьмы»"
"""Mini jackal pups are handcrafted with specially selected runes to be the perfect eternal puppy.<br>Combine 1 Yellow and 2 Green Mini Jackal Pups with 8 Unidentified Dyes in the Mystic Forge to create a Mini White Jackal Pup.<br>Combine a Green, Blue, and Red Mini Jackal Pup with 8 Unidentified Dyes in the Mystic Forge to create a Mini Black Jackal Pup.""","«Детеныши мини-шакала изготавливаются вручную со специально подобранными рунами, чтобы стать идеальным вечным щенком.<br>Объедините 1 жёлтого и 2 зелёных щенков мини-шакала с 8 неопознанными красками в Мистической кузнице, чтобы создать мини-детенка белого шакала.<br>Объедините зелёного, синего и красного щенка мини-шакала с 8 неопознанными красками в Мистической кузнице, чтобы создать мини-детенка чёрного шакала»."
"""Mini jackal pups are handcrafted with specially selected runes to be the perfect eternal puppy.<br>Combine a Green, Blue, and Red Mini Jackal Pup with 8 Unidentified Dyes in the Mystic Forge to create a Mini Black Jackal Pup.""","«Детеныши мини-шакала изготавливаются вручную со специально подобранными рунами, чтобы стать идеальным вечным щенком.<br>Объедините зелёного, синего и красного щенка мини-шакала с 8 неопознанными красками в Мистической кузнице, чтобы создать щенка мини-чёрного шакала»."
"""Mini jackal pups are handcrafted with specially selected runes to be the perfect eternal puppy.<br>Combine a Red, White, and Black Mini Jackal Pup with 12 Unidentified Dyes in the Mystic Forge to create a Mini Gold Jackal Pup.<br>Combine 1 Black and 2 Gold Mini Jackal Pups with 20 Unidentified Dyes in the Mystic Forge to create a Mini Stardust Jackal Pup.""","«Детеныши мини-шакала изготавливаются вручную со специально подобранными рунами, чтобы стать идеальным вечным щенком.<br>Объедините красного, белого и чёрного щенка мини-шакала с 12 неопознанными красками в Мистической кузнице, чтобы создать мини-золотого щенка шакала.<br>Объедините 1 чёрного и 2 золотых щенков мини-шакала с 20 неопознанными красками в Мистической кузнице, чтобы создать мини-детеныша шакала звёздной пыли»."
"""Miniatures are collectible toy versions of creatures, heroes, and villains from Tyria that follow you through the world. From the Miniatures section of the Hero Panel, select one of the miniatures you've collected to join you.""","«Миниатюры — это коллекционные игрушечные версии существ, героев и злодеев из Тирии, которые следуют за вами по всему миру. В разделе «Миниатюры» на панели героев выберите одну из собранных вами миниатюр, чтобы она присоединилась к вам»."
"""Mining Air Filter, Brotherhood Special""","«Шахтерский воздушный фильтр, Специальное предложение Братства»"
"""Mining Air Filter, Grade A""",«Фильтр шахтный воздушный марки А»
"""Mining Air Filter, Security Spec""","«Горный воздушный фильтр, спецификация безопасности»"
"""Mining? But you just got here! Pull up a chair, have a bite to eat.""","— Горное дело? Но ты только что пришёл! Пододвинь стул, перекуси."
"""Minions deal more damage and take conditions from you. When a minion attacks, it transfers conditions to its target.<br><c=@reminder>There is a 10 second cooldown per minion.</c>""","«Миньоны наносят больше урона и получают от вас состояния. Когда миньон атакует, он передает состояния своей цели.<br><c=@reminder>У каждого миньона есть 10-секундное время восстановления.</c>»"
"""Minions, drive them back! Defend the brazier!""","«Миньоны, отгоните их! Защитите жаровню!»"
"""Minister Caudecus is loyal to the crown, even if he and I disagree.""","«Министр Каудекус верен короне, даже если мы с ним не согласны»."
"""Minister Caudecus is not at home as repairs are being made to his manor. However, something is afoot.""","«Министра Каудекуса нет дома, так как в его поместье идет ремонт. Однако что-то происходит»."
"""Minister Caudecus seems to know the most interesting people, eh?""","«Кажется, министр Каудекус знаком с самыми интересными людьми, а?»"
"""Minister Kent Duran is Kryta's ambassador to the Ebonhawke treaty negotiation. His recommendation was that we use our information on Ajax's attack to our advantage; set an ambush at Summit Peak, and be ready for the renegades when they attack.""","«Министр Кент Дюран — посол Крайты на переговорах по договору в Эбонхоке. Его рекомендация заключалась в том, чтобы мы использовали нашу информацию о нападении Аякса в своих интересах; устроили засаду на Саммит-Пике и были готовы к нападению ренегатов»."
"""Minister Li is putting together a task force, investigating a severe uptick in crime throughout the region.""","«Министр Ли формирует рабочую группу, которая расследует серьёзный всплеск преступности во всем регионе»."
"""Minister Li, head of Cantha's Ministry of Security, has ordered your squad to be apprehended on dubious charges. Fight your way out of the ambush so you can prove your innocence.""","«Министр Ли, глава Министерства безопасности Канты, приказал задержать ваш отряд по сомнительным обвинениям. Пробейтесь из засады, чтобы доказать свою невиновность»."
"""Minister Preeda's Notes on """"Purity's Embrace""""""",«Заметки министра Приды о «Объятиях чистоты»»»
"""Minister Zamon, a respected and powerful official in Divinity's Reach, is suspected of aiding the bandits. Logan Thackeray needs more evidence before he can accuse Zamon, so a plan has been hatched to collect more information at a dinner party packed with Zamon's peers.""","«Министр Замон, уважаемый и влиятельный чиновник в Divinity's Reach, подозревается в пособничестве бандитам. Логану Теккерею нужно больше доказательств, прежде чем он сможет обвинить Замона, поэтому был разработан план собрать больше информации на званом обеде, заполненном коллегами Замона»."
"""Minister, I understand, but—""","— Министр, я понимаю, но…"
"""Minister, do you think our recent border reopening and the uptick in violence are at all related?""","«Министр, считаете ли вы, что недавнее открытие границ и всплеск насилия вообще связаны между собой?»"
"""Ministry Guard: Sir, yes, sir!""","«Министерская стража: Сэр, да, сэр!»"
"""Ministry Sergeant: Attention! Stand up straight, Private!""","«Сержант министерства: Внимание! Встаньте прямо, рядовой!»"
"""Ministry Sergeant: You! Upstairs, double-time. I mean now!""","«Министерский сержант: Вы! Наверх, дважды. Я имею в виду сейчас!»"
"""Ministry of Justice Rulings, 1738–1741 CC""",«Постановления Министерства юстиции 1738–1741 гг».
"""Mink's malfunctioning golem almost got everyone killed! I beat up a shady merchant named Vellon, but I'm starting to think Mink isn't the one who messed with my invention. He just hasn't got the brains for it.""","«Неисправный голем Минка чуть не убил всех! Я избил сомнительного торговца по имени Веллон, но начинаю думать, что это не Минк испортил мое изобретение. У него просто не хватило на это мозгов»."
"""Minotaurs have been behaving even more aggressively than usual, attacking norn caravans. Someone needs to find out what's going on and put a stop to it.""","«Минотавры ведут себя ещё более агрессивно, чем обычно, нападая на караваны норнов. Кто-то должен выяснить, что происходит, и положить этому конец»."
"""Minster Caudecus, Lord Beetlestone, is hosting a party for celebrate the charr/human detente. Her majesty, Queen Jennah, will be attending.""","«Министр Каудекус, лорд Битлстоун, устраивает вечеринку в честь чарр/человеческой разрядки. На ней будет присутствовать Её Величество королева Дженна»."
"""Minster Caudecus, Lord Beetlestone, is hosting a party to celebrate the charr/human detente. Her majesty, Queen Jennah, will be attending.""","«Министр Каудекус, лорд Битлстоун, устраивает вечеринку, посвященную разрядке чарр/человеческой напряженности. На ней будет присутствовать Её Величество королева Дженна»."
"""Mira, the island is overwhelmed. We have to evacuate the Lionguard and ignite the watchtowers to warn the city.""","«Мира, остров захвачен. Нам нужно эвакуировать Львиную стражу и поджечь сторожевые башни, чтобы предупредить город»."
"""Mirai, there's not enough time to beg for your forgiveness, and I don't deserve it anyway. I should've been better.""","«Мирай, у меня недостаточно времени, чтобы просить у тебя прощения, и я все равно его не заслуживаю. Я должен был быть лучше»."
"""Mirror, Mirror""","«Зеркало, зеркало»"
"""Mirror, mirror, from the sand...""","«Зеркало, зеркало, из песка...»"
"""Missile hits launch a rocket at your target. After enough rockets have been fired, an orbital strike is called instead.<br><c=@reminder>This trait has an internal cooldown.</c>""",«Попадания ракет запускают ракету в вашу цель. После запуска достаточного количества ракет вместо этого вызывается орбитальный удар.<br><c=@reminder>Эта черта имеет внутреннее время восстановления.</c>»
"""Missing since the final battle with Palawa Joko, this staff is far too powerful a tool of darkness to leave unaccounted for.""","«Этот посох, пропавший после финальной битвы с Палавой Джоко, слишком мощный инструмент тьмы, чтобы оставлять его без внимания»."
"""Mission accomplished. You're heroes now boys and girls, congratulations. Report back to Smokestead.""","«Миссия выполнена. Теперь вы герои, мальчики и девочки, поздравляю. Доложите в Смоукстед»."
"""Mistakes from a lifetime ago, best forgotten.""","«Ошибки, совершенные целую жизнь назад, лучше забыть»."
"""Mistlock Instability: No Pain, No Gain""","«Нестабильность туманного замка: нет боли, нет выгоды»"
"""Mistress Zinga taught me that the best form of magic is good old-fashioned luck. She liked to say, """"Planning ahead is for ninnies who think they can predict every possible outcome. The future is mutable! Go with the flow!""""""","«Госпожа Зинга научила меня, что лучшая форма магии — это старая добрая удача. Она любила говорить: «Планирование наперед — удел дураков, которые думают, что могут предсказать любой возможный исход. Будущее изменчиво! Плывите по течению!»»»"
"""Mists, be ready for me!""","«Туманы, будьте готовы ко мне!»"
"""Mix up these groups a bit more, Commander. They have to learn to trust each other.""","«Смешайте эти группы ещё немного, коммандер. Они должны научиться доверять друг другу»."
"""Mm, that's not right. You should go learn more about Eir.""","«Мм, это неправильно. Тебе следует пойти узнать больше об Эйр»."
"""Mm-hm, not bad. Not bad at all!""","«Мм-хм, неплохо. Совсем неплохо!»"
"""Mm-hmm. So, I guess that means I'm free now.""","«М-м-м. Итак, я думаю, это означает, что я теперь свободен»."
"""Mm. Not a crap catch. Pretty good, even for you. What'd you do, bribe 'em?""","«Мм. Не дерьмовый улов. Довольно неплохо, даже для тебя. Что ты сделал, подкупил их?»"
"""Mmm, delectable.""","«М-м-м, восхитительно»."
"""Mmm, smell that (gulp) fish.""","«М-м-м, понюхай эту рыбу»."
"""Mmm. You smell like you've been knee-deep in Mordrem corpse. I'll trade you bandit crests for any parts you've got, but I'm especially interested in Mordrem fangs.""","«М-м-м. От тебя пахнет так, будто ты по колено в трупе Мордрема. Я отдам тебе бандитские гребни на любые части, которые у тебя есть, но меня особенно интересуют клыки Мордрема»."
"""Mmmm, want to look so bad, but it hurts! So much, too much.""","«М-м-м-м, так хочется выглядеть, но больно! Так сильно, слишком сильно»."
"""Mmmm. I love me some fish, but I could do with a drake kabob.""","«М-м-м-м. Я люблю немного рыбы, но мне не помешало бы и кебаб из селезня»."
"""Mobility-affecting conditions. (Chill, Cripple, Fear, Immobilize.)""","«Условия, влияющие на подвижность. (Озноб, Калека, Страх, Обездвиживание.)»"
"""Modulation array capped at 17,000 oscillations in 7 hours, 27 minutes. Estimated duration to achieve cap at 40 oscillations per minute?""",«Масштаб модуляции ограничен 17 000 колебаний за 7 часов 27 минут. Расчётная продолжительность достижения предела в 40 колебаний в минуту?»
"""Mom set me up out here away from the fields, but she stayed behind to help others.""","«Мама поселила меня здесь, вдали от полей, но она осталась, чтобы помогать другим»."
"""Money for me, merchandise for the guild...""","«Деньги мне, товары для гильдии…»"
"""Mordrem Reseachers, located at the Durmand Priory, collect Mordrem Blooms in exchange for goods.""","«Исследователи Мордрема, находящиеся в монастыре Дурманд, собирают цветы Мордрема в обмен на товары»."
"""Mordrem have breached Tarir, placing Glint's offspring in peril. Our outposts are coordinating a counterattack.""","«Мордрем прорвался в Тарир, подвергнув отпрысков Глинта опасности. Наши аванпосты координируют контратаку»."
"""Mordrem, go forth! Raze the watchposts! Attack the city! Destroy their barrier!""","«Мордрем, вперёд! Снесите сторожевые посты! Атакуйте город! Уничтожьте их барьер!»"
"""Mordrem, muster our forces for their destruction!""","«Мордрем, собери наши силы для их уничтожения!»"
"""Mordremoth ambushed the Pact fleet at the edge of the Maguuma Jungle. The fate of the Pact assault force and our comrades Trahearne, Logan, Zojja, and Eir is unknown...but it doesn't look good. As Pact commander, it's my responsibility to pick up the pieces and carry on. I won't abandon my friends, and I won't give up my world without a fight.""","«Мордремот устроил засаду на флот Пакта на окраине джунглей Магуума. Судьба штурмового отряда Пакта и наших товарищей Трахёрн, Логана, Зоджи и Эйр неизвестна... но выглядит это не очень хорошо. Как командир Пакта, я обязан собирать осколки и продолжать идти вперёд. Я не брошу своих друзей и не отдам свой мир без боя»."
"""Mordremoth is making its move. It destroyed the fleet, and now it's pressing the advantage.""",«Мордремот делает ход. Он уничтожил флот и теперь пользуется преимуществом».
"""Mordremoth tried to twist our minds into believing that more of our compatriots had turned against us; he was not only a threat to our lives, but to our sanity as well. But once again we proved ourselves up to the task and showed that true power comes from the bonds we forge from loyalty, not subservience. The Jungle Dragon's mental and magical defenses were formidable, but we prevailed.""","«Мордремот пытался заставить нас поверить в то, что все больше наших соотечественников восстали против нас; он представлял угрозу не только для нашей жизни, но и для нашего здравомыслия. Но мы ещё раз доказали, что справимся с этой задачей, и показали, что истинная сила исходит из уз, которые мы создаем из лояльности, а не из подчинения. Ментальная и магическая защита Дракона Джунглей была огромной, но мы победили»."
"""Mordremoth's surprise counterattack totally destroyed the Pact's airship fleet. The surviving Pact soldiers are disorganized and demoralized, with Marshal Trahearne and Destiny's Edge missing in action.""","«Внезапная контратака Мордремота полностью уничтожила флот дирижаблей Пакта. Выжившие солдаты Пакта дезорганизованы и деморализованы, а маршал Трахёрн и Destiny's Edge пропали без вести»."
"""Mordremoth, guide my hand!""","«Мордремот, направь мою руку!»"
"""More Information, and Our Thanks""",«Дополнительная информация и наша благодарность»
"""More accurately a master of undeath, Zhaitan has the ability to convert corpses into minions with his very breath.""","«Точнее, Зайтан, мастер нежити, обладает способностью одним своим дыханием превращать трупы в приспешников»."
"""More beer, I say.""","— Ещё пива, говорю."
"""More come, yes?""","""Ещё придёт, да?"""
"""More food, I imagine. You never get enough.""","«Я думаю, больше еды. Тебе никогда не будет достаточно»."
"""More like Palaver Joko, am I right?""","«Больше похоже на Палавер Джоко, я прав?»"
"""More like royal, as I interpret it. Like Queen Jennah or the ancient royals of Orr.""","«Больше похоже на королевскую семью, как я это понимаю. Как королева Дженна или древние члены королевской семьи Орра»."
"""More refugees. If this keeps up, we'll have to move into the Mists.""","«Больше беженцев. Если так будет продолжаться, нам придётся перебраться в Туманы»."
"""More than a Hero, a Symbol""","«Больше, чем герой, символ»"
"""More than two hundred years ago, the hero honored here found glory after the Guild Wars, when Prophecies were fulfilled in Tyria, when Factions were united in Cantha, and Nightfall fell upon Elona.""","«Более двухсот лет назад почитаемый здесь герой обрел славу после Войн Гильдий, когда Пророчества исполнились в Тирии, когда Фракции объединились в Канте, а на Элону обрушились Сумерки»."
"""More violets, I say. Less violence.""",«Я говорю: больше фиалок. Меньше насилия».
"""More violets, less violence.""","«Больше фиалок, меньше насилия»."
"""Morph into an invulnerable, vaporous cloud for a brief time.""",«Превратитесь на короткое время в неуязвимое парообразное облако».
"""Mortal, you've proven to be quite clever.""","«Смертный, ты оказался весьма умным»."
"""Mortars loaded and ready for deployment, Warmaster.""","«Момёты заряжены и готовы к использованию, Воитель»."
"""Morwood Wilds: Behind the vine wall, but be aware that timing is everything!""","«Дикой Морвуда: За стеной виноградной лозы, но знайте, что время решает все!»"
"""Most are at the Peace Summit up north. We have some reinforcements, but it's just a handful of us left to deal with the ogres. And that's spooking all of us here.""","«Большинство из них находятся на Мирном Саммите на севере. У нас есть кое-какие подкрепления, но нас осталось лишь горстка, чтобы разобраться с ограми. И это пугает всех нас здесь»."
"""Most beloved of the water djinn, Mini Aqua Jackal Pups are created with the magic water from the Enchanted Bluffs.""",«Самые любимые водными джиннами щенки шакала Mini Aqua созданы из волшебной воды из Зачарованных Утесов».
"""Most golems are powerhouses, designed for warfare. They show absolutely no subtlety or originality of design. My golem was compact and efficient, and it had an unparalleled package of features. It revolutionized lab cleanup, and it mixed a great cocktail too.""","«Большинство големов — это мощные машины, созданные для ведения войны. В них нет абсолютно никакой утонченности или оригинальности конструкции. Мой голем был компактным и эффективным, и у него был беспрецедентный набор функций. Он произвел революцию в уборке лабораторий, а также приготовил отличный коктейль»."
"""Most of Lion's Arch's citizens have set camp just outside Vigil Keep. Asura gates, the city bank, the Black Lion trading post, and other various merchants have reestablished their services in the keep itself.""","«Большинство жителей Львиной Арки разбили лагерь недалеко от Крепости Бдения. Ворота Асуры, городской банк, торговый пост Чёрного Льва и другие различные торговцы восстановили свои услуги в самой крепости»."
"""Most of the track is long straightaways suited to acceleration, but the midpoint has a series of corners and jumps. Don't get caught off guard.""","«Большая часть трассы длинная и сразу подходит для ускорения, но в средней точке есть ряд поворотов и трамплинов. Не заставайте себя врасплох»."
"""Most treasure is locked up tight. Only way to get at it is with the proper key. If you happen across a key, bring it to me, and I can tell you where to find the accompanying chest.""","«Большая часть сокровищ надёжно заперта. Добраться до них можно только с помощью подходящего ключа. Если вам попадется ключ, принесите его мне, и я скажу вам, где найти соответствующий сундук»."
"""Most treasures that the Wizard's Vault safeguards are held within the tower. For those with a certain prominence, danger, or conceptual risk, the wizards devised this alternative, tucked in the Mists.""","«Большинство сокровищ, которые охраняет Хранилище Волшебника, хранятся внутри башни. Для тех, кто обладает определенной известностью, опасностью или концептуальным риском, волшебники разработали эту альтернативу, спрятанную в Туманах»."
"""Mother Tree, I am sure by now you have heard of the destruction at Claw Island. Zhaitan is attacking in force.""","«Мать-Древо, я уверен, что вы уже слышали о разрушениях на острове Когтя. Зайтан атакует силой»."
"""Mother of illusion, grant me your strength.""","«Мать иллюзий, дай мне свою силу»."
"""Mother says I have a good head on my shoulders; she says I'm bright. Today, for the first time, I prove her right.""","«Мама говорит, что у меня хорошая голова на плечах; она говорит, что я умный. Сегодня я впервые доказываю её правоту»."
"""Mother, what can you tell me about the Elder Dragons?""","«Мама, что ты можешь рассказать мне о Старших Драконах?»"
"""Motivate lazy farmers, destroy wasp nests, feed livestock, exterminate grubs, repair pipe leaks, clear spider eggs, and protect farmers from pirate ambushes.""","«Мотивируйте ленивых фермеров, уничтожайте осиные гнезда, кормите скот, уничтожайте личинок, устраняйте протечки труб, очищайте паучьи яйца и защищайте фермеров от пиратских засад»."
"""Motivate prisoners to work faster, throw scourgejaw ore into furnaces to make iron, and give the iron to the guards.""","«Мотивируйте заключенных работать быстрее, бросайте плетечелюстную руду в печи, чтобы сделать железо, и отдавайте железо охранникам»."
"""Moto's Super Adventure Box returns! Enter a world of excitement, adventure, and learning in Rata Sum!""","«Super Adventure Box от Moto возвращается! Окунитесь в мир азарта, приключений и обучения в Rata Sum!»"
"""Mount Balrior has begun erupting. Fireballs are raining from the sky, and flaming boulders are rolling down the mountain.""","«Гора Балриор начала извергаться. С неба льются огненные шары, а с горы катятся пылающие валуны»."
"""Mount your warclaw and use the Chain Pull ability to attach a spear to the wall, then move backwards to pull it down.""","«Смонтируйте свой боевой коготь и используйте способность «Тяга цепи», чтобы прикрепить копьё к стене, а затем отойдите назад, чтобы опустить его»."
"""Mount, One Off, Stand Alone""","«Маунт, один, одинокий»"
"""Mount, Raptor, Rapter, Springer, Jackal, Jackel, Jackle, Skiff, Skimmer, Griffon, Griffin, Gryphon, Roller, Beetle, Rollerbeetle""","«Маунт, Раптор, Раптер, Спрингер, Шакал, Джекель, Джекл, Скиф, Скиммер, Грифон, Грифон, Грифон, Роллер, Жук, Роллержук»"
"""Move it. The faster we kill these skritt, the faster we can raid the throne room.""","«Двигай его. Чем быстрее мы убьем этих скриттов, тем быстрее мы сможем совершить набег на тронный зал»."
"""Move swiftly in a direction, knocking back enemies you collide with.""","«Быстро двигайтесь в направлении, отбрасывая врагов, с которыми вы сталкиваетесь»."
"""Move the explosive toward the octovine, but don't let it explode too soon!""","«Переместите взрывчатку к октовину, но не позволяйте ей взорваться слишком рано!»"
"""Move your mouse over any goal, and it'll be highlighted on your compass.""","«Наведите указатель мыши на любую цель, и она будет выделена на вашем компасе»."
"""Move. The chief wants me to improve my aim, so I need to get on that turret.""","«Двигайтесь. Шеф хочет, чтобы я улучшил свою меткость, поэтому мне нужно попасть на эту турель»."
"""Movement speed reduced, and skills cooldown increased.""","«Скорость передвижения уменьшена, а время восстановления навыков увеличено»."
"""Moving on—if you'll just stand by your catch there, I can capture this moment of pride for you. Yes?""","«Идем дальше, если ты просто будешь стоять рядом со своим уловом, я смогу запечатлеть для тебя этот момент гордости. Да?»"
"""Mr. Ribbington, the Muscle""","""Мистер Риббингтон, Мускул"""
"""Mr. Sparkles and I fought our way into the Funhouse to rescue Zojja. Once inside, we found she had the Inquest goons who took her either on the run or unconscious, so you could also say we rescued them from her. In any case, we helped Zojja get out of the facility and destroyed the Inquest's vile incinerator golem, into which they had been feeding test subjects who had outlived their usefulness. Then Zojja informed us that our krewe chief Varkk had been working with the Inquest all along, and that the Inquest had kidnapped Pol. I had to decide: rescue my friend and krewemate Pol, or see that the traitor Varkk gets what he deserves?""","«Мистер Спарклз и я пробились в Дом Веселья, чтобы спасти Зоджу. Оказавшись внутри, мы обнаружили, что у неё были головорезы Дознания, которые схватили её либо в бегах, либо без сознания, так что можно также сказать, что мы спасли их от неё. В любом случае, мы помогли Зодже выбраться из объекта и уничтожили мерзкий голем-инспекционист Следствия, в который они скармливали испытуемых, переживших свою полезность. Затем Зоджа сообщила нам, что наш руководитель креве Варкк все это время работал со Следствием, и что Следствие похитило Пола, мне пришлось решить: спасти моего друга и товарища по команде Пола или сделать так, чтобы предатель Варкк получил по заслугам?"
"""Mrs. Legs, the Temptress""","«Миссис Легс, соблазнительница»"
"""Ms. Blood, the Assassin""","«Мисс Блад, убийца»"
"""Ms. Buzz, the Worker Bee""","""Мисс Базз, рабочая пчела"""
"""Ms. Jeeves needs a hardworking sort, used to large groups and sticky situations.""","«Мисс Дживс нужен трудолюбивый тип, привыкший к большим группам и неприятным ситуациям»."
"""Ms. Jeeves needs someone small, with a good nose and great jumping skills.""","«Мисс Дживс нужен кто-то маленький, с хорошим носом и отличными прыжковыми навыками»."
"""Ms. Jeeves needs someone with excellent hearing and night vision, as well as a loud howl.""","«Мисс Дживс нужен кто-то с отличным слухом и ночным зрением, а также с громким воем»."
"""Murakai is building strength from the souls of her servants. At 10 stacks, Murakai will unleash a massive shock wave through the area that will deal damage, inflict conditions, and knock back enemies.""","«Муракай черпает силу из душ своих слуг. При накоплении 10 зарядов Муракай выпускает мощную ударную волну по области, которая наносит урон, накладывает состояния и отбрасывает врагов»."
"""Mushrooms are safe! King Tyrunt gone! Happy, happy!""","«Грибы в безопасности! Король Тирунт ушёл! Счастлив, счастлив!»"
"""Mushrooms match quite well with ferns, you know? But I'm still working on the third part. It's definitely not sparkfly essence or frog legs.""","«Грибы очень хорошо сочетаются с папоротниками, понимаешь? Но я все ещё работаю над третьей частью. Это определенно не эссенция блесток или лягушачьи лапки»."
"""Mushrooms. Mushrooms everywhere. That's the key to it, I just know it. If only I knew the proper combinations.""","«Грибы. Грибы повсюду. Это ключ к этому, я просто знаю это. Если бы я только знал правильные комбинации»."
"""Musing Fox is keeping the many bridges safe and sound, but he needs help gathering supplies.""","«Musing Fox поддерживает множество мостов в целости и сохранности, но ему нужна помощь в сборе припасов»."
"""Must I be the one to deduce everything? Some idiot may have picked it up, or maybe a creature swallowed it. Get out there and find it, and I'll share a sliver of the glory with you when we get inside.""","«Должен ли я быть тем, кто все сделает вывод? Какой-то идиот, возможно, подобрал его, или, может быть, существо проглотило его. Выйди и найди его, и я поделюсь с тобой кусочком славы, когда мы проникнем внутрь»."
"""Must be serious to make you this chatty. I've got my orders, so I'm moving out.""","«Надо быть серьёзным, чтобы заставить тебя так болтать. У меня есть приказ, поэтому я ухожу»."
"""Must these things come to pass, Mother? Must I take up Caladbolg and travel into the heart of Orr?""","«Должно ли это случиться, Мать? Должен ли я взять Каладболг и отправиться в сердце Орра?»"
"""Mwah! My hero— Wait, who are you?""","«Мва! Мой герой… Подожди, а ты кто?»"
"""My Flame Legion comrades-in-arms: You will be pleased to learn of this newly discovered metal. It must be harvested as a liquid, but it can be molded afterward and responds well to magical input.""","«Мои соратники из Легиона Пламени: вам будет приятно узнать об этом недавно обнаруженном металле. Его нужно собирать в жидком виде, но потом его можно отлить в форму, и он хорошо реагирует на магическое воздействие»."
"""My Friends, the Smiths""",«Мои друзья Смиты»
"""My Priory explorers brought a biomantic siege capacitor, Marshal. Our top mystics have been working on it for some time. It could be useful.""","«Исследователи из Приората принесли биомантический осадный конденсатор, маршал. Наши лучшие мистики уже некоторое время работают над ним. Это может быть полезно»."
"""My Wolfborn and I have our hands full. Scattering our forces would put them, and Hoelbrak, at risk. Talk to the kid. He needs help I can't provide. Wolf go with you.""","«У меня и моего Волкорожденного полно дел. Рассредоточение наших сил поставит под угрозу их и Хоэлбрака. Поговори с ребенком. Ему нужна помощь, которую я не могу оказать. Волк пойдёт с тобой»."
"""My Wyld Hunt nearly suffocated me with the weight of its importance. I was so afraid I'd fail. I felt I could only trust myself. But in the end, the egg didn't choose me, it chose you.""","«Моя Дикая Охота почти задушила меня бременем её важности. Я так боялась, что потерплю неудачу. Я чувствовала, что могу доверять только себе. Но в конце концов яйцо выбрало не меня, оно выбрало тебя»."
"""My ancestors were driven from the heart of the earth, forced to live in this bright, wide world.""","«Мои предки были изгнаны из сердца земли, вынуждены жить в этом ярком, огромном мире»."
"""My assistant Yokko pinpointed the error, but it still took us days before we were able to bring you back.""","«Мой помощник Ёкко обнаружил ошибку, но нам потребовалось несколько дней, прежде чем мы смогли вернуть вас»."
"""My bear and I fight as a single unit. It takes only the slightest gesture to give a command, and then we're tearing through our enemies.""","«Мы с медведем сражаемся как единое целое. Достаточно малейшего жеста, чтобы отдать команду, и тогда мы прорываемся сквозь врагов»."
"""My bearkin can't harvest and fight them back at the same time. Wayfinder, please. We have to do this now.""","«Мой медвежонок не может одновременно собирать урожай и давать им отпор. Путеводитель, пожалуйста. Мы должны сделать это сейчас»."
"""My blueprints had been checked out three times from the Rata Sum archives, by three separate people: Mink, Keppa, and Councillor Haia. The archivist mentioned that Mink and Keppa hang out at the golem fights.""","«Мои чертежи трижды проверялись из архивов Рата Сум тремя разными людьми: Минком, Кеппой и советником Хайей. Архивариус упомянул, что Минк и Кеппа тусуются на битвах с големами»."
"""My body grows weaker, but my flames do not!""","«Мое тело слабеет, но мое пламя — нет!»"
"""My body will heal soon enough, even if my spirit will need longer to recover.""","«Мое тело скоро выздоровеет, даже если моему духу понадобится больше времени, чтобы восстановиться»."
"""My brain, your brawn. We'd make the perfect krewe.""","«Мой мозг, твоя мускулатура. Из нас получился бы идеальный креве»."
"""My brother's duty and my mother's destiny wouldn't have existed without my grandfather's hunger. If that's so, isn't a prophecy just knowing what must be done and who should do it?""","«Долг моего брата и судьба моей матери не существовали бы без голода моего деда. Если это так, то разве пророчество не просто знает, что должно быть сделано и кто должен это сделать?»"
"""My brothers, Wark and Wode, have opted not to join the Vigil. Instead of fighting dragonspawn, they play with harpies. I understand their motivations, but I also understand the seriousness of the dragonspawn. If you want a break from fighting Branded, Wark and Wode always need assistants.""","«Мои братья, Варк и Вуд, решили не присоединяться к Бдению. Вместо того, чтобы сражаться с драконьими отродьями, они играют с гарпиями. Я понимаю их мотивы, но я также понимаю серьёзность драконьего отродья. Если вы хотите отдохнуть от борьбы с Клейменным, Варку и Воду всегда нужны помощники»."
"""My business was all but dead back in Lion's Arch. I hear there's money to be made in Kessex Haven. I have a family to feed, after all.""","«Мой бизнес в Львиной Арке почти заглох. Я слышал, что в Кессекс-Хейвене можно заработать деньги. В конце концов, мне нужно кормить семью»."
"""My cat's missing. Gods, I hope she didn't wander into the swamp.""","«Моя кошка пропала. Боги, надеюсь, она не забрела в болото»."
"""My children deserve Faolain's gift, and with it I shall let them feast on the whole world.""","«Мои дети заслуживают подарка Фаолайн, и с его помощью я позволю им пировать на весь мир»."
"""My children, attack!""","«Дети мои, атакуйте!»"
"""My dad wants me to follow in his footsteps, but I got no head for it.""","«Мой отец хочет, чтобы я пошёл по его стопам, но у меня нет на это головы»."
"""My devotion cannot be vanquished, even in death. For Gaheron Baelfire has blessed me.""","«Моя преданность не может быть побеждена, даже после смерти. Ибо Гахерон Бэлфайр благословил меня»."
"""My dog has always stood by me, even against the most dangerous attackers. I couldn't ask for a better friend and ally.""","«Моя собака всегда поддерживала меня, даже против самых опасных нападавших. Я не мог и мечтать о лучшем друге и союзнике»."
"""My eyes are clear, and my heart is full! I can't lose!""","«Глаза мои ясны, а сердце полно! Я не могу проиграть!»"
"""My eyes are the keenest, my strength the greatest, my bravery the fiercest!""","«Мои глаза самые зоркие, моя сила самая большая, моя храбрость самая свирепая!»"
"""My eyes! My eyes! I can't see... By Kormir, it burns!""","«Глаза мои! Глаза мои! Я не вижу... Клянусь Кормиром, оно горит!»"
"""My father hunts dolyaks, cooks them up, and then sells the meat. Smells like smoke, but it's so good.""","«Мой отец охотится на долики, варит их, а потом продает мясо. Пахнет дымом, но оно такое вкусное»."
"""My father taught me more than he knew, and I'm going to turn all of those lessons to benefit the Order.""","«Мой отец научил меня большему, чем он знал, и я собираюсь использовать все эти уроки на благо Ордена»."
"""My father, Vallus Smokemane, has deserted his warband. Rytlock sent me to track Vallus down and bring him back alive. My first stop is in Human's Lament, where I will speak to Emer Whipmane, my father's legionnaire.""","«Мой отец, Валлус Дымчатая Грива, покинул свой отряд. Ритлок послал меня выследить Валлуса и вернуть его живым. Моя первая остановка — в Плаче Человека, где я поговорю с Эмер Клыкогривой, легионером моего отца»."
"""My father, the minister, claimed it was for my safety. Really, it was because I knew too much.""","«Мой отец, министр, утверждал, что это было ради моей безопасности. На самом деле, это потому, что я слишком много знал»."
"""My fighting skills are for hire, but I'm selective about my employers.""","«Мои боевые навыки можно нанять, но я избирательно отношусь к своим работодателям»."
"""My first advisor, the one who taught me almost everything I know (almost), was ______.""","«Моим первым советником, который научил меня почти всему, что я знаю (почти), был ______»."
"""My first mentor, who taught me the ways of asura and their krewes, always believed that the best way to deal with danger was to bring someone expendable.""","«Мой первый наставник, который научил меня путям асур и их крю, всегда считал, что лучший способ справиться с опасностью — это взять с собой кого-нибудь расходного материала»."
"""My first mentor, who taught me the ways of asura and their krewes, always believed that the best way to deal with danger was to carry a bigger weapon.""","«Мой первый наставник, который научил меня путям асур и их крю, всегда считал, что лучший способ справиться с опасностью — это носить более мощное оружие»."
"""My first mentor, who taught me the ways of asura and their krewes, always believed that the best way to deal with danger was to hit overload and hope for the best.""","«Мой первый наставник, который научил меня путям асур и их крю, всегда считал, что лучший способ справиться с опасностью — это перегрузиться и надеяться на лучшее»."
"""My first mentor, who taught me the ways of asura and their krewes, always believed that the best way to deal with danger was to trust in your luck.""","«Мой первый наставник, который научил меня путям асур и их крю, всегда считал, что лучший способ справиться с опасностью — это довериться своей удаче»."
"""My flamethrower wants to say """"hello.""""""",«Мой огнемет хочет сказать «привет»»».
"""My friend and I seek to right that wrong. We wish to fight Zhaitan, and take back what was lost. We've to come to ask your counsel.""","«Мой друг и я стремимся исправить эту ошибку. Мы хотим сразиться с Зайтаном и вернуть то, что было потеряно. Мы пришли спросить вашего совета»."
"""My friends and my family need me. No matter what, I can't let them down.""","«Я нужен моим друзьям и семье. Несмотря ни на что, я не могу их подвести»."
"""My friends! You are free. Now, join with us and spread this freedom to all of the oppressed.""",«Друзья мои! Вы свободны. Теперь присоединяйтесь к нам и распространите эту свободу среди всех угнетенных».
"""My gate may be down, but I'm still queen of this island! Now, come and taste my steel!""","«Мои ворота, возможно, и опущены, но я все ещё королева этого острова! А теперь приходите и попробуйте мою сталь!»"
"""My gratitude knows no bounds, kind champions. You have lessened my eternal burden, and so, I grant you this boon.""","«Моя благодарность не знает границ, добрые чемпионы. Вы облегчили мое вечное бремя, и поэтому я дарую вам это благо»."
"""My hands're tied. They need this equipment at the quarry, and I gotta bring back whatever jade I can carry.""","«У меня связаны руки. Им нужно это оборудование в карьере, и я должен вернуть весь нефрит, который смогу унести»."
"""My head's still ringing, but I'll answer best as I can.""","«У меня все ещё звенит голова, но я отвечу как смогу»."
"""My heart tells me that I was born for this fight, and yet when faced with it, I feel like a small reed whipping against a mountain. How can I fight against it without breaking?""","«Мое сердце говорит мне, что я рожден для этой борьбы, и все же, столкнувшись с ней, я чувствую себя маленькой тросточкой, бьющейся о гору. Как я могу бороться с ней, не сломавшись?»"
"""My initial twelve children are called the Firstborn. Riannoc was brother to Caithe, Trahearne, and the rest. He was as valiant as the shining sun.""","«Мои первые двенадцать детей называются Первенцами. Рианнок был братом Кейт, Трэхирна и остальных. Он был доблестным, как сияющее солнце»."
"""My intuition gives me the insight I need to guard the Mists, where the souls of our ancestors endure in glory.""","«Моя интуиция даёт мне понимание, которое мне нужно, чтобы охранять Туманы, где души наших предков пребывают во славе»."
"""My krewe and I presented our Massively Impressive Golem (MIG) before the Snaff Prize judges, and they were suitably impressed—until the MIG went haywire and ran off. We still took the Snaff Prize, but none of us can claim the title """"Snaff Prize Savant"""" until we recover the MIG.""","«Мы с Крю представили нашего Массивно впечатляющего голема (МИГ) перед судьями премии Снаффа, и они были соответственно впечатлены — пока МИГ не вышёл из строя и не сбежал. Мы все равно получили приз Снаффа, но никто из нас не может претендовать на звание «Ученый премии Снаффа», пока мы не вернем МИГ»."
"""My krewe and I presented our entry in the Snaff Prize competition: the Very Old Energy Detector, or VOED. The judges were impressed (eventually), and Zojja herself expressed support, so we not only walked away with the Snaff Prize, my krewe voted me the title of Snaff Savant. The VOED also pointed out something very powerful in the vicinity, so we went to see exactly what our detector detected.""","«Мы с моим крю представили нашу заявку на конкурс Снаффа: детектор очень старой энергии, или VOED. Судьи были впечатлены (в конце концов), и сама Зойджа выразила поддержку, так что мы не только ушли с призом Снаффа, но и мой креве проголосовал за меня за звание ученого Снаффа. VOED также указал на что-то очень мощное поблизости, поэтому мы пошли посмотреть, что именно обнаружил наш детектор»."
"""My krewe brought in a golem expert to consult on our MIG problem—Zojja herself. The Inquest interrupted our research by trying to kill us and burn our lab down, but we handled them like fresh produce and bruised their tender flesh. Then we decided that since the Inquest is so interested in our work, we should infiltrate their lab and see if they have anything that might help us extract Doxa from the MIG.""","«Моя креве пригласила эксперта по големам для консультации по нашей проблеме с МИГ — саму Зойджу. Следствие прервало наши исследования, пытаясь убить нас и сжечь нашу лабораторию, но мы обращались с ними как со свежими продуктами и поранили их нежную плоть. Затем мы решили, что, поскольку Следствие так заинтересовано в нашей работе, мы должны проникнуть в их лабораторию и посмотреть, есть ли у них что-нибудь, что могло бы помочь нам извлечь Доксу из МИГа»."
"""My krewe leader, Iida, left for the Battleground Plaza with our golem RCK-7550. I think she was meeting some other krewes there.""","«Лидер моих крю, Иида, уехала на площадь поля боя с нашим големом RCK-7550. Думаю, она встречалась там с какими-то другими креве»."
"""My krewe was preparing to study the artifact detected by the VOED when the Inquest stormed our lab and threatened everyone in the area if we didn't hand it over. We did, but they didn't realize the VOED gives us an edge: namely, it can lead us to the other pieces of the artifact before they ever get close. We decided to secure the other pieces and then steal the one they extorted from us back.""","«Мой креве готовился к изучению артефакта, обнаруженного ВОЭД, когда Следствие штурмовало нашу лабораторию и угрожало всем в этом районе, если мы не отдадим его. Мы сделали это, но они не осознали, что ВОЭД даёт нам преимущество: а именно, он может привести нас к другим частям артефакта прежде, чем они когда-либо приблизится. Мы решили обезопасить остальные части, а затем украсть ту, которую они вымогали у нас обратно»."
"""My krewe's Interspatial Translocator won us the Snaff Prize, but the Inquest claimed we had stolen their designs. Councillor Flax let us keep the victory, but he gave our invention to the Inquest until an official inquiry could be conducted. Zojja spoke up for us, but to no avail. We refused to take this lying down, and with Zojja's help, we headed out to to reclaim our krewe's property.""","«Межпространственный транслокатор моего креве принес нам премию Снаффа, но Следствие заявило, что мы украли их разработки. Советник Флакс позволил нам сохранить победу, но передал наше изобретение Следствию до тех пор, пока не будет проведено официальное расследование. Зойджа заступилась за нас, но безрезультатно. Мы отказались смириться с этим и с помощью Зойджи отправились обратно, чтобы вернуть собственность нашего креве»."
"""My lady, you spend your day reading poetry and sipping wine.""","«Моя леди, вы проводите день, читая стихи и попивая вино»."
"""My little friend from the Pact. Just couldn't stay away, could you?""","«Мой маленький друг из Пакта. Просто не мог остаться в стороне, не так ли?»"
"""My memory is littered with holes, but...I used to be one of them, researching magic. But one day...""","«В моей памяти дыры, но… Раньше я был одним из них, исследовал магию. Но однажды…»"
"""My mentor and I established contact with Ikniu, a hylek from the village that is sacrificing its champions to the undead. We collected the head of their most recent champion as proof that the sacrifices aren't saving the village. Instead, the champions are being corrupted and joining Zhaitan's undead army. The village leaders were not convinced, however, so we decided to make our case again from a much stronger position so that no one could possibly deny the truth.""","«Мой наставник и я установили контакт с Икниу, хайлеком из деревни, которая приносит своих чемпионов в жертву нежити. Мы собрали голову их последнего чемпиона как доказательство того, что жертвоприношения не спасают деревню. Вместо этого чемпионы развращаются и присоединяются к армии нежити Зайтана. Однако деревенские лидеры не были убеждены, поэтому мы решили снова выдвинуть свою точку зрения с гораздо более сильной позиции, чтобы никто не мог отрицать правду»."
"""My mentor and I helped Gara overcome the other shamans' resistance and convince the grawl that their """"god"""" is nothing more than a ravenous dragon minion. Gara expressed a new concern, however: as soon as they realize no more offerings are coming, the hungry icebrood will come to devour everything and everyone in the village. We assured him that we will not let that happen.""","«Мой наставник и я помогли Гаре преодолеть сопротивление других шаманов и убедить рычание, что их «бог» — не что иное, как хищный миньон-дракон. Однако Гара выразил новую обеспокоенность: как только они поймут, что подношений больше не будет, голодный ледяной выводок придёт, чтобы сожрать все и вся в деревне. Мы заверили его, что не позволим этому случиться»."
"""My mentor and I helped the ogres of Agrak Kraal tame a pack of rock dogs and their alpha, a huge brute named Sourfang. Nojara, the ogre beastmaster, said that these formidable beasts will give the kraal a much better chance of surviving the Branded attack we all know is coming.""","«Мы с моим наставником помогли ограм Аграка Крааля приручить свору каменных псов и их альфу, огромного зверя по имени Кислый Клык. Ноджара, огр-повелитель зверей, сказал, что эти грозные звери дадут краалю гораздо больше шансов пережить приближающуюся атаку Клейменных»."
"""My mentor and I located Gara, the wounded grawl shaman. He told us about the monster that his people have mistaken for a god. We confirmed the """"god"""" is a dragon minion, and we agreed to help Gara prove that to his people.""","«Мой наставник и я нашли Гару, раненого шамана-грала. Он рассказал нам о монстре, которого его люди приняли за бога. Мы подтвердили, что «бог» — это миньон-дракон, и согласились помочь Гаре доказать это его народу»."
"""My mom says to say hi, by the way.""","«Кстати, моя мама просит передать привет»."
"""My mother was an innkeeper, too. She taught me everything I know.""","«Моя мать тоже была трактирщицей. Она научила меня всему, что я знаю»."
"""My name is Arlais. I'm the ward's second-in-command of fractal research, and I've taken charge of the cleanup here.""",«Меня зовут Арле. Я заместитель начальника отделения по фрактальным исследованиям и отвечаю за уборку здесь».
"""My name is Halvora. Doern, Valenze, and I are the Preceptors. We guide the Order of Whispers.""","«Меня зовут Халвора. Дорн, Валенце и я — наставники. Мы руководим Орденом Шепота»."
"""My name is Riel, and I am the order's primary spy in Lion's Arch.""","«Меня зовут Риэль, и я главный шпион ордена в Львиной Арке»."
"""My name is Tybalt Leftpaw, Lightbringer of the Order of Whispers, and that's Agent to you!""","«Меня зовут Тибальт Левша, Светоносный Ордена Шепота, и для вас это Агент!»"
"""My name's Sarge. That's all you need, 'cause I answer to nothing else. I was a Lionguard, but now I'm here fighting centaurs. Now, if you'll excuse me, I have work to do.""","«Меня зовут Сержант. Это все, что вам нужно, потому что я не отвечаю ни на что другое. Я был Львиной стражей, но теперь я здесь, сражаюсь с кентаврами. А теперь, если вы меня извините, у меня есть работа»."
"""My name's Tybalt, Lightbringer of the Order of...you-know-what. It's my job to train you to serve the Order.""","«Меня зовут Тибальт, Светоносный Ордена… сами-знаете-чего. Моя работа — научить вас служить Ордену»."
"""My necromantic servants have never been alive; thus, they are immune to the ravages of Orr.""","«Мои слуги-некроманты никогда не были живы, поэтому они невосприимчивы к разрушительному воздействию Орра»."
"""My order and I appreciate the help you gave undermining dredge operations—pun intended. The dredge don't know what they're digging up, but it can't be good, and they aren't doing the local wild life any favors. You will always have a place to rest your head when you're under my hospitality. —Mensorr""","«Мой приказ и я ценим помощь, которую вы оказали в подрыве дноуглубительных работ — каламбур. Земснаряды не знают, что они выкапывают, но это не может быть хорошо, и они не делают местной дикой жизни никакой пользы. У вас всегда будет место, где можно отдохнуть, когда вы находитесь под моим гостеприимством. — Менсорр»"
"""My pack bull's gotten overheated in this sun. I'd take him to the water to cool down, but it's not safe to leave the road. I've heard too many horror stories about pirate ambushes.""","«Мой вьючный бык перегрелся на таком солнце. Я бы отвел его к воде, чтобы он остыл, но сходить с дороги небезопасно. Я слышал слишком много страшилок о пиратских засадах»."
"""My partner and I found Falooaloo's missing quaggans, but they had been twisted and corrupted by the Ice Dragon. These icebrood will continue to mass until they have the numbers to overwhelm the village, so we rededicated ourselves to protecting the village and giving the quaggan eggs time to hatch.""","«Мы с напарником нашли пропавших квагганов Фалуалоу, но они были искалечены и испорчены Ледяным Драконом. Эти ледяные выводки будут продолжать собираться в кучу, пока не наберут достаточное количество людей, чтобы сокрушить деревню, поэтому мы вновь посвятили себя защите деревни и предоставлению времени яйцам квагганов, чтобы вылупиться»."
"""My people don't trust outsiders, but maybe I can convince them to give your people a chance. If you help us weaken the krait, perhaps my people can be reasoned with. Bring me krait skins as proof.""","«Мои люди не доверяют чужакам, но, может быть, я смогу убедить их дать вашим людям шанс. Если вы поможете нам ослабить крайтов, возможно, моих людей можно будет урезонить. Принесите мне шкуры крайтов в качестве доказательства»."
"""My people say that teaching is also a lesson. It is true. In helping the guild, I have learned much.""","«Мои люди говорят, что обучение — это тоже урок. Это правда. Помогая гильдии, я многому научился»."
"""My people. My friends. All dead. Once was chatter and happy stories. Now, just silence. Too much silence.""",«Мои люди. Мои друзья. Все мертвы. Когда-то были болтовня и веселые истории. Теперь просто тишина. Слишком много тишины».
"""My pleasure, Your Majesty. If I may, I'm curious about your personal guard.""","«С удовольствием, Ваше Величество. Если можно, мне интересно узнать о вашей личной охране»."
"""My power, my awareness, grows by the moment.""","«Моя сила, моя осознанность растут с каждым моментом»."
"""My puppet, how you squirm...""","«Марионетка моя, как ты извиваешься…»"
"""My quest to collect the ingredients for the thaw elixir brought many adventures my way. I found the winterberries, griffon eggshells, and frostbitten suet, and I also managed to coax a firestone from the grawl by honoring their goddess Chokocooka—an old norn statue that was reclaimed from the ice.""","«Мои поиски ингредиентов для оттаивающего эликсира принесли мне много приключений. Я нашёл зимние ягоды, грифонью яичную скорлупу и обмороженное сало, а также мне удалось выманить огненный камень из граула, прославив их богиню Чококука — старую статую норнов, извлеченную изо льда»."
"""My research has progressed, thanks to you. If you want more to do, march over to Duskrend Overlook. I've heard they have a nasty ogre problem. Orystea Deathstalker will know more. <br>—Minita Skaleslayer""","«Благодаря тебе мои исследования продвинулись. Если хочешь чего-то большего, отправляйся на смотровую площадку Сумеречной смотровой площадки. Я слышал, у них ужасная проблема с ограми. Ористея Ловчая Смерти знает больше. <br>—Минита Истребительница Чешуи»"
"""My scouts have informed me that we've captured Infinity Coil, and now have access to the inner sanctum. We can't let the Inquest take it back!""","«Мои разведчики сообщили мне, что мы захватили Кольцо Бесконечности и теперь имеем доступ к внутреннему святилищу. Мы не можем позволить Следствию забрать его обратно!»"
"""My show's a real killer, eh?""","«Мое шоу просто убийственное, да?»"
"""My sire Clement Forktail was waiting to turn himself in to me, but there Flame Legion assassins tried to kill him before he could share what he knows. My warband and I defeated the assassins and I sent Forktail back to the Black Citadel to be interrogated.""","«Мой отец Клемент Вилкохвост ждал, чтобы сдаться мне, но там убийцы Легиона Пламени попытались убить его, прежде чем он успел поделиться тем, что знает. Моя банда и я победили убийц, и я отправил Вилкохвоста обратно в Чёрную Цитадель на допрос»."
"""My sister was a Seraph. Centaurs killed her while she was out on patrol. They never recovered her body, and it has always bothered me.""","«Моя сестра была Серафимом. Кентавры убили её, когда она была в патруле. Они так и не нашли её тело, и это всегда беспокоило меня»."
"""My son is a Son. I mean, he joined that Svanir cult. I'm glad he's calling Svanir his papa now, because he's no son of mine.""","«Мой сын — это Сын. Я имею в виду, он присоединился к культу Сванира. Я рад, что он теперь называет Сванира своим отцом, потому что он не мой сын»."
"""My sources, also anonymous, believed he was once a djinn that assumed human form to amuse himself among mortals.""","«Мои источники, также анонимные, полагали, что когда-то он был джинном, принявшим человеческий облик, чтобы развлекаться среди смертных»."
"""My stalker is a dear friend. It is quiet, still, and as quick as an arrow from a bow. Its intelligence shows in its eyes.""","«Мой сталкер — мой дорогой друг. Он тихий, неподвижный и быстрый, как стрела из лука. Его интеллект виден в его глазах»."
"""My success positively impacts my krewe, who then gratefully assist me, and I succeed even more brilliantly. Reciprocity!""","«Мой успех положительно влияет на мою команду, которая затем с благодарностью помогает мне, и я добиваюсь ещё большего успеха. Взаимность!»"
"""My sword may not be as sharp as it once was, but it's no less brave.""","«Мой меч, возможно, не такой острый, как раньше, но он не менее храбрый»."
"""My talents lie in the arts of stealth, infiltration, and escape. I do not draw attention to myself. To guard my identity, I hide my face behind a mask of darkness.""","«Мои таланты заключаются в искусстве скрытности, проникновения и побега. Я не привлекаю к ??себе внимания. Чтобы сохранить свою личность, я прячу свое лицо за маской тьмы»."
"""My team did reconnaissance during the war. You can get pretty far behind enemy lines with a small team of trained scouts. Knowing what we know, we should be able to hold the perimeter.""","«Моя команда занималась разведкой во время войны. С небольшой командой обученных разведчиков можно проникнуть довольно далеко в тыл врага. Зная то, что мы знаем, мы сможем удержать периметр»."
"""My team was attacked while scouting for centaurs around Darkhoof Heights. We knew they were hitting the Seraph Outrider camp, but it seems they've been targeting the Priory at Scholar's Cleft, too. Unfortunately, we can't redeploy until everyone's recovered. I hope they can both recruit some help in the meantime.""","«Моя команда подверглась нападению во время поиска кентавров вокруг Высот Тёмного Копыта. Мы знали, что они напали на лагерь всадников-серафимов, но, похоже, они нацелились и на Приорат в Расщелине Ученого. К сожалению, мы не можем передислоцироваться, пока все не выздоровеют. Я надеюсь, что они оба тем временем смогут нанять некоторую помощь»."
"""My thanks, traveler. Your heroism has made this a safer place. Maybe the supplies I have could make things safer for you as well. May you always travel in sunlight and in wonder.""","«Спасибо, путник. Твой героизм сделал это место более безопасным. Возможно, те припасы, которые у меня есть, сделают жизнь безопаснее и для тебя. Пусть ты всегда путешествуешь при солнечном свете и в чудесах»."
"""My thesis is on comparative governance. Should I start with Amnoon's councilors, or nomadic tribal chiefs up north?""",«Моя диссертация посвящена сравнительному управлению. Стоит ли мне начать с советников Амнуна или с вождей кочевых племен на севере?»
"""My vision is impeccable. I'm ready to execute my plans, but I must wait for the exact right moment. One day, I'm going to build a hazmat suit that keeps out harmful magicalcium energies.""","«Мое видение безупречно. Я готов осуществить свои планы, но я должен дождаться подходящего момента. Однажды я собираюсь построить защитный костюм, который не пропускает вредные магические энергии»."
"""My warband went on our first big Legion opeation, and as legionnaire, I led the warband to victory. We destroyed the Flame Legion rearguard, making their main force easy pickings for Rytlock and the Black Citadel's defenders. I think this is the beginning of something big.""","«Мой отряд отправился в нашу первую большую операцию Легиона, и как легионер я привел отряд к победе. Мы уничтожили арьергард Легиона Пламени, сделав их основные силы лёгкой добычей для Ритлока и защитников Чёрной Цитадели. Я думаю, это начало чего-то большого»."
"""My witless subordinates don't grasp the urgency or import of the project. My design isn't coming to fruition as quickly as initially scheduled, but I'm confident the results will justify the delay.""","«Мои глупые подчиненные не осознают срочности и важности проекта. Мой проект не реализуется так быстро, как первоначально планировалось, но я уверен, что результаты оправдают задержку»."
"""My words stoke the fires of the soul, calling others to glory, to greatness!""","«Мои слова разжигают огни души, призывая других к славе, к величию!»"
"""My, what do we have here? A wanderer with a thrill-seeking nature, perhaps?""","«Ого, что у нас здесь? Может быть, странник с натурой, ищущей острых ощущений?»"
"""Mystic Forge """"Researcher"""" I""",«Мистическая кузница» «Исследователь» «Я»
"""Mystic Forge """"Researcher"""" II""",«Мистическая кузница» «Исследователь» «II»
"""Mystic Forge """"Researcher"""" III""",«Мистическая кузница» «Исследователь» «III»
"""Mystic Forge """"Researcher""""""",«Мистическая кузница «Исследователь»»»
"""My—personality—matrix—was—based—on—the—engrams—of—Subdirector—Noll, a—flawed—genius. More—flaw—than—genius, actually.""","«Моя личностная матрица была основана на инграммах субдиректора Нолла, гения с недостатками. На самом деле больше недостатков, чем гения»."
"""N-no. We'll get it working. Please, no more.""","— Н-нет. Мы заставим это работать. Пожалуйста, хватит."
"""NO! I don't! Now, move out! Double time! Get out of here!""",«НЕТ! Я не хочу! А теперь уходите! Двойное время! Убирайтесь отсюда!»
"""Nah, I asked for this post. I love the snow, and I find norn fascinating. But home's just a hop, skip, and a jump away if I need it. What about you?""","«Нет, я просил об этом посте. Я люблю снег и нахожу норн очаровательным. Но до дома можно прыгнуть, прыгнуть и прыгнуть, если мне это понадобится. А как насчет тебя?»"
"""Nah, I'm good for now.""","«Нет, сейчас со мной все в порядке»."
"""Nah, I'm just passing through. Have fun.""","«Нет, я просто проездом. Веселитесь»."
"""Nah, but my dad does. Waine's no fun. He won't even sign autographs.""","«Нет, но мой отец любит. С Уэйном не весело. Он даже автографы не раздает»."
"""Nah, no way...""","«Нет, ни в коем случае…»"
"""Nah, they were like this when we got here. It's like the war never ended out here. I'm just hoping we can wrap up this dig and get out of here soon.""","«Нет, они были такими, когда мы сюда приехали. Такое ощущение, что война здесь никогда не заканчивалась. Я просто надеюсь, что мы сможем завершить эти раскопки и поскорее уйти отсюда»."
"""Nah. So, what happens now?""",«Нет. И что теперь происходит?»
"""Name """"%str1%""""""","""Имя """"%str1%"""""""
"""Name """"%str1%"""", Age %num1%h %num2%m, Total %num3%h %num4%m""","""Имя """"%str1%"""", Возраст %num1%h %num2%m, Всего %num3%h %num4%m"""
"""Name's Crushmaw. I handle the day-to-day operations on the ranch. My boss is Ironrustler. She's stern, but fair. I'm learning from her so I can have my own ranch some day.""","«Зовут Раздробилка. Я занимаюсь повседневными операциями на ранчо. Мой босс — Железный Растлер. Она суровая, но справедливая. Я учусь у неё, чтобы когда-нибудь у меня было собственное ранчо»."
"""Name's Nozomi—you're Yao's friend, right? They told me all about you.""","— Меня зовут Нозоми, ты друг Яо, верно? Они мне все о тебе рассказали."
"""Name: """"%str1%""""""","""Имя: """"%str1%"""""""
"""Namot, Night Whisperer""","«Намот, ночной шепот»"
"""Narcisse has transformed you into a crab. Don't pinch anyone, now!""",«Нарцисс превратил тебя в краба. Никого не щипай!»
"""Nasty, foul pests. Easier to tame the Branded.""","«Противные, мерзкие вредители. Клейменных легче приручить»."
"""Naturally, it will be named after me. I'm particularly fond of the name """"Sparkker.""""""","«Естественно, он будет назван в мою честь. Мне особенно нравится имя «Спарккер»»»."
"""Nature and goodness are under siege. All life hangs in the balance. If Tyria is to survive, it will need us.""","«Природа и добро находятся в осаде. Вся жизнь висит на волоске. Если Тирия хочет выжить, ей понадобятся мы»."
"""Nature favor you, my friend. There is a Branded nearby—it is taking magic from the islands, stealing it for the Crystal Dragon. We must hunt it down.""","«Природа благосклонна к тебе, друг мой. Неподалеку есть Клейменный — он забирает магию с островов и крадет её для Хрустального Дракона. Мы должны его выследить»."
"""Nature is balance. Everything that occurs has an ebb and flow, a rise and a fall.""","«Природа – это баланс. Все, что происходит, имеет приливы и отливы, взлеты и падения»."
"""Nature preserve us. C'mon, let's get going.""","«Природа нас хранит. Давай, поехали»."
"""Near Pact and Skein, guarded by the trees.""","«Рядом с Пактом и Скейном, под охраной деревьев»."
"""Near bountiful fields, an ancient shrine is blessed with life.""",«Рядом с обильными полями древний храм благословлен жизнью».
"""Near the Pact, protected by three pairs of fangs.""","«Рядом с Пактом, под защитой трех пар клыков»."
"""Nearly weightless and possessed of some sort of bubbly energy, this jar is very pleasing to hold.""","«Эту банку, почти невесомую и наполненную какой-то пузырьковой энергией, очень приятно держать в руках»."
