english,translate
"""<c=@flavor>""""Bang, bang!""""<br>—Cakilak'ka</c>""","""<c=@flavor>""""Бах-бах!""""<br>—Какилак'ка</c>"""
"""<c=@flavor>""""Battle tested. Arcane Council approved.""""<br>—Professor Gahf</c>""","""<c=@flavor>""""Испытано в бою. Одобрено Тайным Советом.""""<br>—Профессор Гахф</c>"""
"""<c=@flavor>""""Battlefield communication is essential to our tactics, especially when you are working side-by-side with the Vigil.""""<br>—Priory Explorer Cyara</c>""","""<c=@flavor>""""Связь на поле боя важна для нашей тактики, особенно когда вы работаете бок о бок с Дозором.""""<br>—Исследовательница Приора Киара</c>"""
"""<c=@flavor>""""Be careful not to cut yourself.""""<br>—Lightbringer Zykk</c>""","""<c=@flavor>""""Будьте осторожны, чтобы не порезаться.""""<br>—Светоносный Зикк</c>"""
"""<c=@flavor>""""Be careful with that! It's very fragile.""""<br>—Glaxx</c>""","""<c=@flavor>""""Будьте осторожны! Он очень хрупкий.""""<br>—Glaxx</c>"""
"""<c=@flavor>""""Be wise.""""<br>—Lahri</c>""","""<c=@flavor>""""Будьте мудры.""""<br>—Лари</c>"""
"""<c=@flavor>""""Bear watches over us.""""<br>—Freygunn</c>""","""<c=@flavor>""""Медведь наблюдает за нами.""""<br>—Фрейгунн</c>"""
"""<c=@flavor>""""Because the surrounding area is so dangerous, I have taken it upon myself to provide training to all of Ascalon. As a friend of the settlement, you may train under me as well.""""<br>—Captain Greywind</c>""","""<c=@flavor>""""Поскольку окружающая местность настолько опасна, я взял на себя обязанность обучать весь Аскалон. Как друг поселения, вы также можете тренироваться под моим началом.""""<br>—Капитан Грейвинд</c>"""
"""<c=@flavor>""""Because work is never done, even underwater.""""</c>""","""<c=@flavor>""""Потому что работа никогда не заканчивается, даже под водой.""""</c>"""
"""<c=@flavor>""""Being quiet means staying alive.""""<br>—Morina</c>""","""<c=@flavor>""""Быть тихим — значит остаться в живых.""""<br>—Морина</c>"""
"""<c=@flavor>""""Beneath an ornate crest, the name D'Alessio is inscribed in flowing script.""""</c>""","""<c=@flavor>""""Под богато украшенным гербом плавным шрифтом вписано имя Д'Алессио.""""</c>"""
"""<c=@flavor>""""Bet their catapult won't work without this!""""<br>—Tripp</c>""","""<c=@flavor>""""Держу пари, что без этого их катапульта не сработает!""""<br>—Трипп</c>"""
"""<c=@flavor>""""Better gear up. After this is Arah itself.""""<br>—Keeper Lyrda</c>""","""<c=@flavor>""""Лучше готовиться. После этого будет сам Арах.""""<br>—Хранительница Лирда</c>"""
"""<c=@flavor>""""Better to be as far from that rotting flesh smell as possible.""""<br>—Priory Explorer Cyara</c>""","""<c=@flavor>""""Лучше быть как можно дальше от запаха гниющей плоти.""""<br>—Исследовательница Прайора Киара</c>"""
"""<c=@flavor>""""Between the three of us, there's nothing we can't handle.""""<br>—Rhea</c>""","""<c=@flavor>""""Мы трое не можем справиться ни с чем.""""<br>—Рея</c>"""
"""<c=@flavor>""""Big battles call for big weapons.""""<br>—Arcanist Repth</c>""","""<c=@flavor>""""Большие битвы требуют большого оружия.""""<br>—Арканист Репт</c>"""
"""<c=@flavor>""""Blasphemy like that of the svanir needs to be cut from this world.""""<br>—Crusader D'Stolt</c>""","""<c=@flavor>""""Богохульство, подобное богохульству сваниров, должно быть искоренено из этого мира.""""<br>—Крестоносец Д'Столт</c>"""
"""<c=@flavor>""""Blast, Build, Battle.""""<br>—Iron Legion Motto</c>""","""<c=@flavor>""""Взрывайте, стройте, сражайтесь.""""<br>—Девиз Железного Легиона</c>"""
"""<c=@flavor>""""Break, Blaze, Judgment, Sabotage""""</c>""","""<c=@flavor>""""Прорыв, Пламя, Правосудие, Саботаж""""</c>"""
"""<c=@flavor>""""Bunny watches us, too.""""<br>—Bjarni</c>""","""<c=@flavor>""""Банни тоже наблюдает за нами.""""<br>—Бьярни</c>"""
"""<c=@flavor>""""By Bangar's blade!""""<br>—Blood Legion</c>""","""<c=@flavor>""""Клинком Бангара!""""<br>—Кровавый Легион</c>"""
"""<c=@flavor>""""By the time most soldiers get here, they need a new pair.""""<br>—Arcanist Repth</c>""","""<c=@flavor>""""К тому времени, когда большинство солдат прибудет сюда, им понадобится новая пара.""""<br>—Арканист Репт</c>"""
"""<c=@flavor>""""Can you believe the Branded corruption even hit the fish?""""<br>—Sentinel Staggerfoe</c>""","""<c=@flavor>""""Можете ли вы поверить, что Клейменная порча вообще поразила рыбу?""""<br>—Часовой Стаггерфо</c>"""
"""<c=@flavor>""""Can you feel the rod vibrate? It also makes a faint humming sound.""""<br>—Opticalium Researcher Oisha</c>""","""<c=@flavor>""""Вы чувствуете, как стержень вибрирует? Он также издает слабый гудящий звук.""""<br>—Ойша, исследователь оптикалиума</c>"""
"""<c=@flavor>""""Can't be unarmed with the flame legion skulking about.""""<br>—Braxa Scalehunter</c>""","""<c=@flavor>""""Невозможно быть безоружным, когда вокруг прячется огненный легион.""""<br>—Бракса Чешуйчатый Охотник</c>"""
"""<c=@flavor>""""Can't have a proper patrol without a proper torch.""""<br>—Lionguard Cern</c>""","""<c=@flavor>""""Невозможно организовать полноценный патруль без подходящего факела.""""<br>—Церн Львиная стража</c>"""
"""<c=@flavor>""""Careful not to step into anything glowy, gooey, or otherwise threatening.""""<br>—Researcher Kaii</c>""","""<c=@flavor>""""Осторожно, не наступайте ни на что блестящее, липкое или что-то угрожающее.""""<br>—Исследователь Кайи</c>"""
"""<c=@flavor>""""Careful walking around the ettins; they leave all manner of nasty and sharp things lying about.""""<br>—Bramm</c>""","""<c=@flavor>""""Осторожно ходите вокруг эттинов: они оставляют повсюду всякие неприятные и острые вещи.""""<br>—Брамм</c>"""
"""<c=@flavor>""""Careful what sparks you create.""""<br>—Jahr Duskrend</c>""","""<c=@flavor>""""Осторожно с искрами, которые вы создаете.""""<br>—Яр Сускренд</c>"""
"""<c=@flavor>""""Careful with this one. The Priory tends to add a little extra enchantment or two for magisters.""""<br>—Magister Razermane</c>""","""<c=@flavor>""""Осторожнее с этим. Приорат имеет тенденцию добавлять немного дополнительных чар для магистров.""""<br>—Магистр Разерман</c>"""
"""<c=@flavor>""""Careful, very sharp!""""<br>—Bordekka</c>""","""<c=@flavor>""""Осторожно, очень остро!""""<br>—Бордекка</c>"""
"""<c=@flavor>""""Careful. The wings will tickle your neck if you move your head too fast.""""<br>—Huelic</c>""","""<c=@flavor>""""Осторожно. Крылья будут щекотать вашу шею, если вы будете слишком быстро двигать головой.""""<br>—Huelic</c>"""
"""<c=@flavor>""""Caution: Contents extremely volatile. Store in a well ventilated area.""""</c>""","""<c=@flavor>""""Внимание: содержимое крайне нестабильно. Хранить в хорошо проветриваемом помещении.""""</c>"""
"""<c=@flavor>""""Centaurs are highly flammable.""""<br>—Forward Scout Luke</c>""","""<c=@flavor>""""Кентавры легко воспламеняются.""""<br>—Передовой разведчик Люк</c>"""
"""<c=@flavor>""""Champion of the Pit!""""</c>""","""<c=@flavor>""""Чемпион ямы!""""</c>"""
"""<c=@flavor>""""Clean lines for a clean kill.""""</c>""","""<c=@flavor>""""Чистые линии для чистого убийства.""""</c>"""
"""<c=@flavor>""""Coffin of... Plating of the... Calamity by... None of these speak to me! Your Mad King demands more suggestions, scribes!""""</c>""","""<c=@flavor>""""Гроб... Покрытие... Бедствия... Никто из них не говорит со мной! Ваш Безумный Король требует дополнительных предложений, писцы!""""</c>"""
"""<c=@flavor>""""Comes in handy if you get spotted sneaking.""""<br>—Avarr</c>""","""<c=@flavor>""""Пригодится, если вас заметят крадущимся.""""<br>—Аварр</c>"""
"""<c=@flavor>""""Coming from the darkness they just grow like that.""""<br>—Alarin</c>""","""<c=@flavor>""""Выйдя из тьмы, они просто вот так растут.""""<br>—Аларин</c>"""
"""<c=@flavor>""""Communication is the key to a successful operation, regardless of the size.""""<br>—Agent Siobhan</c>""","""<c=@flavor>""""Общение — ключ к успешной операции, независимо от ее размера.""""<br>—Агент Шивон</c>"""
"""<c=@flavor>""""Conquer all.""""<br>—Blood Legion Motto</c>""","""<c=@flavor>""""Покори всё.""""<br>—Девиз Кровавого Легиона</c>"""
"""<c=@flavor>""""Constantly repacking salt on your staff so it doesn't explode is untenable. Instead, just use bone inlays that are naturally infused with salt.""""</c>""","""<c=@flavor>""""Постоянно перепаковывать соль на посохе, чтобы она не взорвалась, нецелесообразно. Вместо этого просто используйте костные вставки, которые естественным образом пропитаны солью.""""</c>"""
"""<c=@flavor>""""Contents: string, paperclip, folding knife, wax...""""</c>""","""<c=@flavor>""""Содержимое: веревка, скрепка, складной нож, воск...""""</c>"""
"""<c=@flavor>""""Cooperation brought us to this point. It will see us through.""""<br>—Tactician Almonia</c>""","""<c=@flavor>""""Сотрудничество привело нас к этой точке. Оно поможет нам пройти через это.""""<br>—Тактик Алмония</c>"""
"""<c=@flavor>""""Could have been a valuable asset, but too tightly bonded to warband for recruitment. Reinitiate contact if a schism with Steel is managed.""""</c>""","""<c=@flavor>""""Могло бы быть ценным активом, но он слишком тесно связан с бандой для вербовки. Возобновите контакт, если удастся справиться с расколом со Сталью.""""</c>"""
"""<c=@flavor>""""Could stand to be sharpened a bit.""""</c>""","""<c=@flavor>""""Можно немного заточить.""""</c>"""
"""<c=@flavor>""""Couldn't have done better myself. Well, maybe.""""—Cane</c>""","""<c=@flavor>""""Сам я бы не справился лучше. Ну, возможно.""""—Кейн</c>"""
"""<c=@flavor>""""Cover your head. That's rule number one when all the other rules go out the window.""""<br>—Scholar Blix</c>""","""<c=@flavor>""""Прикрой голову. Это правило номер один, когда все остальные правила уходят в прошлое.""""<br>—Ученый Бликс</c>"""
"""<c=@flavor>""""Crab grabbin' can be dangerous. Protect those mitts!""""<br>—Bram Dawnrazer</c>""","""<c=@flavor>""""Хватание крабов может быть опасным. Берегите эти рукавицы!""""<br>—Брэм Рассветный Рейзер</c>"""
"""<c=@flavor>""""Crude, but functional.""""</c>""","""<c=@flavor>""""Грубо, но функционально.""""</c>"""
"""<c=@flavor>""""Customized iron sights for increased damage and accuracy.""""<br>—Ulva</c>""","""<c=@flavor>""""Настроенные прицельные приспособления для увеличения урона и точности.""""<br>—Ulva</c>"""
"""<c=@flavor>""""Cuts enemies, not plants.""""<br>—Nrocroc Chief</c>""","""<c=@flavor>""""Режет врагов, а не растения.""""<br>—Вождь Нрокроков</c>"""
"""<c=@flavor>""""Dark arrows for dark times, friend.""""<br>—Lightbringer Ives</c>""","""<c=@flavor>""""Темные стрелы для темных времен, друг.""""<br>—Светоносный Айвз</c>"""
"""<c=@flavor>""""Darkness, like anything else, is best when its enhanced.""""<br>—Fina Duskmaker</c>""","""<c=@flavor>""""Тьма, как и все остальное, лучше всего, когда она усилена.""""<br>—Фина Сумеречная Создательница</c>"""
"""<c=@flavor>""""Designed to keep you nimble while out on patrol.""""<br>—Lionguard Cern</c>""","""<c=@flavor>""""Разработано, чтобы вы могли сохранять ловкость во время патрулирования.""""<br>—Церн Львиной Стражи</c>"""
"""<c=@flavor>""""Destroy with subterfuge.""""<br>—Ash Legion Motto</c>""","""<c=@flavor>""""Уничтожить с помощью уловок.""""<br>—Девиз Пепельного Легиона</c>"""
"""<c=@flavor>""""Destroyers came; we were ready.""""<br>—Bordekka</c>""","""<c=@flavor>""""Разрушители пришли, мы были готовы.""""<br>—Бордекка</c>"""
"""<c=@flavor>""""Detective work's no court of law—but some of the same arguments work in both."""" —Marjory</c>""","""<c=@flavor>""""Детективная работа — это не суд, но некоторые из одних и тех же аргументов работают в обоих случаях."" —Марджори</c>"""
"""<c=@flavor>""""Did they really ride dolyaks? Must have been hard work climbing up those beasts.""""—Leandra</c>""","""<c=@flavor>""""Они правда катались на доликах? Должно быть, забираться на этих зверей было нелегко.""""—Леандра</c>"""
"""<c=@flavor>""""Did you see the size of that thing?""""<br>—Travis</c>""","""<c=@flavor>""""Вы видели размер этой штуки?""""<br>—Трэвис</c>"""
"""<c=@flavor>""""Diplomacy is often a double edged pursuit. Out here we keep both sides sharp.""""<br>—Kai</c>""","""<c=@flavor>""""Дипломатия часто является обоюдоострым занятием. Здесь мы держим обе стороны начеку.""""<br>—Кай</c>"""
"""<c=@flavor>""""Do one thing, and do it well. I made this hammer follow that rule. I'll let you guess what it specializes in.""""<br>—Tactician Deathstrider</c>""","""<c=@flavor>""""Делайте одно дело, и делайте это хорошо. Я заставил этот молот следовать этому правилу. Позвольте вам догадаться, на чем он специализируется.""""<br>—Тактик Смертельный Страйдер</c>"""
"""<c=@flavor>""""Do you think it might be older than the dragons?""""<br>—Rhea</c>""","""<c=@flavor>""""Как вы думаете, он может быть старше драконов?""""<br>—Рея</c>"""
"""<c=@flavor>""""Does a good job of keeping thorn wolves away.""""<br>—Nessi</c>""","""<c=@flavor>""""Хорошо отгоняет колючих волков.""""<br>—Несси</c>"""
"""<c=@flavor>""""Don't be seen.""""</c>""","""<c=@flavor>""""Не быть видимым.""""</c>"""
"""<c=@flavor>""""Don't dig too deep.""""<br>—Explorer Cryptcutter</c>""","""<c=@flavor>""""Не копайте слишком глубоко.""""<br>—Explorer Cryptcutter</c>"""
"""<c=@flavor>""""Don't dig too deep.""""<br>—Explorer Cyrptcutter</c>""","""<c=@flavor>""""Не копайте слишком глубоко.""""<br>—Explorer Cyrptcutter</c>"""
"""<c=@flavor>""""Don't eat this one—the stuff I preserved it with doesn't taste too good.""""<br>—Elain</c>""","""<c=@flavor>""""Не ешьте это — то, в чем я его консервировала, не слишком вкусное.""""<br>—Элейн</c>"""
"""<c=@flavor>""""Don't get any funny ideas. Only trained techs can replace a gate crystal.""""<br>—Glaxx</c>""","""<c=@flavor>""""Не придумывайте смешных идей. Только обученные специалисты могут заменить кристалл врат.""""<br>—Glaxx</c>"""
"""<c=@flavor>""""Don't go into the water to rescue Wardens without this speargun. It'll keep those undead off you."""" <br>—Danu</c>a""","""<c=@flavor>""""Не заходите в воду, чтобы спасти Стражей, без этого ружья. Оно защитит вас от нежити."""" <br>—Дану</c>a"""
"""<c=@flavor>""""Don't just go around touching things. I learned that the unpleasant way.""""<br>—Recruit Tochacatl</c>""","""<c=@flavor>""""Не трогайте вещи просто так. Я научился этому неприятным способом.""""<br>—Наймите Точакатля</c>"""
"""<c=@flavor>""""Don't make that face. Engineering isn't good or evil, it's just blueprints. Which I improved on, and you're welcome."""" —Taimi</c>""","""<c=@flavor>""""Не делай такое лицо. Инженерное дело — это не добро и не зло, это всего лишь чертежи. Я их улучшил, и пожалуйста."" —Тайми</c>"""
"""<c=@flavor>""""Don't mind the centaur blood.""""<br>—Corporal Lebeau</c>""","""<c=@flavor>""""Не обращайте внимания на кровь кентавра.""""<br>—Капрал Лебо</c>"""
"""<c=@flavor>""""Don't mind the dings, though my enemies sure minded leaving them.""""</c>""","""<c=@flavor>""""Не обращайте внимания на эти мелочи, хотя мои враги наверняка не против их оставить.""""</c>"""
"""<c=@flavor>""""Don't shoot your own eye out!""""<br>—Twitchok</c>""","""<c=@flavor>""""Не выколите себе глаз!""""<br>—Twitchok</c>"""
"""<c=@flavor>""""Don't wait for shadows to make the first move. Stab them first."""" <br>—Mate Watt</c>""","""<c=@flavor>""""Не ждите, пока тени сделают первый шаг. Сначала нанесите им удар."""" <br>—Mate Watt</c>"""
"""<c=@flavor>""""Don't want anything getting close to you? Then, you want this.""""<br>—Nessi</c>""","""<c=@flavor>""""Не хочешь, чтобы что-то приблизилось к тебе? Тогда тебе нужно это.""""<br>—Несси</c>"""
"""<c=@flavor>""""Don't worry with this one—just point and shoot.""""<br>—Marksman Kamekeck</c>""","""<c=@flavor>""""Не беспокойтесь об этом — просто наведите и стреляйте.""""<br>—Стрелок Камекек</c>"""
"""<c=@flavor>""""Don't worry. I won't sell your personal data to another lab.""""<br>—Zippti</c>""","""<c=@flavor>""""Не волнуйтесь. Я не буду продавать ваши личные данные другой лаборатории.""""<br>—Zippti</c>"""
"""<c=@flavor>""""Dread"""" is cold.</c>""","""<c=@flavor>""""Ужас"""" холодный.</c>"""
"""<c=@flavor>""""Dredge are among the most industrious of all the races of Tyria. Their singular ability to dig is second to none.""""<br>—Priory Field Guide to Dredge</c>""","""<c=@flavor>""""Драги — одни из самых трудолюбивых из всех рас Тирии. Их исключительная способность копать не имеет себе равных.""""<br>—Полевой справочник Priory Dredge</c>"""
"""<c=@flavor>""""Dredge mines are lined with torches for light.""""<br>—Priory Field Guide to Dredge</c>""","""<c=@flavor>""""Земснарядные шахты освещены факелами для освещения.""""<br>—Приоратное полевое руководство по дноуглубительным работам</c>"""
"""<c=@flavor>""""Drink deep, and grant me your power!"""" - Kodan's Bane, The Huntsman of Jormag</c>""","""<c=@flavor>""""Выпей до дна и даруй мне свою силу!"""" - Проклятие Кодана, Охотник Йормага</c>"""
"""<c=@flavor>""""Dye these black for the ultimate in tactical armor.""""<br>—Tactician Lyan</c>""","""<c=@flavor>""""Покрасьте их в черный цвет, чтобы получить идеальную тактическую броню.""""<br>—Тактик Лиан</c>"""
"""<c=@flavor>""""Either the quaggan used it backward or this one didn't fit.""""<br>—Scholar Sharpslash</c>""","""<c=@flavor>""""Либо квагган использовал его задом наперед, либо этот не подошёл.""""<br>—Ученый Шарпслэш</c>"""
"""<c=@flavor>""""Enemies of the state flee before the sight of anyone wearing this.""""<br>—Goran</c>""","""<c=@flavor>""""Враги государства бегут при виде любого, кто носит это.""""<br>—Горан</c>"""
"""<c=@flavor>""""Engineered for maximum stopping power.""""</c>""","""<c=@flavor>""""Разработано для максимальной останавливающей способности.""""</c>"""
"""<c=@flavor>""""Enjoy the bubbles!""""<br>—Varonos Parump</c>""","""<c=@flavor>""""Наслаждайтесь пузырьками!""""<br>—Варонос Парумп</c>"""
"""<c=@flavor>""""Equipment from Bronson's hand-picked armory, guaranteed to help in the fight against the centaurs.""""<br>—Bronson</c>""","""<c=@flavor>""""Снаряжение из тщательно подобранного арсенала Бронсона, гарантированно поможет в борьбе с кентаврами.""""<br>—Бронсон</c>"""
"""<c=@flavor>""""Ettin ring make you strong!""""<br>—Krug</c>""","""<c=@flavor>""""Кольцо Эттина сделает тебя сильнее!""""<br>—Круг</c>"""
"""<c=@flavor>""""Even the depths require much.""""<br>—Worthy Burden</c>""","""<c=@flavor>""""Даже глубины требуют многого.""""<br>—Достойное бремя</c>"""
"""<c=@flavor>""""Even the mightiest tree loses a branch from time to time.""""<br>—Leigheara</c>""","""<c=@flavor>""""Даже самое могучее дерево время от времени теряет ветку.""""<br>—Лейгеара</c>"""
"""<c=@flavor>""""Even the smallest sapling can still be useful.""""<br>—Leigheara</c>""","""<c=@flavor>""""Даже самый маленький саженец может быть полезен.""""<br>—Лейгеара</c>"""
"""<c=@flavor>""""Even the tallest tree starts as a tiny seed.""""<br>—Diantha</c>""","""<c=@flavor>""""Даже самое высокое дерево начинается с крошечного семечка.""""<br>—Дианта</c>"""
"""<c=@flavor>""""Everyone says we need more of these. I think we've got enough.""""<br>—Mad Mardine</c>""","""<c=@flavor>""""Все говорят, что нам нужно больше таких. Думаю, у нас достаточно.""""<br>—Безумный Мардин</c>"""
"""<c=@flavor>""""Everything starts with a plan, but nothing ever goes according to it.""""<br>—Torruh Sweptweave</c>""","""<c=@flavor>""""Все начинается с плана, но ничто никогда не идет по плану.""""<br>—Торрух Sweptweave</c>"""
"""<c=@flavor>""""Excellent quality First Haven handwear.""""<br>—Clerk Ulva</c>""","""<c=@flavor>""""Ручная одежда Первого Хэвена превосходного качества.""""<br>—Клерк Ульва</c>"""
"""<c=@flavor>""""Excessive use has been linked to hearing loss in skritt.""""<br>—Dr. Klagg</c>""","""<c=@flavor>""""Чрезмерное использование связано с потерей слуха у скриттов.""""<br>—Доктор Клагг</c>"""
"""<c=@flavor>""""Exploring should be easy with this to light your way.""""</c>""","""<c=@flavor>""""Исследование должно быть легким, поскольку оно освещает ваш путь.""""</c>"""
"""<c=@flavor>""""Favorite bow. Thank you.""""<br>—Mokooki</c>""","""<c=@flavor>""""Любимый лук. Спасибо.""""<br>—Мокуки</c>"""
"""<c=@flavor>""""Fight fire with fire. Well in this case, blackpowder, fire, and a projectile.""""<br>—Corva Sharpclaw</c>""","""<c=@flavor>""""Борьба с огнем осуществляется огнем. Ну, в данном случае, черным порохом, огнем и снарядом.""""<br>—Корва Остроког</c>"""
"""<c=@flavor>""""Fight magic with magic, they say.""""<br>—Tactician Almonia</c>""","""<c=@flavor>""""Говорят, сражайся с магией магией.""""<br>—Тактик Алмония</c>"""
"""<c=@flavor>""""Fighting odd mechanical creatures can be as easy as bringing the right stick.""""<br>—Garrius</c>""","""<c=@flavor>""""Сражаться со странными механическими существами можно так же легко, как взять правую палку.""""<br>—Гарриус</c>"""
"""<c=@flavor>""""Finally out of the fahrar, ready to battle our enemies, and we get a homeguard posting?""""</c>""","""<c=@flavor>""""Наконец-то мы вышли из Фахрара, готовы сражаться с врагами и получили пост ополчения?""""</c>"""
"""<c=@flavor>""""Find balance or fall into discord.""""<br>—Guardian Infinite Mind</c>""","""<c=@flavor>""""Найди баланс или впади в раздор.""""<br>—Хранитель Бесконечного Разума</c>"""
"""<c=@flavor>""""Finest pistol ever 'donated' to our cause.""""<br>—Maakel The Immortal</c>""","""<c=@flavor>""""Лучший пистолет, когда-либо подаренный нашему делу.""""<br>—Маакел Бессмертный</c>"""
"""<c=@flavor>""""Fire at will!""""</c>""","""<c=@flavor>""""Огонь по желанию!""""</c>"""
"""<c=@flavor>""""Fire fuels it.""""</c>""","""<c=@flavor>""""Огонь разжигает.""""</c>"""
"""<c=@flavor>""""Fires with deadly accuracy.""""<br>—Diantha</c>""","""<c=@flavor>""""Стреляет со смертельной точностью.""""<br>—Дианта</c>"""
"""<c=@flavor>""""First Posting: On loan to Reave warband in Redreave Mill. Mountain makes sentry duty easy. Good sight lines. Campfire talk says there's a killer festival at Butcher's Block.""""</c>""","""<c=@flavor>""""Первое сообщение: Отдан в аренду отряду Рива на мельнице Редрив. Гора облегчает охрану. Хороший обзор. Разговоры у костра говорят, что в Мясном квартале проходит фестиваль убийц.""""</c>"""
"""<c=@flavor>""""First thing you learn in the Priory is how to keep these from burning out.""""<br>—Priory Researcher Raekk</c>""","""<c=@flavor>""""Первое, чему вы научитесь в Приорате, — как не допустить их сгорания.""""<br>—Исследователь Приората Раекк</c>"""
"""<c=@flavor>""""Fish love the truffle.""""<br>—Matlal</c>""","""<c=@flavor>""""Рыба любит трюфель.""""<br>—Матлал</c>"""
"""<c=@flavor>""""Flame. Dark. Shadow. Burn.""""<br>—Secret Code 872SQ</c>""","""<c=@flavor>""""Пламя. Тьма. Тень. Гореть.""""<br>—Секретный код 872SQ</c>"""
"""<c=@flavor>""""Folks don't just breathe water.""""<br>—Fisherman Will</c>""","""<c=@flavor>""""Люди дышат не только водой.""""<br>—Рыбак Уилл</c>"""
"""<c=@flavor>""""Fools! You've let her slip her bonds!""""—Separatist Captain DeLana</c>""","""<c=@flavor>""""Дураки! Вы позволили ей выскользнуть из оков!""""—Капитан сепаратистов ДеЛана</c>"""
"""<c=@flavor>""""For a great hero dedicated to Tyria's safety.""""<br>—Lady Camilla Einshorn</c>""","""<c=@flavor>""""Великому герою, посвятившему себя обеспечению безопасности Тирии.""""<br>—Леди Камилла Эйнсхорн</c>"""
"""<c=@flavor>""""For a hero. Your hardwork will not be forgotten.""""<br>—Keeper Jonez Deadrun</c>""","""<c=@flavor>""""Для героя. Ваш тяжелый труд не будет забыт.""""<br>—Хранитель Джонез Дедран</c>"""
"""<c=@flavor>""""For emergencies only.""""<br>—Krewe Leader Pachoo</c>""","""<c=@flavor>""""Только в экстренных случаях.""""<br>—Лидер Креве Пачу</c>"""
"""<c=@flavor>""""For getting what we needed to where we needed it, despite the hardship.""""<br>—Explorer Pentt</c>""","""<c=@flavor>""""За то, что мы доставили то, что нам нужно, туда, где нам нужно, несмотря на трудности.""""<br>—Explorer Pentt</c>"""
"""<c=@flavor>""""For ignition and illumination purposes only.""""</c>""","""<c=@flavor>""""Только для зажигания и освещения.""""</c>"""
"""<c=@flavor>""""For prying out those hard-to-get bits of karka meat.""""<br>—Owain</c>""","""<c=@flavor>""""За то, что вытащил те труднодоступные куски мяса карка.""""<br>—Оуайн</c>"""
"""<c=@flavor>""""For service above and beyond the call of duty.""""</c>""","""<c=@flavor>""""За службу, выходящую за рамки служебного долга.""""</c>"""
"""<c=@flavor>""""For some good light in those dark caves.""""<br>—Kelgg</c>""","""<c=@flavor>""""Чтобы получить хороший свет в этих темных пещерах.""""<br>—Келгг</c>"""
"""<c=@flavor>""""For those large hides that you just can't get clean.""""<br>—Lyot</c>""","""<c=@flavor>""""Для тех больших шкур, которые невозможно почистить.""""<br>—Лиот</c>"""
"""<c=@flavor>""""Fortunately, they're poorly constructed.""""<br>—Coydd</c>""","""<c=@flavor>""""К счастью, они плохо сконструированы.""""<br>—Койд</c>"""
"""<c=@flavor>""""Found it just laying in the bog, imagine that.""""<br>—Issa</c>""","""<c=@flavor>""""Нашел его просто лежащим в болоте, представьте себе.""""<br>—Исса</c>"""
"""<c=@flavor>""""Found it just lying around in the bog. Imagine that.""""<br>—Issa</c>""","""<c=@flavor>""""Нашел его просто валяющимся в болоте. Представьте себе.""""<br>—Исса</c>"""
"""<c=@flavor>""""Friends of the Wupwup are friends of the warthog.""""<br>—Wupwup Chief</c>""","""<c=@flavor>""""Друзья вупвуп — друзья бородавочника.""""<br>—вождь вупвуп</c>"""
"""<c=@flavor>""""From a once-proud race.""""<br>—Lionguard Nadel</c>""","""<c=@flavor>""""Из некогда гордой расы.""""<br>—Львиный страж Надель</c>"""
"""<c=@flavor>""""Functional and stylish!""""<br>—Crusader Patrick</c>""","""<c=@flavor>""""Функционально и стильно!""""<br>—Крестоносец Патрик</c>"""
"""<c=@flavor>""""Fur keeps the head warm.""""<br>—Gestre Howle</c>""","""<c=@flavor>""""Мех согревает голову.""""<br>—Гестре Хоул</c>"""
"""<c=@flavor>""""Get a lot of these, fighting those jotun.""""<br>—Nadel</c>""","""<c=@flavor>""""Соберите их побольше, сражаясь с этими йотунами.""""<br>—Надель</c>"""
"""<c=@flavor>""""Ghosts hate tresspassers, and the branded hate everything. Take some stones from one ruin, put it by some branded, and you'll have a battle in no time.""""<br>—Erria</c>""","""<c=@flavor>""""Призраки ненавидят нарушителей, а клейменные ненавидят все. Возьмите несколько камней из одной руины, положите их рядом с каким-нибудь клейменным, и вы сразу же получите битву.""""<br>—Эррия</c>"""
"""<c=@flavor>""""Gift this speargun to your friend that hates water. Hilarious.""""<br>—Lieutenant Pickins</c>""","""<c=@flavor>""""Подарите это ружье своему другу, который ненавидит воду. Весело.""""<br>—Лейтенант Пикинс</c>"""
"""<c=@flavor>""""Glaust...""""</c>""","""<c=@flavor>""""Глауст...""""</c>"""
"""<c=@flavor>""""Go for a swim!""""<br>—Creator Zee</c>""","""<c=@flavor>""""Иди искупайся!""""<br>—Создатель Зи</c>"""
"""<c=@flavor>""""Good discipline will keep the militia strong.""""<br>—Sergeant Soto</c>""","""<c=@flavor>""""Хорошая дисциплина сделает ополчение сильным.""""<br>—Сержант Сото</c>"""
"""<c=@flavor>""""Good footwear makes a big difference in combat. It protects your foot when stomping on opponents.""""<br>—Blayd Gutwrencher</c>""","""<c=@flavor>""""Хорошая обувь имеет большое значение в бою. Она защитит вашу ногу, когда вы наступите на противника.""""<br>—Блейд Гатвренчер</c>"""
"""<c=@flavor>""""Good for breathing.""""<br>—Lugung</c>""","""<c=@flavor>""""Хорошо для дыхания.""""<br>—Лугунг</c>"""
"""<c=@flavor>""""Good for digging in the dirt!""""<br>—Sneckit</c>""","""<c=@flavor>""""Хорошо для копания в грязи!""""<br>—Sneckit</c>"""
"""<c=@flavor>""""Good for herding dolyaks.""""<br>—Maxtar Rapidstep</c>""","""<c=@flavor>""""Хорошо для выпаса доликов.""""<br>—Maxtar Rapidstep</c>"""
"""<c=@flavor>""""Good for wading through the snow.""""<br>—Bolla</c>""","""<c=@flavor>""""Хорошо для прогулок по снегу.""""<br>—Болла</c>"""
"""<c=@flavor>""""Good for worms, and good for you!""""<br>—Sneckit</c>""","""<c=@flavor>""""Полезно для червей и полезно для вас!""""<br>—Sneckit</c>"""
"""<c=@flavor>""""Good night,"""" she whispered. They were little more than speckles of light.</c>""","""<c=@flavor>""""Спокойной ночи"", - прошептала она. Это были не более чем пятнышки света.</c>"""
"""<c=@flavor>""""Good to keep these dark so they don't shimmer at night.""""<br>—Tulfar</c>""","""<c=@flavor>""""Хорошо, что они остаются темными, чтобы они не мерцали ночью.""""<br>—Тулфар</c>"""
"""<c=@flavor>""""Good work. Have some pants.""""<br>—Ghyrtratus Fiendmauler</c>""","""<c=@flavor>""""Хорошая работа. Возьмите штаны.""""<br>—Гиртратус Изверг</c>"""
"""<c=@flavor>""""Got chased in here by the biggest Branded devourer I'd ever seen. Thought I'd starve to death. Never thought I'd see a human lure it away.""""</c>""","""<c=@flavor>""""Здесь меня преследовал самый большой Клейменный пожиратель, которого я когда-либо видел. Думал, что умру с голоду. Никогда не думал, что увижу, как человек выманивает его.""""</c>"""
"""<c=@flavor>""""Got to admit, I get a weird feeling whenever I hold it.""""<br>—Issa</c>""","""<c=@flavor>""""Должен признаться, у меня возникает странное чувство, когда я держу его в руках.""""<br>—Исса</c>"""
"""<c=@flavor>""""Gotta go out at night? Take this!""""<br>—Sneckit</c>""","""<c=@flavor>""""Нужно выйти ночью? Возьми это!""""<br>—Sneckit</c>"""
"""<c=@flavor>""""Gotta keep these really sharp if you're gonna skin a dolyak.""""<br>—Maxtar Rapidstep</c>""","""<c=@flavor>""""Нужно держать их по-настоящему острыми, если собираешься снять шкуру с долика.""""<br>—Maxtar Rapidstep</c>"""
"""<c=@flavor>""""Gotta keep warm. I added extra insulation as thanks.""""<br>—Disa</c>""","""<c=@flavor>""""Надо согреться. В знак благодарности я добавил дополнительную изоляцию.""""<br>—Диса</c>"""
"""<c=@flavor>""""Gotta protect those knees.""""<br>—Lionscout Alli</c>""","""<c=@flavor>""""Надо защитить эти колени.""""<br>—Львоскаут Алли</c>"""
"""<c=@flavor>""""Grawl really like shiny things.""""<br>—Etta</c>""","""<c=@flavor>""""Грул очень любит блестящие вещи.""""<br>—Этта</c>"""
"""<c=@flavor>""""Grawl seem to have a lot of extra fur. Makes for some good padding.""""<br>—Cleverblade</c>""","""<c=@flavor>""""Кажется, у Грала много лишнего меха. Это хорошая набивка.""""<br>—Cleverblade</c>"""
"""<c=@flavor>""""Grawl sure are odd creatures, but they know how to make a good bowstring.""""<br>—Cleverblade</c>""","""<c=@flavor>""""Грулы, конечно, странные существа, но они умеют делать хорошую тетиву.""""<br>—Умный клинок</c>"""
"""<c=@flavor>""""Grawl worship the oddest things.""""<br>—Fearin</c>""","""<c=@flavor>""""Гроул поклоняется самым странным вещам.""""<br>—Fearin</c>"""
"""<c=@flavor>""""Grawnk rhymed about fancy glass and short ones with sass. An asuran chest, maybe?""""<br>—Laine</c>""","""<c=@flavor>""""Граунк с дерзостью рифмовал о причудливых стеклах и коротких. Может быть, асуранский сундук?""""<br>—Лейн</c>"""
"""<c=@flavor>""""Great for a good dredge bashing.""""<br>—Leika</c>""","""<c=@flavor>""""Отлично подходит для хорошей драгирования.""""<br>—Лейка</c>"""
"""<c=@flavor>""""Great for cleaning out grawl.""""<br>—Etta</c>""","""<c=@flavor>""""Отлично подходит для очистки гравела.""""<br>—Этта</c>"""
"""<c=@flavor>""""Great for clearing paths of brush and bandits.""""<br>—Rhea</c>""","""<c=@flavor>""""Отлично подходит для расчистки путей от кустов и бандитов.""""<br>—Рея</c>"""
"""<c=@flavor>""""Great for deep diving or shallow snorkeling.""""<br>—Agent Rjoda</c>""","""<c=@flavor>""""Отлично подходит для глубоководного дайвинга или снорклинга на мелководье.""""<br>—Агент Риода</c>"""
"""<c=@flavor>""""Great for environmentally friendly sabotage.""""<br>—Environmental Activist Jenrys</c>""","""<c=@flavor>""""Отлично подходит для экологически безопасного саботажа.""""<br>—Экологическая активистка Дженрис</c>"""
"""<c=@flavor>""""Great for lighting just about anything ablaze.""""<br>—Crusader Vilborg</c>""","""<c=@flavor>""""Отлично подходит для освещения всего, что горит.""""<br>—Крестоносец Вилборг</c>"""
"""<c=@flavor>""""Great for splitting lumber. Or centaurs.""""<br>—Forward Scout Luke</c>""","""<c=@flavor>""""Отлично подходит для раскалывания древесины. Или кентавров.""""<br>—Нападающий разведчик Люк</c>"""
"""<c=@flavor>""""Great power in mountain skull. We make small mountain you hold in hand.""""<br>—Wupwup Chief</c>""","""<c=@flavor>""""Великая сила в горном черепе. Мы создаем небольшую гору, которую вы держите в руке.""""<br>—Вождь вупуп</c>"""
"""<c=@flavor>""""Great protection and excellent style.""""<br>—Sheriff Kaargoth Bloodclaw</c>""","""<c=@flavor>""""Отличная защита и отличный стиль.""""<br>—шериф Кааргот Кровавый Коготь</c>"""
"""<c=@flavor>""""Guaranteed to ward off undead!""""—Cuadinti</c>""","""<c=@flavor>""""Гарантированно отгоняет нежить!""""—Куадинти</c>"""
"""<c=@flavor>""""Harpy down makes a good pillow. It's soft and warm.""""<br>—Sagum Relicseeker</c>""","""<c=@flavor>""""Пух гарпии — хорошая подушка. Он мягкий и теплый.""""<br>—Sagum Relicseeker</c>"""
"""<c=@flavor>""""Has never failed me. Well, almost never.""""<br>—Twitchok</c>""","""<c=@flavor>""""Никогда меня не подводило. Ну, почти никогда.""""<br>—Twitchok</c>"""
"""<c=@flavor>""""Have to protect the little ones.""""<br>—Braxa Scalehunter</c>""","""<c=@flavor>""""Приходится защищать малышей.""""<br>—Бракса Чешуйчатый Охотник</c>"""
"""<c=@flavor>""""Have you seen how drafty these buildings are?""""<br>—Cin</c><br><br>This item only has value as part of a collection.""","""<c=@flavor>""""Вы видели, какие сквозняки в этих зданиях?""""<br>—Cin</c><br><br>Этот предмет имеет ценность только как часть коллекции."""
"""<c=@flavor>""""He bore the weight of his guilt.""""</c>""","""<c=@flavor>""""Он взял на себя бремя своей вины.""""</c>"""
"""<c=@flavor>""""He who holds the speaking bone may jabber.""""<br>—Bramm</c>""","""<c=@flavor>""""Тот, кто держит говорящую кость, может болтать.""""<br>—Брамм</c>"""
"""<c=@flavor>""""Helps when the sun goes down.""""<br>—Shengra</c>""","""<c=@flavor>""""Помогает, когда солнце садится.""""<br>—Шенгра</c>"""
"""<c=@flavor>""""Helps your aim.""""<br>—Ichtaca</c>""","""<c=@flavor>""""Помогает вам прицелиться.""""<br>—Ичтака</c>"""
"""<c=@flavor>""""Here at last, dearheart. Are you prepared to join me?"""" - Grand Duchess Faolain</c>""","""<c=@flavor>""""Наконец-то, дорогая. Ты готова присоединиться ко мне?"""" - Великая герцогиня Фаолейн</c>"""
"""<c=@flavor>""""Here is some extra Stuff""""</c>""","""<c=@flavor>""""Вот еще кое-что""""</c>"""
"""<c=@flavor>""""Heroes are made from ordinary people put in extraordinary circumstances.""""</c>""","""<c=@flavor>""""Герои создаются из обычных людей, попавших в необычные обстоятельства.""""</c>"""
"""<c=@flavor>""""High velocity, long range torment coming up.""""</c>""","""<c=@flavor>""""Приближается высокая скорость и дальние мучения.""""</c>"""
"""<c=@flavor>""""History must be preserved.""""<br>—Bink</c>""","""<c=@flavor>""""Историю необходимо сохранять.""""<br>—Бинк</c>"""
"""<c=@flavor>""""Hold on to the spirits.""""<br>—Old Witch Doctor's Saying</c>""","""<c=@flavor>""""Держитесь духов.""""<br>—Высказывание старого знахаря</c>"""
"""<c=@flavor>""""Honey is gooood.""""—Carman Fawntracker</c>""","""<c=@flavor>""""Мед - это здорово.""""—Карман Фаунтрекер</c>"""
"""<c=@flavor>""""Hope it makes you luckier than the centaur it came from.""""<br>—Barnaby</c>""","""<c=@flavor>""""Надеюсь, это принесет вам больше удачи, чем кентавру, от которого оно появилось.""""<br>—Барнаби</c>"""
"""<c=@flavor>""""House Durheim remembers.""""</c>""","""<c=@flavor>""""Дом Дюргейм помнит.""""</c>"""
"""<c=@flavor>""""How do they eat with these things?""""<br>—Surveyor Falki</c>""","""<c=@flavor>""""Как они едят эти штуки?""""<br>—Геодезист Фалки</c>"""
"""<c=@flavor>""""How do you defeat shambling, slow, diseased, decaying undead? Attack at range."""" <br>—Laudren</c>""","""<c=@flavor>""""Как победить неуклюжую, медленную, больную, разлагающуюся нежить? Атакуйте на расстоянии."""" <br>—Лодрен</c>"""
"""<c=@flavor>""""How do you improve pants? Well, put these on and let me show you.""""<br>—Explorer Trebb</c>""","""<c=@flavor>""""Как улучшить штаны? Что ж, наденьте их и позвольте мне показать вам.""""<br>—Исследователь Требб</c>"""
"""<c=@flavor>""""Hunt.""""<br>—Wupwup Chief</c>""","""<c=@flavor>""""Охота.""""<br>—Вождь вупуп</c>"""
"""<c=@flavor>""""Hunting is harder than it looks.""""<br>—Hunter Block</c>""","""<c=@flavor>""""Охота сложнее, чем кажется.""""<br>—Hunter Block</c>"""
"""<c=@flavor>""""I always had trouble jumping from the tree to the ruins. Then my daughter found another path on the southern shore.""""</c>""","""<c=@flavor>""""Мне всегда было трудно перепрыгнуть с дерева на руины. Потом моя дочь нашла другую тропу на южном берегу.""""</c>"""
"""<c=@flavor>""""I asked a Flame shaman if he would share any tonic recipes. He agreed on the condition that I performed a ritual to carry flame without a torch. Is...is this a joke?""""</c>""","""<c=@flavor>""""Я спросил шамана Пламени, поделится ли он какими-нибудь рецептами тонизирующих средств. Он согласился при условии, что я проведу ритуал по переносу пламени без факела. Это... это шутка?""""</c>"""
"""<c=@flavor>""""I assume you know which end to use. I'll be here if you an explanation.""""<br>—Legionnaire Neverburn</c>""","""<c=@flavor>""""Полагаю, вы знаете, какой конец использовать. Я буду здесь, если вы объясните.""""<br>—Легионер Неверберн</c>"""
"""<c=@flavor>""""I assume you know which end to use. I'll be here if you need an explanation.""""<br>—Legionnaire Neverburn</c>""","""<c=@flavor>""""Полагаю, вы знаете, какой конец использовать. Я буду здесь, если вам понадобятся объяснения.""""<br>—Легионер Неверберн</c>"""
"""<c=@flavor>""""I bet these are really important. Not to me, though.""""<br>—Hua'racche</c>""","""<c=@flavor>""""Держу пари, что это действительно важно. Но не для меня.""""<br>—Хуаракче</c>"""
"""<c=@flavor>""""I bought it years ago. Anyone who says otherwise will be hearing from my lawyers.""""<br>—Cin</c><br><br>This item only has value as part of a collection.""","""<c=@flavor>""""Я купил его много лет назад. Любой, кто скажет обратное, выслушает моих юристов.""<br>—Син</c><br><br>Этот предмет имеет ценность только как часть коллекции."""
"""<c=@flavor>""""I calculate that this weapon will improve your performance in the field by a huge percentage.""""<br>—Jezza</c>""","""<c=@flavor>""""Я подсчитал, что это оружие значительно улучшит ваши результаты в полевых условиях.""""<br>—Джезза</c>"""
"""<c=@flavor>""""I didn't like leaving them behind to distract the White Mantle army, but Ascalonian soldiers are survivors first and foremost. I'm sure they'll turn up.""""<br>—Captain Greywind</c>""","""<c=@flavor>""""Мне не нравилось оставлять их, чтобы отвлечь армию Белой Мантии, но аскалонские солдаты в первую очередь выжившие. Я уверен, что они появятся.""""<br>—Капитан Грейвинд</c>"""
"""<c=@flavor>""""I don't ever open these, but maybe one day they will find their way to the right people. It might be morbid but I look at it as a sign of hope.""""<br>—Arcanist Repth</c>""","""<c=@flavor>""""Я никогда их не открываю, но, возможно, однажды они попадут к нужным людям. Это может быть ужасно, но я смотрю на это как на знак надежды.""""<br>—Arcanist Repth</c>"""
"""<c=@flavor>""""I don't ever open these, but maybe one day they will find their way to the right people. It might be morbid, but I look at it as a sign of hope.""""<br>—Arcanist Repth</c>""","""<c=@flavor>""""Я никогда их не открываю, но, возможно, однажды они попадут к нужным людям. Это может быть болезненно, но я смотрю на это как на знак надежды.""""<br>—Arcanist Repth</c>"""
"""<c=@flavor>""""I don't expect you to understand the details, just the high level genius behind these designs.""""<br>—Whispers Creator Pixtor</c>""","""<c=@flavor>""""Я не ожидаю, что вы поймете детали, просто за этими дизайнами стоит гений высокого уровня.""""<br>—Whispers Creator Pixtor</c>"""
"""<c=@flavor>""""I don't expect you to understand the details, just the high-level genius behind these designs.""""<br>—Whispers Creator Pixtor</c>""","""<c=@flavor>""""Я не ожидаю, что вы поймете детали, просто за этими дизайнами стоит гений высокого уровня.""""<br>—Создатель Whispers Pixtor</c>"""
"""<c=@flavor>""""I don't know if it changes anything, but I put a little prayer of Dwayna on the side.""""<br>—Jinell</c>""","""<c=@flavor>""""Не знаю, изменит ли это что-нибудь, но я добавил немного молитвы Дуэйне.""""<br>—Джинелл</c>"""
"""<c=@flavor>""""I don't know if lighting your hand on fire counts as a torch, King Thorn."""" —Some dead peasant who was WRONG.</c>""","""<c=@flavor>""""Я не знаю, считается ли зажжение твоей руки факелом, Король Шип."""" —Какой-то мертвый крестьянин, который был НЕПРАВ.</c>"""
"""<c=@flavor>""""I don't know much about the Inquest or technology, but you don't need to know anything to make a difference.""""<br>—Environmental Activist Jenrys</c>""","""<c=@flavor>""""Я мало что знаю о расследовании или технологиях, но вам не нужно ничего знать, чтобы изменить ситуацию.""""<br>—Экологическая активистка Дженрис</c>"""
"""<c=@flavor>""""I don't like how the smell of all this smoke lingers on my fur, but I liked spending downtime with Vishen. Was great to see her eyes light up when we grilled the meat.""""</c>""","""<c=@flavor>""""Мне не нравится, как запах всего этого дыма остается на моей шерсти, но мне нравилось проводить время с Вишен. Было здорово видеть, как загораются ее глаза, когда мы жарили мясо.""""</c>"""
"""<c=@flavor>""""I don't think it would fit your neck.""""<br>—Mrr'kkant</c>""","""<c=@flavor>""""Не думаю, что оно подойдет тебе на шею.""""<br>—Мрр'ккант</c>"""
"""<c=@flavor>""""I doubt the family will miss this!""""<br>—Lindi</c>""","""<c=@flavor>""""Сомневаюсь, что семья это пропустит!""""<br>—Линди</c>"""
"""<c=@flavor>""""I embedded a crystal into the hilt to enhance its arcane capacity.""""<br>—Scholar Blix</c>""","""<c=@flavor>""""Я встроил в рукоять кристалл, чтобы усилить ее тайную способность.""""<br>—Ученый Бликс</c>"""
"""<c=@flavor>""""I feel like I've seen these markings somewhere before.""""<br>—Issa</c>""","""<c=@flavor>""""У меня такое чувство, будто я где-то уже видел эти отметины.""""<br>—Исса</c>"""
"""<c=@flavor>""""I find a hammer can be really helpful when trying to get ore in hard to reach places.""""<br>—Adgrils</c>""","""<c=@flavor>""""Я считаю, что молоток может быть очень полезен при добыче руды в труднодоступных местах.""""<br>—Адгрилс</c>"""
"""<c=@flavor>""""I find a hammer can be really helpful when trying to get ore in hard-to-reach places.""""<br>—Adgils</c>""","""<c=@flavor>""""Я считаю, что молоток может быть очень полезен при добыче руды в труднодоступных местах.""""<br>—Аджилс</c>"""
"""<c=@flavor>""""I find it fascinating that a blind creature can write.""""<br>—Rinceword</c>""","""<c=@flavor>""""Мне удивительно, что слепое существо может писать.""""<br>—Ринсворд</c>"""
"""<c=@flavor>""""I find that the best way to deal with skritt is to hit them hard in the head before they throw something at you.""""<br>—Kelgg</c>""","""<c=@flavor>""""Я считаю, что лучший способ справиться со скриттами — это сильно ударить их по голове, прежде чем они чем-нибудь бросят в вас.""""<br>—Келгг</c>"""
"""<c=@flavor>""""I find these all over. The trolls seem to really like them.""""<br>—Rune Hunter</c>""","""<c=@flavor>""""Я нахожу их повсюду. Кажется, троллям они очень нравятся.""""<br>—Rune Hunter</c>"""
"""<c=@flavor>""""I found a local blacksmith that was willing to melt down all of the steel pirate swords we'd confiscated. Each of these maces was fashioned from five Jackdaw swords.""""<br>—Joukje</c>""","""<c=@flavor>""""Я нашел местного кузнеца, который согласился переплавить все стальные пиратские мечи, которые мы конфисковали. Каждая из этих булав была сделана из пяти мечей Галки.""""<br>—Joukje</c>"""
"""<c=@flavor>""""I found these in some supplies here, which they probably stole from us first.""""<br>—Seraph Elmder</c>""","""<c=@flavor>""""Я нашел их здесь в каких-то припасах, которые они, вероятно, сначала украли у нас.""""<br>—Сэраф Элмдер</c>"""
"""<c=@flavor>""""I found this in the hand of that centaur you saved me from.""""<br>—Seraph</c>""","""<c=@flavor>""""Я нашел это в руке того кентавра, от которого ты меня спас.""""<br>—Сераф</c>"""
"""<c=@flavor>""""I go where I please, and just now it pleases me to stay among friends.""""<br>—Wynne</c>""","""<c=@flavor>""""Я хожу, куда хочу, и сейчас мне приятно оставаться среди друзей.""""<br>—Винн</c>"""
"""<c=@flavor>""""I grew up on stories of charr heroes. I wanted to be one so badly, I'd do anything.""""</c>""","""<c=@flavor>""""Я вырос на историях о героях-чаррах. Я так сильно хотел им стать, что сделал бы что угодно.""""</c>"""
"""<c=@flavor>""""I guess it's a weapon for really small people?""""<br>—Hua'racche</c>""","""<c=@flavor>""""Думаю, это оружие для очень маленьких людей?""""<br>—Хуаракче</c>"""
"""<c=@flavor>""""I had a few extra helms laying around. I think they were my son's.""""<br>—Bulsa</c>""","""<c=@flavor>""""У меня валялось несколько дополнительных шлемов. Думаю, они принадлежали моему сыну.""""<br>—Булса</c>"""
"""<c=@flavor>""""I had a few extra helms lying around. I think they were my son's.""""<br>—Bulsa</c>""","""<c=@flavor>""""У меня валялось несколько дополнительных шлемов. Думаю, они принадлежали моему сыну.""""<br>—Булса</c>"""
"""<c=@flavor>""""I had blade thinned out on this particular sword. You'll find that it swings much faster than your average blade.""""<br>—Sheriff Bloodclaw</c>""","""<c=@flavor>""""Лезвие этого конкретного меча было утончено. Вы обнаружите, что он вращается намного быстрее, чем обычный клинок.""""<br>—Шериф Кровавый Коготь</c>"""
"""<c=@flavor>""""I had to make minor adjustments after getting these in. You won't be disappointed.""""<br>—Researcher Zippti</c>""","""<c=@flavor>""""После того как я их внес, мне пришлось внести небольшие изменения. Вы не будете разочарованы.""""<br>—Исследователь Зиппти</c>"""
"""<c=@flavor>""""I hate ghosts, but they do make excellent targets.""""<br>—Erria</c>""","""<c=@flavor>""""Я ненавижу призраков, но из них получаются отличные цели.""""<br>—Эррия</c>"""
"""<c=@flavor>""""I hate volcanos. Between the Inquest, explosions, and lava, so much can fall on your head. As you can tell, I like my head.""""<br>—Krewe Apprentice Blork</c>""","""<c=@flavor>""""Я ненавижу вулканы. Дознание, взрывы и лава могут обрушиться на твою голову. Как ты можешь сказать, мне нравится моя голова.""""<br>—Крю Ученик Блорк</c>"""
"""<c=@flavor>""""I have my own special recipe that makes these burn a little hotter than normal. Watch your eyebrows.""""<br>—Waldo</c>""","""<c=@flavor>""""У меня есть свой особый рецепт, благодаря которому они горят немного сильнее, чем обычно. Следите за своими бровями.""""<br>—Уолдо</c>"""
"""<c=@flavor>""""I have one thing to say to Zhaitan. Boom.""""<br>—Warmaster Chan</c>""","""<c=@flavor>""""У меня есть что сказать Зайтану. Бум.""""<br>—Воитель Чан</c>"""
"""<c=@flavor>""""I have yet to see a spell backfire from this particular model.""""<br>—Mei Shadowwalker</c>""","""<c=@flavor>""""Я еще не видел обратного эффекта заклинания от этой конкретной модели.""""<br>—Мэй Теневой Ходок</c>"""
"""<c=@flavor>""""I heard our purple ball's inside a plant. If it's a potato chest, bring us back some to eat?""""<br>—Laine</c>""","""<c=@flavor>""""Я слышал, что наш фиолетовый шарик находится внутри растения. Если это ящик с картошкой, принеси нам немного поесть?""""<br>—Лейн</c>"""
"""<c=@flavor>""""I heard the sand coo at me, so take this, and use it in the sand if you hear the same."""" <br>—Danu</c>""","""<c=@flavor>""""Я услышал, как песок воркует на меня, так что возьми это и используй его в песке, если слышишь то же самое."""" <br>—Дану</c>"""
"""<c=@flavor>""""I keep these daggers sharp, just in case of an attack.""""<br>—Lexi Price</c>""","""<c=@flavor>""""Я держу эти кинжалы острыми на случай нападения.""""<br>—Лекси Прайс</c>"""
"""<c=@flavor>""""I know an alchemist who often inquires about such things.""""<br>—Cin</c><br><br>This item only has value as part of a collection.""","""<c=@flavor>""""Я знаю алхимика, который часто спрашивает о таких вещах.""<br>—Син</c><br><br>Этот предмет имеет ценность только как часть коллекции."""
"""<c=@flavor>""""I managed to salvage quite a few bowstrings from the battlefield. The wood of the bow was taken from a centaur that the Lionguard had downed.""""<br>—Bronson</c>""","""<c=@flavor>""""Мне удалось спасти немало тетив с поля боя. Древесина лука была взята у кентавра, которого сбила Львиная стража.""""<br>—Бронсон</c>"""
"""<c=@flavor>""""I managed to salvage quite a few bowstrings from the battlefield. The wood of this bow was taken from a centaur that the Lionguard had downed.""""<br>—Bronson</c>""","""<c=@flavor>""""Мне удалось спасти немало тетив с поля боя. Древесина этого лука была взята у кентавра, которого сбила Львиная стража.""""<br>—Бронсон</c>"""
"""<c=@flavor>""""I might be stuck here, but you don't need to be.""""<br>—Lionguard Hester</c>""","""<c=@flavor>""""Возможно, я застрял здесь, но это не обязательно.""""<br>—Львиная стража Эстер</c>"""
"""<c=@flavor>""""I now see my duty to be a good soldier, and I'll never waver again.""""</c>""","""<c=@flavor>""""Теперь я вижу свой долг быть хорошим солдатом, и я больше никогда не буду колебаться.""""</c>"""
"""<c=@flavor>""""I pity what's on the other side of this speargun.""""</c>""","""<c=@flavor>""""Мне жаль того, что находится по ту сторону этого ружья.""""</c>"""
"""<c=@flavor>""""I prefer a sword, but this will do in a pinch.""""<br>—Lieutenant Pickins</c>""","""<c=@flavor>""""Я предпочитаю меч, но в крайнем случае и этот сгодится.""""<br>—Лейтенант Пикинс</c>"""
"""<c=@flavor>""""I remember this one year when the crabs were stealing all my bait...""""<br>—Fisherman Will</c>""","""<c=@flavor>""""Я помню тот год, когда крабы украли всю мою наживку...""""<br>—Рыбак Уилл</c>"""
"""<c=@flavor>""""I should have had these on for that ambush.""""<br>—Private Felix</c>""","""<c=@flavor>""""Мне следовало надеть это для той засады.""""<br>—Рядовой Феликс</c>"""
"""<c=@flavor>""""I should have never left the raft.""""<br>—Vallog</c>""","""<c=@flavor>""""Мне не следовало покидать плот.""""<br>—Валлог</c>"""
"""<c=@flavor>""""I think our doll's inside a golden chest. I dunno how Grawnk even found a chest like that. Must belong to lazy rich people.""""<br>—Laine</c>""","""<c=@flavor>""""Я думаю, что наша кукла находится в золотом сундуке. Я не знаю, как Граунк вообще нашел такой сундук. Должно быть, он принадлежит ленивым богатым людям.""""<br>—Лейн</c>"""
"""<c=@flavor>""""I was going to give this to my kids, but it's a little too small.""""<br>—Carman Fawntracker</c>""","""<c=@flavor>""""Я собиралась подарить это своим детям, но оно слишком маленькое.""""<br>—Карман Фавтрекер</c>"""
"""<c=@flavor>""""I was told there's never a red wire in real life...but these clearly have red wires!""""</c>""","""<c=@flavor>""""Мне сказали, что в реальной жизни нет красного провода... но у них явно есть красные провода!""""</c>"""
"""<c=@flavor>""""I went renegade because they said we'd be heroes when we eradicated the humans for good, but here I am sitting in a dank cave sharpening rusty swords.""""</c>""","""<c=@flavor>""""Я стал отступником, потому что они сказали, что мы станем героями, когда навсегда истребим людей, но здесь я сижу в сырой пещере и точу ржавые мечи.""""</c>"""
"""<c=@flavor>""""I will bear your pain.""""<br>—Caithe</c>""","""<c=@flavor>""""Я вынесу твою боль.""""<br>—Кейт</c>"""
"""<c=@flavor>""""I wonder what the jotun used these for...""""<br>—Albin Chronicler</c>""","""<c=@flavor>""""Интересно, для чего йотуны их использовали...""""<br>—Альбинский летописец</c>"""
"""<c=@flavor>""""I wonder why grawl like orange so much.""""<br>—Arcanist Aurelio Shiverpaw</c>""","""<c=@flavor>""""Интересно, почему так рычит апельсин.""""<br>—Арканист Аурелио Дрожалапа</c>"""
"""<c=@flavor>""""I'll stop when they're dead.""""<br>—Broil Cane</c>""","""<c=@flavor>""""Я остановлюсь, когда они умрут.""""<br>—Бройл Кейн</c>"""
"""<c=@flavor>""""I'm done with your games, and I'm finished with you. I am not your dearheart.""""<br>—Caithe</c>""","""<c=@flavor>""""Я закончил с твоими играми и закончил с тобой. Я тебе не дорогая.""""<br>—Кейт</c>"""
"""<c=@flavor>""""I'm positive this will work. Unlike the last few...""""<br>—Twitchok</c>""","""<c=@flavor>""""Я уверен, что это сработает. В отличие от нескольких последних...""""<br>—Twitchok</c>"""
"""<c=@flavor>""""I'm pretty sure the ghosts didn't mind me taking this. well, sixty-four percent sure.""""<br>—Ket</c>""","""<c=@flavor>""""Я почти уверен, что призраки не возражали против того, чтобы я взял это. Ну, на шестьдесят четыре процента уверен.""""<br>—Кет</c>"""
"""<c=@flavor>""""I'm pretty sure these are corruption free."""" —Ayomichi</c>""","""<c=@flavor>""""Я почти уверен, что здесь нет коррупции."""" — Аёмичи</c>"""
"""<c=@flavor>""""I'm still not sure how 'ghostly' metal can exist...""""<br>—Fyra </c>""","""<c=@flavor>""""Я до сих пор не понимаю, насколько ""призрачный"" металл может существовать...""""<br>—Файра </c>"""
"""<c=@flavor>""""I'm surprised this survived first contact with the enemy.""""<br>—Magister Pagga</c>""","""<c=@flavor>""""Я удивлен, что он пережил первый контакт с врагом.""""<br>—Магистр Пагга</c>"""
"""<c=@flavor>""""I've already learned everything I can from it.""""<br>—Wistt</c>""","""<c=@flavor>""""Я уже узнал из этого всё, что мог.""""<br>—Вистт</c>"""
"""<c=@flavor>""""I've been experimenting with these mysterious stones, and I can assure you I've mostly gotten them figured out...I think.""""<br>—Gilli</c>""","""<c=@flavor>""""Я экспериментировал с этими загадочными камнями и могу вас заверить, что мне в основном удалось их выяснить... я думаю.""""<br>—Гилли</c>"""
"""<c=@flavor>""""I've seen enough battles to know when to use this and when to use diplomacy.""""<br>—Tactician Sebastian</c>""","""<c=@flavor>""""Я видел достаточно сражений, чтобы знать, когда использовать это, а когда использовать дипломатию.""""<br>—Тактик Себастьян</c>"""
"""<c=@flavor>""""If Wark tries to claim this as his design, you just ignore that filthy harpy-lover.""""<br>—Wode</c>""","""<c=@flavor>""""Если Варк попытается объявить это своим замыслом, вы просто проигнорируете этого грязного любителя гарпий.""""<br>—Вод</c>"""
"""<c=@flavor>""""If anyone asks, you didn't get it from me.""""<br>—Mrr'kkant</c>""","""<c=@flavor>""""Если кто-нибудь спросит, вы получили это не от меня.""""<br>—Мррккант</c>"""
"""<c=@flavor>""""If only this ring could talk...""""</c>""","""<c=@flavor>""""Если бы это кольцо могло говорить...""""</c>"""
"""<c=@flavor>""""If only we had a way to fire them back.""""<br>—Hua'racche</c>""","""<c=@flavor>""""Если бы только у нас была возможность дать им ответный огонь.""""<br>—Хуаракче</c>"""
"""<c=@flavor>""""If there ceases to be a source of pollution, then we can make some headway in reversing its effects.""""<br>—Carmel</c>""","""<c=@flavor>""""Если источник загрязнения исчезнет, ??мы сможем добиться некоторого прогресса в устранении его последствий.""""<br>—Кармель</c>"""
"""<c=@flavor>""""If these Canthan chalices were worth something I could have packed up and left long ago.""""<br>—Admiral Clarinda Demard</c>""","""<c=@flavor>""""Если бы эти кантанские чаши чего-то стоили, я бы уже давно собрал вещи и уехал.""""<br>—адмирал Кларинда Демард</c>"""
"""<c=@flavor>""""If you concentrate hard enough, you can almost feel the power it contains.""""<br>—Glaxx</c>""","""<c=@flavor>""""Если вы достаточно сконцентрируетесь, вы почти почувствуете заключенную в нем силу.""""<br>—Glaxx</c>"""
"""<c=@flavor>""""If you ever find yourself surrounded by a group of hylek pointing spears at you, you'll want this.""""<br>—Aerixx</c>""","""<c=@flavor>""""Если вы когда-нибудь окажетесь в окружении группы хайлеков, направляющих на вас копья, вам это понадобится.""""<br>—Aerixx</c>"""
"""<c=@flavor>""""If you know where to point the edge of your blade - you have read enough.""""<br>—Vigil Tactician Blazefur</c>""","""<c=@flavor>""""Если вы знаете, куда направить острие своего клинка, значит, вы прочитали достаточно.""""<br>—Vigil Tactician Blazefur</c>"""
"""<c=@flavor>""""If you know where to point the edge of your blade—you have read enough.""""<br>—Vigil Tactician Blazefur</c>""","""<c=@flavor>""""Если вы знаете, куда направить острие своего клинка, значит, вы прочитали достаточно.""""<br>—Vigil Tactician Blazefur</c>"""
"""<c=@flavor>""""If you survive long enough to follow me, I'd love to show you my latest creation."""" - Kudu</c>""","""<c=@flavor>""""Если ты проживешь достаточно долго и последуешь за мной, я с удовольствием покажу тебе свое последнее творение."""" - Куду</c>"""
"""<c=@flavor>""""If you think an undead is going to suck out your eyeballs, protect yourself by covering them and swinging!"""" <br>—Potatlan</c>""","""<c=@flavor>""""Если вы думаете, что нежить собирается высосать ваши глазные яблоки, защитите себя, прикрыв их и размахиваясь!"""" <br>—Potatlan</c>"""
"""<c=@flavor>""""If you think this one is big, you should see the one above the fireplace.""""<br>—Hunter Block</c>""","""<c=@flavor>""""Если вы думаете, что этот большой, вам стоит взглянуть на тот, что над камином.""""<br>—Hunter Block</c>"""
"""<c=@flavor>""""If you unload with this, there's usually not much left worth bringing back.""""<br>—Hunter Block</c>""","""<c=@flavor>""""Если вы разгрузитесь с помощью этого, обычно мало что останется, что стоит вернуть.""""<br>—Hunter Block</c>"""
"""<c=@flavor>""""If you want to keep a piece, it's all yours.""""<br>—Crusader Brice</c>""","""<c=@flavor>""""Если хочешь оставить себе кусок, он весь твой.""""<br>—Крестоносец Брайс</c>"""
"""<c=@flavor>""""If you wish to see your enemies cower in fear, all you need to do is to give a single blast of this horn.""""<br>—Kiryn Brant</c>""","""<c=@flavor>""""Если вы хотите увидеть, как ваши враги съеживаются от страха, все, что вам нужно сделать, это один раз протрубить в этот рог.""""<br>—Кирин Брант</c>"""
"""<c=@flavor>""""If you're going into caves, at least keep your legs covered. One bad accident can put you out of commission.""""<br>—Kelgg</c>""","""<c=@flavor>""""Если вы собираетесь в пещеры, по крайней мере, держите ноги прикрытыми. Один несчастный случай может вывести вас из строя.""""<br>—Келгг</c>"""
"""<c=@flavor>""""If you're going to be up close with those dredge, pack some extra powder for a bigger kick.""""<br>—Rinceword</c>""","""<c=@flavor>""""Если вы собираетесь приблизиться к этим драгам, возьмите с собой немного пороха для большего удара.""""<br>—Ринсворд</c>"""
"""<c=@flavor>""""If you're hit, the natural reaction is to hit back. Harder.""""<br>—Explorer Brokkar</c>""","""<c=@flavor>""""Если вас ударили, естественная реакция — нанести ответный удар. Сильнее.""""<br>—Исследователь Броккар</c>"""
"""<c=@flavor>""""If your skale is giving you trouble, throw a spell or two their way.""""</c>""","""<c=@flavor>""""Если ваши скалы доставляют вам неприятности, бросьте им пару заклинаний.""""</c>"""
"""<c=@flavor>""""Illusions are like that—if you question everything, you can't escape. But we made it out."""" —Kasmeer</c>""","""<c=@flavor>""""Иллюзии такие: если все подвергать сомнению, не уйти. Но мы справились."""" —Касмир</c>"""
"""<c=@flavor>""""Impressive.""""<br>—Solita Miststalker</c>""","""<c=@flavor>""""Впечатляет.""""<br>—Солита Охотница за туманами</c>"""
"""<c=@flavor>""""In case I don't make it, this will prove I was a genius!""""<br>—Explorer Trebb</c>""","""<c=@flavor>""""Если я не добьюсь успеха, это докажет, что я гений!""""<br>—Исследователь Требб</c>"""
"""<c=@flavor>""""In case of centaurs, apply footwear. Then start the party!""""<br>—Scout Jones</c>""","""<c=@flavor>""""В случае кентавров наденьте обувь. Затем начните вечеринку!""""<br>—Скаут Джонс</c>"""
"""<c=@flavor>""""In most cases, skritt weapons are cobbled together from random sources. Operate with caution.""""<br>—Durmand Priory Field Guide to Skritt</c>""","""<c=@flavor>""""В большинстве случаев скриттское оружие собирается из случайных источников. Действуйте с осторожностью.""""<br>—Полевой справочник по скритту Приората Дурманда</c>"""
"""<c=@flavor>""""In retrospect, I probably picked the wrong time to clean my gun.""""<br>—Private Felix</c>""","""<c=@flavor>""""Оглядываясь назад, я понимаю, что, вероятно, я выбрал неподходящее время для чистки пистолета.""""<br>—Рядовой Феликс</c>"""
"""<c=@flavor>""""Includes sliding chopping blade for extra devastation.""""</c>""","""<c=@flavor>""""В комплект входит скользящее рубящее лезвие для большего разрушения.""""</c>"""
"""<c=@flavor>""""Infused with the morning's light.""""<br>—Wyld Hunt Valiant Caillech</c>""","""<c=@flavor>""""Наполненный утренним светом.""""<br>—Отважный Кайлех из Дикой Охоты</c>"""
"""<c=@flavor>""""Instinct"""" means you have to do it.</c>""","""<c=@flavor>""""Инстинкт"""" означает, что вы должны это сделать.</c>"""
"""<c=@flavor>""""It almost looks like it's watching you.""""<br>—Aidem</c>""","""<c=@flavor>""""Похоже, будто он наблюдает за тобой.""""<br>—Айдем</c>"""
"""<c=@flavor>""""It can't be sheathed 'til it's spilled blood.""""</c>""","""<c=@flavor>""""Его нельзя вложить в ножны, пока не прольется кровь.""""</c>"""
"""<c=@flavor>""""It chops wood, meat, and grawl.""""<br>—Hune</c>""","""<c=@flavor>""""Он рубит дерево, мясо и гравел.""""<br>—Хьюн</c>"""
"""<c=@flavor>""""It definitely has a hair-trigger.""""</c>""","""<c=@flavor>""""Это определенно сбивает с толку.""""</c>"""
"""<c=@flavor>""""It doesn't look like much, but it'll stop a blow.""""<br>—Seraph</c>""","""<c=@flavor>""""Выглядит не так уж и много, но удар остановит.""""<br>—Серафим</c>"""
"""<c=@flavor>""""It even has a compass in the stock.""""<br>—Twitchok</c>""","""<c=@flavor>""""У него даже есть компас.""""<br>—Twitchok</c>"""
"""<c=@flavor>""""It fell out and we can't get it back in...""""<br>—Nessa</c>""","""<c=@flavor>""""Оно выпало, и мы не можем его вернуть...""""<br>—Несса</c>"""
"""<c=@flavor>""""It gets dark down here.""""<br>—Sik'klak</c>""","""<c=@flavor>""""Здесь темнеет.""""<br>—Сик'клак</c>"""
"""<c=@flavor>""""It has a secret secondary fire method in case some undead jam up the main action.""""<br>—Nessa</c>""","""<c=@flavor>""""У него есть секретный метод вторичного огня на случай, если какая-нибудь нежить помешает основному действию.""""<br>—Несса</c>"""
"""<c=@flavor>""""It is said our feathers can control the winds.""""<br>—Sangdo Swiftwing</c>""","""<c=@flavor>""""Говорят, что наши перья могут управлять ветром.""""<br>—Сангдо Быстрокрыл</c>"""
"""<c=@flavor>""""It makes a 'zzax' sound when you use it.""""</c>""","""<c=@flavor>""""При использовании он издает звук ""ззакс"".""</c>"""
"""<c=@flavor>""""It may be rusted, but it still works!""""</c>""","""<c=@flavor>""""Возможно, он и заржавел, но он все равно работает!""""</c>"""
"""<c=@flavor>""""It's a custom masterpiece refined from hundreds of bounties. I doubt even I could evade its mark."""" —Nakato Ibori</c>""","""<c=@flavor>""""Это шедевр, созданный на основе сотен наград. Сомневаюсь, что даже я смогу избежать его следа."""" —Накато Ибори</c>"""
"""<c=@flavor>""""It's a tool, but it's also a weapon.""""<br>—Surveyor Falki</c>""","""<c=@flavor>""""Это инструмент, но также и оружие.""""<br>—Геодезист Фалки</c>"""
"""<c=@flavor>""""It's amazing that such a quality sword was found in a skritt cave""""</c>""","""<c=@flavor>""""Удивительно, что такой качественный меч был найден в пещере скриттов""""</c>"""
"""<c=@flavor>""""It's amazing what can happen when you get everyone working together.""""<br>—Magister Izzmek</c>""","""<c=@flavor>""""Удивительно, что может случиться, если собрать всех вместе.""""<br>—Магистр Иззмек</c>"""
"""<c=@flavor>""""It's amazing what you can find in a old Skritt cave.""""<br>—Crusader Aisling</c>""","""<c=@flavor>""""Удивительно, что можно найти в старой пещере Скриттов.""""<br>—Крестоносец Эшлинг</c>"""
"""<c=@flavor>""""It's been recalibrated using the energy readings we took in this area. It'll be quite effective."""" <br>—Kamma</c>""","""<c=@flavor>""""Он был откалиброван с использованием показаний энергии, которые мы получили в этой области. Это будет весьма эффективно."""" <br>—Камма</c>"""
"""<c=@flavor>""""It's chipped and stained with old blood.""""</c>""","""<c=@flavor>""""Он побит и испачкан запекшейся кровью.""""</c>"""
"""<c=@flavor>""""It's dried, so the poison won't affect you. Just don't get it wet.""""<br>—Laudren</c>""","""<c=@flavor>""""Он высох, поэтому яд на вас не подействует. Только не намочите его.""""<br>—Лодрен</c>"""
"""<c=@flavor>""""It's easier to be vigilant when you have this in your hands.""""<br>—Crusader Brice</c>""","""<c=@flavor>""""Когда это у тебя в руках, легче сохранять бдительность.""""<br>—Крестоносец Брайс</c>"""
"""<c=@flavor>""""It's either never been used, or it's been licked clean.""""</c>""","""<c=@flavor>""""Он либо никогда не использовался, либо его вылизали дочиста.""""</c>"""
"""<c=@flavor>""""It's got a hair-trigger. I wouldn't suggest pointing this at yourself while cleaning.""""<br>—Vejj</c>""","""<c=@flavor>""""У него есть триггер. Я бы не советовал направлять его на себя во время уборки.""""<br>—Вейдж</c>"""
"""<c=@flavor>""""It's great to be on the giving side of this weapon. I would not suggest being on the receiving side of it, however.""""<br>—Johan</c>""","""<c=@flavor>""""Здорово быть на дающей стороне этого оружия. Однако я бы не советовал быть на принимающей стороне.""""<br>—Йохан</c>"""
"""<c=@flavor>""""It's hard to forget that horrible place. But it's destroyed now—down to the roots."""" —Kasmeer</c>""","""<c=@flavor>""""Трудно забыть это ужасное место. Но теперь оно разрушено до основания."""" —Касмир</c>"""
"""<c=@flavor>""""It's important to have the right shoes for the job.""""<br>—Vasher Shadowsinner</c>""","""<c=@flavor>""""Для работы важно иметь подходящую обувь.""""<br>—Вашер Шэдоусиннер</c>"""
"""<c=@flavor>""""It's not easy to survive in the wilds. There's probably something in here that could save your life.""""<br>—Magister Roslin</c>""","""<c=@flavor>""""Выжить в дикой природе непросто. Вероятно, здесь есть что-то, что может спасти вам жизнь.""""<br>—Магистр Рослин</c>"""
"""<c=@flavor>""""It's not enough to protect the body. One must protect the soul, as well.""""<br>—Lightbringer Ives</c>""","""<c=@flavor>""""Недостаточно защитить тело. Нужно также защитить душу.""""<br>—Светоносный Айвз</c>"""
"""<c=@flavor>""""It's not like the captain will be needing it soon.""""<br>—Cin</c><br><br>This item only has value as part of a collection.""","""<c=@flavor>""""Не похоже, что он скоро понадобится капитану.""<br>—Син</c><br><br>Этот предмет имеет ценность только как часть коллекции."""
"""<c=@flavor>""""It's not meant to be literally hidden.""""<br>—Lightbringer Ives</c>""","""<c=@flavor>""""Это не значит, что его нужно буквально прятать.""""<br>—Светоносный Айвз</c>"""
"""<c=@flavor>""""It's not stealing if it's for research!""""<br>—Ket</c>""","""<c=@flavor>""""Это не воровство, если это делается для исследования!""""<br>—Кет</c>"""
"""<c=@flavor>""""It's not stealing. The ghosts already took it once. This is...recovery. It's patriotic.""""<br>—Cin</c><br><br>This item only has value as part of a collection.""","""<c=@flavor>""""Это не воровство. Призраки уже забрали его однажды. Это... восстановление. Это патриотично.""""<br>—Син</c><br><br>Этот предмет имеет ценность только как часть коллекции."""
"""<c=@flavor>""""It's odd to see the grawl worshipping something more powerful than barely shaped rocks.""""<br>—Tor the Tall</c>""","""<c=@flavor>""""Странно видеть, как гралы поклоняются чему-то более мощному, чем камни едва очерченной формы.""""<br>—Тор Высокий</c>"""
"""<c=@flavor>""""It's quite shiny, isn't it?""""<br>—Krew Leader Pachoo</c>""","""<c=@flavor>""""Он довольно блестящий, не так ли?""""<br>—Лидер команды Пачу</c>"""
"""<c=@flavor>""""It's the height of Beetletun style! Well, it was last year, anyway.""""<br>—Paden</c>""","""<c=@flavor>""""Это вершина стиля Битлетуна! Ну, во всяком случае, это было в прошлом году.""""<br>—Паден</c>"""
"""<c=@flavor>""""It's the helm of the upper arm.""""<br>—Zalvax Brokenclaw</c>""","""<c=@flavor>""""Это шлем верхней части руки.""""<br>—Залвакс Сломанный Коготь</c>"""
"""<c=@flavor>""""Its not the sword that's great, but who wields it.""""<br>—Pact Crusader D'Stolt</c>""","""<c=@flavor>""""Велич не меч, а тот, кто им владеет.""""<br>—Крестоносец Пакта Д'Столт</c>"""
"""<c=@flavor>""""Its too bad this wont block the stench of this place.""""<br>—Magister Pagga</c>""","""<c=@flavor>""""Жаль, что это не заглушит вонь этого места.""""<br>—Магистр Пагга</c>"""
"""<c=@flavor>""""Judging from the condition of this crystal, I'd say the golem this came from took quite a beating before being disassembled.""""—Calcutician Doola</c>""","""<c=@flavor>""""Судя по состоянию этого кристалла, я бы сказал, что голем, из которого он появился, сильно пострадал, прежде чем его разобрали.""""—Калькутик Дула</c>"""
"""<c=@flavor>""""Just a copy for your files. Don't worry about the fine print. It's boilerplate.""""<br>—Advisor Zakk</c>""","""<c=@flavor>""""Просто копия для ваших файлов. Не беспокойтесь о мелком шрифте. Это шаблон.""""<br>—Советник Закк</c>"""
"""<c=@flavor>""""Just a small piece of the Terebinth's power.""""<br>—Leigheara</c>""","""<c=@flavor>""""Просто маленькая часть силы Теребинта.""""<br>—Лейгеара</c>"""
"""<c=@flavor>""""Just holding it makes me feel better.""""<br>—Leigheara</c>""","""<c=@flavor>""""Просто держу его в руках, и мне становится лучше.""""<br>—Лейгеара</c>"""
"""<c=@flavor>""""Just imagine the crack as your targeting sight.""""<br>—Nessi</c>""","""<c=@flavor>""""Просто представьте себе трещину в качестве прицела.""""<br>—Несси</c>"""
"""<c=@flavor>""""Just the thing for hiding in the shadows.""""<br>—Coydd</c>""","""<c=@flavor>""""Как раз то, что нужно, чтобы спрятаться в тени.""""<br>—Койд</c>"""
"""<c=@flavor>""""Just to remind the world what the Iron Legion is best at.""""<br>—Centurion Truthbringer</c>""","""<c=@flavor>""""Просто чтобы напомнить миру, в чем Железный Легион лучший.""""<br>—Центурион Несущий Истину</c>"""
"""<c=@flavor>""""Keep an eye on those ice imps.They are always up to no good.""""<br>—Suki</c>""","""<c=@flavor>""""Присматривайте за этими ледяными бесами. Они всегда ничего хорошего не замышляют.""""<br>—Сьюки</c>"""
"""<c=@flavor>""""Keep it for luck...and don't forget, you saved a lot of people down there."""" —Rox</c>""","""<c=@flavor>""""Сохраните это на удачу... и не забывайте, что вы там спасли много людей."""" —Рокс</c>"""
"""<c=@flavor>""""Keep them in check with brute force.""""<br>—Torruh Sweptweave</c>""","""<c=@flavor>""""Держите их под контролем грубой силой.""""<br>—Торрух Sweptweave</c>"""
"""<c=@flavor>""""Keep this close when those fissures appear, they sometimes shoot fireballs.""""<br>—Kruppa</c>""","""<c=@flavor>""""Держитесь поближе, когда появляются эти трещины, они иногда стреляют огненными шарами.""""<br>—Kruppa</c>"""
"""<c=@flavor>""""Keep this close when those fissures appear. They sometimes shoot fireballs.""""<br>—Kruppa</c>""","""<c=@flavor>""""Держитесь поближе, когда появятся эти трещины. Иногда они стреляют огненными шарами.""""<br>—Kruppa</c>"""
"""<c=@flavor>""""Keep your allies close.""""</c>""","""<c=@flavor>""""Держите своих союзников близко.""""</c>"""
"""<c=@flavor>""""Keep your axe sharp.""""</c>""","""<c=@flavor>""""Держите свой топор острым.""""</c>"""
"""<c=@flavor>""""Keep your feet warm.""""<br>—The Lionguard</c>""","""<c=@flavor>""""Держите ноги в тепле.""""<br>—Львиная стража</c>"""
"""<c=@flavor>""""Keep your fingers tight on your weapon, soldier.""""<br>—Nadel</c>""","""<c=@flavor>""""Держи пальцы крепче на своем оружии, солдат.""""<br>—Надель</c>"""
"""<c=@flavor>""""Keep your fingers tight on your weapon, solider.""""<br>—Nadel</c>""","""<c=@flavor>""""Держи пальцы крепче на своем оружии, солдат.""""<br>—Надель</c>"""
"""<c=@flavor>""""Keep your head on a swivel out there.""""<br>—Sentinel Liharn</c>""","""<c=@flavor>""""Держи там голову, поворачивая.""""<br>—Страж Лихарн</c>"""
"""<c=@flavor>""""Keep your legs safe when channeling ancient spirits.""""<br>—Old Witch Doctor's Saying</c>""","""<c=@flavor>""""Берегите ноги, обращаясь к древним духам.""""<br>—Поговорка старого знахаря</c>"""
"""<c=@flavor>""""Keep your legs warm.""""<br>—Meinolf Njordson</c>""","""<c=@flavor>""""Держите ноги в тепле.""""<br>—Мейнольф Ньёрдсон</c>"""
"""<c=@flavor>""""Keep your wits about you.""""<br>—Brian</c>""","""<c=@flavor>""""Сохраняйте рассудок.""""<br>—Брайан</c>"""
"""<c=@flavor>""""Keeping your feet dry is imperative in a place like this.""""<br>—Issa</c>""","""<c=@flavor>""""В таком месте обязательно держать ноги сухими.""""<br>—Исса</c>"""
"""<c=@flavor>""""Keeping your hands clean in war can be difficult.""""<br>—Supply Sergeant Mattimer</c>""","""<c=@flavor>""""Содержать руки в чистоте на войне может быть сложно.""""<br>—Сержант снабжения Маттимер</c>"""
"""<c=@flavor>""""Keeps the bad ice away.""""<br>—Mokooki</c>""","""<c=@flavor>""""Удерживает плохой лед.""""<br>—Мокуки</c>"""
"""<c=@flavor>""""Keeps the creepy crawlies away.""""<br>—Twitchok</c>""","""<c=@flavor>""""Отпугивает жутких ползающих существ.""""<br>—Twitchok</c>"""
"""<c=@flavor>""""Keeps the soot off.""""<br>—Vigil Tactician Blazefur</c>""","""<c=@flavor>""""Защитит от сажи.""""<br>—Виджил-тактик Блейзфур</c>"""
"""<c=@flavor>""""Killing perfection through machinery.""""</c>""","""<c=@flavor>""""Убить совершенство с помощью машин.""""</c>"""
"""<c=@flavor>""""Knowledge of these dangers is the only path to true victory. Many have died for what we have learned.""""<br>—Scholar Daphne</c>""","""<c=@flavor>""""Знание об этих опасностях — единственный путь к истинной победе. Многие погибли за то, что мы узнали.""""<br>—Ученый Дафна</c>"""
"""<c=@flavor>""""Legacy""""? It follows you.</c>""","""<c=@flavor>""""Наследие""""? Оно следует за вами.</c>"""
"""<c=@flavor>""""Let's make a deal.""""<br>—Lexi Price</c>""","""<c=@flavor>""""Давайте заключим сделку.""""<br>—Лекси Прайс</c>"""
"""<c=@flavor>""""Let's see them run after us now!""""<br>—Hua'racche</c>""","""<c=@flavor>""""Давайте посмотрим, как они бегут за нами!""""<br>—Хуаракче</c>"""
"""<c=@flavor>""""Life is a mystery""""</c>""","""<c=@flavor>""""Жизнь - это тайна""""</c>"""
"""<c=@flavor>""""Lift up thy weapons. For you are my soldiers, and must you be steadfast, strong, and brave of heart. They who neither hesitate nor stumble shall be rewarded."""" -Scriptures of Balthazar, 48 BE</c>""","""<c=@flavor>""""Поднимите свое оружие. Ибо вы мои солдаты, и вы должны быть стойкими, сильными и храбрыми сердцем. Те, кто не колеблется и не спотыкается, будут вознаграждены."" - Священные Писания Бальтазара, 48 г. до н.э.</c>"""
"""<c=@flavor>""""Light as a feather! No—that's a lie, this thing is really heavy.""""<br>—Supply Sergeant Mattimer</c>""","""<c=@flavor>""""Легкий как перышко! Нет, это ложь, эта штука действительно тяжелая.""""<br>—Сержант снабжения Маттимер</c>"""
"""<c=@flavor>""""Live to fight another day.""""<br>—Sentinel Jaggedclaw</c>""","""<c=@flavor>""""Жить, чтобы сражаться в следующий день.""""<br>—Страж Зубчатый Коготь</c>"""
"""<c=@flavor>""""Long hours and hard work pays off.""""<br>—Haral</c>""","""<c=@flavor>""""Долгие часы и тяжелая работа окупаются.""""<br>—Харал</c>"""
"""<c=@flavor>""""Looks like a good ring for you.""""<br>—Mrr'kkant</c>""","""<c=@flavor>""""Похоже, кольцо тебе подходит.""""<br>—Мрр'ккант</c>"""
"""<c=@flavor>""""Looks like the bandits, Inquest, and Nightmare Court are working together?""""<br>—Mathair</c>""","""<c=@flavor>""""Похоже, бандиты, Следствие и Кошмарный Суд работают вместе?""""<br>—Матайр</c>"""
"""<c=@flavor>""""Looks like your heroics qualified you. You have the Iron Legion's thanks.""""<br>—Legionnaire Sleekfur</c>""","""<c=@flavor>""""Похоже, ваш героизм заслужил ваше признание. Вы получили благодарность Железного Легиона.""""<br>—Легионер Гладкошерстный</c>"""
"""<c=@flavor>""""Looks really old. I wonder where it came from.""""<br>—Rhea</c>""","""<c=@flavor>""""Выглядит очень старым. Интересно, откуда оно взялось.""""<br>—Рея</c>"""
"""<c=@flavor>""""Made extra shiny for upcoming shiny battles.""""<br>—Explorer Grretergrret</c>""","""<c=@flavor>""""Сделано особенно блестящим для предстоящих блестящих сражений.""""<br>—Исследователь Гретергррет</c>"""
"""<c=@flavor>""""Made from a devourer's tail.""""</c>""","""<c=@flavor>""""Сделано из хвоста пожирателя.""""</c>"""
"""<c=@flavor>""""Made from a hollowed-out wurm tooth.""""</c>""","""<c=@flavor>""""Сделано из выдолбленного зуба червя.""""</c>"""
"""<c=@flavor>""""Made in Twinspur""""</c>""","""<c=@flavor>""""Сделано в Твинспуре""""</c>"""
"""<c=@flavor>""""Made out of pure rivets, remolded into one great sword. Iron Legion doesn't waste a single piece of scrap.""""<br>—Helo Murkhaunt</c>""","""<c=@flavor>""""Сделан из чистых заклепок, переделанных в один огромный меч. Железный Легион не тратит ни единого куска металлолома.""""<br>—Хило Меркхаунт</c>"""
"""<c=@flavor>""""Made some modifications. You shouldn't notice, other than the fact that things will be dying faster than normal.""""<br>—Sentinel Jaggedclaw</c>""","""<c=@flavor>""""Внесены некоторые изменения. Вы не должны заметить, кроме того факта, что все будет умирать быстрее, чем обычно.""""<br>—Sentinel Jaggedclaw</c>"""
"""<c=@flavor>""""Made with proprietary resistance thread.""""<br>—Senior Researcher Takka</c>""","""<c=@flavor>""""Изготовлено из запатентованной резистивной нити.""""<br>—Старший научный сотрудник Такка</c>"""
"""<c=@flavor>""""Magically inclined tools made right.""""</c>""","""<c=@flavor>""""Магические инструменты сделаны правильно.""""</c>"""
"""<c=@flavor>""""Make sure to use heaping spoonfuls.""""<br>—Eda</c>""","""<c=@flavor>""""Обязательно используйте полную ложку.""""<br>—Ида</c>"""
"""<c=@flavor>""""Make sure you clean this one out before using.""""<br>—Vejj</c>""","""<c=@flavor>""""Обязательно очистите его перед использованием.""""<br>—Вейдж</c>"""
"""<c=@flavor>""""Many have eyes, but few have seen. Of all here, you saw the beauty behind the illusion. And you alone shall be blessed with My gifts."""" - Scriptures of Lyssa, 45 BE<c>""","""<c=@flavor>""""У многих есть глаза, но немногие видели. Из всех здесь ты увидел красоту за иллюзией. И только ты будешь благословлен Моими дарами."""" - Священные Писания Лиссы, 45 г. до н.э.<c>"""
"""<c=@flavor>""""Many troops don't know the details of what we're fighting. I do, and this scepter is part of that knowledge.""""<br>—Scholar Maroola</c>""","""<c=@flavor>""""Многие солдаты не знают подробностей того, с чем мы сражаемся. Я знаю, и этот скипетр является частью этих знаний.""""<br>—Ученый Марула</c>"""
"""<c=@flavor>""""Market research! That's the ticket. I just need to know what those quaggan chaps eat.""""<br>—Cin</c>""","""<c=@flavor>""""Исследование рынка! Вот в чем дело. Мне просто нужно знать, что едят эти квагганы.""""<br>—Син</c>"""
"""<c=@flavor>""""Math? Of course I know math! What kind of things are they teaching you kids these days? Bah!""""<br>—Councillor Phlunt</c>""","""<c=@flavor>""""Математика? Конечно, я знаю математику! Чему сейчас учат вас, дети? Ба!""""<br>—Советник Флант</c>"""
"""<c=@flavor>""""May Snow Leopard watch over you.""""<br>—Sigarr</c>""","""<c=@flavor>""""Пусть Снежный Барс хранит тебя.""""<br>—Сигарр</c>"""
"""<c=@flavor>""""May it protect you as you protect Tyria.""""<br>—Agent Crandle</c>""","""<c=@flavor>""""Пусть оно защитит тебя, как ты защищаешь Тирию.""""<br>—Агент Крэндл</c>"""
"""<c=@flavor>""""May the sun god's rays warm your back.""""—Qoetl</c>""","""<c=@flavor>""""Пусть лучи бога солнца согреют твою спину.""""—Котл</c>"""
"""<c=@flavor>""""May the winds bless the flight of your bolts.""""<br>—Sangdo Swiftwing</c>""","""<c=@flavor>""""Пусть ветры благословят полет твоих стрел.""""<br>—Сангдо Быстрокрыл</c>"""
"""<c=@flavor>""""Meatoberfest—1325 AE""""</c>""","""<c=@flavor>""""Мясоберфест — 1325 AE""""</c>"""
"""<c=@flavor>""""Melted snow makes a great solvent for tonics, so you'd think melted eternal ice would be better. But the stuff doesn't melt! However, I can powder it and make a suspension...""""</c>""","""<c=@flavor>""""Растаявший снег является отличным растворителем для тоников, так что можно подумать, что растаявший вечный лед будет лучше. Но эта штука не тает! Однако я могу растолочь ее в порошок и сделать суспензию...""""</c>"""
"""<c=@flavor>""""Mental note: test associates always ask for gloves when working with the prototype. This may just be a coincidence.""""<br>—Kamma</c>""","""<c=@flavor>""""Примечание: сотрудники по тестированию всегда просят перчатки при работе с прототипом. Возможно, это просто совпадение.""""<br>—Камма</c>"""
"""<c=@flavor>""""Metal Legion crowds are the pits.""""</c>""","""<c=@flavor>""""Толпы Металлического Легиона - это ямы.""""</c>"""
"""<c=@flavor>""""Minds, Words, Deeds.""""<br>—Ash Legion Motto</c>""","""<c=@flavor>""""Умы, слова, дела.""""<br>—Девиз Пепельного Легиона</c>"""
"""<c=@flavor>""""More spikes mean Naknar's mace better than mace with less spikes.""""<br>—Naknar</c>""","""<c=@flavor>""""Больше шипов означает, что булава Накнара лучше, чем булава с меньшим количеством шипов.""""<br>—Накнар</c>"""
"""<c=@flavor>""""Most powerful paint. Powerful magic for powerful battle.""""<br>—Marksman Kamekeck</c>""","""<c=@flavor>""""Самая мощная краска. Мощная магия для мощной битвы.""""<br>—Стрелок Камекек</c>"""
"""<c=@flavor>""""Motion makes noise.""""<br>—Sizza</c>""","""<c=@flavor>""""Движение создает шум.""""<br>—Сизза</c>"""
"""<c=@flavor>""""Much like this flag, we too have become tattered.""""<br>—Shifting Waves</c>""","""<c=@flavor>""""Как и этот флаг, мы тоже разорвались.""""<br>—Смещающиеся волны</c>"""
"""<c=@flavor>""""My commander visited Bangar's rally and all I got was...""""</c>""","""<c=@flavor>""""Мой командир посетил митинг в Бангаре, и все, что я получил, это...""""</c>"""
"""<c=@flavor>""""My dad makes the sharpest blades around. Try one for yourself.""""<br>—Disa</c>""","""<c=@flavor>""""Мой папа делает самые острые лезвия. Попробуйте такое сами.""""<br>—Диса</c>"""
"""<c=@flavor>""""My own design. We made these a little lighter to help the engineers work and stay armored.""""<br>—Engineer Burlage Firestoker</c>""","""<c=@flavor>""""Моя собственная разработка. Мы сделали их немного легче, чтобы инженеры могли работать и оставаться в броне.""""<br>—Инженер Берладж Фаерстокер</c>"""
"""<c=@flavor>""""My own invention. You probably can't see all the subtle enhancements I've made, but your enemies will certainly feel them.""""<br>—Gilli</c>""","""<c=@flavor>""""Мое собственное изобретение. Вы, вероятно, не сможете увидеть все тонкие усовершенствования, которые я внес, но ваши враги наверняка их почувствуют.""""<br>—Гилли</c>"""
"""<c=@flavor>""""My own special design.""""<br>—Foreman Agvior</c>""","""<c=@flavor>""""Мой собственный особенный дизайн.""""<br>—Бригадир Агвиор</c>"""
"""<c=@flavor>""""My own special design.""""<br>—Molesmasher</c>""","""<c=@flavor>""""Мой собственный особенный дизайн.""""<br>—Molesmasher</c>"""
"""<c=@flavor>""""My special design. OOOooooOOooo.""""<br>—Commander Spleedoop</c>""","""<c=@flavor>""""Мой особый дизайн. ОООооооооо.""""<br>—Командир Сплидуп</c>"""
"""<c=@flavor>""""Need a hand? Sorry, I don't get out much.""""—Kamma</c>""","""<c=@flavor>""""Нужна помощь? Извините, я мало выхожу.""""—Камма</c>"""
"""<c=@flavor>""""Never again will these shackles be used to enslave another being.""""<br>—Bronson</c>""","""<c=@flavor>""""Никогда больше эти кандалы не будут использоваться для порабощения другого существа.""""<br>—Бронсон</c>"""
"""<c=@flavor>""""Never get lost in the dark.""""</c>""","""<c=@flavor>""""Никогда не заблудитесь в темноте.""""</c>"""
"""<c=@flavor>""""Never have gears been so protective.""""</c>""","""<c=@flavor>""""Никогда еще шестерни не были настолько защитными.""""</c>"""
"""<c=@flavor>""""Never know what you'll step in around here.""""<br>— Kennelnaster Warsnout</c>""","""<c=@flavor>""""Никогда не знаешь, во что ты здесь наступишь.""""<br>— Kennelnaster Warsnout</c>"""
"""<c=@flavor>""""Never leave home without a good axe.""""<br>—Shengra</c>""","""<c=@flavor>""""Никогда не выходите из дома без хорошего топора.""""<br>—Шенгра</c>"""
"""<c=@flavor>""""Never worry about swallowing an apple seed ever again!""""<br>—Eilla</c>""","""<c=@flavor>""""Никогда больше не беспокойтесь о том, что проглотите яблочную косточку!""""<br>—Эйла</c>"""
"""<c=@flavor>""""No music prettier than the call to battle.""""<br>— Kennelnaster Warsnout</c>""","""<c=@flavor>""""Нет музыки прекраснее, чем призыв к битве.""""<br>— Kennelnaster Warsnout</c>"""
"""<c=@flavor>""""No place like home.""""<br>—Kastaz</c>""","""<c=@flavor>""""Нет места лучше дома.""""<br>—Кастаз</c>"""
"""<c=@flavor>""""None in the fahrar would have stopped Ryland except Cinder. We almost buried a primus instead of retiring one.""""</c>""","""<c=@flavor>""""Никто в Фахраре не остановил бы Райланда, кроме Синдера. Мы чуть не похоронили примус вместо того, чтобы списать его.""""</c>"""
"""<c=@flavor>""""Normal choya are vicious, but give these guys an extra three feet of height and reach, and they become unstoppable."""" —Pit Master Oberon</c>""","""<c=@flavor>""""Обычные чойи злобны, но дайте этим парням дополнительные три фута роста и размаха рук, и их станет невозможно остановить."""" — Мастер пещер Оберон</c>"""
"""<c=@flavor>""""Normally only krewe members get to see these, but seeing how you helped generate the more interesting data points you can have them.""""<br>—Krewe Leader Seesa</c>""","""<c=@flavor>""""Обычно только члены Krewe могут видеть их, но видя, как вы помогли получить более интересные данные, вы можете их получить.""""<br>—Лидер Krewe Seesa</c>"""
"""<c=@flavor>""""Not even close to the weirdest request I've fulfilled."""" —Zommoros.</c>""","""<c=@flavor>""""Даже близко к самому странному запросу, который я когда-либо выполнял."" — Зомморос.</c>"""
"""<c=@flavor>""""Not intended for use as a blunt weapon.""""<br>—Vejj</c>""","""<c=@flavor>""""Не предназначен для использования в качестве тупого оружия.""""<br>—Вейдж</c>"""
"""<c=@flavor>""""Not my fault if you cut yourself!""""<br>—Bordekka</c>""","""<c=@flavor>""""Не моя вина, если ты порежешься!""""<br>—Бордекка</c>"""
"""<c=@flavor>""""Not shiny enough for me. Might be good for you.""""<br>—Hua'racche</c>""","""<c=@flavor>""""Недостаточно блестящий для меня. Может быть, вам подойдет.""""<br>—Хуаракче</c>"""
"""<c=@flavor>""""Not stealing. 'Acquiring.'""""<br>—Cakilak'ka</c>""","""<c=@flavor>""""Не ворую. 'Приобретаю'""""<br>—Cakilak'ka</c>"""
"""<c=@flavor>""""Not to give them too much credit, but this paint is just as good as some used by the great painters.""""<br>—Explorer Erikk</c>""","""<c=@flavor>""""Не стоит отдавать им должное, но эта краска ничуть не хуже красок, которыми пользовались великие художники.""""<br>—Исследователь Эрикк</c>"""
"""<c=@flavor>""""Not too long ago one of my scouts reported those grawl worshiping him as a thunder god on account of this rifle.""""<br>—Explorer Erikk</c>""","""<c=@flavor>""""Не так давно один из моих разведчиков сообщил, что эти граулы поклоняются ему как богу грома из-за этой винтовки.""""<br>—Исследователь Эрикк</c>"""
"""<c=@flavor>""""Nothing I build would crack like this, but it'll work.""""<br>—Nessi</c>""","""<c=@flavor>""""Ничто из того, что я создаю, не сломается так, но оно сработает.""""<br>—Несси</c>"""
"""<c=@flavor>""""Nothing beats a trusty mace.""""<br>—Legionnaire Kress Rustmaw</c>""","""<c=@flavor>""""Ничто не сравнится с верной булавой.""""<br>—легионер Кресс Ржавобрюх</c>"""
"""<c=@flavor>""""Nothing can stand against our combined power.""""<br>—Rhea</c>""","""<c=@flavor>""""Ничто не сможет противостоять нашей объединенной силе.""""<br>—Рея</c>"""
"""<c=@flavor>""""Nothing gets past this shield.""""<br>—Nessi</c>""","""<c=@flavor>""""Ничто не пройдет мимо этого щита.""""<br>—Несси</c>"""
"""<c=@flavor>""""Nothing is getting past this shield.""""<br>—Vigil Crusader Rugan</c>""","""<c=@flavor>""""Ничто не сможет преодолеть этот щит.""""<br>—Бдительный крестоносец Руган</c>"""
"""<c=@flavor>""""Nothing will try your patience more than skritt.""""<br>—Scholar Antal the Patient</c>""","""<c=@flavor>""""Ничто не испытает ваше терпение больше, чем скритт.""""<br>—Ученый Антал Терпеливый</c>"""
"""<c=@flavor>""""Now we hunt the dark itself.""""<br>—Marksman Kamekeck</c>""","""<c=@flavor>""""Теперь мы охотимся на саму тьму.""""<br>—Стрелок Камекек</c>"""
"""<c=@flavor>""""O clever Raven, sharpen my sight.""""</c>""","""<c=@flavor>""""О умный Ворон, обостри мое зрение.""""</c>"""
"""<c=@flavor>""""O mighty Bear, fortify my heart.""""</c>""","""<c=@flavor>""""О могучий Медведь, укрепи мое сердце.""""</c>"""
"""<c=@flavor>""""OK, so it's not really Deldrimor steel, but it's a good replica.""""<br>—Bink</c>""","""<c=@flavor>""""Хорошо, это не совсем делдриморская сталь, но это хорошая копия.""""<br>—Бинк</c>"""
"""<c=@flavor>""""OOOoah! Quaggan saw what came for the chum and ate the krait! Quaggans use these to fill chum buckets."""" <br>—Leemoola</c>""","""<c=@flavor>""""ОООо! Квагган увидел, что пришло за кетой, и съел крайта! Квагганы используют их, чтобы наполнить ведра с кетой."""" <br>—Лимула</c>"""
"""<c=@flavor>""""OOOooooOOOooo, pointy.""""<br>—Dooklin</c>""","""<c=@flavor>""""ОООооооооооо, острый.""""<br>—Дуклин</c>"""
"""<c=@flavor>""""OOOooooOOOooo, sharp.""""<br>—Dooklin</c>""","""<c=@flavor>""""Оооооооооооо, остро.""""<br>—Дуклин</c>"""
"""<c=@flavor>""""Objective 1: Find them. Objective 2: Destroy them.""""<br>—First Page of the Operative's Creed.</c>""","""<c=@flavor>""""Цель 1: найти их. Цель 2: уничтожить их.""""<br>—Первая страница кредо оперативника.</c>"""
"""<c=@flavor>""""Offense and defense. Both are needed to be triumphant.""""<br>—Enduring Protector</c>""","""<c=@flavor>""""Нападение и защита. Для победы нужны оба.""""<br>—Несокрушимый защитник</c>"""
"""<c=@flavor>""""Old magic.""""<br>—Recruit Tochacatl</c>""","""<c=@flavor>""""Старая магия.""""<br>—Нанять Точакатля</c>"""
"""<c=@flavor>""""On behalf of the Sentinels, thank you.""""<br>—Fahrtak Shatterfiend</c>""","""<c=@flavor>""""От имени Стражей спасибо.""""<br>—Фартак Шаттерфиенд</c>"""
"""<c=@flavor>""""On warm days, I often do a little underwater fishing.""""<br>—Fisherman Will</c>""","""<c=@flavor>""""В теплые дни я часто занимаюсь подводной рыбалкой.""""<br>—Рыбак Уилл</c>"""
"""<c=@flavor>""""Once past the post, you are truly in darkness.""""<br>—Keeper Lyrda</c>""","""<c=@flavor>""""Пройдя мимо столба, вы действительно оказываетесь во тьме.""""<br>—Хранительница Лирда</c>"""
"""<c=@flavor>""""One day I was giving a pirate a lively thrashing. As he turned tail to run, I swung my sword a final time and slit his coin-purse straight down the middle.""""<br>—Lionguard Mei</c>""","""<c=@flavor>""""Однажды я энергично избивал пирата. Когда он бросился бежать, я в последний раз взмахнул мечом и перерезал его кошелек с монетами прямо посередине.""""<br>—Львиная стража Мэй</c>"""
"""<c=@flavor>""""One hit quaggan on the head.""""<br>—Queldip</c>""","""<c=@flavor>""""Один удар кваггана по голове.""""<br>—Квелдип</c>"""
"""<c=@flavor>""""One less weapon for the centaur war machine.""""</c>""","""<c=@flavor>""""У боевой машины кентавра на одно оружие меньше.""""</c>"""
"""<c=@flavor>""""One of the finest hammers the Vigil has to offer.""""<br>—Supply Sergeant Mattimer</c>""","""<c=@flavor>""""Один из лучших молотов, которые может предложить Дозор.""""<br>—Сержант снабжения Маттимер</c>"""
"""<c=@flavor>""""One stab, one kill.""""</c>""","""<c=@flavor>""""Один удар, одно убийство.""""</c>"""
"""<c=@flavor>""""One thing's for sure: enemies you hit with this axe will hurt for a long time afterward.""""<br>—Abhean</c>""","""<c=@flavor>""""Одно можно сказать наверняка: враги, которых вы ударите этим топором, будут еще долго болеть.""""<br>—Абхеан</c>"""
"""<c=@flavor>""""One... Two... Three!""""<br>—Shukov</c>""","""<c=@flavor>""""Один... Два... Три!""""<br>—Шуков</c>"""
"""<c=@flavor>""""Only one permanent way to cleanse this vile evil.""""<br>—Explorer Erikk</c>""","""<c=@flavor>""""Только один постоянный способ очистить это мерзкое зло.""""<br>—Исследователь Эрикк</c>"""
"""<c=@flavor>""""Only the strong survive.""""</c>""","""<c=@flavor>""""Выживают только сильные.""""</c>"""
"""<c=@flavor>""""Only those who go above and beyond the call of duty earn the right to wear these.""""<br>—Goran</c>""","""<c=@flavor>""""Только те, кто выходит за рамки служебного долга, имеют право носить их.""""<br>—Горан</c>"""
"""<c=@flavor>""""Only works once, but at least it works!""""<br>—Bordekka</c>""","""<c=@flavor>""""Работает только один раз, но, по крайней мере, работает!""""<br>—Бордекка</c>"""
"""<c=@flavor>""""OoOoo, sparkly.""""<br>—Lugung</c>""","""<c=@flavor>""""Ооооо, блестяще.""""<br>—Лугунг</c>"""
"""<c=@flavor>""""Operation Lion's Pride was a great success!""""<br>—Deputy Bixx</c>""","""<c=@flavor>""""Операция ""Львиная гордость"" прошла с большим успехом!""""<br>—Заместитель Бикс</c>"""
"""<c=@flavor>""""Opponents have a way of defeating themselves.""""<br>—Sava Quicksnarl</c>""","""<c=@flavor>""""У противников есть способ победить самих себя.""""<br>—Сава Быстрый Рык</c>"""
"""<c=@flavor>""""Our business is killing krait, and business is good.""""<br>—Lionguard Hester</c>""","""<c=@flavor>""""Наш бизнес - убийство крайтов, и бизнес хороший.""""<br>—Львиная стража Эстер</c>"""
"""<c=@flavor>""""Our fight against these creatures won't end. Keep this charm as a reminder to never give up.""""<br>—Valiant Caillech</c>""","""<c=@flavor>""""Наша борьба с этими существами не закончится. Сохраните этот амулет как напоминание никогда не сдаваться.""""<br>—Валиант Кайлех</c>"""
"""<c=@flavor>""""Our moas prefer the spiked collars.""""<br>—Cassie</c>""","""<c=@flavor>""""Наши моа предпочитают ошейники с шипами.""""<br>—Кэсси</c>"""
"""<c=@flavor>""""Our priority is to defend this wall. However, if you find this useful for fighting Risen, then good hunting."""" <br>—Brannen</c>""","""<c=@flavor>""""Наш приоритет — защитить эту стену. Однако, если вы найдете это полезным для борьбы с Восставшим, тогда удачной охоты."""" <br>—Браннен</c>"""
"""<c=@flavor>""""Our rocking horse is inside a 'knotted chest,' whatever that is. Sounds hard to make without really big hands.""""<br>—Laine</c>""","""<c=@flavor>""""Наша лошадка-качалка находится внутри «узлового сундука», что бы это ни было. Звучит сложно сделать без действительно больших рук.""""<br>—Лейн</c>"""
"""<c=@flavor>""""Our trusty weapons are at your disposal friend.""""<br>—Yoal</c>""","""<c=@flavor>""""Наше верное оружие в твоем распоряжении, друг.""""<br>—Йоал</c>"""
"""<c=@flavor>""""Out here, you can't settle for the run of the mill. These have my own special little modifications.""""<br>—Waldo</c>""","""<c=@flavor>""""Здесь нельзя довольствоваться обычными делами. У них есть мои собственные небольшие модификации.""""<br>—Уолдо</c>"""
"""<c=@flavor>""""Patrol investigating the aftermath found the cub hidden near corpses of her presumed parents. Brought her to Grothmar. Added her to the fahrar.""""</c>""","""<c=@flavor>""""Патруль, расследующий последствия, обнаружил детеныша, спрятанного возле трупов ее предполагаемых родителей. Привез ее в Гротмар. Добавил ее в фахрар.""""</c>"""
"""<c=@flavor>""""People should take shoulder protection more seriously. One arrow volley will change your opinion on a good pair of pauldrons.""""<br>—Tripp</c>""","""<c=@flavor>""""Людям следует более серьезно относиться к защите плеч. Один залп стрел изменит ваше мнение о хорошей паре наплечников.""""<br>—Трипп</c>"""
"""<c=@flavor>""""Perfect for when you just want to get up in their faces, then stab them.""""<br>—Aerixx</c>""","""<c=@flavor>""""Идеально подходит, когда вы просто хотите встать им прямо в лицо, а затем нанести им удар.""""<br>—Aerixx</c>"""
"""<c=@flavor>""""Perhaps now they'll stay closed.""""<br>—Historian Garrod</c>""","""<c=@flavor>""""Возможно, теперь они останутся закрытыми.""""<br>—Историк Гаррод</c>"""
"""<c=@flavor>""""Pew, pew!""""<br>—Lugung</c>""","""<c=@flavor>""""Пью, пью!""""<br>—Лугунг</c>"""
"""<c=@flavor>""""Pick up a shield and get in there!""""<br>—Sergeant Liddy</c>""","""<c=@flavor>""""Возьмите щит и идите туда!""""<br>—Сержант Лидди</c>"""
"""<c=@flavor>""""Pictures of great hunts. No more with bad ice brutes around.""""<br>—Mokooki</c>""","""<c=@flavor>""""Фотографии великолепных охот. Больше никаких плохих ледяных зверей.""""<br>—Мокуки</c>"""
"""<c=@flavor>""""Pistols make for excellent weapons. So easy to hide, but so much power .""""<br>—Rinceword</c>""","""<c=@flavor>""""Пистолеты — отличное оружие. Их так легко спрятать, но такая мощная.""""<br>—Ринсворд</c>"""
"""<c=@flavor>""""Pistols make for excellent weapons. So easy to hide, but so much power.""""<br>—Rinceword</c>""","""<c=@flavor>""""Пистолеты — отличное оружие. Их так легко спрятать, но такая мощь.""""<br>—Ринсворд</c>"""
"""<c=@flavor>""""Point. Shoot. Simple!""""<br>—Twitchok</c>""","""<c=@flavor>""""Точка. Стреляй. Просто!""""<br>—Twitchok</c>"""
"""<c=@flavor>""""Pointy!""""<br>—Lugung</c>""","""<c=@flavor>""""Острый!""""<br>—Лугунг</c>"""
"""<c=@flavor>""""Pollution clean-up efforts are often tiresome, thankless affairs. You need a friend in times like these. So, here you go.""""<br>—Carmel</c>""","""<c=@flavor>""""Уборка загрязнений часто оказывается утомительным и неблагодарным делом. В такие времена вам нужен друг. Итак, вот.""""<br>—Кармель</c>"""
"""<c=@flavor>""""Poor rabbits. We will need more of this luck if we are to succeed.""""<br>—Lightbringer Ives</c>""","""<c=@flavor>""""Бедные кролики. Если мы хотим добиться успеха, нам понадобится больше этой удачи.""""<br>—Светоносный Айвз</c>"""
"""<c=@flavor>""""Pretty detailed trade agreement for a bunch of bandits. The Inquest must have written it.""""<br>—Mathair</c>""","""<c=@flavor>""""Довольно подробное торговое соглашение для бандитов. Должно быть, его написало Следствие.""""<br>—Матайр</c>"""
"""<c=@flavor>""""Probably twice-stolen anyhow...""""<br>—Waldo</c>""","""<c=@flavor>""""В любом случае, вероятно, дважды украдено...""""<br>—Уолдо</c>"""
"""<c=@flavor>""""Protect your grubs and they protect you.""""<br>—Tarstar Chief</c>""","""<c=@flavor>""""Защитите своих личинок, и они защитят вас.""""<br>—Вождь Тарзвезд</c>"""
"""<c=@flavor>""""Protection against falling rocks. And anything else, for that matter.""""<br>—Rak Deathmane</c>""","""<c=@flavor>""""Защита от падающих камней. И от всего остального, если уж на то пошло.""""<br>—Рак Смертоносная Грива</c>"""
"""<c=@flavor>""""Protects what's between the ears.""""<br>—Zalvax Brokenclaw</c>""","""<c=@flavor>""""Защищает то, что между ушами.""""<br>—Залвакс Сломанный Коготь</c>"""
"""<c=@flavor>""""Protects your insides.""""<br>—Marksman Kamekeck</c>""","""<c=@flavor>""""Защищает ваши внутренности.""<br>—Стрелок Камекек</c>"""
"""<c=@flavor>""""Pure fury, pure warrior wrath. Can you feel it?""""<br>—Tactician Deathstrider</c>""","""<c=@flavor>""""Чистая ярость, чистый гнев воина. Ты чувствуешь это?""""<br>—Тактик Смертельный Страйдер</c>"""
"""<c=@flavor>""""Putting your ear close to it, you can hear something trying to get out.""""</c>""","""<c=@flavor>""""Приблизив ухо, можно услышать, как что-то пытается вырваться наружу.""""</c>"""
"""<c=@flavor>""""Quaggan found this in a shipwreck underwater. Quaggan doesn't need it. OoOOoo! It's very nice, though!""""<br>—Leemoola </c>""","""<c=@flavor>""""Квагган нашел это во время кораблекрушения под водой. Кваггану это не нужно. Ооооо! Но это очень приятно!""""<br>—Лимула </c>"""
"""<c=@flavor>""""Quaggan has a gun you can use underwater.""""<br>—Queldip</c>""","""<c=@flavor>""""У Квеггана есть пистолет, который можно использовать под водой.""""<br>—Квелдип</c>"""
"""<c=@flavor>""""Quaggan like this pointy stick. Makes quaggan scary like pirate.""""<br>—Duidda</c>""","""<c=@flavor>""""Кваггану нравится эта заостренная палка. Делает кваггана страшным, как пират.""""<br>—Дуидда</c>"""
"""<c=@flavor>""""Quaggan likes this magic stick. Makes lots of bubbles.""""<br>—Queldip</c>""","""<c=@flavor>""""Кваггану нравится эта волшебная палочка. Он делает много пузырей.""""<br>—Квелдип</c>"""
"""<c=@flavor>""""Quaggan likes this pointy stick. Makes quaggan scary like pirate.""""<br>—Duidda</c>""","""<c=@flavor>""""Кваггану нравится эта заостренная палка. Он делает квагана страшным, как пирата.""""<br>—Дуидда</c>"""
"""<c=@flavor>""""Quaggan made a five-finger glove just for you.""""<br>—Queldip</c>""","""<c=@flavor>""""Квагган сделал для тебя перчатку с пятью пальцами.""""<br>—Квелдип</c>"""
"""<c=@flavor>""""Quaggan made it extra sharp.""""<br>—Varonos Parump</c>""","""<c=@flavor>""""Квагган сделал его очень острым.""""<br>—Варонос Парумп</c>"""
"""<c=@flavor>""""Quaggan made you a breather for helping quaggan.""""<br>—Duidda</c>""","""<c=@flavor>""""Квагган дал тебе передышку за помощь кваггану.""""<br>—Дуидда</c>"""
"""<c=@flavor>""""Quaggan makes the best weapon for the best battles.""""<br>—Recruit Wongoo</c>""","""<c=@flavor>""""Квагган делает лучшее оружие для лучших сражений.""""<br>—Наймите Вонгу</c>"""
"""<c=@flavor>""""Quaggan makes these bejeweled sea shells to protect others from the blood witch's curses. Maybe one day it can protect you.""""<br>—Doolsileep</c>""","""<c=@flavor>""""Квагган делает эти украшенные драгоценными камнями морские раковины, чтобы защитить других от проклятий кровавой ведьмы. Возможно, однажды они смогут защитить вас.""""<br>—Doolsileep</c>"""
"""<c=@flavor>""""Quaggan wants you to stay protected in dark waters.""""<br>—Recruit Wongoo</c>""","""<c=@flavor>""""Квагган хочет, чтобы вы оставались защищенными в темных водах.""""<br>—Наймите Вонгу</c>"""
"""<c=@flavor>""""Quaggan wouldn't know what to do if quaggan couldn't breathe underwater.""""<br>—Qualdup</c>""","""<c=@flavor>""""Квагган не знал бы, что делать, если бы квагган не мог дышать под водой.""""<br>—Квалдап</c>"""
"""<c=@flavor>""""Quit talking and buy something.""""<br>—Mona</c>""","""<c=@flavor>""""Хватит болтать и купи что-нибудь.""""<br>—Мона</c>"""
"""<c=@flavor>""""Rank: Lionscout""""</c>""","""<c=@flavor>""""Ранг: Львоскаут""""</c>"""
"""<c=@flavor>""""Real men wear skirts.""""<br>—Pit Fighter's Saying</c>""","""<c=@flavor>""""Настоящие мужчины носят юбки.""""<br>—Высказывание Pit Fighter</c>"""
"""<c=@flavor>""""Recover, reuse, recycle. The equipment we recover is usually a lot less banged up than the soldier.""""<br>—Sergeant Yarbrough</c>""","""<c=@flavor>""""Восстанавливайте, повторно используйте, перерабатывайте. Снаряжение, которое мы восстанавливаем, обычно гораздо менее повреждено, чем солдат.""""<br>—Сержант Ярбро</c>"""
"""<c=@flavor>""""Remember that time we threw grenades at drakes?""""</c>""","""<c=@flavor>""""Помнишь, как мы бросали гранаты в селезней?""""</c>"""
"""<c=@flavor>""""Remember, attack as they lower their guard.""""<br>—Sergeant Neal</c>""","""<c=@flavor>""""Помните, атакуйте, когда они ослабляют бдительность.""""<br>—Сержант Нил</c>"""
"""<c=@flavor>""""Remember, the pointy end goes out front.""""<br>—Aerixx</c>""","""<c=@flavor>""""Помните, острый конец выходит вперед.""""<br>—Aerixx</c>"""
"""<c=@flavor>""""Remember: 'dead or alive' means dead.""""</c>""","""<c=@flavor>""""Помните: «живой или мертвый» означает мертвый.""""</c>"""
