english,translate
"""I call it the 3-2-1: three parts meat, two parts meat, and one part meat! I'm perfecting it for Meatoberfest.""","«Я называю это 3-2-1: три части мяса, две части мяса и одна часть мяса! Я совершенствую это для Мятоберфеста»."
"""I call it the Murine Agglomeration Device. I've just finished the latest prototype, and Dekkti will need my notes on it. Maybe this one will help her get over her skritt obsession.""","«Я называю это Мышиное Агломерационное Устройство. Я только что закончил последний прототип, и Деккти понадобятся мои записи. Возможно, это поможет ей преодолеть одержимость скриттами»."
"""I came along the road, and there wasn't an inch of it that wasn't contested by something that wanted to kill me. The land here is wild. There's a Svanir fortress not far back.""","«Я шёл по дороге, и не было ни дюйма на ней, чтобы не оспаривалось чем-то, что хотело меня убить. Земля здесь дикая. Неподалёку стоит сванирская крепость»."
"""I came here seeking my fortune fishing near Triskell Quay, but I was driven into Lionguard protection at Overlake Haven by the Toxic Alliance. Now the lake is polluted and ettin have attacked my new home. Please, fight for Triskell Quay and Overlake Haven.""","«Я приехал сюда в поисках удачи на рыбалке возле набережной Трискелл, но Токсичный Альянс загнал меня под охрану Львиной стражи в Оверлейк-Хейвен. Теперь озеро загрязнено, и эти люди напали на мой новый дом. Пожалуйста, сражайтесь за Трискелл-Куэй и Оверлейк-Хейвен»."
"""I came to Bay Haven to get supplies we can't acquire for ourselves on the Weeping Isle, but the trip is dangerous, especially for one of the Soundless. Could you escort me back, please?""","«Я приехал в Бэй-Хейвен за припасами, которые мы не можем приобрести для себя на Плачущем острове, но поездка опасна, особенно для одного из Беззвучных. Не могли бы вы сопроводить меня обратно, пожалуйста?»"
"""I came to pass along a message from Barbed Vale. She requests your presence at the hunting outpost, a bit west of here.""","«Я пришёл передать сообщение из Колючей долины. Она просит вас присутствовать на охотничьем посту, немного западнее отсюда»."
"""I can believe that. Well, that's where I go next, then.""","«Я могу в это поверить. Что ж, тогда я пойду дальше»."
"""I can browse, but I don't think he'll sell me anything.""","«Я могу просмотреть, но не думаю, что он мне что-нибудь продаст»."
"""I can cast spells when absolutely needed, but for the most part you'll need to keep me alive.""","«Я могу произносить заклинания, когда это абсолютно необходимо, но по большей части вам придётся поддерживать во мне жизнь»."
"""I can confirm that. There are tracks leading into the caves. It's a defensible position, so the second team could be dug in there.""","«Я могу это подтвердить. В пещеры ведут тропы. Это оборонительная позиция, так что вторая команда может там окопаться»."
"""I can do the inspections and repairs myself, but don't expect me to fix and fight at the same time. The more icebrood you clear out, the faster I'll get this done.""","«Я могу провести осмотр и ремонт самостоятельно, но не ждите, что я буду чинить и сражаться одновременно. Чем больше ледяных выводков вы уберете, тем быстрее я это сделаю»."
"""I can feel it, Kay. The treasure vault's gotta be right on the other side.""","«Я чувствую это, Кей. Сокровищница, должно быть, находится прямо на другой стороне»."
"""I can fix that, though. Mr. Sparkles! Cover me while I reverse this gate!""","«Но я могу это исправить. Мистер Спарклс! Прикройте меня, пока я поверну эти ворота!»"
"""I can give you a map of the town where Benn's being held, and some passwords the soldiers use. Go there, and break him out!""","«Я могу дать вам карту города, где держат Бенна, и несколько паролей, которыми пользуются солдаты. Идите туда и вызволите его!»"
"""I can hear her. Her voice lingers at the edge of my mind like a memory I've long forgotten—the lightest touch. Bubbling beneath the ocean waves, deep below... Her voice, like a feather against my scales.""","«Я слышу её. Её голос задерживается на краю моего сознания, как воспоминание, которое я давно забыл – самое лёгкое прикосновение. Клокочет под океанскими волнами, глубоко внизу… Её голос, как перышко на моей чешуе»."
"""I can lift three times your weight! Four! maybe even five, if we're not counting the armor...""","«Я могу поднять вес в три раза больше твоего! Четыре! Может быть, даже пять, если не считать брони…»"
"""I can only fire this cannon for as long as I have the essence of fireflies. Please, go get more!""","«Я могу стрелять из этой пушки только до тех пор, пока у меня есть сущность светлячков. Пожалуйста, принеси ещё!»"
"""I can reassemble it, but I'll need more pieces. Five should do it.""","«Я могу собрать его заново, но мне понадобится больше деталей. Пятеро вполне хватит»."
"""I can set you to a default, survivable level-80 build for your profession, if you'd like.""","«Если хотите, я могу установить для вашей профессии стандартную сборку живучести 80-го уровня»."
"""I can take care of myself, thanks.""","«Я могу позаботиться о себе, спасибо»."
"""I can tell you're a discriminating adventurer. You aren't content to use just any old weapon you find on the ground. With this dredge ore, I can make some fine weapons.""","«Я могу сказать, что ты разборчивый искатель приключений. Ты не довольствуешься использованием любого старого оружия, которое найдёшь на земле. С помощью этой руды я могу сделать отличное оружие»."
"""I can train you to be a chef, but be warned: it is an advanced art for true world travelers, and it requires more coin and karma than other crafts.""","«Я могу научить тебя повару, но учти: это продвинутое искусство для настоящих путешественников, и оно требует больше денег и кармы, чем другие ремесла»."
"""I can train you to be a chef, but be warned: it is an art for true world travelers, and it requires more coin and karma to master than other crafts.""","«Я могу научить тебя быть шеф-поваром, но учти: это искусство для настоящих путешественников, и для его освоения требуется больше денег и кармы, чем для других ремесел»."
"""I can train you to be a huntsman and make superior weapons like guns, bows, warhorns, and torches.""","«Я могу научить тебя быть охотником и делать превосходное оружие, такое как ружья, луки, боевые рога и факелы»."
"""I can upgrade it with an excavation beam, a reconfigure, and an impact site marker for a nominal fee.""","«Я могу модернизировать его, добавив раскопочную балку, переконфигурировав и указав место удара за символическую плату»."
"""I can use the last of my energy to cast a veil of invisibility over you, Initiate. I did the same for Demmi when she left Divinity's Reach.""","«Я могу использовать остатки своей энергии, чтобы набросить на тебя завесу невидимости, Посвященный. Я сделал то же самое с Демми, когда она покинула Divinity's Reach»."
"""I can! Still, you can't mine on an empty stomach. Sit and eat. An official will come to discuss the mine soon enough.""","— Могу! Но на голодный желудок добывать нельзя. Сиди и ешь. Скоро приедет чиновник, чтобы обсудить шахту."
"""I can't begin to express how much the undead distress me to my core. I'll never forget our experiences at Sleive's Inlet. We nearly died. I want you to know that, wherever your hunt takes you, you have a friend here. <br><br>—Caillech""","«Я не могу выразить, насколько нежить огорчает меня до глубины души. Я никогда не забуду наш опыт в заливе Слейва. Мы чуть не погибли. Я хочу, чтобы ты знал: куда бы тебя ни завела охота, у тебя здесь есть друг. <br><br>—Кайлех»"
"""I can't believe I'm here, in the middle of this. I started off down south, in little Applenook Hamlet. Didn't think I'd end up in the Hinterlands.""","«Я не могу поверить, что нахожусь здесь, в центре всего этого. Я отправился на юг, в маленький городок Эплнук. Не думал, что окажусь во Внутренних землях»."
"""I can't believe a largos attacked us! We wouldn't have made it without you. Please, help yourself to my merchandise.""","«Не могу поверить, что на нас напал ларгос! Без вас мы бы не справились. Пожалуйста, возьмите мой товар»."
"""I can't believe that heart even pumped. Oh, wait...""","«Я не могу поверить, что сердце вообще забилось. Ой, подожди…»"
"""I can't enter the armory on my own, but you... Yes. You can.""","«Я не могу войти в арсенал самостоятельно, но ты… Да. Ты можешь»."
"""I can't help feeling that the day's shadows will lead into a long, dark night.""","«Я не могу избавиться от ощущения, что дневные тени приведут к долгой тёмной ночи»."
"""I can't imagine the knowledge I'll have access to, the good I can do with these people—""","«Я не могу себе представить, к каким знаниям у меня будет доступ, какую пользу я смогу сделать с этими людьми…»"
"""I can't keep you on active duty with my squad, but feel free to investigate this matter on your own.""","«Я не могу оставить вас на действительной военной службе в своем отряде, но не стесняйтесь расследовать это дело самостоятельно»."
"""I can't leave him! I can't. Ah, why did you have to be so brave?""","«Я не могу оставить его! Не могу. Ах, почему тебе нужно было быть таким храбрым?»"
"""I can't pet you right now, I'm afraid.""","«Боюсь, я не могу сейчас тебя погладить»."
"""I can't say any more, Your Honor.""","— Я не могу больше ничего сказать, ваша честь."
"""I can't say that I have, no.""","«Я не могу сказать, что у меня есть, нет»."
"""I can't spare much, but you'll need good equipment to make it out there.""","«Я не могу выделить много, но вам понадобится хорошее оборудование, чтобы добраться туда»."
"""I can't talk right now, I have to focus.""","«Я не могу сейчас говорить, мне нужно сосредоточиться»."
"""I can't thank you enough for helping complete this anthology of the Mad King's life. This is a once-in-a-lifetime opportunity to expand our knowledge of the most infamous king of Kryta and how he affected the course of history.<br><br>However, I must relate some unsettling news to you. While we initially believed this volume to be a complete account of his life, factors indicate that there are stories yet untold.<br><br>Do you see the inscription on the book? How it hints at an incomplete second volume? Perhaps there is more to be discovered—stories from the Mad King's reign that have not yet been properly collected. Please, if there is any way you can research this, I'd be glad to append your already magnificent volume!<br><br>—Magister Tassi""","«Я не могу отблагодарить вас за помощь в составлении этой антологии жизни Безумного Короля. Это уникальная возможность расширить наши знания о самом печально известном короле Крайты и о том, как он повлиял на ход истории.<br><br>Однако я должен сообщить вам некоторые тревожные новости. Хотя изначально мы полагали, что этот том представляет собой полное описание его жизни, некоторые факторы указывают на то, что есть истории, которые ещё не рассказаны.<br><br>Вы видите надпись на Книга? Как это намекает на неполный второй том? Возможно, есть ещё что-то, что можно обнаружить - истории из правления Безумного Короля, которые ещё не были должным образом собраны. Пожалуйста, если у вас есть какой-либо способ исследовать это, я был бы рад дополнить ваш и без того великолепный том!<br><br>—Магистр Тасси"""
"""I can't trust you, you're a charr! Momma said—""","«Я не могу тебе доверять, ты чарр! Мама сказала…»"
"""I can't turn down fine ale. Just don't let me get too drunk, or Vidkun will have my hide.""","«Я не могу отказаться от хорошего пива. Только не дай мне слишком напиться, а то Видкун заберет мою шкуру»."
"""I carried out the plan to draw Archon Iberu into my trap by staging a fake Sunspear uprising. After wiping out some Awakened camps and planting Sunspear banners in open defiance of Joko's rule, I'm confident Iberu will come running.""","«Я осуществил план по втягиванию архонта Иберу в свою ловушку, устроив фальшивое восстание Солнечного Копья. После уничтожения нескольких лагерей Пробудившихся и установки знамен Солнечного Копья в открытое неповиновение правлению Джоко, я уверен, что Иберу прибежит»."
"""I caught up with Taimi, who had wandered away from the group, and we discovered an observatory created jointly by the Exalted and asura. It revealed a map of the area marked with ley-energy concentrations. One may be a place called Rata Novus—a legendary, lost asuran outpost where we might find allies in the battle against Mordremoth. Taimi was over the moon.""","«Я догнал Тайми, который отошёл от группы, и мы обнаружили обсерваторию, созданную совместно Возвышенными и асурами. Она показала карту местности, отмеченной концентрациями лей-энергии. Одним из них может быть место под названием Рата Новус — легендарный затерянный асуранский аванпост, где мы могли бы найти союзников в битве против Мордремота. Тайми был на седьмом небе от Луны»."
"""I chased the little...darling all the way here from Divinity's Reach. I don't know how she managed to wiggle her way into the, um...archive, but here we are. She escaped with priceless records.""","«Я преследовал маленькую… любимую всю дорогу сюда из Divinity's Reach. Я не знаю, как ей удалось пробраться в… хм… архив, но вот мы здесь. Она сбежала с бесценными записями»."
"""I chirped at my companion—my """"Champion."""" I could already feel something pulling us together, even back then. Or perhaps it was just a rumble of my belly, recently filled with fish.""","«Я щебетал своему спутнику — моему «Чемпиону». Я уже тогда чувствовал, что что-то сближает нас. А может быть, это было просто урчание моего живота, недавно наполненного рыбой»."
"""I climbed that mountain alone, in a raging storm, barefoot!""","«Я поднялся на эту гору один, в бушующую бурю, босиком!»"
"""I collect mold. You know, as a hobby. Probably some good stuff in there.""","«Я собираю плесень. Ну, в качестве хобби. Наверное, там есть что-нибудь хорошее»."
"""I collected parts to build a working prototype of my weapon. The Flame Legion tried to stop me again, but I defeated them with the help of a gladium named Luccia Wildeye. After the fight, Luccia joined my warband and set up a proving ground where I can test the prototype.""","«Я собрал детали, чтобы построить работающий прототип моего оружия. Легион Пламени снова попытался остановить меня, но я победил их с помощью гладиума по имени Лючия Дикоглаз. После боя Лючия присоединилась к моему отряду и устроила полигон, где я могу протестировать прототип»."
"""I collected the steel for Beigarth to forge the weapon, but I also saw jotun worshipping at an altar to the ice dragon Jormag! I'll ask Eir about it—nobody has more experience battling Jormag's corruption.""","«Я собрал сталь для Бейгарта, чтобы выковать оружие, но я также видел, как йотуны поклонялись алтарю ледяного дракона Йормага! Я спрошу об этом Эйр — ни у кого нет большего опыта в борьбе с порчей Йормага»."
"""I come from a long line of Luxon turtle ranchers. Though our people have integrated and lost some of our identity, my family has held firm to our turtle traditions. We have weathered many storms.""","«Я происхожу из длинного рода владельцев черепах в Люксоне. Хотя наш народ интегрировался и утратил часть своей идентичности, моя семья твердо придерживается наших черепаховых традиций. Мы пережили множество штормов»."
"""I confess, I did miss you.""","«Признаюсь, я скучал по тебе»."
"""I convinced the carnival performers to trust me by besting them at their own games. Once they let me inside, I found Garand—and the dangerous toy they've created, the grizwhirl. It has the power to hypnotize subjects and make them do terrible things.""","«Я убедил артистов карнавала довериться мне, превзойдя их в их собственных играх. Как только они впустили меня внутрь, я нашёл Гаранда — и опасную игрушку, которую они создали, гризвирл. Он обладает способностью гипнотизировать субъектов и заставлять их делать ужасные вещи»."
"""I cornered Caudecus, and he revealed himself to be the leader of the White Mantle. That wasn't the only surprise we had. Lazarus, the fabled last of the mursaat, showed up. He expelled Caudecus—no surprise there. But then he expressed a disinterest in the Krytan throne! The White Mantle fractured. Some of the fools remained loyal to Caudecus. Others swore renewed allegiance to Lazarus. It's been quite a day!""","«Я загнал Каудека в угол, и он показал себя лидером Белой Мантии. Это был не единственный сюрприз, который нас преподнес. Появился Лазарь, легендарный последний из мурсаатов. Он изгнал Каудека — в этом нет ничего удивительного. Но затем он выразил незаинтересованность в крайтанском троне! день!"""
"""I could have killed you just now, and you'd never have known what hit you.""","«Я мог бы убить тебя прямо сейчас, и ты бы никогда не узнал, что тебя поразило»."
"""I could have stayed longer with Taimi, but the seriousness of the situation pressed me to move on. There's something happening in the Fire Islands. I'm headed there to check in with Taimi's accomplices.""","«Я мог бы остаться с Тайми подольше, но серьёзность ситуации вынуждала меня двигаться дальше. Что-то происходит на Огненных островах. Я направляюсь туда, чтобы проверить сообщников Тайми»."
"""I could hear the ruckus you caused from here. You whipped those mangy dogs good. If I ever put another crew together, I'll look you up.""","«Я слышал отсюда шум, который ты устроил. Ты хорошенько выпорол этих паршивых собак. Если я когда-нибудь соберу ещё одну бригаду, я тебя найду»."
"""I could kill you, you know?""","— Я мог бы убить тебя, понимаешь?"
"""I could make reductions in defense grid consumption. The shielding matrix was, perhaps, a bit overzealous. Then again, a complete failure could be disastrous.""","«Я мог бы сократить потребление оборонной сети. Матрица защиты, возможно, немного переусердствовала. Опять же, полный отказ может иметь катастрофические последствия»."
"""I could really use a hand with these cannisters, friend. Can't lift 'em by myself.""","«Мне бы не помешала рука с этими канистрами, друг. Я не смогу поднять их один»."
"""I could say the same, Mother Tree. Your boughs grow ever higher.""","«Я мог бы сказать то же самое, Мать-Древо. Твои ветви растут все выше»."
"""I could use an extra sword, sure. The hatchery is north of the town of Nolan, in Diessa Plateau. I'll meet you there. Bring any friends who want to come too. My name's Rox. What's yours?""","«Конечно, мне не помешал бы дополнительный меч. Инкубаторий находится к северу от города Нолан, на плато Дисса. Я встречу вас там. Приведите с собой друзей, которые тоже захотят. Меня зовут Рокс. А вас?»"
"""I could, but not right now.""","«Я мог бы, но не сейчас»."
"""I created a distraction and challenged Sariel of the Nightmare Court, while Caithe snuck through their campsite at Hemlock Coil. With a little defiance and a lot of good fortune, the white stag is free again. Now we will take it to the Grove, where the stag will be safe.""","«Я отвлекла внимание и бросила вызов Сариэлю из Двора Кошмаров, в то время как Кейт пробиралась через их лагерь в Болиголове. Немного неповиновения и удачи, и белый олень снова свободен. Теперь мы отвезем его в Рощу, где олень будет в безопасности»."
"""I created it for Riannoc, one of the Firstborn. When he died, the blade was in his possession. It has not been seen since.""","«Я создал его для Рианнока, одного из Первенцев. Когда он умер, клинок был у него. С тех пор его никто не видел»."
"""I decided that Romke's horn was too corrupted and must be destroyed. The kodan had a way to rip out the horn's power, but the horn summoned terrifying creatures to defend itself. In the end, we prevailed. I hated to lose this heirloom from my ancestor, but now the Sons of Svanir can no longer use it for darkness.""","«Я решил, что рог Ромке слишком испорчен и должен быть уничтожен. У кодана был способ вырвать силу рога, но рог призвал ужасающих существ, чтобы защитить себя. В конце концов, мы победили. Мне не хотелось терять эту семейную реликвию от моего предка, но теперь Сыны Сванира больше не могут использовать её для тьмы»."
"""I decided to go with Logan to protect the well, and we thwarted the poisoners' plans. The bandits told me Two-Blade Pete had killed Quinn. I wish I could've saved him, but I had to do what I thought was right.""","«Я решил пойти с Логаном, чтобы защитить колодец, и мы сорвали планы отравителей. Бандиты сказали мне, что Пит с двумя клинками убил Куинна. Мне хотелось бы спасти его, но я должен был сделать то, что считал правильным»."
"""I defeated Mikkel Toivosson to become the new Big Brawl champion. It felt great to avenge my earlier defeat and repair my reputation, but it's even better knowing that both Knut Whitebear and Eir think I'm the kind of champion who will inspire the people of Hoelbrak.""","«Я победил Миккеля Тойвоссона и стал новым чемпионом Большой Потасовки. Было здорово отомстить за свое предыдущее поражение и восстановить свою репутацию, но ещё лучше знать, что и Кнут Белый Медведь, и Эйр считают меня тем чемпионом, который вдохновит жителей Хельбрака»."
"""I defeated the jotun's would-be giant-king Korag. Without him, his followers abandoned their worship of Jormag. The jotun still claim norn lands as their own, so they're still a threat, but at least they won't be fighting for the Sons of Svanir.""","«Я победил Корага, потенциального короля йотунов. Без него его последователи отказались от поклонения Йормагу. Йотуны по-прежнему претендуют на земли норн как на свои, так что они по-прежнему представляют угрозу, но, по крайней мере, они не будут сражаться за Сынов Сванира»."
"""I defended Durmand Priory from the invading armies of Zhaitan. The dragon is powerful, but like a force of nature—it lashes out where it feels resistance, in an attempt to overwhelm anything in its path. Our victory at the priory bolstered our confidence. Now, we take back Claw Island.""","«Я защищал Приорат Дурманд от вторгшихся армий Зайтана. Дракон могуч, но подобен силе природы — он нападает там, где чувствует сопротивление, пытаясь сокрушить все на своем пути. Наша победа в монастыре укрепила нашу уверенность. Теперь мы возвращаем Остров Когтя»."
"""I defended Vigil Keep from the armies of Zhaitan. The dragon is powerful, but like a force of nature—it lashes out where it feels resistance, in an attempt to overwhelm. The victory at the keep has bolstered our confidence. Next, we retake Claw Island.""","«Я защищал Крепость Бдения от армий Зайтана. Дракон могуч, но как сила природы — он нападает там, где чувствует сопротивление, в попытке одолеть его. Победа в крепости укрепила нашу уверенность. Далее мы отвоевываем Остров Когтя»."
"""I defended the Chantry of Secrets from the invading armies of Zhaitan. This victory at the Chantry has bolstered our confidence. Now, we take back Claw Island.""",«Я защищал Церковь Тайн от вторгшихся армий Зайтана. Эта победа в Церкви укрепила нашу уверенность. Теперь мы возвращаем Остров Когтя».
"""I defended the portal area as Blish sent battalions of allies through. Once the whole army had assembled at our new camp, I addressed them, assigning roles in the upcoming battle.""","«Я защищал область портала, пока Блиш посылал туда батальоны союзников. Как только вся армия собралась в нашем новом лагере, я обратился к ним, распределив роли в предстоящей битве»."
"""I delivered the bad news about Tonn to his widow, Ceera. As a Pact medic, she deals with death every day, but that didn't make Tonn's heroic sacrifice any easier to hear. In her grief, she blamed me for Tonn's death and ran off, straight into a throng of undead. I was able to rescue her, but she remained furious and refused to forgive me. I can only hope that our eventual victory over the dragons will make Ceera see that Tonn's bravery saved countless lives and helped secure Tyria's freedom.""","«Я сообщил плохие новости о Тонне его вдове, Сире. Как медик Пакта, она каждый день сталкивается со смертью, но от этого героическая жертва Тонна не стала легче восприниматься. В своем горе она обвинила меня в смерти Тонна и убежала прямо в толпу нежити. Я смог спасти её, но она осталась в ярости и отказалась меня простить. Я могу только надеяться, что наша возможная победа над драконами заставит Сиру понять это Храбрость Тонна спасла бесчисленное количество жизней и помогла обеспечить свободу Тирии»."
"""I did not want to face you again, my darling. But I can't let you have this awful tree.""","«Я не хотел снова встречаться с тобой, моя дорогая. Но я не могу позволить тебе заполучить это ужасное дерево»."
"""I didn't capture it all, but I got some of the data in their krewe notes.""","«Я не зафиксировал всего этого, но некоторые данные я получил из их заметок креве»."
"""I disagree. The inventor, Uzolan, is obviously up to something.""",«Я не согласен. Изобретатель Узолан явно что-то замышляет».
"""I discovered important information from the thieves. First, the Ministry Guard has been releasing prisoners and sending them out to join a growing band of criminals. Second, the ringleader is planning an arson attack on Divinity's Reach. He's targeting either the military hospital or the orphanage.""","«Я получил важную информацию от воров. Во-первых, Министерская гвардия освобождает заключенных и отправляет их присоединиться к растущей банде преступников. Во-вторых, главарь планирует поджог Divinity's Reach. Он нацелен либо на военный госпиталь, либо на приют»."
"""I discussed the next course of action with the Order representatives, and chose a direction for the investigation. I hope we discover the cause of these problems soon.""","«Я обсудил дальнейшие действия с представителями Ордена и выбрал направление расследования. Надеюсь, мы скоро обнаружим причину этих проблем»."
"""I do not claim to be all-knowing, and there are some secrets I must keep. But I will answer as well as I can.""","«Я не претендую на всезнание, и есть некоторые секреты, которые я должен хранить. Но я отвечу, насколько смогу»."
"""I do not know what lies ahead of us, my friend, but for the first time—I have hope.""","«Я не знаю, что нас ждет впереди, друг мой, но впервые — у меня есть надежда»."
"""I do two things right: drinkin' and fightin'. You knocked the fight right out of me, so I guess it's back to the drink. Good luck out there.""","«Я делаю две вещи правильно: пью и дерусь. Ты выбил из меня всю борьбу, так что, думаю, дело снова в выпивке. Удачи»."
"""I do wonder, sometimes... Had Vass and Akeem lived, how do you think we'd be faring right now?""","«Иногда я задаюсь вопросом… Если бы Васс и Аким выжили, как, по-твоему, наши дела сейчас шли бы?»"
"""I do! I was on the verge of last minute calculations, making adjustments to my equipment, when...oh, you've inspired me, %str1%! What could possibly go wrong? Let's throw caution to the wind!""","""Да! Я был на грани последних расчётов, внося коррективы в свое оборудование, когда... о, ты меня вдохновил, %str1%! Что может пойти не так? Давайте отбросим осторожность!"""
"""I do, I do! Work so hard! Run all through caves. I know every bit! Nice person can look through treasures. I'll share.""","«Да, да! Так много работаю! Бегаю по пещерам. Я знаю все! Хороший человек может искать сокровища. Поделюсь»."
"""I do. Ever since the outsiders arrived in Cantha, we have seen a significant increase in crime.""","«Да. С тех пор, как чужаки прибыли в Канту, мы стали свидетелями значительного роста преступности»."
"""I do. These strangers have volunteered to help us, to compete for the right to serve as our champion.""","«Да. Эти незнакомцы вызвались помочь нам, побороться за право быть нашими защитниками»."
"""I do. They're wonderful companions and, when grown, will help defend the city. I secretly hope they soften the hearts of some of these Ascalonians, too.""","«Да. Они замечательные товарищи и, когда вырастут, помогут защитить город. Я втайне надеюсь, что они тоже смягчат сердца некоторых из этих аскалонцев»."
"""I don't care how pretty you are. That was rude, and you'd better apologize.""","«Мне плевать, насколько ты хорошенькая. Это было грубо, и тебе лучше извиниться»."
"""I don't care if everyone else thinks I'm crazy. There's a yeti out there, waiting to strike. Prove it is out there so I can stop it from attacking others, like poor Bjarni here.""","«Меня не волнует, что все остальные думают, что я сумасшедший. Там йети ждет, чтобы нанести удар. Докажи, что он там, чтобы я мог помешать ему нападать на других, как здесь бедный Бьярни»."
"""I don't care what you heard. My krewe will be prodigious, and I AM a genius. You'll see. Come work for me.""","«Меня не волнует, что ты слышал. Мой креве будет потрясающим, и Я ЕСМЬ гений. Вот увидишь. Приходи работать на меня»."
"""I don't envy your position, having to decide these things.""","«Я не завидую вашему положению, когда вам приходится решать такие вещи»."
"""I don't get you gun-toting, pick-'em-off-from-a-distance types. It takes all the fun bits out of an attack.""","«Я не хочу, чтобы вы тащили оружие и стреляли издалека. Это отнимает у атаки все самое интересное»."
"""I don't have any I can part with, sorry.""","«У меня нет ничего, с чем я мог бы расстаться, извини»."
"""I don't have any right now, sorry.""","«У меня сейчас их нет, извини»."
"""I don't have any, but I'll look for some.""","«У меня их нет, но я поищу»."
"""I don't have enough for me and my family, so I got nothing for you.""","«У меня недостаточно денег для меня и моей семьи, поэтому для тебя у меня ничего нет»."
"""I don't have much left, but what's mine is yours.""","«У меня мало что осталось, но то, что мое, — твое»."
"""I don't know Joon personally, but if homesteads are what she likes to work on for fun...""","«Я не знаю Джуна лично, но если ей нравится работать в усадьбах ради развлечения…»"
"""I don't know about you, but I wouldn't want to stand under it if an earthquake were to happen.""","«Не знаю, как вы, а я бы не хотел стоять под ним, если бы произошло землетрясение»."
"""I don't know how to say this, but the energies in that facility are...becoming something. It's an anomaly I can't explain.""","«Я не знаю, как это сказать, но энергия в этом объекте... становится чем-то. Это аномалия, которую я не могу объяснить»."
"""I don't know if that anomaly is intelligent, but it's definitely hostile. And the only way out is past it.""","«Я не знаю, разумна ли эта аномалия, но она определенно враждебна. И единственный выход — пройти мимо неё»."
"""I don't know if the rebellion will spread, but today my friends will be treated fairly. I was raised to hate outsiders and believe that our leaders cared for us.""","«Я не знаю, распространится ли восстание, но сегодня с моими друзьями будут обращаться справедливо. Меня воспитали в ненависти к чужакам и вере, что наши лидеры заботятся о нас»."
"""I don't know if you'll get this, but it's important you know that we made it out. We'd still be melting there, alive or dead, if it weren't for you. Thank you. —One of Many""","«Я не знаю, поймешь ли ты это, но важно, чтобы ты знал, что мы справились. Мы бы до сих пор там таяли, живые или мёртвые, если бы не ты. Спасибо. —Один из многих»"
"""I don't know what I hated the most in the Woods: the spiders, the bandit with the pistol, or the skritt that threw bears.""","«Я не знаю, что я больше всего ненавидел в Лесу: пауков, бандита с пистолетом или скритта, который бросал медведей»."
"""I don't know what filthy magic pulls them awake, but we won't make it through the winter without the peat.""","«Я не знаю, какое грязное волшебство их будит, но без торфа нам зиму не пережить»."
"""I don't know what you're after, but this is not the time.""","«Я не знаю, чего ты добиваешься, но сейчас не время»."
"""I don't know what's worse, the great wurm attacks or this clod actually being right about something.""","«Я не знаю, что хуже: нападение великого червя или этот комок в чем-то прав»."
"""I don't know where she is now, but I can tell you where that camp was. Is that enough to get me off the hook?""","«Я не знаю, где она сейчас, но могу сказать вам, где был тот лагерь. Этого достаточно, чтобы избавиться от меня?»"
"""I don't know where that portal goes, but it can't be good.""","«Я не знаю, куда ведёт этот портал, но он не может быть хорошим»."
"""I don't know where you came from, but I need your help. The krait took our people into the water. You have to stop them!""","«Я не знаю, откуда вы пришли, но мне нужна ваша помощь. Крайты утащили наших людей в воду. Вы должны их остановить!»"
"""I don't know who you are, traitors, but you deserve your death.""","«Я не знаю, кто вы, предатели, но вы заслуживаете своей смерти»."
"""I don't know, but I bet that Zojja does.""","«Я не знаю, но держу пари, что Зоджа знает»."
"""I don't know, but I don't like them. I can't even stand the taste of cooked mushrooms!""","«Не знаю, но я их не люблю. Я даже вкус вареных грибов терпеть не могу!»"
"""I don't know, but it doesn't seem like it...""","«Я не знаю, но мне кажется, что это не так…»"
"""I don't know, but it sure seems happy.""","«Я не знаю, но это определенно кажется счастливым»."
"""I don't know. Augury Rock hasn't been opened like this in ages... This is uncharted territory. Honestly, I'd rather not find out.""","«Я не знаю. Авгури-Рок не открывался таким образом уже много лет… Это неизведанная территория. Честно говоря, я бы предпочел не узнавать»."
"""I don't know. I didn't like my dream, so I didn't really pay attention.""","«Я не знаю. Мне не понравился мой сон, поэтому я не особо обратил внимание»."
"""I don't know. The servants handled that, too!""",«Я не знаю. С этим тоже справились слуги!»
"""I don't know. The weapon fired, and they swarmed in like dogs to a dinner bell. They attacked everything and everyone, even the dredge.""","«Я не знаю. Орудие выстрелило, и они набросились, как собаки на обеденный колокол. Они напали на все и вся, даже на драгу»."
"""I don't know. You aren't worried, are you?""","«Я не знаю. Ты не волнуешься, не так ли?»"
"""I don't like choya. They're rude, and nasty.""",«Я не люблю чойю. Они грубые и противные».
"""I don't like seeing her this way, but...no, she replaced me all too easily.""","«Мне не нравится видеть её такой, но… нет, она слишком лёгко меня заменила»."
"""I don't like the sound of that. It means Scarlet's machines are doing something, and that something is never good. Taimi was investigating the probes around here. Let's ask her.""","«Мне это не нравится. Это означает, что машины Скарлет что-то делают, и это никогда не бывает хорошо. Тайми расследовала зонды здесь. Давайте спросим её»."
"""I don't like this. Where are the guards? Keep your eyes and ears open, Slayer.""","«Мне это не нравится. Где стража? Держи глаза и уши открытыми, Истребительница»."
"""I don't mean the kodan in Still Waters Speaking. I mean the kodan in the ship. What's left of them, anyway.""","«Я не имею в виду коданы из «Говоря в Тихих водах». Я имею в виду коданы на корабле. Во всяком случае, то, что от них осталось»."
"""I don't mind at all. If trouble's coming to Scholar's Cleft, I want to be there to meet it.""","«Я совсем не против. Если в Расселине Ученого придёт беда, я хочу быть там и встретить её»."
"""I don't need anything just now, thank you.""","«Мне сейчас ничего не нужно, спасибо»."
"""I don't need anything now, actually.""",«На самом деле мне сейчас ничего не нужно».
"""I don't need to swim to get there, do I? I don't do water.""","«Мне не нужно плыть, чтобы туда добраться, не так ли? Я не пью воду»."
"""I don't often mingle with prey, but you've earned an introduction.""","«Я не часто общаюсь с добычей, но ты заслужил представление»."
"""I don't really get compliments. At least not from live people. So, thanks. The graves like being clean. Not the graves THEMSELVES, but the people in them.""","«Комплиментов я не особо получаю. По крайней мере, от живых людей. Так что спасибо. Могилы любят чистоту. Не САМИ могилы, а люди в них»."
"""I don't recall asking you to lecture me. But I suppose you're right. They weren't counting on babysitting refugees. I guess everyone's a little tense. Still, no reason for you to be so preachy.""","«Я не припомню, чтобы просил тебя читать мне лекции. Но я полагаю, ты прав. Они не рассчитывали на присмотр за беженцами. Думаю, все немного напряжены. Однако у тебя нет причин быть таким проповедником»."
"""I don't see anything, but I can feel it. Something out there. The magic is getting stronger—more focused.""","«Я ничего не вижу, но чувствую. Что-то там. Магия становится сильнее, более сосредоточенной»."
"""I don't see us arming any at all, in that case.""","«В таком случае я вообще не вижу, чтобы мы кого-то вооружали»."
"""I don't sell the relics, I just acquire them. Talk to my companion if you'd like to browse our inventory.""","«Я не продаю реликвии, я просто приобретаю их. Поговори с моим спутником, если хочешь просмотреть наш инвентарь»."
"""I don't support crime, ma'am.""","«Я не поддерживаю преступность, мэм»."
"""I don't suppose you can answer that question. Come on, Ikniu. We'll find another way to convince your leaders.""","«Я не думаю, что ты сможешь ответить на этот вопрос. Давай, Икниу. Мы найдём другой способ убедить твоих лидеров»."
"""I don't think I want to know your definition of """"challenging.""""""","«Я не думаю, что хочу знать ваше определение слова «сложный»»."
"""I don't think so, but it's possible. We had to trust Yeng a great deal in order to move him into a prominent position in the city.""","«Я так не думаю, но это возможно. Нам пришлось во многом доверять Йенгу, чтобы продвинуть его на видное место в городе»."
"""I don't think you'd be wise to venture that way, """"friend.""""""","«Я не думаю, что тебе было бы разумно рисковать таким образом, «друг»»»."
"""I don't think, I know. One hundred sixty-seven.""","— Не думаю, я знаю. Сто шестьдесят семь."
"""I don't trust them. You shouldn't, either.""",«Я им не доверяю. Тебе тоже не следует».
"""I don't trust your judgment, Commander! Go away!""","«Я не доверяю вашему суждению, коммандер! Уходите!»"
"""I don't usually let strangers ride my raptors, but you look like you can handle yourself.""","«Обычно я не позволяю незнакомцам кататься на моих хищниках, но ты выглядишь так, будто справишься сам»."
"""I don't want to have a destiny. I want to eat half your food and go to sleep while you read, but if I act like a baby now everyone will remember later. Maybe Vlast was right and it's better if they think I'm angry.""","«Я не хочу иметь судьбу. Я хочу съесть половину твоей еды и заснуть, пока ты читаешь, но если я буду вести себя как ребенок сейчас, все вспомнят позже. Может быть, Власт был прав, и будет лучше, если они подумают, что я злюсь»."
"""I don't want to hurt you, but you need to leave. I can't control what happens if you don't.""","«Я не хочу причинять тебе боль, но тебе нужно уйти. Я не могу контролировать то, что произойдёт, если ты этого не сделаешь»."
"""I don't want to talk to ghosts. If I wanted to do that, I'd move to Ascalon.""","«Я не хочу разговаривать с призраками. Если бы я хотел это сделать, я бы переехал в Аскалон»."
"""I don't, sorry.""","— Нет, извини."
"""I doubt it's any better over there, though. At least here we have King Joko's protection.""","«Однако я сомневаюсь, что там лучше. По крайней мере, здесь у нас есть защита короля Джоко»."
"""I dreamed of snow, boastful warriors, and animal spirits who speak of strength and wisdom. I had to see these marvels for myself.""","«Мне снились снег, хвастливые воины и духи животных, говорящие о силе и мудрости. Я должен был увидеть эти чудеса своими глазами»."
"""I employed some quick thinking and some serious fast-talking to convince Councillor Flax's people to hand over his crozier. Now that we have the power source we need, Shodd and I are ready to take the final step and make the Infinity Ball work the way I always intended it to work: perfectly. I just hope Zojja will be more impressed than angry.""","«Я применил немного быстрого мышления и серьёзных быстрых разговоров, чтобы убедить людей советника Флакса передать его посох. Теперь, когда у нас есть источник энергии, который нам нужен, Шодд и я готовы сделать последний шаг и заставить Бесконечный Шар работать так, как я всегда планировал: идеально. Я просто надеюсь, что Зойджа будет скорее впечатлен, чем разгневан»."
"""I entered the caldera and didn't go up in smoke, so I'd call that a success. Taimi met me, her own protective shields holding as well. With her help, I made my way down to the lava chamber at the heart of the volcano. Balthazar was there! He planned to acquire all the magic from both Primordus and Jormag, and he didn't give a hoot whether Tyria was destroyed in the process. He sicced his hounds, Temar and Tegon, on us, but they failed to vanquish us. It quickly became clear that our only hope was to overload Taimi's machine, despite the potential danger to ourselves. When it blew, we lost track of Balthazar and a bolt of Jormag energy struck Primordus, wounding the Elder Dragon and causing it to sink deeper into the lava. Taimi confirmed that Jormag had likely suffered the same fate.""","«Я вошёл в кальдеру и не поднялся в дыму, так что я бы назвал это успехом. Тайми встретила меня, её собственные защитные щиты тоже держались. С её помощью я спустился в лавовую камеру в сердце вулкана. Бальтазар был там! Он планировал получить всю магию как у Примордуса, так и у Йормага, и ему было плевать, будет ли Тирия уничтожена в процессе. Он натравил своих собак, Темара и Тегона, на нас, но им не удалось победить нас. Быстро стало ясно, что наша единственная надежда - перегрузить машину Тайми, несмотря на потенциальную опасность для нас самих. Когда она взорвалась, мы потеряли Бальтазара из виду, и заряд энергии Йормага поразил Примордуса, ранив Старшего Дракона и заставив его погрузиться глубже в лаву. Тайми подтвердила, что Йормага, вероятно, постигла та же участь."
"""I explained to the forge master that we intend to lure Kralkatorrik into the forge and attack him with the resonance crystals boosted with dredge technology. Though she was worried about the threat to the forge itself, she agreed to help with the plan.""","«Я объяснил мастеру кузни, что мы намерены заманить Кралькаторрика в кузницу и атаковать его с помощью резонансных кристаллов, усиленных с помощью технологии драга. Хотя она беспокоилась об угрозе самой кузнице, она согласилась помочь с планом»."
"""I fear he's gone rogue and turned against us. If so, he could be taking a lot of secrets with him.""","«Я боюсь, что он стал мошенником и восстал против нас. Если так, то он может унести с собой много секретов»."
"""I fear it is my task to preserve Kryta, sometimes against its ruler's follies.""","«Боюсь, моя задача — защитить Крайту, иногда от безрассудства её правителя»."
"""I feel as nervous as a cat in a room full of rocking chairs. Stick close to me, okay?""","«Я нервничаю, как кошка в комнате, полной кресел-качалок. Держись поближе ко мне, ладно?»"
"""I feel it, Champion. The connection's weak—""","«Я чувствую это, Защитник. Связь слабая…»"
"""I feel the call, but the thought of leaving the Grove both thrills and terrifies me.""","«Я чувствую зов, но мысль о том, чтобы покинуть Рощу, одновременно волнует и пугает меня»."
"""I feel you out there, hero. Come on in and see what darkness your mind holds.""","«Я чувствую тебя там, герой. Заходи и посмотри, какую тьму таит твой разум»."
"""I figured there was something good inside when the """"farmers"""" made it clear their radishes were worth dying over.""","«Я подумал, что внутри есть что-то хорошее, когда «фермеры» дали понять, что их редис стоит того, чтобы из-за него умереть»."
"""I followed the soldier's trail northeast along the road on the way to Black Haven. If I hurry, I can catch him before he does more harm.""","«Я пошёл по следу солдата на северо-восток по дороге в Чёрную Гавань. Если я потороплюсь, то смогу поймать его, прежде чем он причинит ещё больший вред»."
"""I formally joined the Vigil to take down Rakt of the Arcane Eye. Crusader Slep joined me in the attack, and after a fierce battle, we were able to take Rakt down. This allowed for Professor Gorr's theory to be freely distributed, but Councillor Flax admitted that the Arcane Council had known Gorr's theory was true all along and was stifling the information until they figured out a way to exploit it. Zojja told me she was heading for Lion's Arch to meet up with an old friend, and since my new Vigil mentor is also waiting in Lion's Arch, I told her I'd look for her there.""","«Я официально присоединился к Дежурству, чтобы уничтожить Ракта Чародейского Глаза. Крестоносец Слеп присоединился ко мне в атаке, и после ожесточенной битвы мы смогли победить Ракта. Это позволило теории профессора Горра свободно распространяться, но советник Флакс признал, что Тайный Совет с самого начала знал, что теория Горра верна, и скрывал информацию, пока они не нашли способ её использовать. Зоджа сказала мне, что направлялась к Львиной Арке. встретиться со старой подругой, и поскольку мой новый наставник Бдения тоже ждет в Львиной Арке, я сказал ей, что поищу её там»."
"""I fought beside Riannoc and saw him betrayed by his human squire, Waine. It is truly a tragedy that Riannoc's trust was so misplaced. I wonder where the boy took the sword, Caladbolg, when he fled the swamp?""","«Я сражался плечом к плечу с Рианноком и видел, как его предал его человек-оруженосец Уэйн. Это настоящая трагедия, что доверие Рианнока было настолько неуместным. Интересно, где мальчик взял меч, Каладболг, когда бежал из болота?»"
"""I fought my way into Fort Salma to fend off a monstrous Mordrem thrasher alongside Marjory and Kasmeer, only to discover that we were too late to save Belinda. Marjory will return home to bury her fallen sister, while Kasmeer and I will head back to Dry Top to rejoin our friends.<br><br>I could tell Kasmeer was upset that Marjory is leaving her behind while she takes care of funeral arrangements for her sister. The relentless fighting and sudden loss is taking its toll on their relationship.""","«Я пробился в Форт Сальма, чтобы вместе с Марджори и Касмир отбиваться от чудовищного мордремского громилы, но обнаружил, что мы опоздали, чтобы спасти Белинду. Марджори вернется домой, чтобы похоронить свою павшую сестру, а мы с Касмир вернемся в Сухую Вершину, чтобы воссоединиться с нашими друзьями.<br><br>Я могу сказать, что Касмир была расстроена тем, что Марджори оставляет её, пока она занимается организацией похорон своей сестры. безжалостные ссоры и внезапные потери сказываются на их отношениях»."
"""I fought off Sariel's cronies and faced Gavin in an honorable duel. Whatever else these Nightmare Court members may be, not all of them are dishonorable.""","«Я отбился от приспешников Сариэля и встретился с Гэвином в честном поединке. Кем бы ни были эти члены Кошмарного Двора, не все из них бесчестны»."
"""I found Blish's arm and also several Awakened. With its built-in stealth, stun, and triboelectrocution capabilities, I finished off the Awakened and identified a likely site for our camp.""","«Я нашёл руку Блиша, а также нескольких Пробужденных. Благодаря его встроенным возможностям скрытности, оглушения и трибоэлектрического удара я прикончил Пробужденных и определил вероятное место для нашего лагеря»."
"""I found Braham in a forest to the west, accompanied by none other than Garm. No luck yet finding Rytlock and Crecia, but we now know the source of the whispers is here, in this valley: Drakkar. Our next stop is a nearby kodan settlement, hopefully to learn more.""","«Я нашёл Брейхама в лесу на западе, в сопровождении не кого иного, как Гарма. Пока не удалось найти Ритлока и Кресию, но теперь мы знаем, что источник слухов здесь, в этой долине: Драккар. Наша следующая остановка — близлежащее поселение кодан, мы надеемся узнать больше»."
"""I found Danador's kennel while wandering the forest. I was playing with the sylvan hounds, and it just felt...right, I guess. Danador's taught me so much, and I loved working with the kennel, so I stayed.""","«Я нашёл питомник Данадора, бродя по лесу. Я играл с лесными гончими, и это казалось... правильным, я думаю. Данадор многому меня научил, и мне нравилось работать с питомником, поэтому я остался»."
"""I found Samona Ironclaw, an Iron Legion soldier, to help me protect their new siege engine from the Flame Legion. Sadly, taking me into a classified warehouse got her kicked out of the Iron Legion, but she cheerfully joined my warband without missing a beat—or a syllable.""","«Я нашёл Самону Железный Коготь, солдата Железного Легиона, чтобы она помогла мне защитить их новую осадную машину от Легиона Пламени. К сожалению, из-за того, что я попал на секретный склад, её выгнали из Железного Легиона, но она с радостью присоединилась к моему отряду, не пропуская ни секунды, ни слога»."
"""I found Tactician Syska's body and realized the """"Syska"""" I've met must be a disguised mesmer. The Pact can't afford an enemy agent embedded so high up in the chain of command, so I set out to send word to Trahearne before the impostor can do any more damage.""","«Я нашёл тело тактика Сиски и понял, что «Сиска», которую я встретил, должно быть, замаскированный месмер. Пакт не может позволить себе вражеского агента, внедренного так высоко в командную цепочку, поэтому я решил послать известие Трахёрну, прежде чем самозванец сможет нанести ещё больший ущерб»."
"""I found enough people to testify against Zamon and make it stick. Lord Faren spotted Minister Zamon emerging from a bandit-controlled forest, and Guardsman Reth mentioned that the Ministry Guard was often ordered away from areas where bandit raids were about to take place.""","«Я нашёл достаточно людей, чтобы дать показания против Замона и добиться того, чтобы это прижилось. Лорд Фарен заметил министра Замона, выходящего из леса, контролируемого бандитами, а гвардеец Рет упомянул, что Министерской гвардии часто приказывали покинуть районы, где собирались совершаться бандитские набеги»."
"""I found out that the renegades plan to assassinate Minister Kent Duran, of Kryta. I also found out that the renegade leader, Ajax, is Almorra's son. It must have been difficult for her to put Tyria's well being before that of her flesh-and-blood.""","«Я узнал, что отступники планируют убить министра Крайты Кента Дюрана. Я также узнал, что лидер отступников, Аякс, является сыном Альморры. Должно быть, ей было трудно поставить благополучие Тирии выше благополучия её плоти и крови»."
"""I found some mushrooms in the cave before the spiders found me. I bet they'd make a great soup. The mushrooms, I mean.""","«Я нашёл в пещере несколько грибов до того, как меня нашли пауки. Могу поспорить, из них получится отличный суп. Я имею в виду грибы»."
"""I found the camp where Syska was seen doing black market business with the Flame Legion. When I tried to investigate, I was confronted and attacked by a series of baffling mesmer illusions. Whoever cast the illusions was determined to keep me out, but I prevailed and gained access to the camp.""","«Я нашёл лагерь, где Сыска была замечена в торговле на чёрном рынке с Легионом Пламени. Когда я попытался провести расследование, я столкнулся и подвергся нападению со стороны ряда загадочных месмерических иллюзий. Кто бы ни создавал иллюзии, он был полон решимости не пускать меня, но я одержал победу и получил доступ в лагерь»."
"""I found the next memory seed location in the Far Silverwastes and experienced a centaur massacre through Caithe's eyes. While the memory was horrible to witness, it provided us with a clue to where Caithe may have taken Glint's egg.""","«Я нашёл следующее место семени воспоминаний в Дальних Серебряных Пустошах и увидел резню кентавров глазами Кейт. Хотя это воспоминание было ужасно наблюдать, оно дало нам подсказку о том, где Кейт могла взять яйцо Глинта»."
"""I gained the trust of Captain Barnicus and crew and learned that Kellach met with Alastia Crow, their seer, and was corrupted when he scryed too deeply into Orr. Apparently, Crow told him that he needed royal blood to undo the corruption, so he killed her and sank the """"Ravenous."""" I need to warn Logan that Queen Jennah is in danger!""","«Я заслужил доверие капитана Барника и команды и узнал, что Келлах встретился с Аластией Кроу, их провидицей, и был развращен, когда слишком глубоко заглянул в Орра. Видимо, Ворона сказала ему, что ему нужна королевская кровь, чтобы уничтожить порчу, поэтому он убил её и потопил «Холодный». Мне нужно предупредить Логана, что королева Дженна в опасности!»"
"""I gambled away everything I had, and then some.""","«Я проиграл все, что у меня было, а потом ещё и кое-что»."
"""I gathered more fragments of Vlast's shattered body, which contained thoughts and memories he intended for Aurene. Together, these memories described an immensely powerful weapon stored in Glint's Lair that Balthazar wanted as much as he wanted Vlast himself. We have to find that weapon and keep it out of Balthazar's hands, so I'm headed for Glint's Lair to regroup with my guild.""","«Я собрал ещё фрагменты разбитого тела Власта, которые содержали мысли и воспоминания, которые он предназначал для Аурин. Вместе эти воспоминания описывают чрезвычайно мощное оружие, хранящееся в Логове Глинта, которого Бальтазар хотел так же сильно, как и сам Власт. Нам нужно найти это оружие и не допустить его попадания в руки Бальтазара, поэтому я направляюсь в Логово Глинта, чтобы перегруппироваться со своей гильдией»."
"""I glimpse the faces of those whose secrets I will shelter...and who, in turn, guard mine.""","«Я вижу лица тех, чьи тайны я буду скрывать... и кто, в свою очередь, охраняет мои»."
"""I got Braham released from the brig, but things quickly went south. We discovered he'd somehow lost his bow. Then Rytlock called in to report disturbing signs of racial tensions and violence among his fellow charr. With Braham heading off to track down his bow, Rytlock and I met with Bangar and Crecia about the undercurrent of racial hostility among some of the charr at the celebration. Violence had already broken out in some quarters, and Rytlock worried that an escalation could endanger the treaty between the charr and the other races. Bangar's reaction quickly got personal—he and Rytlock seem to have some very old, very bad blood between them. Their confrontation came to blows, but in the end Rytlock had the good sense to walk away. When we left Bangar's office, Crecia suggested that Rytlock and I find solid evidence of a threat so she could help argue our case. Before we could begin, however, Kasmeer called in and asked me to meet with her and the Flame """"imperator,"""" Efram Greetsglory, right away.""","«Я освободил Брэхама из брига, но дела быстро пошли наперекосяк. Мы обнаружили, что он каким-то образом потерял свой лук. Затем позвонил Ритлок, чтобы сообщить о тревожных признаках расовой напряженности и насилия среди его товарищей-чарров. Когда Брэм отправился на поиски своего лука, Ритлок и я встретились с Бангаром и Кресией по поводу скрытой расовой враждебности среди некоторых чарров на празднике. Насилие уже вспыхнуло в некоторых кругах, и Ритлок забеспокоился, что эскалация могла поставить под угрозу договор между чаррами и другими расами. Реакция Бангара быстро перешла на личный уровень — между ним и Ритлоком, кажется, были очень старые и очень враждебные отношения, но в конце концов у Ритлока хватило здравого смысла уйти. и попросила меня встретиться с ней и Пламенным «императором» Ефремом Грецславой, немедленно»."
"""I got here as quickly as I could. Traveling hasn't been easy, you know.""","«Я добрался сюда так быстро, как только мог. Знаете, путешествовать было непросто»."
"""I got some information for you, boss.""","«У меня есть для вас кое-какая информация, босс»."
"""I grew up among nobles, including my friend Lord Faren, who can trace their ancestry back to ancient kings. I received an excellent education, am well versed in courtly graces, and understand the responsibility that comes with privilege.""","«Я вырос среди знати, включая моего друга лорда Фарена, чья родословная восходит к древним королям. Я получил прекрасное образование, хорошо разбираюсь в придворных манерах и понимаю ответственность, связанную с привилегиями»."
"""I grew up poor, on the streets, living hand to mouth. Every day was a challenge, but like I tell my ol' buddy Quinn, """"If it doesn't kill you, it makes you stronger."""" I've worked hard to change my luck, but I've still got a long way to go.""","«Я вырос в бедности, на улице, живя впроголодь. Каждый день был испытанием, но, как я говорю своему старому приятелю Куинну: «Если это не убивает тебя, то делает тебя сильнее». Я много работал, чтобы изменить свою удачу, но мне ещё предстоит пройти долгий путь»."
"""I guard these roads, warding off danger and protecting resources for local crafters. But for every threat I conquer, two more appear. Soon it will no longer be safe to travel here.""","«Я охраняю эти дороги, отгоняя опасности и защищая ресурсы для местных ремесленников. Но на каждую угрозу, которую я преодолеваю, появляются ещё две. Скоро путешествовать здесь станет небезопасно»."
"""I guess old dogs can learn new tricks, eh, my friend?""","«Думаю, старые собаки могут научиться новым трюкам, а, друг мой?»"
"""I had a pet turtle, but it died in an experiment.""","«У меня была домашняя черепаха, но она умерла в ходе эксперимента»."
"""I had a run-in at the tavern with a bully named Big Nose Ted. I had it under control until the Ministry Guard showed up, and Commander Serentine tried to arrest me along with the troublemakers. Luckily, Captain Thackeray vouched for me. My friend Andrew, the tavern keeper, was injured in the fight. Thackeray sent me to Lieutenant Francis for medicine from Seraph supplies.""","«В таверне у меня произошла стычка с хулиганом по имени Большой Нос Тед. Я держал ситуацию под контролем, пока не появилась Министерская гвардия, и командир Серентин не попытался арестовать меня вместе с нарушителями спокойствия. К счастью, капитан Теккерей за меня поручился. Мой друг Эндрю, хозяин таверны, был ранен в драке. Теккерей отправил меня к лейтенанту Фрэнсису за лекарством из запасов Серафима»."
"""I had scouts drop off the parts I needed to build the traps, but I have to build them myself.""","«Я попросил разведчиков доставить мне детали, необходимые для постройки ловушек, но мне приходится строить их самому»."
"""I had tamed a broodmother to use as a learning tool in class, but somehow it fell back into old, deadly habits. Can you please expel it from my classroom?""","«Я приручил мать выводка, чтобы использовать её в качестве инструмента обучения в классе, но каким-то образом она вернулась к старым, смертельным привычкам. Не могли бы вы выгнать её из моего класса?»"
"""I had those hylek eating out of my hand, I tell you.""","«Говорю вам, эти хилеки ели у меня с рук»."
"""I had to catch up with the others who went after Zojja, Logan, and Trahearne and let them know what we discovered in Rata Novus. Thankfully, Rox left the trail I requested, which allowed me to locate them.""","«Мне пришлось догнать остальных, преследовавших Зойджу, Логана и Трэхирна, и сообщить им, что мы обнаружили в Рата Новус. К счастью, Рокс оставил след, который я просил, что позволило мне найти их»."
"""I had to choose two allies to accompany me into Mordremoth's nightmare while the others stood watch to protect our bodies from any threats. The challenges we faced inside Mordremoth's mind tested our resolve, projecting dark reflections of my friends. In the end, we overcame the shadows and used powerful rifts to restore their true natures, protecting them against further corruption. All that was left to do was to face the beast head on. To defeat Mordremoth.""","«Мне пришлось выбрать двух союзников, которые будут сопровождать меня в кошмаре Мордремота, в то время как остальные будут стоять на страже, защищая наши тела от любых угроз. Проблемы, с которыми мы столкнулись в разуме Мордремота, проверили нашу решимость, проецируя тёмные отражения моих друзей. В конце концов, мы преодолели тени и использовали мощные разломы, чтобы восстановить их истинную природу, защищая их от дальнейшего разрушения. Все, что оставалось сделать, это встретиться со зверем лицом к лицу. Победить Мордремота»."
"""I had to leave him behind once, to save Queen Jennah's life. He's never forgiven me for that.""","«Однажды мне пришлось оставить его, чтобы спасти жизнь королевы Дженны. Он никогда мне этого не простил»."
"""I harvested winter sage and taught the grawl not to get in the way when I'm on a mercy mission. Wolf Shaman Gamli is waiting in Hoelbrak so he can use it to help the stricken Wolf Havroun's apprentice, Valda.""","«Я собрал зимний шалфей и научил грала не мешать мне, когда я выполняю миссию милосердия. Волчий шаман Гамли ждет в Хельбраке, чтобы он мог использовать его, чтобы помочь раненому ученику Волка Хавруна, Валде»."
"""I hate the Svanir cultists, but sometimes they make sense.""","«Я ненавижу культистов Сванира, но иногда в них есть смысл»."
"""I hate the way this whole place smells. The sooner we can launch our invasion, the better.""","«Ненавижу, как пахнет все это место. Чем скорее мы сможем начать вторжение, тем лучше»."
"""I hate this. We have to help Ottilia—and her family—but first, I have to make sure these 'steaders are okay.""","«Я ненавижу это. Мы должны помочь Оттилии — и её семье — но сначала я должен убедиться, что с этими «поселенцами» все в порядке»."
"""I hate to admit it, but I don't think my trophies will win.""","«Ненавижу это признавать, но не думаю, что мои трофеи выиграют»."
"""I hate to admit it, but that's thing's starting to make a lot of sense.""","«Ненавижу это признавать, но эта вещь начинает приобретать большой смысл»."
"""I hate to ask for help, but we've been forced to detour through jotun territory, and they seem a mite upset. We'll need more manpower to make it through in one piece.""","«Ненавижу просить о помощи, но мы были вынуждены объехать территорию йотунов, и они, похоже, немного расстроены. Нам понадобится больше рабочей силы, чтобы пройти через неё целыми и невредимыми»."
"""I hate to ask, but can we speed things up? We can't focus on the undead until this ghost problem's dealt with.""","«Ненавижу спрашивать, но можем ли мы ускорить процесс? Мы не можем сосредоточиться на нежити, пока не решим эту проблему с призраками»."
"""I hate working with live specimens. Always flying into walls, smashing glassware...""","«Ненавижу работать с живыми экземплярами. Всегда врезаюсь в стены, разбиваю стеклянную посуду…»"
"""I have a limited supply of genuine Pyre Fierceshot arrowheads for sale. You wouldn't be interested, would you?""","«У меня есть на продажу ограниченное количество подлинных наконечников стрел Pyre Fierceshot. Вам это не интересно, не так ли?»"
"""I have a meeting to attend at Battleground Plaza. KA-1080, follow me.""","«Мне нужно присутствовать на встрече на Battleground Plaza. КА-1080, следуй за мной»."
"""I have a name, you know.""","— Знаешь, у меня есть имя."
"""I have a plan to tame the grawl, but I need an escort into their cave. Can I get you to watch my back?""","«У меня есть план приручить грола, но мне нужен сопровождающий до их пещеры. Могу я попросить тебя прикрыть мою спину?»"
"""I have a steady flow of supplies now, so I can offer decent rates on a variety of items. More help is always welcome, however.""","«Теперь у меня стабильный поток поставок, поэтому я могу предложить приличные цены на самые разные товары. Однако всегда приветствуется дополнительная помощь»."
"""I have a treat here for your raptor, along with my thanks for your volunteer work. Anything else I can offer you?""","«У меня есть угощение для вашего хищника, а также благодарность за вашу волонтерскую работу. Что-нибудь ещё я могу вам предложить?»"
"""I have an alternative, Preceptor. We are currently sheltering an asuran scientist named Gorr. His inventions would be an advantage.""","«У меня есть альтернатива, Наставник. В настоящее время мы укрываем учёного-асуранина по имени Горр. Его изобретения будут преимуществом»."
"""I have enough """"shinies"""" thank you.""","«У меня достаточно «блестящих», спасибо»."
"""I have failed to kill Faolain, but I have broken her power. It feels...sufficient.""","«Мне не удалось убить Фаолейн, но я сломил её силу. Кажется… этого достаточно»."
"""I have good news, Mother Tree. Overlake Haven is safe, and the undead have been driven away.""","«У меня хорошие новости, Мать-Древо. Озерная Гавань в безопасности, а нежить изгнана»."
"""I have high-quality equipment here, earmarked for participants in the fractal operation. If you have incursion tokens, these fine items can be yours.""","«У меня здесь высококачественное оборудование, предназначенное для участников фрактальной операции. Если у вас есть жетоны вторжения, эти прекрасные предметы могут стать вашими»."
"""I have my own ghosts. I'm %str1%, by the way. Braham, right?""","«У меня есть свои призраки. Я, кстати, %str1%. Брэм, да?»"
"""I have never been able to understand the asura. Knowing Zojja, it has something to do with Snaff.""","«Я никогда не мог понять асуру. Зная Зоджу, это как-то связано со Снаффом»."
"""I have no idea, but good luck with that.""","«Понятия не имею, но удачи в этом»."
"""I have no regrets. I made significant breakthroughs, but I fear I may have dabbled too deeply into the necrotic arts.""","«Я ни о чем не сожалею. Я совершил значительный прорыв, но боюсь, что слишком глубоко увлекся некротическим искусством»."
"""I have no time for games. State your business, or go away.""",«У меня нет времени на игры. Заявите о своих делах или уходите».
"""I have places to be, empires to save...""","«Мне есть где побывать, есть империи, которые нужно спасти…»"
"""I have proved my worth, and with your prize I shall march into the Grove. I will make the Pale Tree bow to me!""","«Я доказал свою ценность, и с вашей наградой я пойду в Рощу. Я заставлю Бледное Древо поклониться мне!»"
"""I have rarely said no to you, Skarti, or your father, but this time I must.""","«Я редко говорил «нет» тебе, Скарти или твоему отцу, но на этот раз я должен»."
"""I have read, understand and accept this agreement.""","«Я прочитал, понял и принимаю настоящее соглашение»."
"""I have slain everything that walks, swims, or crawls!""","«Я убил все, что ходит, плавает или ползает!»"
"""I have so much soil under my nails, I could grow a garden.""","«У меня под ногтями столько земли, что я мог бы вырастить сад»."
"""I have something to attend to, elsewhere.""",«Мне есть чем заняться в другом месте».
"""I have studied Orrian creatures for twenty-five years, but I rarely engage in combat with them. It's terrifying.""","«Я изучаю оррианских существ двадцать пять лет, но редко вступаю с ними в бой. Это ужасно»."
"""I have the best-trained artillery crews in the entire Pact, but they keep making rookie mistakes. I don't get it.""","«У меня самые подготовленные артиллерийские расчёты во всем Пакте, но они продолжают совершать ошибки новичков. Я этого не понимаю»."
"""I have the orders' pledge, but I don't believe I have their confidence. Please, talk to Doern, Efut, and Wynnet. Help me define their concerns about me and the Pact so I can assuage them.""","«У меня есть клятва приказа, но я не верю, что заслужил их доверие. Пожалуйста, поговорите с Дорном, Эфутом и Виннетом. Помогите мне определить их опасения по поводу меня и Пакта, чтобы я мог их успокоить»."
"""I have three virtues—I'm handsome, I'm earnest, and I have a properly developed sense of vengeance.""","«У меня три достоинства: я красив, я серьезен и у меня хорошо развито чувство мести»."
"""I have to secure the hatchery, but then I'm going to track them down.""","«Мне нужно охранять инкубаторий, а потом я их выследю»."
"""I have to tell Logan that one of his Seraph captains, Tervelan, may be responsible for the ambush of the Falcon Company.""","«Я должен сказать Логану, что один из его капитанов-серафимов, Тервелан, может быть ответственен за засаду роты Сокола»."
"""I have to warn you about the pirates around here. Wiley's Buccaneers will rob you blind. Jayne's Jackdaws will hold you for ransom. But Slade's Cutthroats will gut you soon as look at you. If you go out there, bring a weapon. Friendly faces are in short supply.""","«Я должен предупредить вас о пиратах здесь. Пираты Уайли ограбят вас до смерти. Галки Джейн будут удерживать вас, требуя выкуп. Но Головорезы Слейда выпотрошат вас, как только вы взглянете на вас. Если вы пойдёте туда, возьмите с собой оружие. Дружелюбных лиц не хватает»."
"""I have warm bodies, sure. But even Kormir herself can see that I've been saddled with the laziest crew in Kryta. But you clearly can't help, so just be on your way.""","«Конечно, у меня тёплые тела. Но даже сама Кормир видит, что на меня обременена самая ленивая команда Крайты. Но ты явно не можешь помочь, так что просто иди своей дорогой»."
"""I haven't always lived bravely, but I think...I think I'd like to die that way.""","«Я не всегда жил храбро, но думаю… думаю, мне бы хотелось умереть именно так»."
"""I haven't tried it, and I'd like to. I'll be shipping out with a guild soon, but I've got time for a drink.""","«Я не пробовал, но мне бы хотелось. Скоро я отправлюсь с гильдией, но у меня есть время выпить»."
"""I haven't. In fact, I'm counting on hope to lead the way. To that end, we should ask for wisdom from the Pale Tree.""","«Нет. На самом деле, я рассчитываю на то, что надеюсь проложить путь. Для этого нам следует попросить мудрости у Бледного Древа»."
"""I headed to Prosperity to find clues that would point me toward the Master of Peace. Once there, I found the body of a poor merchant who presumably was killed by the saboteur. It's possible that the merchant had sold the Master of Peace some supplies, and the saboteur demanded information. We'll probably never know.<br><br>I found a frightened woman inside the mine who witnessed the murder. She said the killer was chasing the Master of Peace, and that I should head toward Spurbend Canyon. I read the torn pages from Aerin's defaced copy of a Zephyrite manuscript, and followed the trail to the top of a ridge where I will meet my friends.""","""Я направился в Процветание, чтобы найти улики, которые указали бы мне на Мастера Мира. Оказавшись там, я нашёл тело бедного торговца, который предположительно был убит диверсантом. Вполне возможно, что торговец продал Мастеру Мира некоторые припасы, и диверсант потребовал информацию. Вероятно, мы никогда этого не узнаем.<br><br>Я нашёл в шахте испуганную женщину, которая была свидетельницей убийства. Она сказала, что убийца преследовал Мастера Мира, и что я должен направляясь к каньону Спербенд, я прочитал вырванные страницы из испорченной копии рукописи Зефирита, сделанной Аэрин, и пошёл по тропе к вершине хребта, где я встречу своих друзей»."
"""I hear her rambling from time to time. I feel terrible saying this, but I fear she'll turn on us one day.""","«Время от времени я слышу, как она бормочет. Мне страшно говорить это, но я боюсь, что однажды она нападет на нас»."
"""I hear tell some outsiders were helping us. Welcome. We greatly appreciate any help you're willing to give. I just hope you love the smell of fish as much as I do. Delights the snout, does it not?""","«Я слышал, что некоторые посторонние нам помогали. Добро пожаловать. Мы очень ценим любую помощь, которую вы готовы оказать. Я просто надеюсь, что вы любите запах рыбы так же сильно, как и я. Морду радует, не так ли?»"
"""I hear that seer spirits still roam these lands, and that might be a good thing to expose it to.""","«Я слышал, что духи-провидцы все ещё бродят по этим землям, и было бы неплохо раскрыть это»."
"""I hear the crabs in Shipwreck Strand are infused with magic, also.""","«Я слышал, что крабы на Берегу кораблекрушений тоже наделены магией»."
"""I hear the whispers at night now. All day, they speak. I dream. Still they speak.""",«Теперь я слышу шепот по ночам. Весь день они говорят. Мне снятся сны. Но они все равно говорят».
"""I hear you're trustworthy, %str1%, but all I can tell you for now is that it's official business.""","«Я слышал, что тебе можно доверять, %str1%, но все, что я могу тебе сказать на данный момент, это то, что это официальное дело»."
"""I heard Gaheron. I couldn't see him from behind the stones, but his voice was wavering and weak, like a ghost.""","«Я слышал Гаэрона. Я не мог видеть его из-за камней, но его голос был дрожащим и слабым, как у призрака»."
"""I heard its mandibles clicking as it prepared to eat, so I clawed at its eyes.""","«Я услышал, как щёлкают его челюсти, когда он готовился к еде, поэтому я вцепился ему в глаза»."
"""I heard movement in the bushes over there, but it turned out to be nothing, and then, I saw a shadow, but—""","«Я услышал там движение в кустах, но оказалось, что ничего особенного, а потом я увидел тень, но…»"
"""I heard the commotion, Commander. What's the situation?""","«Я услышал шум, коммандер. Какова ситуация?»"
"""I heard they wanted to have the course go through the outposts here, but there were concerns about the gates being shut in the event of attacks.""","«Я слышал, что они хотели, чтобы курс проходил через аванпосты здесь, но были опасения, что ворота закроются в случае нападения»."
"""I heard what you did down in that crypt, soldier. Impressive.""","«Я слышал, что ты сделал в том склепе, солдат. Впечатляет»."
"""I heard you took a couple rounds at the battle pit. Learn a thing or two? Vollym has quite a wild assortment of beasts there, and some of them are downright terrifying. Good work besting them.""","«Я слышал, что ты провел пару раундов в боевой яме. Узнал кое-что? У Воллима там довольно дикий ассортимент зверей, и некоторые из них просто ужасны. Хорошая работа, одолеть их»."
"""I helped Ash Legion use my Ghostbore weaponry to defeat Warmaster Labofski and his ghost army. I also saved the life of Zemzer Undercut, a rookie soldier who then joined my warband.""","«Я помог Пепельному Легиону использовать свое оружие Призрачных Боров, чтобы победить Воителя Лабофски и его армию призраков. Я также спас жизнь Земзеру Подсеку, солдату-новичку, который затем присоединился к моей банде»."
"""I helped Blood Legion use my Ghostbore weaponry to defeat Warmaster Labofski and his ghost army. I also saved the life of Cimmara Pistolwhip, a hotheaded soldier who then joined my warband.""","«Я помог Кровавому Легиону использовать свое оружие Призрачных Боров, чтобы победить Воителя Лабофски и его армию призраков. Я также спас жизнь Симмаре Пистолхнут, вспыльчивому солдату, который затем присоединился к моей банде»."
"""I helped Fyon the Wraith, a veteran ghost hunter, defeat the spirit of Warmaster Kaylar. Fyon's an older charr, and he was feeling like he didn't have much more to contribute. I showed him that he can still be useful, and together we avenged his fallen comrades. In gratitude, Fyon has agreed to join my warband.""","«Я помог Фиону Призраку, опытному охотнику за привидениями, победить дух магистра войны Кейлара. Фион — старый чарр, и он чувствовал, что больше ему нечего внести. Я показал ему, что он все ещё может быть полезен, и вместе мы отомстили за его павших товарищей. В благодарность Фион согласился присоединиться к моей банде»."
"""I helped Gahn Towerbreaker defend the Vigil keep from the horde of undead Rissa's amulet summoned. I've decided to check back in with Rytlock and the other order reps. This has gone far enough, and it's way past time to find Rissa, destroy her and her amulets, and find out what happened to Howl the Brazen.""","«Я помог Гану Разрушителю Башен защитить крепость Бдения от орды нежити, вызванной амулетом Риссы. Я решил снова связаться с Ритлоком и другими представителями ордена. Это зашло достаточно далеко, и уже давно пора найти Риссу, уничтожить её и её амулеты и выяснить, что случилось с Воем Наглым»."
"""I helped Korukhan and the Order of Whispers destroy the dragon crystal. We also defeated the necromancer Rissa and the undead monstrosity that she made out of my dead warbandmate, Howl the Brazen. Korukhan told me that my new Order of Whispers mentor is waiting in Lion's Arch, and I agreed to go there to begin my training as a Whispers initiate.""","«Я помог Корухану и Ордену Шепота уничтожить драконий кристалл. Мы также победили некроманта Риссу и чудовище-нежить, которое она создала из моего мёртвого товарища по отряду, Воя Медного. Корухан сказал мне, что мой новый наставник Ордена Шепота ждет в Львиной Арке, и я согласился пойти туда, чтобы начать свое обучение в качестве посвященного Шепота»."
"""I helped Trahearne and the Pact defeat a major attack against Fort Trinity. The dragon sent its army at us from all directions, but we were able to hold them off. Now the Pact is poised to go on the offensive and take the fight to Zhaitan in Orr—but first, I have to finish the mission I started at Trahearne's request.""","«Я помог Трэхирну и Пакту отразить крупную атаку на форт Тринити. Дракон послал на нас свою армию со всех сторон, но мы смогли их сдержать. Теперь Пакт готов перейти в наступление и дать бой Зайтану в Орре, но сначала мне нужно завершить миссию, которую я начал по просьбе Трэхирна»."
"""I helped Wroda the Quick stop the assassination of Blood Legion Centurion Volante Tornpaw. However, Wroda had to blow her cover as Blood and reveal she was an Ash Legion spy. I recruited Wroda into my warband; Blood Legion's loss was my gain.""","«Я помог Вроде Быстрой остановить убийство центуриона Кровавого Легиона Воланте Рыжелапы. Однако Вроде пришлось раскрыть свое прикрытие как Кровь и раскрыть, что она была шпионкой Пепельного Легиона. Я завербовал Вроду в свой отряд; потеря Кровавого Легиона была моей выгодой»."
"""I helped Yahala Scribepaw test the Priory's latest invention, a device that can detect the necromancer Rissa's amulets. Yahala and I decided to return to Hero's Canton to meet with the Rytlock and the other order reps to put a stop to the necromancer's plans once and for all...and to find out what really happened to Howl the Brazen's body.""","«Я помог Яхале-писаку протестировать последнее изобретение Приората — устройство, способное обнаруживать амулеты некроманта Риссы. Мы с Яхалой решили вернуться в Кантон Героев, чтобы встретиться с Ритлоком и другими представителями ордена, чтобы раз и навсегда положить конец планам некроманта… и узнать, что на самом деле случилось с телом Хоула Наглого»."
"""I helped Yahala and the Durmand Priory locate and destroy the dragon crystal. We also defeated the necromancer Rissa and the undead monstrosity that she made out of my dead warbandmate, Howl the Brazen. Yahala told me that my new Priory mentor is waiting in Lion's Arch, and I agreed to go there to begin my training as a Priory novice.""","«Я помог Яхале и Приорату Дурманда найти и уничтожить кристалл дракона. Мы также победили некроманта Риссу и чудовище-нежить, которого она создала из моего мёртвого товарища по отряду, Воя Наглого. Яхала сказала мне, что мой новый наставник Приората ждет в Львиной Арке, и я согласился поехать туда, чтобы начать свое обучение в качестве новичка Приората»."
"""I helped the Durmand Priory conduct a series of tests on one of Rissa's amulets. The tests all ended violently, but in the process we learned a few of the amulet's secrets: each piece of the crystal is connected, each piece is dangerous, and the pieces react violently to certain alchemical potions. We then decided to return to check in with Rytlock and the other order reps to share what we've learned.""","«Я помог Приорату Дурманда провести серию испытаний одного из амулетов Риссы. Все испытания закончились бурно, но в процессе мы узнали несколько секретов амулета: каждая часть кристалла соединена между собой, каждая часть опасна, и эти части бурно реагируют на определенные алхимические зелья. Затем мы решили вернуться, чтобы поговорить с Ритлоком и другими представителями ордена, чтобы поделиться тем, что мы узнали»."
"""I helped the Gear Warband defend Crossroads Haven from a grawl attack. Afterward, we got a lead on the missing machine. The dredge took it, so we're off to get it back.""","«Я помог Отряду Механизмов защитить Перекресток-Хейвен от нападения грави. После этого мы получили информацию о пропавшей машине. Её забрал драг, и мы отправляемся за ней»."
"""I helped the survivors of the Pact fleet disaster regroup and establish defenses against recurring Mordrem attacks. I also mastered the basics of glider flight to better navigate this treacherous terrain. I've heard reports of a potentially friendly, local hylek tribe and have decided to make contact; their familiarity with this region will help us locate Trahearne and Destiny's Edge.""","«Я помог выжившим после катастрофы флота Пакта перегруппироваться и организовать защиту от повторяющихся атак мордремов. Я также освоил основы полёта на планере, чтобы лучше ориентироваться в этой коварной местности. Я слышал сообщения о потенциально дружественном местном племени хайлеков и решил установить контакт; их знакомство с этим регионом поможет нам найти Трэхирн и Край Судьбы»."
"""I hope I can be strong like her, when my time comes.""","«Надеюсь, я смогу стать такой же сильной, как она, когда придёт мое время»."
"""I hope Shaemoor likes a little """"kick"""" to their water. Heh heh.""","«Надеюсь, Шамуру понравится немного «попинать» их воду. Хе-хе»."
"""I hope not. The reserves are dwindling, and the Awakened in the field aren't going to hold up forever.""","«Надеюсь, что нет. Резервы истощаются, и Пробуждённые на поле боя не будут держаться вечно»."
"""I hope so. The queen is a good woman, and we humans are a strong folk. We just have to take it one challenge at a time.""","«Надеюсь на это. Королева — хорошая женщина, а мы, люди, — сильный народ. Нам просто нужно принимать одно испытание за раз»."
"""I hope that day comes soon, child. Be safe, remember your duty to Kryta, and be true to the Order.""","«Надеюсь, этот день скоро наступит, дитя. Берегите себя, помните о своем долге перед Крайтой и будьте верны Ордену»."
"""I hope that's not what my boss intended to have happen. In any case, catastrophy averted.""","«Надеюсь, это не то, чего хотел мой босс. В любом случае катастрофы удалось избежать»."
"""I hope they're all right, too.""","«Я надеюсь, что с ними тоже все в порядке»."
"""I hope this missive finds you well. Caer Astorea still stands. Although the Nightmare Court threat remains—and will for some time to come—the Grove is safe, and that makes the fight worth fighting. Our newly awakened must have the time to choose their own paths without constantly looking over their shoulders for the Nightmare Court.<br><br>—Warden Llew""","«Надеюсь, это послание застанет вас хорошо. Каэр Асторея все ещё стоит. Хотя угроза Двора Кошмаров остается — и будет оставаться в течение некоторого времени — Роща безопасна, и это делает борьбу стоящей. У наших недавно пробудившихся должно быть время выбрать свой собственный путь, не оглядываясь постоянно в поисках Двора Кошмаров.<br><br> — Страж Лью»"
"""I hope those big eyes of yours see well in the dark, because night is coming.""","«Надеюсь, твои большие глаза хорошо видят в темноте, потому что ночь приближается»."
"""I hope you didn't come for the beaches. There are only the cutthroats and carnivores. Lionscouts have been recruiting help to guard the roads along the Rampart Bluffs. If you ask me, we need to help the Durmand Priory up at Broken Beacon. The treasures they've been finding attract all kinds of pirates, both living and dead.""","«Надеюсь, вы пришли не на пляжи. Там одни головорезы и хищники. Львы-разведчики набирают помощников для охраны дорог вдоль Рампарт-Блаффс. Если вы спросите меня, нам нужно помочь монастырю Дурманд в Сломанном маяке. Сокровища, которые они находят, привлекают всевозможных пиратов, как живых, так и мёртвых»."
"""I hope you know what you've done. You've proven yourself invaluable to the Vigil. Thank you. Now, if you're itching for more fight, you should run out to Astrozintli Forelands. Find Itchi-li. <br><br>—Camrena of the Vigil""","«Надеюсь, ты знаешь, что натворил. Ты доказал, что ты бесценен для Бдения. Спасибо. Теперь, если тебе не терпится новых боев, тебе следует бежать на Предгорья Астрозинтли. Найдите Ичи-ли. <br><br>—Камрена из Бдения»"
"""I hope you mean that, Benn. Zhaitan's forces threaten Lion's Arch. Claw Island's already been overrun, and Tybalt died to save our lives.""","«Надеюсь, ты имеешь в виду это, Бенн. Силы Зайтана угрожают Львиной Арке. Остров Когтя уже захвачен, и Тибальт погиб, чтобы спасти наши жизни»."
"""I hope you're in a fighting mood, because the Branded Forgotten Wissper Inssani is a true horror.""","«Надеюсь, ты в боевом настроении, потому что Клейменный Забытый Висспер Инссани — это настоящий ужас»."
"""I hope...I mean, if you wanted to... Oh, nevermind.""","«Надеюсь… я имею в виду, если бы ты захотел… Ох, неважно»."
"""I hunger, therefore I eat.""","«Я голоден, поэтому я ем»."
"""I hunted down prey for the Great Hunt, presented my trophies to the judges, and celebrated with my fellow hunters at the moot. Then I battled and defeated Issormir, the giant ice wurm. These victories earned me glory, and the right to call myself """"Slayer of Issormir."""" Soon every norn in Hoelbrak will be talking about me!""","«Я выследил добычу для Великой Охоты, представил свои трофеи судьям и отпраздновал это событие с моими товарищами-охотниками на собрании. Затем я сразился и победил Иссормира, гигантского ледяного червя. Эти победы принесли мне славу и право называть себя «Убийцей Иссормира». Скоро каждая норн в Хельбраке будет говорить обо мне!»"
"""I inherited Romke's Horn, a magical ancestral heirloom passed down through generations. After one too many drinks, however, I wagered it on a contest of strength...and lost.""","«Я унаследовал Рог Ромке, волшебную реликвию предков, передаваемую из поколения в поколение. Однако после слишком большого количества выпивки я поставил его на состязание в силе… и проиграл»."
"""I interrogated one of the Sons of Svanir and discovered their ultimate goal is to capture the Spirit of Minotaur and feed it to their leader's pet dragon minion. To stop them, Eir and I need to find Minotaur first.""","«Я допросил одного из Сынов Сванира и обнаружил, что их конечная цель — поймать дух Минотавра и скормить его любимому дракону-миньону их лидера. Чтобы остановить их, нам с Эйр нужно сначала найти Минотавра»."
"""I investigated both of the Forged satellite camps near Amnoon. While I didn't learn much about Balthazar's plans, I did destroy several batteries of Forged artillery and thinned out the Forged ranks. At least now Amnoon will get a break from Forged attacks, and at least I deprived the main Forged camp of any reinforcements...which they're going to need, because I'm headed there next to rendezvous with Canach and Rytlock.""","«Я исследовал оба лагеря Кованых возле Амнуна. Хотя я мало что узнал о планах Бальтазара, я уничтожил несколько артиллерийских батарей Кованых и проредил ряды Кованых. По крайней мере, теперь Амнун получит передышку от атак Кованых, и, по крайней мере, я лишил главный лагерь Кованых любых подкреплений... которые им понадобятся, потому что я направляюсь туда рядом с местом встречи с Кэнаком и Ритлоком»."
"""I joined Agent Batanga in infiltrating Councillor Flax's office. We outsmarted his krewe chief, Filka, and acquired the materials to forge the permission we needed to access Professor Gorr's lab. With our fake documents in hand, we headed for Gorr's lab to determine what happened to our missing genius.""","«Я присоединился к агенту Батанге во время проникновения в офис советника Флакса. Мы перехитрили его начальника креве, Филку, и приобрели материалы, чтобы подделать разрешение, необходимое нам для доступа в лабораторию профессора Горра. С нашими поддельными документами на руках мы направились в лабораторию Горра, чтобы выяснить, что случилось с нашим пропавшим гением»."
"""I joined Crusader Slep in storming the Arcane Eye's hidden base where they were holding Professor Gorr captive. Rakt's agents put up a fight, but we defeated them and got Gorr out. Now we're headed back to Rata Sum to present Gorr to Zojja and the other order reps for debriefing.""","«Я присоединился к Крестоносцу Слепу в штурме скрытой базы Чародейского Глаза, где они держали в плену профессора Горра. Агенты Ракта устроили бой, но мы победили их и вытащили Горра. Теперь мы возвращаемся в Рата Сум, чтобы представить Горра Зодже и другим представителям ордена для отчёта»."
"""I joined Crusader Thurkill to investigate a missing Vigil squad in dredge territory. We found them, killed by a new kind of weapon Thurkill had never seen before. We decided to return to the other order reps to confer.""","«Я присоединился к Крестоносцу Теркиллу, чтобы расследовать пропавший отряд Дежурных на территории драг. Мы нашли их убитыми новым видом оружия, которого Теркилл никогда раньше не видел. Мы решили вернуться к другим представителям ордена, чтобы посовещаться»."
"""I joined Jetsam because I thought he could make the most of my genius. So far, my talents have been wasted. I can't say I like quaggans but maybe Suwash will recognize my brilliance.""","«Я присоединился к Джетсаму, потому что думал, что он сможет максимально использовать мой гений. До сих пор мои таланты были потрачены впустую. Не могу сказать, что мне нравятся квагганы, но, возможно, Суваш признает мой талант»."
"""I joined Marjory, Kasmeer, Braham, Rox, and Taimi at the Seraph outpost in Tangle Root, and worked with the Seraph to defeat the hostile Inquest krewe that was harassing them. We fought in areas that are being choked with gigantic, thorny vines. This merited further investigation.<br><br>Taimi seemed to be clashing with Rox over little things. She's a smart kid who means well; we just have to remember she's a child. She's talks about Braham like he's her big brother, which is probably good considering her situation. Braham's leg seems to have healed since the Scarlet fight.""","«Я присоединилась к Марджори, Касмиру, Брэхаму, Роксу и Тайми на аванпосте Серафимов в Клубке Корней и работала с Серафимами, чтобы победить враждебную Инквест-креве, которая их преследовала. Мы сражались в районах, заросших гигантскими колючими лозами. Это заслуживало дальнейшего расследования.<br><br>Кажется, Тайми ссорилась с Роксом из-за мелочей. Она умный ребенок, который имеет в виду ну, нам просто нужно помнить, что она ребенок. Она говорит о Брэме, как о своем старшем брате, что, вероятно, хорошо, учитывая, что нога Брэма, похоже, зажила после боя со Скарлет."
"""I joined Scholar Krasso of the Durmand Priory in infiltrating Professor Gorr's lab. We faked our way past the Arcane Eye sentries and found a body bag, but the corpse inside wasn't Gorr. The professor may still be alive somewhere, so we decided to share what we've learned with Zojja and the other order reps.""","«Я присоединился к ученому Крассо из Приората Дурманд, чтобы проникнуть в лабораторию профессора Горра. Мы обманным путем прошли мимо часовых Чародейского Глаза и нашли мешок для трупов, но труп внутри был не Горром. Возможно, профессор где-то ещё жив, поэтому мы решили поделиться тем, что мы узнали, с Зойджей и другими представителями ордена»."
"""I joined Scholar Prott of the Durmand Priory to defend Scholar's Cleft from a dredge attack. We saved the faculty and staff, but the dredge leader Vyacheslav stole a book on ancient architecture. Prott and I decided to return to Hoelbrak to confer with the other order reps.""","«Я присоединился к ученому Протту из Приората Дурманд, чтобы защитить Расщелину Ученого от атаки драг. Мы спасли преподавателей и персонал, но руководитель экскаватора Вячеслав украл книгу о древней архитектуре. Мы с Проттом решили вернуться в Хоэлбрак, чтобы посовещаться с другими представителями ордена»."
"""I joined Trahearne, Professor Gorr, and Scholar Vivian aboard a Pact airship to conduct tests on the dead Eye of Zhaitan without endangering anyone in Fort Trinity. We established that the Eye literally sees for Zhaitan, and we saw horrific images from Orr. We identified another monstrous creature called the Mouth of Zhaitan and agreed that if the Eye finds food for the dragon, then the Mouth must consume it. We set out for Orr itself to prevent the Mouth from providing sustenance to Zhaitan.""","«Я присоединился к Трэхирну, профессору Горру и ученому Вивиан на борту дирижабля Пакта, чтобы провести испытания мёртвого Глаза Зайтана, не подвергая никого опасности в Форте Тринити. Мы установили, что Глаз буквально видит Зайтана, и мы видели ужасающие изображения Орра. Мы идентифицировали ещё одно чудовищное существо, называемое Пасть Зайтана, и договорились, что если Глаз найдёт пищу для дракона, то Рот должен её съесть. Мы отправились к Орру. себя, чтобы помешать Рту обеспечить пропитание Зайтану»."
"""I knew Queen Jennah's father, King Dorion. He was a good man.""","«Я знал отца королевы Дженны, короля Дориона. Он был хорошим человеком»."
"""I knew it. I'm going to expose this racket, and you're going to help me!""","«Я знал это. Я собираюсь разоблачить этот рэкет, и ты мне поможешь!»"
"""I knew it—you've always had a reputation for gathering all the intel before a mission. So, what do you need to know?""","«Я знал это — у тебя всегда была репутация человека, собирающего всю информацию перед миссией. Итак, что тебе нужно знать?»"
"""I knew one day you'd snap. Rats aren't enough for you. Fine, this should be fun.""","«Я знал, что однажды ты сломаешься. Крыс тебе недостаточно. Ладно, это должно быть весело»."
"""I knew our paths led to only one place, and still I hesitated.""","«Я знал, что наши пути ведут только в одно место, и все же колебался»."
"""I knew this had to be a ruse. I'd expect it from you, Commander, but Sayida...Joko would not approve.""","«Я знал, что это была уловка. Я ожидал этого от тебя, коммандер, но Саида… Джоко не одобрила бы»."
"""I knew you could do it, Ybelle!""","«Я знала, что ты сможешь это сделать, Ибель!»"
"""I know I could go into the Chantry and vanish anyway. Or, the order could bring a hundred agents out here to kill Landon and his men.""","«Я знаю, что могу пойти в Церковь и исчезнуть в любом случае. Или приказ может привести сюда сотню агентов, чтобы убить Лэндона и его людей»."
"""I know Primordus is gone, but I think I'll leave this alone.""","«Я знаю, что Примордуса больше нет, но думаю, оставлю это в покое»."
"""I know a ruined fort on the coast of Orr. It will take work to make it defensible, but from there we can strike directly at the heart of Zhaitan's forces.""","«Я знаю разрушенный форт на побережье Орра. Чтобы сделать его пригодным для обороны, придётся потрудиться, но оттуда мы сможем нанести удар прямо в сердце сил Зайтана»."
"""I know all kinds of tricks, see?""","— Я знаю всякие трюки, понимаешь?"
"""I know exactly what you mean, and I agree completely.""","«Я точно знаю, что вы имеете в виду, и полностью согласен»."
"""I know how to defeat the Sunless: through unity. Join me, and we'll fight together!""","«Я знаю, как победить Безсолнечных: посредством единства. Присоединяйтесь ко мне, и мы будем сражаться вместе!»"
"""I know it looks grim, but you must press on. Our future is in your hands.""","«Я знаю, это выглядит мрачно, но вы должны продолжать. Наше будущее в ваших руках»."
"""I know it was hard, seeing our fellow soldiers...in that room.""","«Я знаю, что было тяжёло видеть наших однополчан... в этой комнате»."
"""I know just what you need! A dose of Dr. Bleent's famous, old-fashioned, smooth-drinking, thirst-quenching, breath-freshening Ooze Booze! Am I right?""","«Я знаю, что вам нужно! Доза знаменитой, старомодной, приятной, утоляющей жажду и освежающей дыхание выпивки доктора Блинта! Я прав?»"
"""I know that being in this part of the temple can be unsettling, but so long as my spectral disrupter is functional, I feel all warm and fuzzy...in a personal security sense, I mean.""","«Я знаю, что находиться в этой части храма может быть тревожно, но пока мой спектральный разрушитель работает, я чувствую себя тёплым и нечетким… я имею в виду личную безопасность»."
"""I know that totem. Last night, I used it to pick my—""","«Я знаю этот тотем. Вчера вечером я использовал его, чтобы выбрать свой…»"
"""I know the place: formidable, easily defensible, and right on Zhaitan's doorstep. A solid decision, Marshal Trahearne. The Vigil is with you.""","«Я знаю это место: грозное, лёгко защищаемое и прямо на пороге Зайтана. Твердое решение, маршал Трахёрн. Дежурство с вами»."
"""I know you did your best, but that's cold comfort to our dead soldiers. I'll make sure Tactician Syska gets safely back to camp. What's your next move, Commander?""","«Я знаю, что вы сделали все, что могли, но это слабое утешение для наших погибших солдат. Я позабочусь о том, чтобы тактик Сиска благополучно вернулся в лагерь. Каков ваш следующий шаг, командир?»"
"""I know your rage. I know your hatred. If you give yourself to this tree, you will burn the world.""","«Я знаю твою ярость. Я знаю твою ненависть. Если ты отдашь себя этому дереву, ты сожжешь мир»."
"""I know! But that doesn't make her any less of an engineer. I could learn so much from her. Genius comes in many colors, you know?""","«Я знаю! Но это не делает её менее инженером. Я мог бы многому у неё научиться. Гений бывает разных цветов, понимаешь?»"
"""I know! Hey, take some of this rock off my hands so I can have some room. Then you'll see how impressive I really am.""","«Я знаю! Эй, убери этот камень с моих рук, чтобы у меня было немного места. Тогда ты увидишь, какой я на самом деле впечатляющий»."
"""I know! Just the other day, I found some pottery shards, some naturally fermented seaweed, and a new subspecies of mollusk!""","«Я знаю! Буквально на днях я нашёл несколько черепков глиняной посуды, немного естественно ферментированных морских водорослей и новый подвид моллюсков!»"
"""I know! Their little faces, and— Ahem. Thank you for your answer, and look forward to seeing the results in our holo-news!""",«Я знаю! Их маленькие лица и… Кхм. Спасибо за ваш ответ и с нетерпением ждем результатов в наших голографических новостях!»
"""I know, I know. I just can't help rooting for the underdog.""","«Я знаю, я знаю. Я просто не могу не болеть за аутсайдера»."
"""I know, I know. I've been a real piece of work lately, and I'm sorry. You're a real friend...not like Two-Blade Pete.""","«Я знаю, знаю. В последнее время со мной очень много работали, и мне очень жаль. Ты настоящий друг… не такой, как Пит с двумя клинками»."
"""I know, I know. It's just...hard sometimes to keep the faith.""","«Я знаю, знаю. Просто… иногда трудно сохранять веру»."
"""I know, but I asked for this assignment. I've always wanted to know more about my ancestors, and this is a great place to do it.""","«Я знаю, но я просил об этом задании. Я всегда хотел узнать больше о своих предках, и это отличное место для этого»."
"""I know, but I'm afraid all we'll get to see are sleeping hylek. How boring!""","«Я знаю, но боюсь, что мы увидим только спящих хилек. Как скучно!»"
"""I know, it's just— You say he was a great hero, that he fought an evil god to the death...""","«Я знаю, просто… Ты говоришь, что он был великим героем, что он сражался насмерть со злым богом…»"
"""I know. I can't explain it much better, myself. I...I'm so sorry. We'll keep you safe here.""",«Я знаю. Я сам не могу объяснить это лучше. Я… мне очень жаль. Мы будем держать тебя в безопасности здесь».
"""I know. So tall and strong. If he were mine, I'd never let him go.""","«Я знаю. Такой высокий и сильный. Если бы он был моим, я бы никогда его не отпустил»."
"""I learned from Kasmeer and Efram that the Renegades have been quietly trying to recruit young charr into their ranks. On top of the other signs of violence and hate, the idea of the Renegades expanding the reach of their xenophobic extremism was disturbing. With Kasmeer's help to disguise me as Ryland—a reputable charr with the freedom to move around and ask questions—I set out to investigate. The trail led me from the fahrar through the Blood Keep, and then the urgency ramped up. I learned the Renegades had kidnapped Gorrik and were searching his datapad for useful information about Aurene. I was able to get Gorrik to safety, but I made a terrible discovery in the process: Ryland was working with the Renegades, and they were helping Bangar gather forces for a questionable mission.""","«Я узнал от Касмир и Эфрама, что Отступники тайно пытались завербовать молодых чарров в свои ряды. Помимо других признаков насилия и ненависти, меня тревожила сама мысль о том, что Отступники расширяют сферу своего ксенофобского экстремизма. С помощью Касмир, которая замаскировала меня под Райланда — уважаемого чарра, который может свободно передвигаться и задавать вопросы, — я отправился на расследование. След привел меня от Фахрара через Кровавая крепость, а затем срочность возросла. Я узнал, что Отступники похитили Горрика и искали в его датападе полезную информацию об Аурин. Мне удалось доставить Горрика в безопасное место, но в процессе я сделал ужасное открытие: Райланд работал с Отступниками, и они помогали Бангару собирать силы для сомнительной миссии."
"""I learned to joust at the funfair! And I was great at the archery range, near the carousel.""","«Я научился соревноваться на ярмарке! И я отлично учился на стрельбище из лука, рядом с каруселью»."
"""I led a Pact squad into Orr to take out the Mouth of Zhaitan that was operating in Kitah Manse. We fought through the corrupted lord of the manse's illusions, killed him and his undead servants, and disposed of the Mouth, but we lost good soldiers in the process. Without the Mouth, Zhaitan's food supply has been curtailed. I returned to Fort Trinity to check in with Marshal Trahearne and plan the Pact's next move.""","«Я возглавил отряд Пакта в Орр, чтобы уничтожить Уста Зайтана, действовавшего в особняке Китах. Мы сражались с испорченным повелителем иллюзий особняка, убили его и его слуг-нежить и избавились от Уста, но при этом мы потеряли хороших солдат. Без Уста запасы продовольствия Зайтана были сокращены. Я вернулся в Форт Тринити, чтобы связаться с маршалом Трэхирн и спланировать операцию. Следующий шаг Пакта»."
"""I led a Pact squad on a mission to destroy the ship and the couriers that bring magical objects to the Mouth of Zhaitan. Our intent was to cut off Zhaitan's food supply by starving its Mouth, but the Mouth itself emerged and we were forced to kill it directly. I returned to Fort Trinity to meet with Trahearne and plan the Pact's next move.""","«Я возглавил отряд Пакта с миссией по уничтожению корабля и курьеров, которые доставляют магические предметы в Устье Зайтана. Нашим намерением было отрезать запасы продовольствия Зайтану, морив его Устье голодом, но Рот появился сам, и мы были вынуждены убить его напрямую. Я вернулся в Форт Тринити, чтобы встретиться с Трэхирном и спланировать следующий шаг Пакта»."
"""I led a mission to sink the giant ark that provides Zhaitan with fresh corpses. We planted ghostfire charges aboard the ark and narrowly escaped as the magical conflagration destroyed the ark and everything on it. Now that we've crippled Zhaitan's surveillance, food supply, and troop strength, the Pact moved forward to establish a major beachhead in Orr itself.""","«Я возглавлял миссию по потоплению гигантского ковчега, который снабжал Зайтана свежими трупами. Мы установили заряды призрачного огня на борту ковчега и чудом спаслись, поскольку магический пожар уничтожил ковчег и все, что находилось в нем. Теперь, когда мы нанесли вред Зайтану наблюдения, снабжению продовольствием и численности войск, Пакт двинулся вперёд, чтобы создать крупный плацдарм в самом Орре»."
"""I like sylvari, but I've heard their bark is worse than their bite.""","«Мне нравятся сильвари, но я слышал, что их лай хуже, чем их укус»."
"""I like the way you think, asura. Despite your demeanor, there is poetry in your words. I am Kensho Arrowsoul, scribe.""","«Мне нравится, как ты думаешь, асура. Несмотря на твое поведение, в твоих словах есть поэзия. Я Кеншо Стрелодуша, писец»."
"""I like the wizards and their little words. """"Wayfinder"""" is more exciting.""",«Мне нравятся волшебники и их словечки. «Путеводитель» более захватывающий».
"""I like your initiative, agent. So, what's it going to be?""","«Мне нравится ваша инициатива, агент. Итак, что же это будет?»"
"""I like your pluck, little one, but this shop is for norn. I can't help you.""","«Мне нравится твоя смелость, малышка, но этот магазин для норнов. Я не могу тебе помочь»."
"""I located Keppa, but her golems aren't the ones putting blame on me for their mayhem. Did I err in my analysis of those modified golem blueprints?""","«Я нашёл Кеппу, но не её големы обвиняют меня в своем хаосе. Ошибся ли я в своем анализе этих модифицированных чертежей големов?»"
"""I look at this gorgeous mansion and hate that I'm the one guarding it, not enjoying it.""","«Я смотрю на этот великолепный особняк и ненавижу то, что я охраняю его, а не наслаждаюсь им»."
"""I looked into Tactician Syska's background, hoping to find clues about her involvement my friendly fire incident that killed Pact troops. One of the soldiers in Syska's unit said she spent a lot of time in a Black Citadel tavern, so I decided to continue my investigation there.""","«Я изучил биографию тактика Сиски, надеясь найти подсказки о её причастности к моему инциденту с дружественным огнем, в результате которого погибли войска Пакта. Один из солдат подразделения Сиски сказал, что она провела много времени в таверне Чёрной Цитадели, поэтому я решил продолжить расследование там»."
"""I love dogs, don't you? They're such sweeties and always happy to see you.""","«Я люблю собак, а ты? Они такие милые и всегда рады тебя видеть»."
"""I love it. It's like something out of a children's story, with the kindly wizard watching over the sleepy little village and sending his magical minions to help out with day-to-day chores.""",«Мне это нравится. Это как что-то из детской сказки: добрый волшебник присматривает за сонной маленькой деревней и посылает своих волшебных миньонов помочь с повседневными делами».
"""I love the feel of cold snow on my feet. Just like the pines all around you, cold does not bother me.""","«Мне нравится ощущение холодного снега на ногах. Как и сосны вокруг тебя, холод меня не беспокоит»."
"""I love the sea. From a distance, of course.""","«Я люблю море. Конечно, на расстоянии»."
"""I love working with the Guild Initiative. It's hard, but it's rewarding!""","«Мне нравится работать с Инициативой Гильдии. Это сложно, но полезно!»"
"""I made my way to Uzolan's workshop. Unfortunately, the Ringmaster's hypnotized carnies arrived before I did. I defeated them and rescued Uzolan. The inventor told me that the Ringmaster is planning to use his grizwhirls to brainwash the masses at the next big performance in Divinity's Reach.""","«Я добрался до мастерской Узолана. К сожалению, загипнотизированные карни Начальника манежа прибыли раньше меня. Я победил их и спас Узолана. Изобретатель рассказал мне, что Начальник манежа планирует использовать свои гризвирли для промывания мозгов массам на следующем большом представлении в Divinity's Reach»."
"""I made my way to the bottom floor of the Astralarium library. Using the key given to me by Archivist Rhadha, I deduced the incantation required in order to gain access to the archives. Saying """"Joko is false"""" while standing in front of the door transported me into a secret Sunspear base, where I was greeted by Agent Kito and First Spear Hakima. Hakima informed me that only Spearmarshal Zaeim, the leader of the Istani Sunspears, knows the way in to Fahranur, and I should seek him out in Champion's Dawn.""","«Я добрался до нижнего этажа библиотеки Астралария. Используя ключ, данный мне архивариусом Радхой, я вывел заклинание, необходимое для получения доступа к архивам. Сказав «Джоко неправда», стоя перед дверью, я перенесся на секретную базу Солнечного Копья, где меня встретили агент Кито и Хакима Первого Копья. Хакима сообщила мне, что только маршал копья Заим, лидер Истани Солнечное Копьё знает дорогу в Фаранур, и мне следует поискать его в Заре Чемпионов»."
"""I made my way to the carnival's big show and, as expected, the Ringmaster was preparing for his performance. It was a difficult battle, and the Ringmaster attempted to use brainwashed innocents against me, but in the end, I brought him to justice. Captain Thackeray offered me his sincere thanks for my part in continuing to protect the people of Divinity's Reach.""","«Я добрался до большого представления карнавала, и, как и ожидалось, Начальник манежа готовился к своему выступлению. Это была трудная битва, и Начальник манежа пытался использовать против меня невинных людей с промытыми мозгами, но в конце концов я привлек его к ответственности. Капитан Теккерей выразил мне свою искреннюю благодарность за мое участие в продолжении защиты людей Divinity's Reach»."
"""I made sure it was dead first. I want to scare her, not kill her.""","«Сначала я убедился, что оно мертво. Я хочу напугать её, а не убить»."
"""I may be punished, but not by you. I have places to go and people to kill, but I leave my creation here to keep you company! Tah!""","«Я могу быть наказан, но не тобой. Мне есть куда пойти и кого убить, но я оставляю свое творение здесь, чтобы составить тебе компанию! Та!»"
"""I may be trapped, but not for long.""","«Может быть, я и в ловушке, но ненадолго»."
"""I may do just that, but may I ask a few questions first?""","«Я могу так и сделать, но могу ли я сначала задать несколько вопросов?»"
"""I may do that, if only to spite Balthazar's brutality.""","«Я могу сделать это, хотя бы для того, чтобы позлить жестокости Бальтазара»."
"""I may not have much of a moral compass, but I know enough not to sell when my allies are fighting for their lives. If we survive, talk to me later.""","«Возможно, у меня нет моральных принципов, но я знаю достаточно, чтобы не продаваться, когда мои союзники борются за свою жизнь. Если мы выживем, поговорим со мной позже»."
"""I may perish, but my creation will destroy you all!""","«Я могу погибнуть, но мое творение уничтожит вас всех!»"
"""I mean business. I'm the bruiser, the muscle, the bear you don't want to poke. My headband keeps my vision clear, no matter how physical I get.""","«Я имею в виду бизнес. Я синяк, мускулистый медведь, которого не хочется тыкать. Моя повязка на голову сохраняет ясность зрения, независимо от того, насколько физически я напрягаюсь»."
"""I mean, maybe you're right about this place. I got so caught up with getting back into the guild...""","«Я имею в виду, возможно, ты прав насчет этого места. Я так увлекся возвращением в гильдию…»"
"""I met Blish and Taimi at the site of Blish's unstable portal. As Blish set it up, a malfunction sent his arm to the other side.""","«Я встретил Блиша и Тайми на месте нестабильного портала Блиша. Когда Блиш устанавливал его, из-за неисправности его рука отправилась на другую сторону»."
"""I met Braham in Hoelbrak, and together we talked to Eir about the summit. She didn't believe Knut Whitebear would leave Hoelbrak so long as the Svanir were terrorizing the Shiverpeaks. We vowed to win Whitebear's good will by disrupting the Svanir presence in Frostgorge Sound.""","«Я встретила Брэхама в Хельбраке, и вместе мы поговорили с Эйр о вершине. Она не верила, что Кнут Белый Медведь покинет Хельбрак, пока сваниры терроризируют Шиверпики. Мы поклялись завоевать расположение Белого Медведя, разрушив присутствие сваниров в проливе Ледяного Ущелья»."
"""I met Caithe at Dreamer's Terrace, and she introduced me to Firstborn Trahearne. News arrived that the Nightmare Court are attacking several outposts, seeking something they call """"the harbinger."""" I volunteered to aid the outpost of Falias Thorp. I only hope I'm not too late.""","«Я встретил Кейт на Террасе Мечтателя, и она познакомила меня с Первенцем Трэхирном. Пришли новости о том, что Двор Кошмаров атакует несколько аванпостов в поисках того, что они называют «предвестником». Я вызвался помочь аванпосту Фалиаса Торпа. Я только надеюсь, что не слишком опоздал»."
"""I met Eir at the summit of a great mountain and with her help, I defeated the fearsome griffon Windshear. I've bathed the axe in its blood, as requested. Now to return the weapon to Beigarth and he'll temper it a final time.""","«Я встретил Эйр на вершине великой горы и с её помощью победил грозного грифона Ветрорез. Я окунул топор в его кровь, как и просили. Теперь нужно вернуть оружие Бейгарту, и он закалит его в последний раз»."
"""I met Oldoo, a quaggan pastkeeper who knew of an ancient ritual that could protect Falooaloo Village. To prepare the ritual, we needed to employ a nearby set of jotun worship stones, which the jotun were not willing to share. We forced them to cooperate and helped Oldoo complete his preparations, and he promised to be ready to defend the village when the icebrood attack comes.""","«Я встретил Олду, кваггана-хранителя прошлого, который знал о древнем ритуале, который мог защитить деревню Фалуалу. Чтобы подготовить ритуал, нам нужно было использовать ближайший набор камней поклонения йотунов, которыми йотуны не хотели делиться. Мы заставили их сотрудничать и помогли Олду завершить его приготовления, и он пообещал быть готовым защитить деревню, когда произойдёт нападение ледяных выводков»."
"""I met Rytlock while searching for the location of the secret Steel warband hideout. Rytlock and Crecia discussed Ryland's fate; I hope he'll come around, but I have doubts.""","«Я встретил Ритлока, когда искал местонахождение секретного убежища отряда Стали. Ритлок и Креция обсудили судьбу Райланда; я надеюсь, что он придёт в себя, но у меня есть сомнения»."
"""I met Sieran, and we're going to check out an old tomb on the way to the Priory.""","«Я встретил Сирана, и мы собираемся осмотреть старую гробницу по дороге в Приорат»."
"""I met Taimi and Gorrik at the docks where their research material was impounded. We dealt with the escape of Gorrik's marshmallow mites, then found Blish and powered him back on. Lord Faren helped a little, too.""","«Я встретил Тайми и Горрика в доках, где были конфискованы их исследовательские материалы. Мы разобрались с бегством зефирных клещей Горрика, затем нашли Блиша и снова включили его. Лорд Фарен тоже немного помог»."
"""I met Trahearne at Oxbow Isle and reported my suspicions that """"Syska"""" is a mesmer in the service of Zhaitan. We were attacked as soon as I presented my concerns, but I was able to stop the mesmer's assassination attempt. This matter will have to wait, however, as Trahearne told me Fort Trinity is being targeted for a major assault by Zhaitan's forces. I agreed to meet Trahearne back at Fort Trinity to prepare for this assault.""","«Я встретил Трэхирна на острове Оксбоу и сообщил о своих подозрениях, что «Сиска» — это месмер на службе Зайтана. На нас напали, как только я высказал свои опасения, но я смог остановить попытку убийства месмера. Однако с этим делом придётся подождать, поскольку Трэхирн сказал мне, что Форт Тринити является целью крупного нападения со стороны сил Зайтана. Я согласился встретиться с Трэхирн в Форте Тринити, чтобы подготовиться к этому нападению»."
"""I met Tybalt Leftpaw, a Lightbringer of the Order of Whispers. He's... unique, I'll give him that. We've got a situation to investigate in Applenook Hamlet, north of the city. I'll meet him there.""","«Я встретил Тибальта Леволапа, Светоносного из Ордена Шепота. Он... уникален, я ему это отдам. Нам нужно расследовать ситуацию в Гамлете Эплнук, к северу от города. Я встречусь с ним там»."
"""I met Zafirah in the field. She had brought her Dragonsblood Spear and two Zephyrites. With their help, I reforged the spear, this time using Kralkatorrik's blood.""","«Я встретил Зафиру в поле. Она принесла свое Копьё Драконьей Крови и двух Зефиритов. С их помощью я перековал копьё, на этот раз используя кровь Кралькаторрика»."
"""I met a cavalier who said the Zephyrites used to travel all across Tyria, trading with people on the ground.""","«Я встретил кавалера, который сказал, что Зефириты путешествовали по всей Тирии, торгуя с людьми на земле»."
"""I met my team at the Branded crater outside Glint's Lair, but the area was crawling with Forged. After clearing them out, we discovered unmistakable signs that Balthazar has built himself a war machine that harnesses magic from dragon crystals. We also found remnants of Glint's power—scattered crystalline essences and memories that enabled us to open a portal to Glint's Lair.""","«Я встретил свою команду в кратере Клейма возле Логова Глинта, но эта местность кишела Коваными. Зачистив их, мы обнаружили безошибочные признаки того, что Бальтазар построил себе военную машину, использующую магию драконьих кристаллов. Мы также нашли остатки силы Глинта — разбросанные кристаллические эссенции и воспоминания, которые позволили нам открыть портал в Логово Глинта»."
"""I met one of the Pact's premier explosives experts, an asura named Tonn. I helped Tonn take down a set of Orrian siege towers and discovered just how good he is (and how much he enjoys his work). We need a more powerful explosive to destroy the Orrian bone ship, so Tonn and I set out to acquire one.""","«Я встретил одного из лучших экспертов Пакта по взрывчатым веществам, асура по имени Тонн. Я помог Тонну разрушить несколько оррианских осадных башен и обнаружил, насколько он хорош (и насколько ему нравится его работа). Нам нужна более мощная взрывчатка, чтобы уничтожить оррианский костяной корабль, поэтому мы с Тонном решили приобрести её»."
"""I met someone—a rugged, outdoorsy type. Works on the docks.""","«Я встретил кое-кого — сурового, любителя активного отдыха. Работает в доках»."
"""I met up with Caithe at Durmand Priory. She was worried about Aurene, given the dangers ahead, and asked to be included in the preparations for our confrontation with Kralkatorrik. I told her I'd be grateful for the help, and together we went in to speak with Ogden.""","«Я встретился с Кейт в монастыре Дурманд. Она беспокоилась об Орин, учитывая предстоящие опасности, и попросила включить её в подготовку к нашему противостоянию с Кралькаторриком. Я сказал ей, что буду благодарен за помощь, и мы вместе пошли поговорить с Огденом»."
"""I met up with Rytlock, Caithe, and Zafirah and ventured into the cave system underneath Kralkatorrik in order to cap the ley lines healing him.""","«Я встретился с Ритлоком, Кейт и Зафирой и отправился в систему пещер под Кралькаторриком, чтобы перекрыть лей-линии, исцеляющие его»."
"""I met up with the mysterious informant, only to find an ambush! With the help of Salia and Mehid, agents for the Shining Blade, we defeated the assassins. Salia and Mehid believe that the assassins are actually White Mantle cultists tied to an investigation they were pursuing. Their next mission is to break into a cultist cell, and they agreed to take me along.""","«Я встретился с таинственным информатором, но обнаружил засаду! С помощью Салии и Мехида, агентов Сияющего Клинка, мы победили убийц. Салия и Мехид полагают, что убийцы на самом деле являются культистами Белой Мантии, связанными с расследованием, которое они проводили. Их следующая миссия — проникнуть в ячейку культистов, и они согласились взять меня с собой»."
"""I met with Agent Kito of the Order of Shadows and presented my plan: Archon Iberu, the Mordant Crescent officer I met in Amnoon, ranks highly enough to command Joko's armies in Joko's stead. Kito and I agreed: if I lure Iberu out and kill him, I can safely assume his identity and muster Joko's Awakened against Balthazar's Forged.""","«Я встретился с агентом Кито из Ордена Теней и представил свой план: архонт Иберу, офицер Мордантного Полумесяца, которого я встретил в Амнуне, имеет достаточно высокий ранг, чтобы командовать армиями Джоко вместо Джоко. Мы с Кито согласились: если я выманю Иберу и убью его, я смогу безопасно принять его личность и собрать Пробужденных Джоко против Кованых Бальтазара»."
"""I met with Bercilak at Mabon Market and challenged him to another duel. This time, I was prepared for the advantage of his armor. Bercilak has been destroyed, and will never hurt anyone else.""",«Я встретился с Берсилаком на рынке Мабон и вызвал его на ещё одну дуэль. На этот раз я был готов к преимуществу его доспехов. Берсилак уничтожен и никогда больше никому не причинит вреда».
"""I met with Eir and the Orders of Tyria to plan how we'd stop Vyacheslav's mad attack on the Durmand Priory. If he fires the Sonic Vaporizer, it won't just destroy the Priory walls and kill Ogden Stonehealer: it will also attract a horde of ice dragon minions. As Eir suggested, I permanently joined an order and committed to stopping this threat as a fist step toward confronting the Elder Dragons themselves.""","«Я встретился с Эйр и Орденами Тирии, чтобы спланировать, как мы остановим безумную атаку Вячеслава на Приорат Дурманд. Если он запустит Звуковой Испаритель, он не просто разрушит стены Приората и убьёт Огдена Стоунхилера: он также привлечет орду миньонов ледяных драконов. Как и предложил Эйр, я навсегда присоединился к ордену и взял на себя обязательство остановить эту угрозу в качестве первого шага к противостоянию самим Старшим Драконам»."
"""I met with Marjory, and together with Rytlock, Crecia, Braham, and a Vigil relief crew, we're headed north to Jora's Keep in Bjora Marches.""","«Я встретился с Марджори, и вместе с Ритлоком, Кресией, Брэхемом и спасательной командой Бдения мы направляемся на север, в Крепость Джоры в Марках Бьоры»."
"""I met with Mehid and Salia outside the hunting lodge, and we broke open the cult. Apparently, the White Mantle is hiding behind bandit activities. They incite the impoverished citizens of Kryta, and use them to act against the Queen's servants.""","«Я встретился с Мехидом и Салией возле охотничьего домика, и мы взломали культ. Судя по всему, Белая Мантия скрывается за бандитской деятельностью. Они подстрекают обедневших граждан Крайты и используют их для действий против слуг Королевы»."
"""I met with Salia and Mehid. The information they found in the archives led us to an old, ruined home. There, I found a family graveyard, and visited the last resting place of my parents.""","""Я встретился с Салией и Мехидом. Информация, которую они нашли в архивах, привела нас к старому, разрушенному дому. Там я нашёл семейное кладбище и посетил место последнего упокоения моих родителей""."
"""I met with Trahearne and some high-ranking members of the orders of Tyria. We confirmed Trahearne as the leader of the Pact, with the rank of marshal. We also agreed that I would be Trahearne's second in command with the rank of commander. We put the finest smiths in Tyria to work making weapons and armor for the Pact, and Trahearne led a rescue mission that not only saved the lives of stranded Pact soldiers, but also netted us a valuable dwarven tome of ancient knowledge. The Pact's campaign plans are broad and complicated, so Trahearne asked me to make sure a key element of that campaign is ready for the rigors of war.""","«Я встретился с Трэхирном и некоторыми высокопоставленными членами орденов Тирии. Мы подтвердили Трэхирна в качестве лидера Пакта в звании маршала. Мы также договорились, что я буду заместителем Трэхирна в звании командира. Мы привлекли лучших кузнецов Тирии к работе по изготовлению оружия и доспехов для Пакта, и Трэхирн возглавил спасательную операцию, которая не только спасла жизни застрявших солдат Пакта, но и принесла нам ценный дварфийский фолиант древних знаний. Планы кампании Пакта обширны и сложны, поэтому Трахирн попросил меня убедиться, что ключевой элемент этой кампании готов к суровым условиям войны»."
"""I met with Zojja and the order reps, and we agreed: Rakt and the Arcane Eye have obviously faked Gorr's death and have him on ice somewhere. We don't know why yet, but we decided that in order to solve this mystery, our next step is to rescue Gorr.""","«Я встретился с Зоджей и представителями ордена, и мы согласились: Ракт и Чародейский Глаз явно инсценировали смерть Горра и заперли его где-то во льду. Мы пока не знаем почему, но решили, что для разгадки этой тайны нашим следующим шагом будет спасение Горра»."
"""I met with representatives from the Vigil, the Order of Whispers, and the Durmand Priory at Howl's grave. There was no body, but there was a swarm of undead grubs. Someone took Howl's body and the necromancer's amulet he was buried with, so I decided to work with one of the orders to find out who did it and why and to make sure they suffer for trifling with my warband.""","«Я встретился с представителями Дозора, Ордена Шепота и Приората Дурманд на могиле Хоула. Тела не было, но был рой личинок нежити. Кто-то забрал тело Хоула и амулет некроманта, с которым он был похоронен, поэтому я решил работать с одним из орденов, чтобы выяснить, кто это сделал и почему, и убедиться, что они пострадают за легкомысленное отношение к моему отряду»."
"""I met with the chieftain of Agrak Kraal, an ogre named Lagula. She told us the kraal's previous chieftain, Uldek, went missing in the Brand, and so did the search party they sent in after him. My mentor and I agreed to enter the Brand and find out what happened to the missing ogres.""","«Я встретился с вождем Аграка Крааля, огром по имени Лагула. Она рассказала нам, что предыдущий вождь крааля, Ульдек, пропал в Клейме, как и поисковая группа, которую они послали за ним. Мой наставник и я согласились войти в Клеймо и выяснить, что случилось с пропавшими ограми»."
"""I met with the three Orders and learned that a Seraph by the name of Kellach is missing. The Vigil and Order of Whispers each had their own ideas about what we should do next, but it was up to me to decide.""","«Я встретился с представителями трех Орденов и узнал, что серафим по имени Келлак пропал. У Бдения и Ордена Шепота были свои идеи о том, что нам делать дальше, но решать оставалось за мной»."
"""I met with the three orders and learned about a missing Seraph named Kellach. The Vigil and Order of Whispers each had their own ideas about what we should do next, but it was up to me to decide.""","«Я встретился с представителями трех орденов и узнал о пропавшем серафиме по имени Келлак. У Бдения и Ордена Шепота были свои собственные идеи о том, что нам делать дальше, но решать оставалось за мной»."
"""I met with the twins and the hylek, but everything went to brambles. Dengatl hylek ambushed us and stole the poison we were supposed to transport. I'd better pull us all out of this mess before things get worse.""","«Я встретился с близнецами и хилеком, но все пошло прахом. Денгатл хилек устроил нам засаду и украл яд, который мы должны были перевезти. Мне лучше вытащить нас всех из этого беспорядка, пока все не стало ещё хуже»."
"""I might not be Iron Legion, but I think I could short-circuit one of those turrets and make it explode.""","«Может, я и не Железный Легион, но думаю, что смогу закоротить одну из этих турелей и заставить её взорваться»."
"""I misplaced my copy, and my collection just isn't complete without it.""","«Я потерял свой экземпляр, и моя коллекция без него не будет полной»."
"""I miss the smell of a woman. You know, the perfumed fragrance of a nice, clean, manicured lady like—""","«Я скучаю по запаху женщины. Знаешь, по ароматному аромату красивой, чистой, ухоженной женщины, такой как…»"
"""I must go, Blessed Source. I'll return when I can.""","«Мне пора идти, Благословенный Источник. Я вернусь, когда смогу»."
"""I must learn the why and wherefore of skritt intellect. For this experiment, our targets are loner skritt. Their IQs are low enough that I can manipulate them into coming with us.""","«Я должен понять, почему и почему существует интеллект скриттов. В этом эксперименте наши цели — скритты-одиночки. Их IQ достаточно низок, чтобы я мог манипулировать ими, чтобы они пошли с нами»."
"""I must not let fear poison my heart, not even in this forsaken wasteland.""","«Я не должен позволить страху отравить мое сердце, даже в этой заброшенной пустоши»."
"""I must...remember every feeling, every smell, every taste... I will report it all later.""","«Я должен... запомнить каждое чувство, каждый запах, каждый вкус... Я сообщу обо всем позже»."
"""I need fresh dolyak meat for my smokehouse. Kill some of the dolyak nearby and bring back the best flanks you can. I'm not wild about this, but I'll reward you.""","«Мне нужно свежее мясо долика для моей коптильни. Убейте несколько доликов поблизости и принесите лучшие фланги, какие сможете. Я не в восторге от этого, но я вас вознагражу»."
"""I need healing, seriously.""","«Мне нужно исцеление, серьёзно»."
"""I need help, Speakers!""","«Мне нужна помощь, Спикеры!»"
"""I need help, brethren!""","«Мне нужна помощь, братья!»"
"""I need rum, barkeep!""","«Мне нужен ром, бармен!»"
"""I need some time to consider my answer, Mother Tree.""","«Мне нужно время, чтобы обдумать свой ответ, Мать-Древо»."
"""I need someone to approach one of her contacts. Norn male, blue helmet, probably a couple pints deep at Canach's bar.""","«Мне нужен кто-нибудь, кто подошёл бы к одному из её знакомых. Мужчина-норн, синий шлем, наверное, пара пинт в баре Канака»."
"""I need someone to safeguard this delivery to Dekkti's lab at Hanto Trading Post. I'm sending a prototype and my research notes. It should be uneventful, but this is important research! It must make it safely.""","«Мне нужен кто-то, кто защитит эту доставку в лабораторию Деккти на торговом посту Ханто. Я посылаю прототип и свои исследовательские записи. Все должно пройти без происшествий, но это важное исследование! Оно должно пройти безопасно»."
"""I need sulfur crystals. The more, the better. Activating the lure will take a lot of them.""","«Мне нужны кристаллы серы. Чем больше, тем лучше. Для активации приманки их понадобится много»."
"""I need support, please!""","«Мне нужна поддержка, пожалуйста!»"
"""I need to find someone to get that fixed, and fast!""","«Мне нужно найти кого-нибудь, кто это починит, и быстро!»"
"""I need to think about this, now that the danger has passed.""","«Мне нужно подумать об этом теперь, когда опасность миновала»."
"""I need your help, brothers!""","«Мне нужна ваша помощь, братья!»"
"""I need— I'll be over here, collecting my nerves.""","«Мне нужно… я буду здесь, собираю нервы»."
"""I never judge. At least, not out loud.""","«Я никогда не осуждаю. По крайней мере, не вслух»."
"""I never made it to Camp Resolve. Once I heard the fleet had been attacked, I knew I'd be needed here.""","«Я так и не добрался до лагеря Решимость. Как только я услышал, что флот подвергся нападению, я понял, что буду здесь нужен»."
"""I once met a norn so stubborn, I was sure he followed the spirit of Jackass.""","«Однажды я встретил норна, настолько упрямого, что был уверен, что он последовал за духом Чудака»."
"""I only found it recently myself, while wandering. It's breathtaking. I can only imagine the history that must have happened here...""","«Я сам нашёл его совсем недавно, во время странствий. Это захватывает дух. Я могу только представить себе историю, которая, должно быть, произошла здесь…»"
"""I only live to give Joko what he wants, Warden Amala. Praise Joko.""","«Я живу только для того, чтобы дать Джоко то, что он хочет, смотритель Амала. Слава Джоко»."
"""I only work with guilds. If you wish to use my services, you must first seek a guild to join.""","«Я работаю только с гильдиями. Если вы хотите воспользоваться моими услугами, вам сначала нужно найти гильдию, в которую можно вступить»."
"""I owe you one again, Commander. Unfortunately, it looks like we were both too late to this disturbance.""","«Я снова у вас в долгу, коммандер. К сожалению, похоже, что мы оба опоздали к этому беспорядку»."
"""I owe you one. Once I get to the control panel, I'll help you however I can.""","«Я твой должник. Как только я доберусь до панели управления, я помогу тебе, чем смогу»."
"""I owe you, Torin. I owe you everything I've got. You got me into the guild.""","«Я в долгу перед тобой, Торин. Я в долгу перед тобой всем, что у меня есть. Ты привел меня в гильдию»."
"""I pray to the Spirits of the Wild, but they rarely answer.""","«Я молюсь Духам дикой природы, но они редко отвечают»."
"""I pray to the Spirits, but they rarely answer.""","«Я молюсь Духам, но они редко отвечают»."
"""I prefer the appellation """"privateer.""""""",«Я предпочитаю название «капер»»».
"""I prefer the quiet of the forest to the noise of a big city, like Hoelbrak.""","«Я предпочитаю тишину леса шуму большого города, такого как Хоэлбрак»."
"""I presented my reconnaissance report to Logan. While I was surveying the area, the Seraph learned that the White Mantle have seized control of Fort Evennia, to the east of Doric's Landing. Logan said that a Shining Blade agent was stationed in the area, and asked me to seek out his assistance in dealing with the Mantle forces occupying the fort.""","«Я представил свой разведывательный отчёт Логану. Пока я осматривал местность, Серафим узнал, что Белая Мантия захватила контроль над фортом Эвенния, к востоку от Пристани Дорика. Логан сказал, что в этом районе находится агент Сияющего Клинка, и попросил меня обратиться к нему за помощью в борьбе с силами Мантии, оккупировавшими форт»."
"""I propose we borrow a pair of their mining suits. They'll assume we're one of them and let us in. After that, we have to improvise.""","«Я предлагаю одолжить пару их шахтерских костюмов. Они подумают, что мы одни из них, и впустят нас. После этого нам придётся импровизировать»."
"""I protected the scrappers from ghost cows while they dug up their salvage. They returned the second half of my sire's key, and now I have to reach Grendich Ruins and claim my inheritance.""","«Я защищал мусорщиков от коров-призраков, пока они выкапывали свою добычу. Они вернули вторую половину ключа моего отца, и теперь мне нужно добраться до руин Грендича и потребовать свое наследство»."
"""I provide whatever counsel and comfort I can to the refugees, travelers, and Cavaliers at this outpost. Other than ministry, I'm afraid all I can offer is my knowledge of the sand sea.""","«Я даю все возможные советы и утешения беженцам, путешественникам и кавалерам на этом аванпосте. Боюсь, кроме служения, все, что я могу предложить, это мои знания о песчаном море»."
"""I put all the shinies on Uttakkt! Hurry, yes.""","«Я положил все блестки на Уттаккт! Да, поторопитесь»."
"""I put in for the Western Ward route. That place is trouble, and trouble means I won't be bored.""","«Я выбрал маршрут Западного района. В этом месте проблемы, а проблемы означают, что мне не придётся скучать»."
"""I put up with your schemes, and you insult me! I'm done with you! Finish this on your own.""","«Я терплю ваши замыслы, а вы меня оскорбляете! Я с вами покончил! Закончите это сами»."
"""I raised my moa from the egg. Its devotion to me is unmatched, and I've seen it drop an enemy before I could even draw my weapon.""","«Я поднял своего моа из яйца. Его преданность мне не имеет себе равных, и я видел, как он уронил врага ещё до того, как успел вытащить оружие»."
"""I ran into Scientist Quickk while looking for the third machine. He'd found it first, but it was damaged—its parts scattered all around. It didn't take long for me to find them all and then activate the machine. Only one left to find, and then I can get off this forsaken island.""","«Я столкнулся с ученым Квикком, пока искал третью машину. Он нашёл её первым, но она была повреждена — её части разбросаны повсюду. Мне не потребовалось много времени, чтобы найти их все, а затем активировать машину. Осталось найти только одну, и тогда я смогу покинуть этот заброшенный остров»."
"""I reached out to Caithe over comms to see if she'd heard from Aurene. She hadn't, but she was following up on a suspicion she had mentioned in our conversation at Sun's Refuge—she was convinced that the dwarves were involved in Glint's legacy. Unfortunately, her plan to talk directly to Ogden about this suspicion hit a snag. The Priory were apparently resistant to the idea of a known thief wandering their halls and had refused her entry. I offered to meet her at the Priory and act as her """"chaperone"""" so we could speak with Ogden together.""","«Я связалась с Кейт по связи, чтобы узнать, слышала ли она что-нибудь от Орин. Она не слышала, но она следила за подозрением, о котором упомянула в нашем разговоре в Убежище Солнца — она была убеждена, что гномы были причастны к наследию Глинта. К сожалению, её план поговорить напрямую с Огденом об этом подозрении натолкнулся на препятствие. Приорат, очевидно, сопротивлялся идее о том, что известный вор бродит по их залам, и отказал ей во въезде. Я предложил встретиться с ней в в Приорат и действовать в качестве её «сопровождающего», чтобы мы могли поговорить с Огденом вместе»."
"""I received a letter from Captain Kiel. The reconstruction of Lion's Arch was already underway, thanks to the support of Queen Jennah and the charity of the Zephyrites. The captain hoped that our little group of heroes would be available to receive the nomadic group's leader, the Master of Peace. After some formalities, we were finally introduced and received compliments from both the captain and the Zephyrite master. They suggested we make ourselves seen at the various events being held to support the Lion's Arch relief effort, if only to drum up donations. Braham and Rox were quick to depart to the Crown Pavilion, while Taimi stuck with Marjory and Kasmeer, opting to visit the Labyrinthine Cliffs and the festivities there. As my new comrades went their separate ways, I felt as though we'd finally turned the page on a new chapter.""","«Я получил письмо от капитана Киля. Реконструкция Львиной Арки уже началась благодаря поддержке королевы Дженны и благотворительности Зефиритов. Капитан надеялся, что наша маленькая группа героев будет готова принять лидера кочевой группы, Мастера Мира. После некоторых формальностей мы наконец были представлены и получили комплименты как от капитана, так и от мастера Зефиритов. Они предложили нам проявить себя на различных мероприятиях, проводимых в поддержку рельефа Львиной Арки. хотя бы для того, чтобы собрать пожертвования, Брэм и Рокс поспешили отправиться в Павильон Короны, а Тайми осталась с Марджори и Касмир, решив посетить Лабиринтные скалы и праздники там. Когда мои новые товарищи разошлись, я почувствовал, что мы наконец перевернули страницу, открывая новую главу."
"""I received a letter from Sieran, a Magister of the Durmand Priory. She's been sent to escort me to the Durmand Priory, but first we'll make a little detour to check out rumors of a dwarven tomb.""","«Я получил письмо от Сиерана, магистра монастыря Дурманд. Её послали сопровождать меня в монастырь Дурманд, но сначала мы сделаем небольшой крюк, чтобы проверить слухи о гномьей гробнице»."
"""I received a letter from Warmaster Forgal, a member of the Vigil. I'm to meet with him and the general at Fort Marriner.""","«Я получил письмо от магистра войны Форгала, члена Дозора. Мне нужно встретиться с ним и генералом в форте Марринер»."
"""I received a mail from Kasmeer, who informed me that Queen Jennah's attendance at the summit is in jeopardy. Minister Estelle claimed that the queen had secretly met with Scarlet and essentially gave her access to the watchknights. Had I not found multiple witnesses who would back up Countess Anise's accounts of the queen's activities that day (and Minister Estelle's little gambling outing), Queen Jennah would have been unable to attend the summit. With her lies exposed, Estelle will recant her story—and possibly cooperate with Countess Anise in future matters. She really has no choice.<br><br>After the party, Kasmeer was given the honor of escorting Queen Jennah to the Grove. Perhaps the queen will be sympathetic to Kasmeer's past family troubles.<br><br>Canach was also present, acting as Anise's escort and bodyguard since she bought his billet. He's not technically a free man, having been previously incarcerated for his crimes on Southsun, but is serving out the rest of his term in a sort of work-release program for the countess. It's not entirely clear how Anise intends to employ him, though I overheard them talking about him being her """"eyes and ears"""" in the field. I'm not sure I trust him fully. He has a violent streak and is a bit unpredictable despite his claims of reform.""","«Я получила письмо от Касмир, которая сообщила мне, что присутствие королевы Дженны на саммите находится под угрозой. Министр Эстель утверждала, что королева тайно встречалась со Скарлет и, по сути, предоставила ей доступ к рыцарям-сторожам. Если бы я не нашёл многочисленных свидетелей, которые поддержали бы рассказы графини Анис о деятельности королевы в тот день (и небольшой азартной игре министра Эстель), королева Дженна не смогла бы присутствовать на саммите. Из-за своей лжи Если Эстель будет разоблачена, она откажется от своей истории и, возможно, будет сотрудничать с графиней Анис в будущих делах.<br><br>После вечеринки Касмир удостоилась чести сопровождать королеву Дженну в Рощу. Возможно, королева отнесется с сочувствием к прошлым семейным проблемам Касмир.<br><br>Канак также присутствовал, выступая в качестве эскорта и телохранителя Анис, поскольку она купила его жилье. ранее он был заключен в тюрьму за свои преступления на Саутсане, но отбывает остаток своего срока в своего рода программе освобождения от работы для графини. Не совсем ясно, как Анис собирается его нанять, хотя я слышал, как они говорили о том, что он её «глаза и уши» на поле боя. Я не уверен, что полностью ему доверяю."
"""I received a message from Agent Kito suggesting we meet. He informed me that Joko gained control of another asura gate hub, allowing him to continue his invasion of Tyria.""","«Я получил сообщение от агента Кито с предложением встретиться. Он сообщил мне, что Джоко получил контроль над ещё одним узлом врат асур, что позволило ему продолжить вторжение в Тирию»."
"""I received a message from Malice, imperator of the Ash Legion, suggesting that the situation in Drizzlewood Coast has changed. We returned to the war-torn Woodland Cascades to hear what Malice had learned.""","«Я получил сообщение от Мэлис, императора Пепельного Легиона, в котором говорится, что ситуация на Берегу Морозного Леса изменилась. Мы вернулись в раздираемые войной Лесные Каскады, чтобы услышать, что узнала Мэлис»."
"""I received a mysterious message, promising information about my parents if I met with the anonymous sender. It's risky, but it may be the only way to find out what really happened to them.""","«Я получил загадочное сообщение, обещающее информацию о моих родителях, если я встречусь с анонимным отправителем. Это рискованно, но, возможно, это единственный способ узнать, что с ними на самом деле произошло»."
"""I received a request from Crecia Stoneglow, the acting imperator of the Blood Legion, to help negotiate a ceasefire between the United Legions and Bangar's Dominion forces.""","«Я получил запрос от Кресии Камнесвет, исполняющей обязанности императора Кровавого Легиона, помочь в переговорах о прекращении огня между Объединёнными Легионами и силами Доминиона Бангара»."
"""I received an invitation from Blood Legion Imperator Bangar Ruinbringer for a celebration in honor of Kralkatorrik's demise. Rytlock, Braham, and Gorrik also accepted the invitation to the Blood Legion homelands, and we were delighted when Kas and Jory decided to join as well. Tribune Crecia Stoneglow, Bangar's head of security and clearly an old friend of Rytlock's, escorted us to Bangar's opening ceremony. Rytlock and Crecia's history got a little clearer when an impressive young centurion taking part in the ceremony turned out to be their son, Ryland. The ceremony went awry, however, when Aurene made an unexpected appearance, shocking the charr in attendance and clearly angering Bangar. Crecia asked that we spend some time mingling with the attendees and check in with the other imperators to try and ease any anxieties.""","«Я получил приглашение от Императора Кровавого Легиона Бангара Разрушителя на празднование в честь кончины Кралькаторрика. Ритлок, Брэм и Горрик также приняли приглашение на родину Кровавого Легиона, и мы были рады, когда Кас и Джори тоже решили присоединиться. Трибуна Креция Камнесвет, глава службы безопасности Бангара и, очевидно, старый друг Ритлока, сопровождала нас на церемонию открытия Бангара. История Ритлока и Кресии стала немного яснее, когда впечатляющий молодой центурион, принимавший участие в церемонии, оказался их сыном, Райландом. Однако церемония пошла наперекосяк, когда неожиданно появилась Аурин, шокировав присутствующих чарров и явно рассердив Бангара. Кресия попросила нас провести некоторое время, общаясь с присутствующими, и связаться с другими императорами, чтобы попытаться облегчить любые тревоги."
"""I received another note from the cryptic """"E"""" asking me to investigate mysterious incursions at the edge of Brisban Wildlands, while suggesting  that these incursions may be an early sign that a new threat to Tyria was in fact roused during Scarlet Briar's attack on Lion's Arch.""","«Я получил ещё одну записку от загадочной буквы «Е» с просьбой расследовать загадочные вторжения на окраину Брисбанских диких земель, одновременно предполагая, что эти вторжения могут быть ранним признаком того, что новая угроза для Тирии на самом деле возникла во время нападения Скарлет Браяр на Львиную Арку»."
"""I refuse to give up! You maggot faces aren't putting this ol' warrior down. Not today, not ever! Who's with me?""","«Я отказываюсь сдаваться! Вы, червивые рожицы, не одолеете этого старого воина. Ни сегодня, ни когда-либо! Кто со мной?»"
"""I regrouped with Braham in Hoelbrak to report back to Knut and Eir. His friends, his family—most of them were killed during the raid at Cragstead. Knut expressed his regrets, but his remorse felt forced. I think Braham's anger was justified—if anything, given the loss of his home his anger was modest.""","«Я перегруппировался с Брэхэмом в Хельбраке, чтобы доложить Кнуту и ??Эйр. Его друзья, его семья — большинство из них были убиты во время рейда на Крэгстед. Кнут выразил сожаление, но его раскаяние было вынужденным. Я думаю, что гнев Брэма был оправдан — во всяком случае, учитывая потерю дома, его гнев был скромным»."
"""I regrouped with my allies in the caves to the south. Somewhere deeper inside, Drakkar was waiting for us. We knew this wouldn't be an easy battle, but already I worry about Jormag's influence. The whispers are louder here. Closer than ever.""","«Я перегруппировался со своими союзниками в пещерах на юге. Где-то глубже нас ждал Драккар. Мы знали, что это будет нелегкая битва, но я уже беспокоюсь о влиянии Йормага. Шепот здесь громче. Ближе, чем когда-либо»."
"""I rejoined Marjory, Kasmeer, Braham, Rox, and Taimi to search for the Master of Peace before the saboteur, Aerin, could catch him. We found Aerin and pursued him deep into the canyon. Aerin's behavior was manic, almost like Scarlet's during her final days. He fought fiercely, but ultimately lost. The Master of Peace said that Aerin wanted great power but was refused. He didn't explain what that meant, nor did he say where he was headed next. His backpack was loaded with something—probably supplies. He may be embarking on a long journey.<br><br>I searched Aerin's corpse. He was carrying a note with frantic scrawlings that said a """"leader will die"""" and that """"the rest will fall in line."""" Did he mean the Master of Peace or someone else? I also found some animal hairs on Aerin's corpse that probably came from livestock back in Prosperity. We should return there and continue our investigation.""","«Я воссоединился с Марджори, Касмир, Брэхэмом, Роксом и Тайми, чтобы найти Мастера Мира, прежде чем саботажник Аэрин смог его поймать. Мы нашли Аэрин и преследовали его глубоко в каньоне. Поведение Аэрин было маниакальным, почти как у Скарлет в последние дни её жизни. Он яростно сражался, но в конечном итоге проиграл. Мастер Мира сказал, что Аэрин хотела великой силы, но получила отказ. Он не объяснил, что это значит, и не объяснил он сказал, куда он направляется дальше. Его рюкзак был чем-то загружен - возможно, он отправился в долгое путешествие.<br><br>Я обыскал труп Аэрин. Он нес записку с безумными каракулями, в которых говорилось, что «лидер умрет» и что «остальные встанут в очередь». Он имел в виду Мастера Мира или кого-то ещё, что я также нашёл на трупе Аэрин несколько волос животного, которые, вероятно, принадлежали домашнему скоту? Процветания. Нам следует вернуться туда и продолжить расследование»."
"""I remember it like it was yesterday. You were there, right? The battle for Lion's Arch.""","«Я помню это, как будто это было вчера. Ты был там, да? Битва за Львиную Арку»."
"""I remember the Dominion fondly, but I am glad to be where I am needed.""","«Я с любовью вспоминаю Доминион, но я рад быть там, где я нужен»."
"""I remember the time he...with that ogre, and they...""","«Я помню время, когда он… с этим огром, и они…»"
"""I reported back to Fort Trinity to tell Trahearne about the strange eye and mouth creatures we saw. Trahearne seemed to recognize the eye as the Eye of Zhaitan, which was acting as the dragon's advance scout. We set out to kill this creature in the hopes of blinding Zhaitan's war effort.""","«Я вернулся в Форт Тринити, чтобы рассказать Трахёрну о странных существах с глазами и ртом, которые мы видели. Трахёрн, похоже, узнал в глазу Глаз Зайтана, который действовал как передовой разведчик дракона. Мы намеревались убить это существо в надежде ослепить военные усилия Зайтана»."
"""I reported back to Torga Desertgrave. Rytlock Brimstone wanted in, but Desertgrave would not let him or the Blood Legion contribute any more to the operation. She's determined to make it exclusively Ash Legion infiltrating the enemy.""","«Я доложил об этом Торге Дезертгрейв. Ритлок Жарокамень хотел принять участие, но Дезертгрейв не позволила ему или Кровавому Легиону больше участвовать в операции. Она полна решимости сделать так, чтобы Пепельный Легион проник во врага исключительно»."
"""I reported back to headquarters and was promoted to Magister. Gixx has a small job for us next—to retrieve some research papers from his colleague, Maeva, in Lion's Arch.""","«Я вернулся в штаб, и меня повысили до магистра. Следующее задание у Гикса для нас — забрать некоторые исследовательские работы у его коллеги, Маэвы, из Львиной Арки»."
"""I reported back to headquarters, and was promoted to Lightbringer. Our next mission is to find a possible double agent, Yeng Isen, before he turns traitor. He hasn't reported in some time, and the order suspects he's betrayed them.""","«Я вернулся в штаб, и меня повысили до Светоносного. Наша следующая миссия — найти возможного двойного агента, Йенг Айсена, прежде чем он станет предателем. Он не докладывал уже некоторое время, и орден подозревает, что он их предал»."
"""I reported in to Logan, and he believes the only way to find the boy is to infiltrate the carnies. In order to do so, I'll need to head to their training grounds near Beetletun.""","«Я сообщил Логану, и он считает, что единственный способ найти мальчика — это проникнуть в карни. Для этого мне нужно отправиться на их тренировочную площадку возле Битлетана»."
"""I reported my success to Tribune Brimstone: with both halves of the key, I can now claim my sire's legacy. He told me to call him Rytlock and will accompany me to see this mystery solved. I'll meet him at Grendich Ruins and together we'll see what my sire left for me.""","«Я сообщил о своем успехе Tribune Brimstone: с обеими половинками ключа я теперь могу претендовать на наследие моего отца. Он сказал мне называть его Ритлоком и сопровождать меня, чтобы увидеть разгадку этой тайны. Я встречусь с ним в руинах Грендича, и вместе мы посмотрим, что мой отец оставил мне»."
"""I reported the results of my mission to Rytlock. After I explained how my sire redeemed himself and how instrumental he was to my success, Rytlock agreed to release him from the stockade.""","«Я сообщил о результатах своей миссии Ритлоку. После того, как я объяснил, как мой отец искупил свою вину и насколько он способствовал моему успеху, Ритлок согласился освободить его из частокола»."
"""I reported to Captain Thackeray, and he's eager to find hard evidence to convict Minister Zamon of treason. Logan has asked me to assist the investigation. I have to decide between searching Zamon's home, or questioning people who know him. We don't have time to do both.""","«Я доложил капитану Теккерею, и он жаждет найти веские доказательства, чтобы обвинить министра Замона в государственной измене. Логан попросил меня помочь в расследовании. Мне нужно решить, обыскать дом Замона или допросить людей, которые его знают. У нас нет времени сделать и то, и другое»."
"""I reported to Rytlock and the other order reps to share the information the Order of Whispers' Korukhan and I took from the Inquest. We all agreed the amulets were even more dangerous than we first suspected, and decided my next step is to continue working with the orders to find the amulets we know about before they can do any more harm.""","«Я сообщил Ритлоку и другим представителям ордена, чтобы они поделились информацией, которую Корухан Ордена Шепота и я получили от дознания. Мы все согласились, что амулеты даже более опасны, чем мы сначала подозревали, и решили, что мой следующий шаг — продолжить работу с орденами, чтобы найти амулеты, о которых мы знаем, прежде чем они смогут причинить ещё больше вреда»."
"""I reported to Rytlock and the other order reps to share the information the Priory's Yahala Scribepaw and I gathered about the amulets. We all agreed the amulets were even more dangerous than we first suspected, and decided my next step is to continue working with the orders to find the amulets we know about before they can do any more harm.""","«Я сообщил Ритлоку и другим представителям ордена, чтобы они поделились информацией об амулетах, которую я и Яхала-писец Приората собрали вместе с Яхалой-писцом. Мы все согласились, что амулеты даже более опасны, чем мы сначала подозревали, и решили, что мой следующий шаг — продолжить работу с орденами, чтобы найти амулеты, о которых мы знаем, прежде чем они смогут причинить ещё больше вреда»."
"""I reported to Tribune Rytlock Brimstone, who had an unusual mission for me: my sire Clement Forktail, a Flame Legion traitor, wants to turn himself in and share vital information. Clement will only turn himself in to me, so I'm going out to bring my father back for debriefing and Black Citadel justice.""","«Я сообщил Трибьюн Ритлоку Жарокамню, у которого была для меня необычная миссия: мой отец Клемент Вилкохвост, предатель Легиона Пламени, хочет сдаться и поделиться важной информацией. Клемент сдастся только мне, поэтому я собираюсь вернуть своего отца для допроса и правосудия Чёрной Цитадели»."
"""I reported to the order reps that the dredge leader Vyacheslav has a powerful new sonic weapon, which he plans to use on a specific target. After brief debate, we decided to identify and protect the final target.""","«Я сообщил представителям заказа, что у командира драги Вячеслава есть новое мощное звуковое оружие, которое он планирует использовать по конкретной цели. После недолгих дебатов мы решили идентифицировать и защитить конечную цель»."
"""I reported what Ifwyn and I found at Molenheide to Eir and the order reps. We agreed that Vyacheslav's new sonic cannon is too dangerous, so we set out to deprive him of it.""","«Я сообщил Эйр и представителям ордена о том, что мы с Ифвином нашли в Моленхайде. Мы согласились, что новая звуковая пушка Вячеслава слишком опасна, поэтому решили лишить его её»."
"""I rescued Quinn from Two-Blade Pete...again. Pete was furious and will undoubtedly retaliate. I've arranged a meeting with Captain Thackeray at the tavern. If anyone can help us stop Pete, it's the captain.""","«Я спас Куинн от Пита-Двух-Клинка... снова. Пит был в ярости и, несомненно, примет ответные меры. Я организовал встречу с капитаном Теккереем в таверне. Если кто и может помочь нам остановить Пита, так это капитан»."
"""I rescued Tribune Desertgrave, but the mastermind behind her kidnapping, Trybulus Griefblade, escaped justice. Trybulus is too dangerous to roam free—Rytlock Brimstone plans to help me find Trybulus and make him pay for crimes against the legions.""","«Я спас Трибьюн Пустынную могилу, но организатор её похищения, Трибулус Грифблэйд, избежал правосудия. Трибулус слишком опасен, чтобы бродить на свободе — Ритлок Жарокамень планирует помочь мне найти Трибулуса и заставить его заплатить за преступления против легионов»."
"""I rescued the surviving members of Tactician Syska's squad from Mount Maelstrom. It was far from a routine mission, however, since someone set up an ambush designed to kill us deep inside the mountain. Even Syska's own soldiers suspected her, and I set out to find Trahearne to tell him the Pact may have a traitor in its midst.""","«Я спас выживших членов отряда тактика Сиски с горы Водоворот. Однако это была далеко не обычная миссия, поскольку кто-то устроил засаду, призванную убить нас глубоко внутри горы. Даже солдаты Сиски заподозрили её, и я отправился на поиски Трэхирна, чтобы сказать ему, что среди Пакта может быть предатель»."
"""I returned and told the Pale Tree about the creature I saw. Trahearne believes it is a lich called Mazdak the Accursed. Mazdak was involved in the death of Firstborn Riannoc, the first sylvari to die. The Pale Tree had given Riannoc a magic sword formed from her own thorns, but with Riannoc's disappearance, the sword has never been found. The Pale Tree has asked me to recover the sword, Caladbolg, and find out what happened to Riannoc.""","«Я вернулся и рассказал Бледному Древу о существе, которое я видел. Трахирн считает, что это лич по имени Маздак Проклятый. Маздак был причастен к смерти Первенца Рианнок, первой умершей сильвари. Бледное Древо дало Рианнок волшебный меч, созданный из её собственных шипов, но после исчезновения Рианнок меч так и не был найден. Бледное Древо попросило меня вернуть меч, Каладболг, и найти узнать, что случилось с Рианнок»."
"""I returned home and spoke with Captain Thackeray. Once again, the Order representatives had good ideas about how to proceed. Logan believes it's time for me to join one of the Orders of Tyria, and I agreed.""","«Я вернулся домой и поговорил с капитаном Теккереем. У представителей Ордена снова были хорошие идеи о том, как действовать дальше. Логан считает, что мне пора вступить в один из Орденов Тирии, и я согласился»."
"""I returned home to a celebration in my honor. Unfortunately, bandits crashed the party. They captured my friend Faren. I caught up and rescued Faren before they could take him out of the city. Faren said he heard the bandits talking about a hideout beneath an abandoned farm in Shaemoor.""","«Я вернулся домой на празднование в мою честь. К сожалению, бандиты сорвали вечеринку. Они схватили моего друга Фарена. Я догнал и спас Фарена прежде, чем они смогли вывезти его из города. Фарен сказал, что слышал, как бандиты говорили о укрытии под заброшенной фермой в Шамуре»."
"""I returned to Camp Resolve to ask if any centaur had ever been found in the area, and I was directed to the Far Silverwastes. The local skritt let me access their network of tunnels to bring the third memory seed to that remote location.""","«Я вернулся в Лагерь Решимости, чтобы узнать, не находили ли когда-нибудь в этом районе какого-нибудь кентавра, и меня направили в Дальние Серебряные пустоши. Местные скритты позволили мне получить доступ к их сети туннелей, чтобы доставить третье семя воспоминаний в это отдаленное место»."
"""I returned to Captain Thackeray and showed him the list. He was very concerned, and we created a plan of attack against these bandits and their cult.""","«Я вернулся к капитану Теккерею и показал ему список. Он был очень обеспокоен, и мы разработали план нападения на этих бандитов и их культ»."
"""I returned to Fort Trinity after a hard-fought battle and found the celebrations already beginning. Only Trahearne was solemn about our victory. He knows that the purification of Orr will only last if the dragon is destroyed. Next time, my battle will be with Zhaitan itself— and I will be victorious.""","«Я вернулся в Форт Тринити после тяжёлой битвы и обнаружил, что празднование уже начинается. Только Трэхирн был торжественен по поводу нашей победы. Он знает, что очищение Орра продлится только в том случае, если дракон будет уничтожен. В следующий раз моя битва будет с самим Зайтаном — и я одержу победу»."
"""I returned to Fort Trinity and joined the assembly of soldiers, scholars, spies, and citizens celebrating the fall of Zhaitan. The Pact stood triumphant, but we did not delude ourselves. Swarms of Risen still roam Tyria, and there are four more Elder Dragons to contend with. We knew that soon we would once again rise up to defend our world, but that didn't stop us from taking this opportunity to savor a well-earned victory.""","«Я вернулся в Форт Тринити и присоединился к собранию солдат, ученых, шпионов и граждан, празднующих падение Зайтана. Пакт одержал победу, но мы не обманывали себя. Стаи Восставших все ещё бродят по Тирии, и есть ещё четыре Старших Дракона, с которыми нужно бороться. Мы знали, что скоро мы снова восстанем, чтобы защитить наш мир, но это не помешало нам воспользоваться этой возможностью, чтобы насладиться заслуженной победой»."
"""I returned to Logan. He confided that he is too close to the queen, and believes it could be clouding his judgment. To be safe, he left the decision of how to protect the queen up to me.""","«Я вернулся к Логану. Он признался, что слишком близок к королеве и полагает, что это может затуманить его суждения. На всякий случай он оставил мне решение о том, как защитить королеву»."
"""I returned to Stoic Ald—my homestead following my visit with Deft Lahar and Patient Willow. After getting the bed and blanket together, Stoic Alder and Poised Arrow seemed rather impressed by my handiwork. Alder was particularly intrigued by Willow's choice of weaving pattern, which seem to stir some memories in him. However, there was little time for reflection. Fading Aurora stopped by, looking for me on account of Barbed Vale. I'm apparently needed at the hunting outpost. As for why, I'm not entirely clear, but I'll be heading there soon to find out. For now, I've made it clear to Alder and Poky that my new homestead will always remain open to them. Still, I think they'd appreciate a moment to themselves to tell the place good-bye, if only symbolically. I've got plenty to keep me busy in the meantime.""","«Я вернулась в Стоик Альд — свою усадьбу после визита к Ловкому Лахару и Терпеливой Уиллоу. После того, как я собрала кровать и одеяло, Стоик Ольха и Пуазированная Стрела, похоже, были весьма впечатлены моей работой. Алдер был особенно заинтригован выбором Уиллоу схемы плетения, которая, кажется, пробуждала в нем некоторые воспоминания. Однако времени на размышления было мало. Затухающая Аврора остановилась, разыскивая меня из-за Колючей долины. Что касается причины, мне не совсем понятно, но я скоро отправлюсь туда, чтобы выяснить это. На данный момент я ясно дал понять Олдеру и Поки, что моя новая усадьба всегда будет открыта для них. Тем не менее, я думаю, они будут рады минутке, чтобы попрощаться с этим местом, хотя бы в символическом смысле."
"""I returned to Verdant Brink and reported Eir's death to the Pact survivors. The officer I spoke to expressed her sorrow, and we both returned to our duties more determined than ever to bring Mordremoth down.""","«Я вернулась на Вердант-Бринк и сообщила о смерти Эйр выжившим членам Пакта. Офицер, с которым я разговаривал, выразила свое сожаление, и мы оба вернулись к своим обязанностям с большей решимостью, чем когда-либо, свергнуть Мордремота»."
"""I returned to administer the medicine to Andrew, who showed immediate improvement. He and Petra were grateful, and asked me to thank Captain Thackeray for them as well.""","«Я вернулся, чтобы дать лекарство Эндрю, и он сразу почувствовал улучшение. Он и Петра были благодарны и попросили меня также поблагодарить за них капитана Теккерея»."
"""I returned to the Eye to chat with Aurene. We need answers, and Bangar's holding them back. Before I could finish my thought, we received a distress call from Crecia at Doric's Landing. She and Rytlock were assisting Logan when icebrood invaded, throwing the entire area into chaos. I need to help them.""","«Я вернулся в Око, чтобы поговорить с Орин. Нам нужны ответы, а Бангар их сдерживает. Прежде чем я успел закончить свою мысль, мы получили сигнал бедствия от Кресии в Пристани Дорика. Она и Ритлок помогали Логану, когда вторглись ледяные выводки, повергнув всю территорию в хаос. Мне нужно помочь им»."
"""I returned to the barracks. Legionnaire Steelbane blamed me for the casualties we'd suffered in Smokestead, and ordered his new recruits to rough me up. I won the fight, but now I'm on supply runs and other cub duty until further notice.""","«Я вернулся в казармы. Легионер Стилбейн обвинил меня в тех потерях, которые мы понесли в Смокстеде, и приказал своим новым рекрутам избить меня. Я выиграл бой, но теперь я занимаюсь снабжением и другими дежурными обязанностями до дальнейшего уведомления»."
"""I returned to the stockade to speak with my father, but the Flame Legion had already broken him out. Did he go willingly, or did they take him? Either way, Warden Seneca and I are going to get him back.""","«Я вернулся в частокол, чтобы поговорить с отцом, но Легион Пламени уже вырвал его. Он пошёл добровольно, или они его схватили? В любом случае, мы с Стражем Сенекой собираемся вернуть его»."
"""I reviewed your suggestions. A nice effort. Someday when you're not an apprentice anymore, you'll understand why they were incontestably substandard.""","«Я рассмотрел ваши предложения. Хорошая попытка. Когда-нибудь, когда вы перестанете быть учеником, вы поймете, почему они были явно некачественными»."
"""I rode a skyscale up to Kralkatorrik's wing. There, I broke through the crystal scab over Kralkatorrik's wound, which was stopping the flow of blood and jamming all signals. Then I collected a small amount of the blood.""","«Я подлетел на небесной шкале к крылу Кралькаторрика. Там я прорвал хрустальную корку над раной Кралькаторрика, которая останавливала поток крови и блокировала все сигналы. Затем я собрал небольшое количество крови»."
"""I run this fighting pit. It's a great way to stay in shape and keep your skills sharp. Personally, there's nothing like the thrill of one-on-one combat. You should try it.""",«Я руковожу этой боевой ямой. Это отличный способ оставаться в форме и оттачивать свои навыки. Лично для меня нет ничего лучше острых ощущений от боя один на один. Тебе стоит попробовать».
"""I said I wanted to fight the dragons, and I did. But then I spent six years as a researcher, never facing my fears. Never even trying.""","«Я сказал, что хочу сразиться с драконами, и я это сделал. Но затем я провел шесть лет в качестве исследователя, никогда не сталкиваясь со своими страхами. Даже не пытаясь»."
"""I saw Marjory's sister, Belinda, roaming Fort Salma as a restless ghost. She gave Marjory her sword after imbuing it with her own spirit.""","«Я видел сестру Марджори, Белинду, бродящую по форту Сальма в виде беспокойного призрака. Она дала Марджори свой меч, наполнив его своим собственным духом»."
"""I saw a boy. He asked if I'd ever met a snake I couldn't tame. I told him that snakes just need love, like everybody else.""","«Я увидела мальчика. Он спросил, встречала ли я когда-нибудь змею, которую не могла приручить. Я сказала ему, что змеям, как и всем остальным, просто нужна любовь»."
"""I saw a powerful knight in green armor, his face obscured. He was defeated, but did not submit; was killed, but did not die. Dare I face him in battle?""","«Я видел могущественного рыцаря в зелёных доспехах, его лицо было скрыто. Он потерпел поражение, но не сдался; был убит, но не умер. Осмелюсь ли я встретиться с ним в бою?»"
"""I saw this hunter who had a doggie. It was bigger than me, and it said, """"Woof!""""""","«Я видел этого охотника, у которого была собачка. Она была больше меня и сказала: «Гав!»»»"
"""I saw this place in my Dream. I searched for it for years...seemingly in vain. Then I heard a tale about the great petrified forest of Cantha, and I knew I had to go there.""","«Я видел это место во сне. Я искал его годами… казалось, тщетно. Потом я услышал историю о великом окаменелом лесу Канты и понял, что мне нужно туда пойти»."
"""I say let them come! Together, humanity is stronger than the charr legions! We stand together! We fight together! We survive together.""",«Я говорю: пусть они придут! Вместе человечество сильнее легионов чарр! Мы стоим вместе! Мы сражаемся вместе! Мы выживаем вместе».
"""I searched Lamia Mire, but someone beat me to the second half of the key. Whoever took it smashed open the chest. I'll go see if Tribune Brimstone has any advice.""","«Я обыскал Ламию Майр, но кто-то опередил меня на вторую половину ключа. Тот, кто взял его, разбил сундук. Я пойду посмотреть, есть ли у Трибьюн Жарокамень какой-нибудь совет»."
"""I see a familiar light in your spirit, hero. Many allies have joined me. Speak with them to gain their insight.""","«Я вижу знакомый свет в твоем духе, герой. Ко мне присоединилось много союзников. Поговори с ними, чтобы узнать их мнение»."
"""I see in your heart that you have lost someone to Zhaitan. Someone named...Forgal. He is waiting for you now, beneath the dragon's wings...""","«Я вижу в твоем сердце, что ты потерял кого-то из-за Зайтана. Кто-то по имени… Форгал. Он ждет тебя сейчас, под крыльями дракона…»"
"""I see the rookery's bested you. If you'd like to try again, I can heal your wounds and transport you to my location.""","«Я вижу, что лежбище победило тебя. Если ты хочешь попробовать ещё раз, я могу залечить твои раны и перевезти тебя к себе»."
"""I see within the Dream that Zhaitan's forces enter battle—not against Lion's Arch, but at the heart of your Order.""","«Я вижу во сне, что силы Зайтана вступают в битву – не против Львиной Арки, а в самом сердце вашего Ордена»."
"""I see you're not letting rationality get in the way of your ignorance, Almorra. How predictable.""","«Я вижу, что ты не позволяешь рациональности встать на пути твоего невежества, Альморра. Как предсказуемо»."
"""I see your smoke, Commander. Bombs away!""","«Я вижу ваш дым, командир. Бомбы прочь!»"
"""I see, thanks for the lead.""","«Понятно, спасибо за наводку»."
"""I see. Well then, you'd better come with me. I think I know where one of her offspring is. We should hurry.""","«Понятно. Тогда тебе лучше пойти со мной. Думаю, я знаю, где один из её отпрысков. Нам следует поторопиться»."
"""I see. Well, good luck with your research.""","«Понятно. Что ж, удачи в твоих исследованиях»."
"""I see. Well, good luck.""","«Понятно. Что ж, удачи»."
"""I see. Well, who needs your help, anyway? I earn my own keep.""","— Понятно. Ну, кому вообще нужна твоя помощь? Я сам зарабатываю на жизнь."
