english,translate
"""A recipe to make an ascended mace with Dragon's (+Power, +Ferocity, +Precision, and +Vitality) stats.""","«Рецепт изготовления вознесенной булавы со характеристиками Дракона (сила, свирепость, точность и живучесть)»."
"""A recipe to make an ascended mace with Giver's (+Toughness, +Healing, and +Concentration) stats.""","«Рецепт изготовления вознесённой булавы со характеристиками Дарителя (Выносливость, Исцеление и Концентрация)»."
"""A recipe to make an ascended mace with Grieving (+Power, +Condition Damage, +Ferocity, and +Precision) stats.""","«Рецепт изготовления вознесенной булавы со характеристиками скорби (сила, урон от состояний, свирепость и точность)»."
"""A recipe to make an ascended mace with Harrier's (+Power, +Healing, and +Concentration) stats.""","«Рецепт изготовления вознесённой булавы со характеристиками Харриера (сила, исцеление и концентрация)»."
"""A recipe to make an ascended mace with Knight (+Toughness, +Power, and +Precision) stats.""","«Рецепт изготовления вознесённой булавы со характеристиками рыцаря (стойкость, сила и точность)»."
"""A recipe to make an ascended mace with Magi (+Healing Power, +Precision, and +Vitality) stats.""","«Рецепт изготовления вознесённой булавы со характеристиками мага (исцеляющая сила, точность и живучесть)»."
"""A recipe to make an ascended mace with Marauder (+Power, +Precision, +Vitality, and +Ferocity) stats.""","«Рецепт изготовления вознесенной булавы со характеристиками мародера (сила, точность, живучесть и свирепость)»."
"""A recipe to make an ascended mace with Marshal's (+Power, +Healing, +Condition Damage, and +Precision) stats.""","«Рецепт изготовления вознесённой булавы со характеристиками Маршала (сила, исцеление, урон от состояний и точность)»."
"""A recipe to make an ascended mace with Minstrel's (+Toughness, +Healing, +Concentration, and +Vitality) stats.""","«Рецепт изготовления вознесённой булавы со характеристиками Менестреля (стойкость, исцеление, концентрация и живучесть)»."
"""A recipe to make an ascended mace with Nomad's (+Toughness, +Healing, and +Vitality) stats.""","«Рецепт изготовления вознесённой булавы со характеристиками Кочевника (стойкость, исцеление и живучесть)»."
"""A recipe to make an ascended mace with Plaguedoctor's (+Condition Damage, +Vitality, +Concentration, and +Healing Power) stats.""","«Рецепт изготовления вознесенной булавы со характеристиками Чумного доктора (урон от состояний, живучесть, концентрация и сила исцеления)»."
"""A recipe to make an ascended mace with Rabid (+Condition Damage, +Precision, and +Toughness) stats.""","«Рецепт изготовления вознесённой булавы со характеристиками бешенства (урон от состояний, точность и выносливость)»."
"""A recipe to make an ascended mace with Rampager (+Precision, +Condition Damage, and +Power) stats.""","«Рецепт изготовления вознесённой булавы со характеристиками Буйства (точность, урон от состояний и сила)»."
"""A recipe to make an ascended mace with Ritualist's (+Condition Damage, +Concentration, +Expertise, and +Vitality) stats.""","«Рецепт изготовления вознесенной булавы со характеристиками Ритуалиста (урон от состояний, концентрация, мастерство и живучесть)»."
"""A recipe to make an ascended mace with Sentinel (+Vitality, +Power, and +Toughness) stats.""","«Рецепт изготовления вознесённой булавы со характеристиками Стража (Живучесть, Сила и Стойкость)»."
"""A recipe to make an ascended mace with Seraph (+Condition Damage, +Precision, +Concentration, and +Healing Power) stats.""","«Рецепт изготовления вознесённой булавы со характеристиками Серафима (Урон от состояний, Точность, Концентрация и Сила исцеления)»."
"""A recipe to make an ascended mace with Settler (+Toughness, +Healing Power, and +Condition Damage) stats.""","«Рецепт изготовления вознесённой булавы со характеристиками поселенца (стойкость, сила исцеления и урон от состояний)»."
"""A recipe to make an ascended mace with Shaman (+Vitality, +Condition Damage, and +Healing Power) stats.""","«Рецепт изготовления вознесенной булавы со характеристиками Шамана (живучесть, урон от состояний и сила исцеления)»."
"""A recipe to make an ascended mace with Sinister (+Condition Damage, +Power, and +Precision) stats.""","«Рецепт изготовления вознесённой булавы со характеристиками Зловещего (Урон от состояний, Сила и Точность)»."
"""A recipe to make an ascended mace with Soldier (+Power, +Vitality, and +Toughness) stats.""","«Рецепт изготовления вознесённой булавы со характеристиками солдата (сила, живучесть и выносливость)»."
"""A recipe to make an ascended mace with Trailblazer's (+Toughness, +Condition Damage, +Expertise, and +Vitality) stats.""","«Рецепт изготовления вознесенной булавы со характеристиками Первопроходца (стойкость, урон от состояний, мастерство и живучесть)»."
"""A recipe to make an ascended mace with Valkyrie (+Power, +Ferocity, and +Vitality) stats.""","«Рецепт изготовления вознесённой булавы со характеристиками Валькирии (сила, свирепость и живучесть)»."
"""A recipe to make an ascended mace with Vigilant (+Power, +Toughness, +Concentration, and +Expertise) stats.""","«Рецепт изготовления вознесённой булавы со характеристиками бдительности (сила, выносливость, концентрация и мастерство»)."
"""A recipe to make an ascended mace with Viper's (+Condition Damage, +Power, +Expertise, and +Precision) stats.""","«Рецепт изготовления вознесённой булавы со характеристиками Змеи (урон от состояний, сила, мастерство и точность)»."
"""A recipe to make an ascended mace with Wanderer's (+Power, +Vitality, +Concentration, and +Toughness) stats.""","«Рецепт изготовления вознесённой булавы со характеристиками Странника (сила, живучесть, концентрация и выносливость)»."
"""A recipe to make an ascended mace with Zealot's (+Power, +Precision, +Healing) stats.""","«Рецепт изготовления вознесённой булавы со характеристиками Зелота (сила, точность, исцеление)»."
"""A recipe to make an ascended medium breather with Apothecary (+Healing Power, +Toughness, and +Condition Damage) stats.""","«Рецепт создания вознесенного среднего дыхания со статами аптекаря (исцеляющая сила, выносливость и урон от состояний»)."
"""A recipe to make an ascended medium breather with Assassin (+Precision, +Power, and +Ferocity) stats.""","«Рецепт создания вознесенного среднего дыхания со характеристиками убийцы (точность, сила и свирепость)»."
"""A recipe to make an ascended medium breather with Berserker (+Power, +Ferocity, and +Precision) stats.""","«Рецепт создания вознесенного среднего дыхания со характеристиками Берсерка (сила, свирепость и точность)»."
"""A recipe to make an ascended medium breather with Carrion (+Condition Damage, +Power, and +Vitality) stats.""","«Рецепт создания вознесенного среднего дыхания со характеристиками Падали (Урон от состояний, Сила и Живучесть)»."
"""A recipe to make an ascended medium breather with Cavalier (+Toughness, +Power, and +Ferocity) stats.""","«Рецепт создания вознесенного среднего дыхательного аппарата с характеристиками Кавалера (Выносливость, Сила и Свирепость)»."
"""A recipe to make an ascended medium breather with Cleric (+Healing Power, +Power, and +Toughness) stats.""","«Рецепт создания вознесенного среднего дыхания со характеристиками клирика (исцеляющая сила, сила и выносливость)»."
"""A recipe to make an ascended medium breather with Commander's (+Power, +Precision, +Toughness, and +Concentration) stats.""","«Рецепт создания вознесенного среднего дыхательного аппарата с характеристиками командира (сила, точность, выносливость и концентрация)»."
"""A recipe to make an ascended medium breather with Dire (+Condition Damage, +Vitality, and +Toughness) stats.""","«Рецепт создания вознесенного среднего дыхания со характеристиками Тьмы (урон от состояний, живучесть и выносливость)»."
"""A recipe to make an ascended medium breather with Knight (+Toughness, +Power, and +Precision) stats.""","«Рецепт создания вознесенного среднего дыхания со характеристиками рыцаря (выносливость, сила и точность)»."
"""A recipe to make an ascended medium breather with Magi (+Healing Power, +Precision, and +Vitality) stats.""","«Рецепт создания вознесенного среднего дыхания со характеристиками мага (исцеляющая сила, точность и живучесть)»."
"""A recipe to make an ascended medium breather with Minstrel's (+Toughness, +Healing, +Concentration, and +Vitality) stats.""","«Рецепт создания вознесенного среднего дыхания со характеристиками Менестреля (стойкость, исцеление, концентрация и живучесть)»."
"""A recipe to make an ascended medium breather with Nomad's (+Toughness, +Healing, and +Vitality) stats.""","«Рецепт создания вознесенного среднего дыхания со характеристиками Кочевника (стойкость, исцеление и живучесть)»."
"""A recipe to make an ascended medium breather with Rabid (+Condition Damage, +Precision, and +Toughness) stats.""","«Рецепт создания вознесенного среднего дыхания со характеристиками Бешеного (Урон от состояний, Точность и Выносливость)»."
"""A recipe to make an ascended medium breather with Rampager (+Precision, +Condition Damage, and +Power) stats.""","«Рецепт создания вознесенного среднего дыхательного аппарата со характеристиками Буйства (точность, урон от состояний и сила)»."
"""A recipe to make an ascended medium breather with Sentinel (+Vitality, +Power, and +Toughness) stats.""","«Рецепт создания вознесенного среднего дыхания со статами Стража (Живучесть, Сила и Выносливость)»."
"""A recipe to make an ascended medium breather with Seraph (+Condition Damage, +Precision, +Concentration, and +Healing Power) stats.""","«Рецепт создания вознесенного среднего дыхания со характеристиками Серафима (Урон от состояний, Точность, Концентрация и Сила исцеления)»."
"""A recipe to make an ascended medium breather with Settler (+Toughness, +Healing Power, and +Condition Damage) stats.""","«Рецепт создания вознесенного среднего дыхания со характеристиками поселенца (стойкость, сила исцеления и урон от состояний)»."
"""A recipe to make an ascended medium breather with Shaman (+Vitality, +Condition Damage, and +Healing Power) stats.""","«Рецепт создания вознесенного среднего дыхания со характеристиками Шамана (живучесть, урон от состояний и сила исцеления)»."
"""A recipe to make an ascended medium breather with Sinister (+Condition Damage, +Power, and +Precision) stats.""","«Рецепт создания вознесенного среднего дыхательного аппарата со характеристиками Зловещего (Урон от состояний, Сила и Точность)»."
"""A recipe to make an ascended medium breather with Soldier (+Power, +Vitality, and +Toughness) stats.""","«Рецепт создания вознесенного среднего дыхательного аппарата со характеристиками солдата (сила, живучесть и выносливость)»."
"""A recipe to make an ascended medium breather with Valkyrie (+Power, +Ferocity, and +Vitality) stats.""","«Рецепт создания вознесенного среднего дыхания со характеристиками Валькирии (сила, свирепость и живучесть)»."
"""A recipe to make an ascended medium breather with Vigilant (+Power, +Toughness, +Concentration, and +Expertise) stats.""","«Рецепт создания вознесенного среднего дыхательного аппарата со характеристиками бдительности (сила, выносливость, концентрация и мастерство»)."
"""A recipe to make an ascended medium breather with Viper's (+Condition Damage, +Power, +Expertise, and +Precision) stats.""","«Рецепт создания вознесенного среднего дыхательного аппарата со характеристиками Гадюки (урон от состояний, сила, мастерство и точность)»."
"""A recipe to make an ascended medium breather with Wanderer's (+Power, +Vitality, +Concentration, and +Toughness) stats.""","«Рецепт создания вознесенного среднего дыхательного аппарата со характеристиками Странника (сила, живучесть, концентрация и выносливость)»."
"""A recipe to make an ascended medium breather with Zealot's (+Power, +Precision, +Healing) stats.""","«Рецепт создания вознесенного среднего дыхания со характеристиками фанатика (сила, точность, исцеление)»."
"""A recipe to make an ascended medium coat with Apothecary (+Healing Power, +Toughness, and +Condition Damage) stats.""","«Рецепт изготовления вознесенного среднего пальто со статами аптекаря (исцеляющая сила, выносливость и урон от состояний»)."
"""A recipe to make an ascended medium coat with Assassin (+Precision, +Power, and +Ferocity) stats.""","«Рецепт изготовления вознесенного среднего пальто со характеристиками убийцы (точность, сила и свирепость)»."
"""A recipe to make an ascended medium coat with Berserker (+Power, +Ferocity, and +Precision) stats.""","«Рецепт изготовления вознесенного среднего пальто со характеристиками Берсерка (сила, свирепость и точность)»."
"""A recipe to make an ascended medium coat with Bringer's (+Expertise, +Vitality, and +Precision) stats.""","«Рецепт изготовления вознесенного среднего пальто со характеристиками Брингера (экспертиза, живучесть и точность)»."
"""A recipe to make an ascended medium coat with Carrion (+Condition Damage, +Power, and +Vitality) stats.""","«Рецепт изготовления вознесенного среднего пальто со характеристиками Падальщика (Урон от состояний, Сила и Живучесть)»."
"""A recipe to make an ascended medium coat with Cavalier (+Toughness, +Power, and +Ferocity) stats.""","«Рецепт изготовления вознесенного среднего пальто со характеристиками кавалера (стойкость, сила и свирепость)»."
"""A recipe to make an ascended medium coat with Cleric (+Healing Power, +Power, and +Toughness) stats.""","«Рецепт изготовления вознесенного среднего пальто со характеристиками клирика (исцеляющая сила, сила и выносливость)»."
"""A recipe to make an ascended medium coat with Commander's (+Power, +Precision, +Toughness, and +Concentration) stats.""","«Рецепт изготовления вознесенного среднего пальто со характеристиками командира (сила, точность, выносливость и концентрация»)."
"""A recipe to make an ascended medium coat with Crusader (+Power, +Toughness, +Ferocity, and +Healing) stats.""","«Рецепт изготовления вознесенного среднего пальто со характеристиками крестоносца (сила, выносливость, свирепость и исцеление)»."
"""A recipe to make an ascended medium coat with Dire (+Condition Damage, +Vitality, and +Toughness) stats.""","«Рецепт создания вознесенного среднего пальто со характеристиками Dire (урон от состояний, живучесть и выносливость)»."
"""A recipe to make an ascended medium coat with Diviner's (+Power, +Concentration, +Ferocity, and +Precision) stats.""","«Рецепт изготовления вознесенного среднего пальто со характеристиками Прорицателя (сила, концентрация, свирепость и точность)»."
"""A recipe to make an ascended medium coat with Dragon's (+Power, +Ferocity, +Precision, and +Vitality) stats.""","«Рецепт изготовления вознесенного среднего пальто со характеристиками Дракона (сила, свирепость, точность и живучесть)»."
"""A recipe to make an ascended medium coat with Giver's (+Toughness, +Healing, and +Concentration) stats.""","«Рецепт изготовления вознесенного среднего пальто со характеристиками Дарителя (стойкость, исцеление и концентрация»)."
"""A recipe to make an ascended medium coat with Grieving (+Power, +Condition Damage, +Ferocity, and +Precision) stats.""","«Рецепт изготовления вознесенного среднего пальто со характеристиками скорби (сила, урон от состояний, свирепость и точность)»."
"""A recipe to make an ascended medium coat with Harrier's (+Power, +Healing, and +Concentration) stats.""","«Рецепт изготовления вознесенного среднего пальто со характеристиками Харриера (сила, исцеление и концентрация)»."
"""A recipe to make an ascended medium coat with Knight (+Toughness, +Power, and +Precision) stats.""","«Рецепт изготовления вознесенного среднего пальто со характеристиками рыцаря (стойкость, сила и точность)»."
"""A recipe to make an ascended medium coat with Magi (+Healing Power, +Precision, and +Vitality) stats.""","«Рецепт изготовления вознесенного среднего пальто со характеристиками мага (исцеляющая сила, точность и живучесть)»."
"""A recipe to make an ascended medium coat with Marauder (+Power, +Precision, +Vitality, and +Ferocity) stats.""","«Рецепт изготовления вознесенного среднего пальто со характеристиками мародера (сила, точность, живучесть и свирепость)»."
"""A recipe to make an ascended medium coat with Marshal's (+Power, +Healing, +Condition Damage, and +Precision) stats.""","«Рецепт изготовления вознесенного среднего пальто со характеристиками Маршала (сила, исцеление, урон от состояний и точность)»."
"""A recipe to make an ascended medium coat with Minstrel's (+Toughness, +Healing, +Concentration, and +Vitality) stats.""","«Рецепт изготовления вознесенного среднего пальто со характеристиками Менестреля (стойкость, исцеление, концентрация и живучесть)»."
"""A recipe to make an ascended medium coat with Plaguedoctor's (+Condition Damage, +Vitality, +Concentration, and +Healing Power) stats.""","«Рецепт изготовления вознесенного среднего пальто со характеристиками Чумного доктора (урон от состояний, живучесть, концентрация и сила исцеления)»."
"""A recipe to make an ascended medium coat with Rabid (+Condition Damage, +Precision, and +Toughness) stats.""","«Рецепт создания вознесенного среднего пальто со характеристиками Бешеного (урон от состояния, точность и выносливость)»."
"""A recipe to make an ascended medium coat with Rampager (+Precision, +Condition Damage, and +Power) stats.""","«Рецепт изготовления вознесенного среднего пальто со характеристиками Буйника (точность, урон от состояний и сила)»."
"""A recipe to make an ascended medium coat with Ritualist's (+Condition Damage, +Concentration, +Expertise, and +Vitality) stats.""","«Рецепт изготовления вознесенного среднего пальто со характеристиками Ритуалиста (урон от состояний, концентрация, мастерство и живучесть)»."
"""A recipe to make an ascended medium coat with Sentinel (+Vitality, +Power, and +Toughness) stats.""","«Рецепт изготовления вознесенного среднего пальто со характеристиками Стража (жизненная сила, сила и выносливость)»."
"""A recipe to make an ascended medium coat with Seraph (+Condition Damage, +Precision, +Concentration, and +Healing Power) stats.""","«Рецепт изготовления вознесенного среднего пальто со характеристиками Серафима (Урон от состояний, Точность, Концентрация и Сила исцеления)»."
"""A recipe to make an ascended medium coat with Settler (+Toughness, +Healing Power, and +Condition Damage) stats.""","«Рецепт изготовления вознесенного среднего пальто со характеристиками поселенца (стойкость, сила исцеления и урон от состояний)»."
"""A recipe to make an ascended medium coat with Shaman (+Vitality, +Condition Damage, and +Healing Power) stats.""","«Рецепт изготовления вознесенного среднего пальто со характеристиками Шамана (жизненная сила, урон от состояний и сила исцеления)»."
"""A recipe to make an ascended medium coat with Sinister (+Condition Damage, +Power, and +Precision) stats.""","«Рецепт изготовления вознесенного среднего пальто со характеристиками Зловещего (Урон от состояний, Сила и Точность)»."
"""A recipe to make an ascended medium coat with Soldier (+Power, +Vitality, and +Toughness) stats.""","«Рецепт изготовления вознесенного среднего пальто со характеристиками солдата (сила, живучесть и выносливость)»."
"""A recipe to make an ascended medium coat with Trailblazer's (+Toughness, +Condition Damage, +Expertise, and +Vitality) stats.""","«Рецепт создания вознесенного среднего пальто со характеристиками Первопроходца (стойкость, урон от состояний, мастерство и живучесть)»."
"""A recipe to make an ascended medium coat with Valkyrie (+Power, +Ferocity, and +Vitality) stats.""","«Рецепт изготовления вознесенного среднего пальто со характеристиками Валькирии (сила, свирепость и живучесть)»."
"""A recipe to make an ascended medium coat with Vigilant (+Power, +Toughness, +Concentration, and +Expertise) stats.""","«Рецепт изготовления вознесенного среднего пальто со характеристиками бдительности (сила, выносливость, концентрация и мастерство»)."
"""A recipe to make an ascended medium coat with Viper's (+Condition Damage, +Power, +Expertise, and +Precision) stats.""","«Рецепт изготовления вознесенного среднего пальто со характеристиками Гадюки (урон от состояний, сила, мастерство и точность)»."
"""A recipe to make an ascended medium coat with Wanderer's (+Power, +Vitality, +Concentration, and +Toughness) stats.""","«Рецепт изготовления вознесенного среднего пальто со характеристиками Странника (сила, живучесть, концентрация и выносливость)»."
"""A recipe to make an ascended medium helm with Apothecary (+Healing Power, +Toughness, and +Condition Damage) stats.""","«Рецепт изготовления вознесенного среднего шлема со характеристиками аптекаря (сила исцеления, выносливость и урон от состояний»)."
"""A recipe to make an ascended medium helm with Assassin (+Precision, +Power, and +Ferocity) stats.""","«Рецепт изготовления вознесенного среднего шлема со характеристиками убийцы (точность, сила и свирепость)»."
"""A recipe to make an ascended medium helm with Berserker (+Power, +Ferocity, and +Precision) stats.""","«Рецепт изготовления вознесенного среднего шлема со характеристиками Берсерка (сила, свирепость и точность)»."
"""A recipe to make an ascended medium helm with Bringer's (+Expertise, +Vitality, and +Precision) stats.""","«Рецепт изготовления вознесенного среднего шлема со характеристиками Брингера (экспертиза, живучесть и точность)»."
"""A recipe to make an ascended medium helm with Carrion (+Condition Damage, +Power, and +Vitality) stats.""","«Рецепт изготовления вознесенного среднего шлема со характеристиками Падали (урон от состояний, сила и живучесть)»."
"""A recipe to make an ascended medium helm with Cavalier (+Toughness, +Power, and +Ferocity) stats.""","«Рецепт изготовления вознесенного среднего шлема с кавалерийскими характеристиками (стойкость, сила и свирепость)»."
"""A recipe to make an ascended medium helm with Cleric (+Healing Power, +Power, and +Toughness) stats.""","«Рецепт изготовления вознесенного среднего шлема со характеристиками клирика (сила исцеления, сила и выносливость)»."
"""A recipe to make an ascended medium helm with Commander's (+Power, +Precision, +Toughness, and +Concentration) stats.""","«Рецепт изготовления вознесенного среднего шлема с характеристиками командира (сила, точность, выносливость и концентрация)»."
"""A recipe to make an ascended medium helm with Crusader (+Power, +Toughness, +Ferocity, and +Healing) stats.""","«Рецепт изготовления вознесенного среднего шлема со характеристиками крестоносца (сила, выносливость, свирепость и исцеление)»."
"""A recipe to make an ascended medium helm with Dire (+Condition Damage, +Vitality, and +Toughness) stats.""","«Рецепт изготовления вознесённого среднего шлема со характеристиками Тяжёлые (урон от состояний, живучесть и выносливость)»."
"""A recipe to make an ascended medium helm with Diviner's (+Power, +Concentration, +Ferocity, and +Precision) stats.""","«Рецепт изготовления вознесенного среднего шлема со характеристиками Прорицателя (сила, концентрация, свирепость и точность)»."
"""A recipe to make an ascended medium helm with Dragon's (+Power, +Ferocity, +Precision, and +Vitality) stats.""","«Рецепт изготовления вознесенного среднего шлема со характеристиками Дракона (сила, свирепость, точность и живучесть)»."
"""A recipe to make an ascended medium helm with Giver's (+Toughness, +Healing, and +Concentration) stats.""","«Рецепт изготовления вознесенного среднего шлема со характеристиками Дарителя (стойкость, исцеление и концентрация)»."
"""A recipe to make an ascended medium helm with Grieving (+Power, +Condition Damage, +Ferocity, and +Precision) stats.""","«Рецепт изготовления вознесенного среднего шлема со характеристиками скорби (сила, урон от состояний, свирепость и точность)»."
"""A recipe to make an ascended medium helm with Harrier's (+Power, +Healing, and +Concentration) stats.""","«Рецепт изготовления вознесенного среднего шлема со характеристиками Харриера (сила, исцеление и концентрация)»."
"""A recipe to make an ascended medium helm with Knight (+Toughness, +Power, and +Precision) stats.""","«Рецепт изготовления вознесенного среднего шлема со характеристиками рыцаря (стойкость, сила и точность)»."
"""A recipe to make an ascended medium helm with Magi (+Healing Power, +Precision, and +Vitality) stats.""","«Рецепт изготовления вознесенного среднего шлема со характеристиками мага (исцеляющая сила, точность и живучесть)»."
"""A recipe to make an ascended medium helm with Marauder (+Power, +Precision, +Vitality, and +Ferocity) stats.""","«Рецепт изготовления вознесенного среднего шлема со характеристиками мародера (сила, точность, живучесть и свирепость)»."
"""A recipe to make an ascended medium helm with Marshal's (+Power, +Healing, +Condition Damage, and +Precision) stats.""","«Рецепт изготовления вознесённого среднего шлема со характеристиками Маршала (сила, исцеление, урон от состояний и точность)»."
"""A recipe to make an ascended medium helm with Minstrel's (+Toughness, +Healing, +Concentration, and +Vitality) stats.""","«Рецепт изготовления вознесенного среднего шлема со характеристиками Менестреля (стойкость, исцеление, концентрация и живучесть)»."
"""A recipe to make an ascended medium helm with Plaguedoctor's (+Condition Damage, +Vitality, +Concentration, and +Healing Power) stats.""","«Рецепт изготовления вознесенного среднего шлема со характеристиками Чумного доктора (урон от состояний, живучесть, концентрация и сила исцеления)»."
"""A recipe to make an ascended medium helm with Rabid (+Condition Damage, +Precision, and +Toughness) stats.""","«Рецепт изготовления вознесенного среднего шлема со характеристиками Бешеного (урон от состояний, точность и выносливость)»."
"""A recipe to make an ascended medium helm with Rampager (+Precision, +Condition Damage, and +Power) stats.""","«Рецепт изготовления вознесённого среднего шлема со характеристиками Буйства (точность, урон от состояний и сила)»."
"""A recipe to make an ascended medium helm with Ritualist's (+Condition Damage, +Concentration, +Expertise, and +Vitality) stats.""","«Рецепт изготовления вознесенного среднего шлема со характеристиками Ритуалиста (урон от состояний, концентрация, мастерство и живучесть)»."
"""A recipe to make an ascended medium helm with Sentinel (+Vitality, +Power, and +Toughness) stats.""","«Рецепт изготовления вознесенного среднего шлема со характеристиками Стража (Живучесть, Сила и Стойкость)»."
"""A recipe to make an ascended medium helm with Seraph (+Condition Damage, +Precision, +Concentration, and +Healing Power) stats.""","«Рецепт изготовления вознесенного среднего шлема со характеристиками Серафима (Урон от состояний, Точность, Концентрация и Сила исцеления)»."
"""A recipe to make an ascended medium helm with Settler (+Toughness, +Healing Power, and +Condition Damage) stats.""","«Рецепт изготовления вознесенного среднего шлема со характеристиками поселенца (стойкость, сила исцеления и урон от состояний)»."
"""A recipe to make an ascended medium helm with Shaman (+Vitality, +Condition Damage, and +Healing Power) stats.""","«Рецепт изготовления вознесенного среднего шлема со характеристиками Шамана (живучесть, урон от состояний и сила исцеления)»."
"""A recipe to make an ascended medium helm with Sinister (+Condition Damage, +Power, and +Precision) stats.""","«Рецепт изготовления вознесенного среднего шлема со характеристиками Зловещего (Урон от состояний, Сила и Точность)»."
"""A recipe to make an ascended medium helm with Soldier (+Power, +Vitality, and +Toughness) stats.""","«Рецепт изготовления вознесенного среднего шлема со характеристиками солдата (сила, живучесть и выносливость)»."
"""A recipe to make an ascended medium helm with Trailblazer's (+Toughness, +Condition Damage, +Expertise, and +Vitality) stats.""","«Рецепт изготовления вознесенного среднего шлема со характеристиками Первопроходца (стойкость, урон от состояний, мастерство и живучесть)»."
"""A recipe to make an ascended medium helm with Valkyrie (+Power, +Ferocity, and +Vitality) stats.""","«Рецепт изготовления вознесенного среднего шлема со характеристиками Валькирии (сила, свирепость и живучесть)»."
"""A recipe to make an ascended medium helm with Vigilant (+Power, +Toughness, +Concentration, and +Expertise) stats.""","«Рецепт изготовления вознесенного среднего шлема с характеристиками «Бдительность» (сила, выносливость, концентрация и мастерство»)."
"""A recipe to make an ascended medium helm with Viper's (+Condition Damage, +Power, +Expertise, and +Precision) stats.""","«Рецепт изготовления вознесенного среднего шлема со характеристиками Змеи (урон от состояний, сила, мастерство и точность)»."
"""A recipe to make an ascended medium helm with Wanderer's (+Power, +Vitality, +Concentration, and +Toughness) stats.""","«Рецепт изготовления вознесенного среднего шлема со характеристиками Странника (сила, живучесть, концентрация и выносливость)»."
"""A recipe to make an ascended pistol with Apothecary (+Healing Power, +Toughness, and +Condition Damage) stats.""","«Рецепт изготовления вознесенного пистолета со характеристиками аптекаря (сила исцеления, выносливость и урон от состояний»)."
"""A recipe to make an ascended pistol with Assassin (+Precision, +Power, and +Ferocity) stats.""","«Рецепт изготовления вознесённого пистолета со характеристиками убийцы (точность, сила и свирепость)»."
"""A recipe to make an ascended pistol with Berserker (+Power, +Ferocity, and +Precision) stats.""","«Рецепт изготовления вознесенного пистолета со характеристиками Берсерка (сила, свирепость и точность)»."
"""A recipe to make an ascended pistol with Bringer's (+Expertise, +Vitality, and +Precision) stats.""","«Рецепт изготовления вознесенного пистолета со характеристиками Брингера (экспертиза, живучесть и точность)»."
"""A recipe to make an ascended pistol with Carrion (+Condition Damage, +Power, and +Vitality) stats.""","«Рецепт изготовления вознесённого пистолета со характеристиками Падали (Урон от состояний, Сила и Живучесть)»."
"""A recipe to make an ascended pistol with Cavalier (+Toughness, +Power, and +Ferocity) stats.""","«Рецепт изготовления вознесённого пистолета со характеристиками Кавалера (Выносливость, Сила и Свирепость)»."
"""A recipe to make an ascended pistol with Cleric (+Healing Power, +Power, and +Toughness) stats.""","«Рецепт изготовления вознесённого пистолета со характеристиками клирика (сила исцеления, сила и выносливость)»."
"""A recipe to make an ascended pistol with Commander's (+Power, +Precision, +Toughness, and +Concentration) stats.""","«Рецепт изготовления вознесенного пистолета со характеристиками командира (сила, точность, выносливость и концентрация)»."
"""A recipe to make an ascended pistol with Crusader (+Power, +Toughness, +Ferocity, and +Healing) stats.""","«Рецепт изготовления вознесённого пистолета со характеристиками крестоносца (сила, выносливость, свирепость и исцеление)»."
"""A recipe to make an ascended pistol with Dire (+Condition Damage, +Vitality, and +Toughness) stats.""","«Рецепт изготовления вознесенного пистолета со характеристиками Dire (урон от состояний, живучесть и выносливость)»."
"""A recipe to make an ascended pistol with Diviner's (+Power, +Concentration, +Ferocity, and +Precision) stats.""","«Рецепт изготовления вознесённого пистолета со характеристиками Прорицателя (сила, концентрация, свирепость и точность)»."
"""A recipe to make an ascended pistol with Dragon's (+Power, +Ferocity, +Precision, and +Vitality) stats.""","«Рецепт изготовления вознесенного пистолета со характеристиками Дракона (сила, свирепость, точность и живучесть)»."
"""A recipe to make an ascended pistol with Giver's (+Toughness, +Healing, and +Concentration) stats.""","«Рецепт изготовления вознесённого пистолета со характеристиками Дарителя (Выносливость, Исцеление и Концентрация)»."
"""A recipe to make an ascended pistol with Grieving (+Power, +Condition Damage, +Ferocity, and +Precision) stats.""","«Рецепт изготовления вознесенного пистолета со характеристиками скорби (сила, урон от состояний, свирепость и точность)»."
"""A recipe to make an ascended pistol with Harrier's (+Power, +Healing, and +Concentration) stats.""","«Рецепт изготовления вознесённого пистолета со характеристиками Харриера (сила, исцеление и концентрация)»."
"""A recipe to make an ascended pistol with Knight (+Toughness, +Power, and +Precision) stats.""","«Рецепт изготовления вознесенного пистолета со характеристиками рыцаря (стойкость, сила и точность)»."
"""A recipe to make an ascended pistol with Magi (+Healing Power, +Precision, and +Vitality) stats.""","«Рецепт изготовления вознесенного пистолета со характеристиками мага (исцеляющая сила, точность и живучесть)»."
"""A recipe to make an ascended pistol with Marauder (+Power, +Precision, +Vitality, and +Ferocity) stats.""","«Рецепт изготовления вознесённого пистолета со характеристиками Мародера (сила, точность, живучесть и свирепость)»."
"""A recipe to make an ascended pistol with Marshal's (+Power, +Healing, +Condition Damage, and +Precision) stats.""","«Рецепт изготовления вознесённого пистолета со характеристиками Маршала (сила, лечение, урон от состояний и точность)»."
"""A recipe to make an ascended pistol with Minstrel's (+Toughness, +Healing, +Concentration, and +Vitality) stats.""","«Рецепт изготовления вознесённого пистолета со характеристиками Менестреля (стойкость, исцеление, концентрация и живучесть)»."
"""A recipe to make an ascended pistol with Nomad's (+Toughness, +Healing, and +Vitality) stats.""","«Рецепт изготовления вознесенного пистолета со характеристиками Кочевника (стойкость, исцеление и живучесть)»."
"""A recipe to make an ascended pistol with Plaguedoctor's (+Condition Damage, +Vitality, +Concentration, and +Healing Power) stats.""","«Рецепт изготовления вознесенного пистолета со характеристиками Чумного доктора (урон от состояний, живучесть, концентрация и сила исцеления)»."
"""A recipe to make an ascended pistol with Rabid (+Condition Damage, +Precision, and +Toughness) stats.""","«Рецепт изготовления вознесенного пистолета со характеристиками «Бешеный» (урон от состояния, точность и выносливость)»."
"""A recipe to make an ascended pistol with Rampager (+Precision, +Condition Damage, and +Power) stats.""","«Рецепт изготовления вознесённого пистолета со характеристиками Буйства (точность, урон от состояний и сила)»."
"""A recipe to make an ascended pistol with Ritualist's (+Condition Damage, +Concentration, +Expertise, and +Vitality) stats.""","«Рецепт изготовления вознесенного пистолета со характеристиками Ритуалиста (урон от состояний, концентрация, мастерство и живучесть)»."
"""A recipe to make an ascended pistol with Sentinel (+Vitality, +Power, and +Toughness) stats.""","«Рецепт изготовления вознесённого пистолета со характеристиками Стража (жизненная сила, сила и выносливость)»."
"""A recipe to make an ascended pistol with Seraph (+Condition Damage, +Precision, +Concentration, and +Healing Power) stats.""","«Рецепт изготовления вознесенного пистолета со характеристиками Серафима (Урон от состояний, Точность, Концентрация и Сила исцеления)»."
"""A recipe to make an ascended pistol with Settler (+Toughness, +Healing Power, and +Condition Damage) stats.""","«Рецепт изготовления вознесенного пистолета со характеристиками поселенца (стойкость, сила исцеления и урон от состояний)»."
"""A recipe to make an ascended pistol with Shaman (+Vitality, +Condition Damage, and +Healing Power) stats.""","«Рецепт изготовления вознесенного пистолета со характеристиками Шамана (живучесть, урон от состояний и сила исцеления)»."
"""A recipe to make an ascended pistol with Sinister (+Condition Damage, +Power, and +Precision) stats.""","«Рецепт изготовления вознесённого пистолета со характеристиками Зловещего (Урон от состояния, Сила и Точность)»."
"""A recipe to make an ascended pistol with Soldier (+Power, +Vitality, and +Toughness) stats.""","«Рецепт изготовления вознесённого пистолета со характеристиками солдата (сила, живучесть и выносливость)»."
"""A recipe to make an ascended pistol with Trailblazer's (+Toughness, +Condition Damage, +Expertise, and +Vitality) stats.""","«Рецепт изготовления вознесенного пистолета со характеристиками Первопроходца (стойкость, урон от состояний, мастерство и живучесть)»."
"""A recipe to make an ascended pistol with Valkyrie (+Power, +Ferocity, and +Vitality) stats.""","«Рецепт изготовления вознесенного пистолета со характеристиками Валькирии (сила, свирепость и живучесть)»."
"""A recipe to make an ascended pistol with Vigilant (+Power, +Toughness, +Concentration, and +Expertise) stats.""","«Рецепт изготовления вознесенного пистолета со характеристиками бдительности (сила, выносливость, концентрация и мастерство»)."
"""A recipe to make an ascended pistol with Viper's (+Condition Damage, +Power, +Expertise, and +Precision) stats.""","«Рецепт изготовления вознесенного пистолета со характеристиками Гадюки (урон от состояний, сила, мастерство и точность)»."
"""A recipe to make an ascended pistol with Wanderer's (+Power, +Vitality, +Concentration, and +Toughness) stats.""","«Рецепт изготовления вознесённого пистолета со характеристиками Странника (сила, живучесть, концентрация и выносливость)»."
"""A recipe to make an ascended pistol with Zealot's (+Power, +Precision, +Healing) stats.""","«Рецепт изготовления вознесённого пистолета со характеристиками Зелота (сила, точность, исцеление)»."
"""A recipe to make an ascended rifle with Apothecary (+Healing Power, +Toughness, and +Condition Damage) stats.""","«Рецепт изготовления вознесенной винтовки со характеристиками аптекаря (исцеляющая сила, выносливость и урон от состояний»)."
"""A recipe to make an ascended rifle with Assassin (+Precision, +Power, and +Ferocity) stats.""","«Рецепт изготовления вознесенной винтовки со характеристиками убийцы (точность, сила и свирепость)»."
"""A recipe to make an ascended rifle with Berserker (+Power, +Ferocity, and +Precision) stats.""","«Рецепт изготовления вознесенной винтовки со характеристиками Берсерка (сила, свирепость и точность)»."
"""A recipe to make an ascended rifle with Bringer's (+Expertise, +Vitality, and +Precision) stats.""","«Рецепт изготовления вознесенной винтовки со характеристиками Брингера (экспертиза, живучесть и точность)»."
"""A recipe to make an ascended rifle with Carrion (+Condition Damage, +Power, and +Vitality) stats.""","«Рецепт изготовления вознесённой винтовки со характеристиками Падали (Урон от состояний, Сила и Живучесть)»."
"""A recipe to make an ascended rifle with Cavalier (+Toughness, +Power, and +Ferocity) stats.""","«Рецепт изготовления вознесенной винтовки со характеристиками Кавалера (стойкость, сила и свирепость)»."
"""A recipe to make an ascended rifle with Cleric (+Healing Power, +Power, and +Toughness) stats.""","«Рецепт изготовления вознесённой винтовки со характеристиками клирика (сила исцеления, сила и выносливость)»."
"""A recipe to make an ascended rifle with Commander's (+Power, +Precision, +Toughness, and +Concentration) stats.""","«Рецепт изготовления вознесенной винтовки со характеристиками командира (сила, точность, выносливость и концентрация)»."
"""A recipe to make an ascended rifle with Crusader (+Power, +Toughness, +Ferocity, and +Healing) stats.""","«Рецепт изготовления вознесенной винтовки со характеристиками крестоносца (сила, выносливость, свирепость и исцеление)»."
"""A recipe to make an ascended rifle with Dire (+Condition Damage, +Vitality, and +Toughness) stats.""","«Рецепт изготовления вознесенной винтовки со характеристиками Dire (урон от состояния, живучесть и выносливость)»."
"""A recipe to make an ascended rifle with Diviner's (+Power, +Concentration, +Ferocity, and +Precision) stats.""","«Рецепт изготовления вознесённой винтовки со характеристиками Прорицателя (Мощь, Концентрация, Свирепость и Точность)»."
"""A recipe to make an ascended rifle with Dragon's (+Power, +Ferocity, +Precision, and +Vitality) stats.""","«Рецепт изготовления вознесенной винтовки со характеристиками Дракона (сила, свирепость, точность и живучесть)»."
"""A recipe to make an ascended rifle with Giver's (+Toughness, +Healing, and +Concentration) stats.""","«Рецепт изготовления вознесённой винтовки со характеристиками Дарителя (Выносливость, Исцеление и Концентрация)»."
"""A recipe to make an ascended rifle with Grieving (+Power, +Condition Damage, +Ferocity, and +Precision) stats.""","«Рецепт изготовления вознесенной винтовки со характеристиками скорби (сила, урон от состояний, свирепость и точность)»."
"""A recipe to make an ascended rifle with Harrier's (+Power, +Healing, and +Concentration) stats.""","«Рецепт изготовления вознесённой винтовки со характеристиками Харриера (сила, исцеление и концентрация)»."
"""A recipe to make an ascended rifle with Knight (+Toughness, +Power, and +Precision) stats.""","«Рецепт изготовления вознесенной винтовки со характеристиками рыцаря (стойкость, сила и точность)»."
"""A recipe to make an ascended rifle with Magi (+Healing Power, +Precision, and +Vitality) stats.""","«Рецепт изготовления вознесённой винтовки со характеристиками мага (исцеляющая сила, точность и живучесть)»."
"""A recipe to make an ascended rifle with Marauder (+Power, +Precision, +Vitality, and +Ferocity) stats.""","«Рецепт изготовления вознесенной винтовки со характеристиками мародера (сила, точность, живучесть и свирепость)»."
"""A recipe to make an ascended rifle with Marshal's (+Power, +Healing, +Condition Damage, and +Precision) stats.""","«Рецепт изготовления вознесенной винтовки со характеристиками Маршала (сила, исцеление, урон от состояний и точность)»."
"""A recipe to make an ascended rifle with Minstrel's (+Toughness, +Healing, +Concentration, and +Vitality) stats.""","«Рецепт изготовления вознесенной винтовки со характеристиками Менестреля (стойкость, исцеление, концентрация и живучесть)»."
"""A recipe to make an ascended rifle with Nomad's (+Toughness, +Healing, and +Vitality) stats.""","«Рецепт изготовления вознесенной винтовки со характеристиками Кочевника (стойкость, исцеление и живучесть)»."
"""A recipe to make an ascended rifle with Plaguedoctor's (+Condition Damage, +Vitality, +Concentration, and +Healing Power) stats.""","«Рецепт изготовления вознесенной винтовки со характеристиками Чумного доктора (урон от состояний, живучесть, концентрация и сила исцеления)»."
"""A recipe to make an ascended rifle with Rabid (+Condition Damage, +Precision, and +Toughness) stats.""","«Рецепт изготовления вознесённой винтовки со характеристиками бешенства (урон от состояния, точность и выносливость)»."
"""A recipe to make an ascended rifle with Rampager (+Precision, +Condition Damage, and +Power) stats.""","«Рецепт изготовления вознесенной винтовки со характеристиками Буйства (точность, урон от состояний и мощность)»."
"""A recipe to make an ascended rifle with Ritualist's (+Condition Damage, +Concentration, +Expertise, and +Vitality) stats.""","«Рецепт изготовления вознесенной винтовки со характеристиками Ритуалиста (урон от состояний, концентрация, мастерство и живучесть)»."
"""A recipe to make an ascended rifle with Sentinel (+Vitality, +Power, and +Toughness) stats.""","«Рецепт изготовления вознесенной винтовки со характеристиками Стража (Живучесть, Сила и Выносливость)»."
"""A recipe to make an ascended rifle with Seraph (+Condition Damage, +Precision, +Concentration, and +Healing Power) stats.""","«Рецепт изготовления вознесенной винтовки со характеристиками Серафима (Урон от состояний, Точность, Концентрация и Сила исцеления)»."
"""A recipe to make an ascended rifle with Settler (+Toughness, +Healing Power, and +Condition Damage) stats.""","«Рецепт изготовления вознесенной винтовки со характеристиками поселенца (стойкость, сила исцеления и урон от состояний)»."
"""A recipe to make an ascended rifle with Shaman (+Vitality, +Condition Damage, and +Healing Power) stats.""","«Рецепт изготовления вознесенной винтовки со характеристиками Шамана (живучесть, урон от состояний и сила исцеления)»."
"""A recipe to make an ascended rifle with Sinister (+Condition Damage, +Power, and +Precision) stats.""","«Рецепт изготовления вознесенной винтовки со характеристиками Зловещего (Урон от состояния, Сила и Точность)»."
"""A recipe to make an ascended rifle with Soldier (+Power, +Vitality, and +Toughness) stats.""","«Рецепт изготовления вознесенной винтовки со характеристиками солдата (сила, живучесть и выносливость)»."
"""A recipe to make an ascended rifle with Trailblazer's (+Toughness, +Condition Damage, +Expertise, and +Vitality) stats.""","«Рецепт изготовления вознесенной винтовки со характеристиками Первопроходца (стойкость, урон от состояний, мастерство и живучесть)»."
"""A recipe to make an ascended rifle with Valkyrie (+Power, +Ferocity, and +Vitality) stats.""","«Рецепт изготовления вознесенной винтовки со характеристиками Валькирии (сила, свирепость и живучесть)»."
"""A recipe to make an ascended rifle with Vigilant (+Power, +Toughness, +Concentration, and +Expertise) stats.""","«Рецепт изготовления вознесённой винтовки со характеристиками Бдительности (Мощь, Выносливость, Концентрация и Мастерство)»."
"""A recipe to make an ascended rifle with Viper's (+Condition Damage, +Power, +Expertise, and +Precision) stats.""","«Рецепт изготовления вознесенной винтовки со характеристиками Гадюки (Урон от состояний, Сила, Мастерство и Точность)»."
"""A recipe to make an ascended rifle with Wanderer's (+Power, +Vitality, +Concentration, and +Toughness) stats.""","«Рецепт изготовления вознесённой винтовки со характеристиками Странника (сила, живучесть, концентрация и выносливость)»."
"""A recipe to make an ascended rifle with Zealot's (+Power, +Precision, +Healing) stats.""","«Рецепт изготовления вознесенной винтовки со характеристиками Зелота (сила, точность, исцеление)»."
"""A recipe to make an ascended scepter with Apothecary (+Healing Power, +Toughness, and +Condition Damage) stats.""","«Рецепт изготовления вознесённого скипетра со характеристиками аптекаря (исцеляющая сила, выносливость и урон от состояний)»."
"""A recipe to make an ascended scepter with Assassin (+Precision, +Power, and +Ferocity) stats.""","«Рецепт изготовления вознесенного скипетра со характеристиками убийцы (точность, сила и свирепость)»."
"""A recipe to make an ascended scepter with Berserker (+Power, +Ferocity, and +Precision) stats.""","«Рецепт изготовления вознесенного скипетра со характеристиками Берсерка (сила, свирепость и точность)»."
"""A recipe to make an ascended scepter with Bringer's (+Expertise, +Vitality, and +Precision) stats.""","«Рецепт изготовления вознесенного скипетра со характеристиками Брингера (экспертиза, живучесть и точность)»."
"""A recipe to make an ascended scepter with Carrion (+Condition Damage, +Power, and +Vitality) stats.""","«Рецепт изготовления вознесенного скипетра со характеристиками Падали (урон от состояний, сила и живучесть)»."
"""A recipe to make an ascended scepter with Cavalier (+Toughness, +Power, and +Ferocity) stats.""","«Рецепт изготовления вознесённого скипетра со характеристиками кавалера (стойкость, сила и свирепость)»."
"""A recipe to make an ascended scepter with Cleric (+Healing Power, +Power, and +Toughness) stats.""","«Рецепт изготовления вознесённого скипетра со характеристиками клирика (исцеляющая сила, сила и выносливость)»."
"""A recipe to make an ascended scepter with Commander's (+Power, +Precision, +Toughness, and +Concentration) stats.""","«Рецепт изготовления вознесённого скипетра со характеристиками командира (сила, точность, выносливость и концентрация)»."
"""A recipe to make an ascended scepter with Crusader (+Power, +Toughness, +Ferocity, and +Healing) stats.""","«Рецепт изготовления вознесённого скипетра со характеристиками крестоносца (сила, выносливость, свирепость и исцеление)»."
"""A recipe to make an ascended scepter with Dire (+Condition Damage, +Vitality, and +Toughness) stats.""","«Рецепт изготовления вознесенного скипетра со характеристиками Dire (урон от состояний, живучесть и выносливость)»."
"""A recipe to make an ascended scepter with Diviner's (+Power, +Concentration, +Ferocity, and +Precision) stats.""","«Рецепт изготовления вознесенного скипетра со характеристиками Прорицателя (сила, концентрация, свирепость и точность)»."
"""A recipe to make an ascended scepter with Dragon's (+Power, +Ferocity, +Precision, and +Vitality) stats.""","«Рецепт изготовления вознесенного скипетра со характеристиками Дракона (сила, свирепость, точность и живучесть)»."
"""A recipe to make an ascended scepter with Giver's (+Toughness, +Healing, and +Concentration) stats.""","«Рецепт изготовления вознесенного скипетра со характеристиками Дарителя (стойкость, исцеление и концентрация»)."
"""A recipe to make an ascended scepter with Grieving (+Power, +Condition Damage, +Ferocity, and +Precision) stats.""","«Рецепт изготовления вознесенного скипетра со характеристиками скорби (сила, урон от состояний, свирепость и точность)»."
"""A recipe to make an ascended scepter with Harrier's (+Power, +Healing, and +Concentration) stats.""","«Рецепт изготовления вознесённого скипетра со характеристиками Харриера (сила, исцеление и концентрация)»."
"""A recipe to make an ascended scepter with Knight (+Toughness, +Power, and +Precision) stats.""","«Рецепт изготовления вознесенного скипетра со характеристиками рыцаря (стойкость, сила и точность)»."
"""A recipe to make an ascended scepter with Magi (+Healing Power, +Precision, and +Vitality) stats.""","«Рецепт изготовления вознесенного скипетра со характеристиками мага (исцеляющая сила, точность и живучесть)»."
"""A recipe to make an ascended scepter with Marauder (+Power, +Precision, +Vitality, and +Ferocity) stats.""","«Рецепт изготовления вознесенного скипетра со характеристиками мародера (сила, точность, живучесть и свирепость)»."
"""A recipe to make an ascended scepter with Marshal's (+Power, +Healing, +Condition Damage, and +Precision) stats.""","«Рецепт изготовления вознесённого скипетра со характеристиками Маршала (сила, исцеление, урон от состояний и точность)»."
"""A recipe to make an ascended scepter with Minstrel's (+Toughness, +Healing, +Concentration, and +Vitality) stats.""","«Рецепт изготовления вознесённого скипетра со характеристиками Менестреля (стойкость, исцеление, концентрация и живучесть)»."
"""A recipe to make an ascended scepter with Nomad's (+Toughness, +Healing, and +Vitality) stats.""","«Рецепт изготовления вознесённого скипетра со характеристиками Кочевника (стойкость, исцеление и живучесть)»."
"""A recipe to make an ascended scepter with Plaguedoctor's (+Condition Damage, +Vitality, +Concentration, and +Healing Power) stats.""","«Рецепт изготовления вознесенного скипетра со характеристиками Чумного доктора (урон от состояний, живучесть, концентрация и сила исцеления)»."
"""A recipe to make an ascended scepter with Rabid (+Condition Damage, +Precision, and +Toughness) stats.""","«Рецепт изготовления вознесенного скипетра со характеристиками Бешеного (Урон от состояний, Точность и Стойкость)»."
"""A recipe to make an ascended scepter with Rampager (+Precision, +Condition Damage, and +Power) stats.""","«Рецепт изготовления вознесённого скипетра со характеристиками Буйства (точность, урон от состояний и сила)»."
"""A recipe to make an ascended scepter with Ritualist's (+Condition Damage, +Concentration, +Expertise, and +Vitality) stats.""","«Рецепт изготовления вознесенного скипетра со характеристиками Ритуалиста (урон от состояний, концентрация, мастерство и живучесть)»."
"""A recipe to make an ascended scepter with Sentinel (+Vitality, +Power, and +Toughness) stats.""","«Рецепт изготовления вознесенного скипетра со характеристиками Стража (жизненная сила, сила и выносливость)»."
"""A recipe to make an ascended scepter with Seraph (+Condition Damage, +Precision, +Concentration, and +Healing Power) stats.""","«Рецепт изготовления вознесенного скипетра со характеристиками Серафима (Урон от состояний, Точность, Концентрация и Сила исцеления)»."
"""A recipe to make an ascended scepter with Settler (+Toughness, +Healing Power, and +Condition Damage) stats.""","«Рецепт изготовления вознесённого скипетра со характеристиками поселенца (стойкость, сила исцеления и урон от состояний)»."
"""A recipe to make an ascended scepter with Shaman (+Vitality, +Condition Damage, and +Healing Power) stats.""","«Рецепт изготовления вознесенного скипетра со характеристиками Шамана (живучесть, урон от состояний и сила исцеления)»."
"""A recipe to make an ascended scepter with Sinister (+Condition Damage, +Power, and +Precision) stats.""","«Рецепт изготовления вознесённого скипетра со характеристиками Зловещего (Урон от состояний, Сила и Точность)»."
"""A recipe to make an ascended scepter with Soldier (+Power, +Vitality, and +Toughness) stats.""","«Рецепт изготовления вознесённого скипетра со характеристиками солдата (сила, живучесть и выносливость)»."
"""A recipe to make an ascended scepter with Trailblazer's (+Toughness, +Condition Damage, +Expertise, and +Vitality) stats.""","«Рецепт изготовления вознесенного скипетра со характеристиками Первопроходца (стойкость, урон от состояний, опыт и живучесть)»."
"""A recipe to make an ascended scepter with Valkyrie (+Power, +Ferocity, and +Vitality) stats.""","«Рецепт изготовления вознесённого скипетра со характеристиками Валькирии (сила, свирепость и живучесть)»."
"""A recipe to make an ascended scepter with Vigilant (+Power, +Toughness, +Concentration, and +Expertise) stats.""","«Рецепт изготовления вознесённого скипетра со характеристиками бдительности (сила, выносливость, концентрация и мастерство)»."
"""A recipe to make an ascended scepter with Viper's (+Condition Damage, +Power, +Expertise, and +Precision) stats.""","«Рецепт изготовления вознесённого скипетра со характеристиками Змеи (урон от состояний, сила, мастерство и точность)»."
"""A recipe to make an ascended scepter with Wanderer's (+Power, +Vitality, +Concentration, and +Toughness) stats.""","«Рецепт изготовления вознесённого скипетра со характеристиками Странника (сила, живучесть, концентрация и выносливость)»."
"""A recipe to make an ascended scepter with Zealot's (+Power, +Precision, +Healing) stats.""","«Рецепт изготовления вознесенного скипетра со характеристиками фанатика (сила, точность, исцеление)»."
"""A recipe to make an ascended shield with Apothecary (+Healing Power, +Toughness, and +Condition Damage) stats.""","«Рецепт изготовления вознесённого щита со характеристиками аптекаря (исцеляющая сила, выносливость и урон от состояний)»."
"""A recipe to make an ascended shield with Assassin (+Precision, +Power, and +Ferocity) stats.""","«Рецепт изготовления вознесённого щита со характеристиками убийцы (точность, сила и свирепость)»."
"""A recipe to make an ascended shield with Berserker (+Power, +Ferocity, and +Precision) stats.""","«Рецепт изготовления вознесённого щита со характеристиками Берсерка (сила, свирепость и точность)»."
"""A recipe to make an ascended shield with Bringer's (+Expertise, +Vitality, and +Precision) stats.""","«Рецепт изготовления вознесённого щита со характеристиками Брингера (экспертиза, живучесть и точность)»."
"""A recipe to make an ascended shield with Carrion (+Condition Damage, +Power, and +Vitality) stats.""","«Рецепт создания вознесённого щита со характеристиками Падали (Урон от состояний, Сила и Живучесть)»."
"""A recipe to make an ascended shield with Cavalier (+Toughness, +Power, and +Ferocity) stats.""","«Рецепт изготовления вознесённого щита со характеристиками Кавалера (стойкость, сила и свирепость)»."
"""A recipe to make an ascended shield with Cleric (+Healing Power, +Power, and +Toughness) stats.""","«Рецепт изготовления вознесённого щита со характеристиками клирика (исцеляющая сила, сила и выносливость)»."
"""A recipe to make an ascended shield with Commander's (+Power, +Precision, +Toughness, and +Concentration) stats.""","«Рецепт изготовления вознесённого щита со характеристиками командира (сила, точность, выносливость и концентрация)»."
"""A recipe to make an ascended shield with Crusader (+Power, +Toughness, +Ferocity, and +Healing) stats.""","«Рецепт изготовления вознесённого щита со характеристиками крестоносца (сила, выносливость, свирепость и исцеление)»."
"""A recipe to make an ascended shield with Dire (+Condition Damage, +Vitality, and +Toughness) stats.""","«Рецепт изготовления вознесенного щита со характеристиками Dire (урон от состояний, живучесть и выносливость)»."
"""A recipe to make an ascended shield with Diviner's (+Power, +Concentration, +Ferocity, and +Precision) stats.""","«Рецепт изготовления вознесённого щита со характеристиками Прорицателя (сила, концентрация, свирепость и точность)»."
"""A recipe to make an ascended shield with Dragon's (+Power, +Ferocity, +Precision, and +Vitality) stats.""","«Рецепт изготовления вознесенного щита со характеристиками Дракона (сила, свирепость, точность и живучесть)»."
"""A recipe to make an ascended shield with Giver's (+Toughness, +Healing, and +Concentration) stats.""","«Рецепт изготовления вознесенного щита со характеристиками Дарителя (стойкость, исцеление и концентрация)»."
"""A recipe to make an ascended shield with Grieving (+Power, +Condition Damage, +Ferocity, and +Precision) stats.""","«Рецепт изготовления вознесенного щита со характеристиками скорби (сила, урон от состояний, свирепость и точность)»."
"""A recipe to make an ascended shield with Harrier's (+Power, +Healing, and +Concentration) stats.""","«Рецепт изготовления вознесённого щита со характеристиками Харриера (сила, исцеление и концентрация)»."
"""A recipe to make an ascended shield with Knight (+Toughness, +Power, and +Precision) stats.""","«Рецепт изготовления вознесённого щита со характеристиками рыцаря (стойкость, сила и точность)»."
"""A recipe to make an ascended shield with Magi (+Healing Power, +Precision, and +Vitality) stats.""","«Рецепт изготовления вознесённого щита со характеристиками мага (исцеляющая сила, точность и живучесть)»."
"""A recipe to make an ascended shield with Marauder (+Power, +Precision, +Vitality, and +Ferocity) stats.""","«Рецепт изготовления вознесённого щита со характеристиками Мародера (сила, точность, живучесть и свирепость)»."
"""A recipe to make an ascended shield with Marshal's (+Power, +Healing, +Condition Damage, and +Precision) stats.""","«Рецепт изготовления вознесённого щита со характеристиками Маршала (сила, исцеление, урон от состояний и точность)»."
"""A recipe to make an ascended shield with Minstrel's (+Toughness, +Healing, +Concentration, and +Vitality) stats.""","«Рецепт изготовления вознесённого щита со характеристиками Менестреля (стойкость, исцеление, концентрация и живучесть)»."
"""A recipe to make an ascended shield with Nomad's (+Toughness, +Healing, and +Vitality) stats.""","«Рецепт изготовления вознесённого щита со характеристиками Кочевника (стойкость, исцеление и живучесть)»."
"""A recipe to make an ascended shield with Plaguedoctor's (+Condition Damage, +Vitality, +Concentration, and +Healing Power) stats.""","«Рецепт изготовления вознесенного щита со характеристиками Чумного доктора (урон от состояний, живучесть, концентрация и сила исцеления)»."
"""A recipe to make an ascended shield with Rabid (+Condition Damage, +Precision, and +Toughness) stats.""","«Рецепт изготовления вознесенного щита со характеристиками Бешеного (урон от состояний, точность и выносливость)»."
"""A recipe to make an ascended shield with Rampager (+Precision, +Condition Damage, and +Power) stats.""","«Рецепт изготовления вознесённого щита со характеристиками Буйства (точность, урон от состояний и сила)»."
"""A recipe to make an ascended shield with Ritualist's (+Condition Damage, +Concentration, +Expertise, and +Vitality) stats.""","«Рецепт изготовления вознесенного щита со характеристиками Ритуалиста (урон от состояний, концентрация, мастерство и живучесть)»."
"""A recipe to make an ascended shield with Sentinel (+Vitality, +Power, and +Toughness) stats.""","«Рецепт изготовления вознесённого щита со характеристиками Стража (Живучесть, Сила и Стойкость)»."
"""A recipe to make an ascended shield with Seraph (+Condition Damage, +Precision, +Concentration, and +Healing Power) stats.""","«Рецепт изготовления вознесенного щита со характеристиками Серафима (урон от состояний, точность, концентрация и сила исцеления)»."
"""A recipe to make an ascended shield with Settler (+Toughness, +Healing Power, and +Condition Damage) stats.""","«Рецепт изготовления вознесённого щита со характеристиками поселенца (стойкость, сила исцеления и урон от состояний)»."
"""A recipe to make an ascended shield with Shaman (+Vitality, +Condition Damage, and +Healing Power) stats.""","«Рецепт изготовления вознесенного щита со характеристиками Шамана (живучесть, урон от состояний и сила исцеления)»."
"""A recipe to make an ascended shield with Sinister (+Condition Damage, +Power, and +Precision) stats.""","«Рецепт изготовления вознесённого щита со характеристиками Зловещего (Урон от состояний, Сила и Точность)»."
"""A recipe to make an ascended shield with Soldier (+Power, +Vitality, and +Toughness) stats.""","«Рецепт изготовления вознесённого щита со характеристиками солдата (сила, живучесть и выносливость)»."
"""A recipe to make an ascended shield with Trailblazer's (+Toughness, +Condition Damage, +Expertise, and +Vitality) stats.""","«Рецепт изготовления вознесенного щита со характеристиками Первопроходца (стойкость, урон от состояний, мастерство и живучесть)»."
"""A recipe to make an ascended shield with Valkyrie (+Power, +Ferocity, and +Vitality) stats.""","«Рецепт изготовления вознесённого щита со характеристиками Валькирии (сила, свирепость и живучесть)»."
"""A recipe to make an ascended shield with Vigilant (+Power, +Toughness, +Concentration, and +Expertise) stats.""","«Рецепт изготовления вознесенного щита со характеристиками бдительности (сила, выносливость, концентрация и мастерство»)."
"""A recipe to make an ascended shield with Viper's (+Condition Damage, +Power, +Expertise, and +Precision) stats.""","«Рецепт изготовления вознесённого щита со характеристиками Змеи (урон от состояний, сила, мастерство и точность)»."
"""A recipe to make an ascended shield with Wanderer's (+Power, +Vitality, +Concentration, and +Toughness) stats.""","«Рецепт изготовления вознесённого щита со характеристиками Странника (сила, живучесть, концентрация и выносливость)»."
"""A recipe to make an ascended shield with Zealot's (+Power, +Precision, +Healing) stats.""","«Рецепт изготовления вознесенного щита со характеристиками фанатика (сила, точность, исцеление)»."
"""A recipe to make an ascended short bow with Apothecary (+Healing Power, +Toughness, and +Condition Damage) stats.""","«Рецепт изготовления вознесенного короткого лука со статами аптекаря (исцеляющая сила, выносливость и урон от состояний»)."
"""A recipe to make an ascended short bow with Assassin (+Precision, +Power, and +Ferocity) stats.""","«Рецепт изготовления вознесенного короткого лука со характеристиками убийцы (точность, сила и свирепость)»."
"""A recipe to make an ascended short bow with Berserker (+Power, +Ferocity, and +Precision) stats.""","«Рецепт изготовления вознесенного короткого лука со характеристиками Берсерка (сила, свирепость и точность)»."
"""A recipe to make an ascended short bow with Bringer's (+Expertise, +Vitality, and +Precision) stats.""","«Рецепт изготовления вознесенного короткого лука со характеристиками Брингера (экспертиза, живучесть и точность)»."
"""A recipe to make an ascended short bow with Carrion (+Condition Damage, +Power, and +Vitality) stats.""","«Рецепт изготовления вознесенного короткого лука со характеристиками Падали (урон от состояний, сила и живучесть)»."
"""A recipe to make an ascended short bow with Cavalier (+Toughness, +Power, and +Ferocity) stats.""","«Рецепт изготовления вознесенного короткого лука с кавалерийскими характеристиками (стойкость, сила и свирепость)»."
"""A recipe to make an ascended short bow with Cleric (+Healing Power, +Power, and +Toughness) stats.""","«Рецепт изготовления вознесенного короткого лука со характеристиками клирика (исцеляющая сила, сила и выносливость)»."
"""A recipe to make an ascended short bow with Commander's (+Power, +Precision, +Toughness, and +Concentration) stats.""","«Рецепт изготовления вознесенного короткого лука с характеристиками командира (сила, точность, выносливость и концентрация)»."
"""A recipe to make an ascended short bow with Crusader (+Power, +Toughness, +Ferocity, and +Healing) stats.""","«Рецепт изготовления вознесенного короткого лука со характеристиками крестоносца (сила, выносливость, свирепость и исцеление)»."
"""A recipe to make an ascended short bow with Dire (+Condition Damage, +Vitality, and +Toughness) stats.""","«Рецепт изготовления вознесенного короткого лука со характеристиками Dire (урон от состояний, живучесть и выносливость)»."
"""A recipe to make an ascended short bow with Diviner's (+Power, +Concentration, +Ferocity, and +Precision) stats.""","«Рецепт изготовления вознесенного короткого лука со характеристиками Прорицателя (сила, концентрация, свирепость и точность)»."
"""A recipe to make an ascended short bow with Dragon's (+Power, +Ferocity, +Precision, and +Vitality) stats.""","«Рецепт изготовления вознесенного короткого лука со характеристиками Дракона (сила, свирепость, точность и живучесть)»."
"""A recipe to make an ascended short bow with Giver's (+Toughness, +Healing, and +Concentration) stats.""","«Рецепт изготовления вознесенного короткого лука со характеристиками Дарителя (стойкость, исцеление и концентрация)»."
"""A recipe to make an ascended short bow with Grieving (+Power, +Condition Damage, +Ferocity, and +Precision) stats.""","«Рецепт изготовления вознесенного короткого лука со характеристиками скорби (сила, урон от состояний, свирепость и точность)»."
"""A recipe to make an ascended short bow with Harrier's (+Power, +Healing, and +Concentration) stats.""","«Рецепт изготовления вознесенного короткого лука со характеристиками Харриера (сила, исцеление и концентрация)»."
"""A recipe to make an ascended short bow with Knight (+Toughness, +Power, and +Precision) stats.""","«Рецепт изготовления вознесенного короткого лука со характеристиками рыцаря (стойкость, сила и точность)»."
"""A recipe to make an ascended short bow with Magi (+Healing Power, +Precision, and +Vitality) stats.""","«Рецепт изготовления вознесенного короткого лука со характеристиками мага (исцеляющая сила, точность и живучесть)»."
"""A recipe to make an ascended short bow with Marauder (+Power, +Precision, +Vitality, and +Ferocity) stats.""","«Рецепт изготовления вознесенного короткого лука со характеристиками Мародера (сила, точность, живучесть и свирепость)»."
"""A recipe to make an ascended short bow with Marshal's (+Power, +Healing, +Condition Damage, and +Precision) stats.""","«Рецепт изготовления вознесенного короткого лука со характеристиками Маршала (сила, исцеление, урон от состояний и точность)»."
"""A recipe to make an ascended short bow with Minstrel's (+Toughness, +Healing, +Concentration, and +Vitality) stats.""","«Рецепт изготовления вознесенного короткого лука со характеристиками Менестреля (стойкость, исцеление, концентрация и живучесть)»."
"""A recipe to make an ascended short bow with Plaguedoctor's (+Condition Damage, +Vitality, +Concentration, and +Healing Power) stats.""","«Рецепт изготовления вознесенного короткого лука со характеристиками Чумного доктора (урон от состояний, живучесть, концентрация и сила исцеления)»."
"""A recipe to make an ascended short bow with Rabid (+Condition Damage, +Precision, and +Toughness) stats.""","«Рецепт изготовления вознесенного короткого лука со характеристиками «Бешеный» (урон от состояний, точность и выносливость)»."
"""A recipe to make an ascended short bow with Rampager (+Precision, +Condition Damage, and +Power) stats.""","«Рецепт изготовления вознесенного короткого лука со характеристиками Буйника (точность, урон от состояний и сила)»."
"""A recipe to make an ascended short bow with Ritualist's (+Condition Damage, +Concentration, +Expertise, and +Vitality) stats.""","«Рецепт изготовления вознесенного короткого лука со характеристиками Ритуалиста (урон от состояний, концентрация, мастерство и живучесть)»."
"""A recipe to make an ascended short bow with Sentinel (+Vitality, +Power, and +Toughness) stats.""","«Рецепт изготовления вознесенного короткого лука со характеристиками Стража (Живучесть, Сила и Стойкость)»."
"""A recipe to make an ascended short bow with Seraph (+Condition Damage, +Precision, +Concentration, and +Healing Power) stats.""","«Рецепт изготовления вознесенного короткого лука со характеристиками Серафима (урон от состояний, точность, концентрация и сила исцеления)»."
"""A recipe to make an ascended short bow with Settler (+Toughness, +Healing Power, and +Condition Damage) stats.""","«Рецепт изготовления вознесенного короткого лука со характеристиками поселенца (стойкость, сила исцеления и урон от состояний)»."
"""A recipe to make an ascended short bow with Shaman (+Vitality, +Condition Damage, and +Healing Power) stats.""","«Рецепт изготовления вознесенного короткого лука со характеристиками Шамана (живучесть, урон от состояний и сила исцеления)»."
"""A recipe to make an ascended short bow with Sinister (+Condition Damage, +Power, and +Precision) stats.""","«Рецепт изготовления вознесенного короткого лука со характеристиками Зловещего (Урон от состояний, Сила и Точность)»."
"""A recipe to make an ascended short bow with Soldier (+Power, +Vitality, and +Toughness) stats.""","«Рецепт изготовления вознесенного короткого лука со характеристиками солдата (сила, живучесть и выносливость)»."
"""A recipe to make an ascended short bow with Trailblazer's (+Toughness, +Condition Damage, +Expertise, and +Vitality) stats.""","«Рецепт изготовления вознесенного короткого лука со характеристиками Первопроходца (стойкость, урон от состояний, мастерство и живучесть)»."
"""A recipe to make an ascended short bow with Valkyrie (+Power, +Ferocity, and +Vitality) stats.""","«Рецепт изготовления вознесенного короткого лука со характеристиками Валькирии (сила, свирепость и живучесть)»."
"""A recipe to make an ascended short bow with Vigilant (+Power, +Toughness, +Concentration, and +Expertise) stats.""","«Рецепт изготовления вознесенного короткого лука со характеристиками бдительности (сила, выносливость, концентрация и мастерство»)."
"""A recipe to make an ascended short bow with Viper's (+Condition Damage, +Power, +Expertise, and +Precision) stats.""","«Рецепт изготовления вознесенного короткого лука со характеристиками Гадюки (урон от состояний, сила, мастерство и точность)»."
"""A recipe to make an ascended short bow with Wanderer's (+Power, +Vitality, +Concentration, and +Toughness) stats.""","«Рецепт изготовления вознесенного короткого лука со характеристиками Странника (сила, живучесть, концентрация и выносливость)»."
"""A recipe to make an ascended short bow with Zealot's (+Power, +Precision, +Healing) stats.""","«Рецепт изготовления вознесенного короткого лука со характеристиками Зелота (сила, точность, исцеление)»."
"""A recipe to make an ascended spear with Apothecary (+Healing Power, +Toughness, and +Condition Damage) stats.""","«Рецепт изготовления вознесённого копья со характеристиками аптекаря (сила исцеления, выносливость и урон от состояний)»."
"""A recipe to make an ascended spear with Assassin (+Precision, +Power, and +Ferocity) stats.""","«Рецепт изготовления вознесённого копья со характеристиками убийцы (точность, сила и свирепость)»."
"""A recipe to make an ascended spear with Berserker (+Power, +Ferocity, and +Precision) stats.""","«Рецепт изготовления вознесённого копья со характеристиками Берсерка (сила, свирепость и точность)»."
"""A recipe to make an ascended spear with Bringer's (+Expertise, +Vitality, and +Precision) stats.""","«Рецепт изготовления вознесенного копья со характеристиками Брингера (экспертиза, живучесть и точность)»."
"""A recipe to make an ascended spear with Carrion (+Condition Damage, +Power, and +Vitality) stats.""","«Рецепт изготовления вознесённого копья со характеристиками Падали (Урон от состояний, Сила и Живучесть)»."
"""A recipe to make an ascended spear with Cavalier (+Toughness, +Power, and +Ferocity) stats.""","«Рецепт изготовления вознесённого копья со характеристиками Кавалера (стойкость, сила и свирепость)»."
"""A recipe to make an ascended spear with Cleric (+Healing Power, +Power, and +Toughness) stats.""","«Рецепт изготовления вознесённого копья со характеристиками клирика (исцеляющая сила, сила и выносливость)»."
"""A recipe to make an ascended spear with Commander's (+Power, +Precision, +Toughness, and +Concentration) stats.""","«Рецепт изготовления вознесённого копья со характеристиками командира (сила, точность, выносливость и концентрация)»."
"""A recipe to make an ascended spear with Crusader (+Power, +Toughness, +Ferocity, and +Healing) stats.""","«Рецепт изготовления вознесённого копья со характеристиками крестоносца (сила, выносливость, свирепость и исцеление)»."
"""A recipe to make an ascended spear with Dire (+Condition Damage, +Vitality, and +Toughness) stats.""","«Рецепт изготовления вознесенного копья со характеристиками ужаса (урон от состояний, живучесть и выносливость)»."
"""A recipe to make an ascended spear with Diviner's (+Power, +Concentration, +Ferocity, and +Precision) stats.""","«Рецепт изготовления вознесённого копья со характеристиками Прорицателя (сила, концентрация, свирепость и точность)»."
"""A recipe to make an ascended spear with Dragon's (+Power, +Ferocity, +Precision, and +Vitality) stats.""","«Рецепт изготовления вознесенного копья со характеристиками Дракона (сила, свирепость, точность и живучесть)»."
"""A recipe to make an ascended spear with Giver's (+Toughness, +Healing, and +Concentration) stats.""","«Рецепт изготовления вознесенного копья со характеристиками Дарителя (стойкость, исцеление и концентрация)»."
"""A recipe to make an ascended spear with Grieving (+Power, +Condition Damage, +Ferocity, and +Precision) stats.""","«Рецепт изготовления вознесенного копья со характеристиками скорби (сила, урон от состояний, свирепость и точность)»."
"""A recipe to make an ascended spear with Harrier's (+Power, +Healing, and +Concentration) stats.""","«Рецепт изготовления вознесённого копья со характеристиками Харриера (сила, исцеление и концентрация)»."
"""A recipe to make an ascended spear with Knight (+Toughness, +Power, and +Precision) stats.""","«Рецепт изготовления вознесённого копья со характеристиками рыцаря (стойкость, сила и точность)»."
"""A recipe to make an ascended spear with Magi (+Healing Power, +Precision, and +Vitality) stats.""","«Рецепт изготовления вознесенного копья со характеристиками мага (исцеляющая сила, точность и живучесть)»."
"""A recipe to make an ascended spear with Marauder (+Power, +Precision, +Vitality, and +Ferocity) stats.""","«Рецепт изготовления вознесённого копья со характеристиками мародера (сила, точность, живучесть и свирепость)»."
"""A recipe to make an ascended spear with Marshal's (+Power, +Healing, +Condition Damage, and +Precision) stats.""","«Рецепт изготовления вознесенного копья со характеристиками Маршала (сила, исцеление, урон от состояний и точность)»."
"""A recipe to make an ascended spear with Minstrel's (+Toughness, +Healing, +Concentration, and +Vitality) stats.""","«Рецепт изготовления вознесённого копья со характеристиками Менестреля (стойкость, исцеление, концентрация и живучесть)»."
"""A recipe to make an ascended spear with Nomad's (+Toughness, +Healing, and +Vitality) stats.""","«Рецепт изготовления вознесённого копья со характеристиками Кочевника (стойкость, исцеление и живучесть)»."
"""A recipe to make an ascended spear with Plaguedoctor's (+Condition Damage, +Vitality, +Concentration, and +Healing Power) stats.""","«Рецепт изготовления вознесенного копья со характеристиками Чумного доктора (урон от состояний, живучесть, концентрация и сила исцеления)»."
"""A recipe to make an ascended spear with Rabid (+Condition Damage, +Precision, and +Toughness) stats.""","«Рецепт изготовления вознесенного копья со характеристиками Бешеного (Урон от состояний, Точность и Стойкость)»."
"""A recipe to make an ascended spear with Rampager (+Precision, +Condition Damage, and +Power) stats.""","«Рецепт изготовления вознесенного копья со характеристиками Буйства (точность, урон от состояний и сила)»."
"""A recipe to make an ascended spear with Ritualist's (+Condition Damage, +Concentration, +Expertise, and +Vitality) stats.""","«Рецепт изготовления вознесенного копья со характеристиками Ритуалиста (урон от состояний, концентрация, мастерство и живучесть)»."
"""A recipe to make an ascended spear with Sentinel (+Vitality, +Power, and +Toughness) stats.""","«Рецепт изготовления вознесённого копья со характеристиками Стража (Живучесть, Сила и Стойкость)»."
"""A recipe to make an ascended spear with Seraph (+Condition Damage, +Precision, +Concentration, and +Healing Power) stats.""","«Рецепт изготовления вознесённого копья со характеристиками Серафима (Урон от состояний, Точность, Концентрация и Сила исцеления)»."
"""A recipe to make an ascended spear with Settler (+Toughness, +Healing Power, and +Condition Damage) stats.""","«Рецепт изготовления вознесенного копья со характеристиками поселенца (стойкость, сила исцеления и урон от состояний)»."
"""A recipe to make an ascended spear with Shaman (+Vitality, +Condition Damage, and +Healing Power) stats.""","«Рецепт изготовления вознесенного копья со характеристиками Шамана (живучесть, урон от состояний и сила исцеления)»."
"""A recipe to make an ascended spear with Sinister (+Condition Damage, +Power, and +Precision) stats.""","«Рецепт изготовления вознесённого копья со характеристиками Зловещего (Урон от состояний, Сила и Точность)»."
"""A recipe to make an ascended spear with Soldier (+Power, +Vitality, and +Toughness) stats.""","«Рецепт изготовления вознесённого копья со характеристиками солдата (сила, живучесть и выносливость)»."
"""A recipe to make an ascended spear with Trailblazer's (+Toughness, +Condition Damage, +Expertise, and +Vitality) stats.""","«Рецепт изготовления вознесенного копья со характеристиками Первопроходца (стойкость, урон от состояний, мастерство и живучесть)»."
"""A recipe to make an ascended spear with Valkyrie (+Power, +Ferocity, and +Vitality) stats.""","«Рецепт изготовления вознесённого копья со характеристиками Валькирии (сила, свирепость и живучесть)»."
"""A recipe to make an ascended spear with Vigilant (+Power, +Toughness, +Concentration, and +Expertise) stats.""","«Рецепт изготовления вознесенного копья со характеристиками бдительности (сила, выносливость, концентрация и мастерство»)."
"""A recipe to make an ascended spear with Viper's (+Condition Damage, +Power, +Expertise, and +Precision) stats.""","«Рецепт изготовления вознесённого копья со характеристиками Змеи (урон от состояний, сила, мастерство и точность)»."
"""A recipe to make an ascended spear with Wanderer's (+Power, +Vitality, +Concentration, and +Toughness) stats.""","«Рецепт изготовления вознесённого копья со характеристиками Странника (сила, живучесть, концентрация и выносливость)»."
"""A recipe to make an ascended spear with Zealot's (+Power, +Precision, +Healing) stats.""","«Рецепт изготовления вознесённого копья со характеристиками Зелота (сила, точность, исцеление)»."
"""A recipe to make an ascended staff with Apothecary (+Healing Power, +Toughness, and +Condition Damage) stats.""","«Рецепт создания вознесённого посоха со характеристиками аптекаря (исцеляющая сила, выносливость и урон от состояний)»."
"""A recipe to make an ascended staff with Assassin (+Precision, +Power, and +Ferocity) stats.""","«Рецепт изготовления вознесенного посоха со характеристиками убийцы (точность, сила и свирепость)»."
"""A recipe to make an ascended staff with Berserker (+Power, +Ferocity, and +Precision) stats.""","«Рецепт изготовления вознесенного посоха со характеристиками Берсерка (сила, свирепость и точность)»."
"""A recipe to make an ascended staff with Bringer's (+Expertise, +Vitality, and +Precision) stats.""","«Рецепт изготовления вознесенного посоха со характеристиками Брингера (экспертиза, живучесть и точность)»."
"""A recipe to make an ascended staff with Carrion (+Condition Damage, +Power, and +Vitality) stats.""","«Рецепт изготовления вознесённого посоха со характеристиками Падали (Урон от состояний, Сила и Живучесть)»."
"""A recipe to make an ascended staff with Cavalier (+Toughness, +Power, and +Ferocity) stats.""","«Рецепт изготовления вознесенного посоха с характеристиками Кавалера (стойкость, сила и свирепость)»."
"""A recipe to make an ascended staff with Cleric (+Healing Power, +Power, and +Toughness) stats.""","«Рецепт изготовления вознесённого посоха со характеристиками клирика (исцеляющая сила, сила и выносливость)»."
"""A recipe to make an ascended staff with Commander's (+Power, +Precision, +Toughness, and +Concentration) stats.""","«Рецепт изготовления вознесенного посоха со характеристиками командира (сила, точность, выносливость и концентрация)»."
"""A recipe to make an ascended staff with Crusader (+Power, +Toughness, +Ferocity, and +Healing) stats.""","«Рецепт изготовления вознесённого посоха со характеристиками крестоносца (сила, выносливость, свирепость и исцеление)»."
"""A recipe to make an ascended staff with Dire (+Condition Damage, +Vitality, and +Toughness) stats.""","«Рецепт создания вознесенного посоха со характеристиками ужаса (урон от состояний, живучесть и выносливость)»."
"""A recipe to make an ascended staff with Diviner's (+Power, +Concentration, +Ferocity, and +Precision) stats.""","«Рецепт изготовления вознесенного посоха со характеристиками Прорицателя (сила, концентрация, свирепость и точность)»."
"""A recipe to make an ascended staff with Dragon's (+Power, +Ferocity, +Precision, and +Vitality) stats.""","«Рецепт изготовления вознесенного посоха со характеристиками Дракона (сила, свирепость, точность и живучесть)»."
"""A recipe to make an ascended staff with Giver's (+Toughness, +Healing, and +Concentration) stats.""","«Рецепт изготовления вознесенного посоха со характеристиками Дарителя (стойкость, исцеление и концентрация)»."
"""A recipe to make an ascended staff with Grieving (+Power, +Condition Damage, +Ferocity, and +Precision) stats.""","«Рецепт изготовления вознесенного посоха со характеристиками скорби (сила, урон от состояний, свирепость и точность)»."
"""A recipe to make an ascended staff with Harrier's (+Power, +Healing, and +Concentration) stats.""","«Рецепт изготовления вознесённого посоха со характеристиками Харриера (сила, исцеление и концентрация)»."
"""A recipe to make an ascended staff with Knight (+Toughness, +Power, and +Precision) stats.""","«Рецепт изготовления вознесенного посоха со характеристиками рыцаря (стойкость, сила и точность)»."
"""A recipe to make an ascended staff with Magi (+Healing Power, +Precision, and +Vitality) stats.""","«Рецепт изготовления вознесённого посоха со характеристиками мага (исцеляющая сила, точность и живучесть)»."
"""A recipe to make an ascended staff with Marauder (+Power, +Precision, +Vitality, and +Ferocity) stats.""","«Рецепт изготовления вознесенного посоха со характеристиками мародера (сила, точность, живучесть и свирепость)»."
"""A recipe to make an ascended staff with Marshal's (+Power, +Healing, +Condition Damage, and +Precision) stats.""","«Рецепт изготовления вознесенного посоха со характеристиками Маршала (сила, исцеление, урон от состояний и точность)»."
"""A recipe to make an ascended staff with Minstrel's (+Toughness, +Healing, +Concentration, and +Vitality) stats.""","«Рецепт изготовления вознесённого посоха со характеристиками Менестреля (стойкость, исцеление, концентрация и живучесть)»."
"""A recipe to make an ascended staff with Nomad's (+Toughness, +Healing, and +Vitality) stats.""","«Рецепт изготовления вознесенного посоха со характеристиками Кочевника (стойкость, исцеление и живучесть)»."
"""A recipe to make an ascended staff with Plaguedoctor's (+Condition Damage, +Vitality, +Concentration, and +Healing Power) stats.""","«Рецепт изготовления вознесенного посоха со характеристиками Чумного доктора (урон от состояний, живучесть, концентрация и сила исцеления)»."
"""A recipe to make an ascended staff with Rabid (+Condition Damage, +Precision, and +Toughness) stats.""","«Рецепт создания вознесенного посоха со характеристиками Бешеного (урон от состояний, точность и выносливость)»."
"""A recipe to make an ascended staff with Rampager (+Precision, +Condition Damage, and +Power) stats.""","«Рецепт изготовления вознесённого посоха со характеристиками Буйства (точность, урон от состояний и сила)»."
"""A recipe to make an ascended staff with Ritualist's (+Condition Damage, +Concentration, +Expertise, and +Vitality) stats.""","«Рецепт изготовления вознесенного посоха со характеристиками Ритуалиста (урон от состояний, концентрация, мастерство и живучесть)»."
"""A recipe to make an ascended staff with Sentinel (+Vitality, +Power, and +Toughness) stats.""","«Рецепт изготовления вознесенного посоха со характеристиками Стража (жизненная сила, сила и выносливость)»."
"""A recipe to make an ascended staff with Seraph (+Condition Damage, +Precision, +Concentration, and +Healing Power) stats.""","«Рецепт изготовления вознесенного посоха со характеристиками Серафима (урон от состояний, точность, концентрация и сила исцеления)»."
"""A recipe to make an ascended staff with Settler (+Toughness, +Healing Power, and +Condition Damage) stats.""","«Рецепт изготовления вознесенного посоха со характеристиками поселенца (стойкость, сила исцеления и урон от состояний)»."
"""A recipe to make an ascended staff with Shaman (+Vitality, +Condition Damage, and +Healing Power) stats.""","«Рецепт изготовления вознесенного посоха со характеристиками Шамана (живучесть, урон от состояний и сила исцеления)»."
"""A recipe to make an ascended staff with Sinister (+Condition Damage, +Power, and +Precision) stats.""","«Рецепт изготовления вознесенного посоха со зловещими характеристиками (урон от состояний, сила и точность)»."
"""A recipe to make an ascended staff with Soldier (+Power, +Vitality, and +Toughness) stats.""","«Рецепт изготовления вознесённого посоха со характеристиками солдата (сила, живучесть и выносливость)»."
"""A recipe to make an ascended staff with Trailblazer's (+Toughness, +Condition Damage, +Expertise, and +Vitality) stats.""","«Рецепт изготовления вознесенного посоха со характеристиками Первопроходца (стойкость, урон от состояний, мастерство и живучесть)»."
"""A recipe to make an ascended staff with Valkyrie (+Power, +Ferocity, and +Vitality) stats.""","«Рецепт изготовления вознесённого посоха со характеристиками Валькирии (сила, свирепость и живучесть)»."
"""A recipe to make an ascended staff with Vigilant (+Power, +Toughness, +Concentration, and +Expertise) stats.""","«Рецепт создания вознесенного посоха со характеристиками бдительности (сила, выносливость, концентрация и мастерство»)."
"""A recipe to make an ascended staff with Viper's (+Condition Damage, +Power, +Expertise, and +Precision) stats.""","«Рецепт изготовления вознесённого посоха со характеристиками Змеи (урон от состояний, сила, мастерство и точность)»."
"""A recipe to make an ascended staff with Wanderer's (+Power, +Vitality, +Concentration, and +Toughness) stats.""","«Рецепт изготовления вознесённого посоха со характеристиками Странника (сила, живучесть, концентрация и выносливость)»."
"""A recipe to make an ascended staff with Zealot's (+Power, +Precision, +Healing) stats.""","«Рецепт изготовления вознесенного посоха со характеристиками фанатика (сила, точность, исцеление)»."
"""A recipe to make an ascended sword with Apothecary (+Healing Power, +Toughness, and +Condition Damage) stats.""","«Рецепт изготовления вознесённого меча со характеристиками аптекаря (исцеляющая сила, выносливость и урон от состояний)»."
"""A recipe to make an ascended sword with Assassin (+Precision, +Power, and +Ferocity) stats.""","«Рецепт изготовления вознесённого меча со характеристиками убийцы (точность, сила и свирепость)»."
"""A recipe to make an ascended sword with Berserker (+Power, +Ferocity, and +Precision) stats.""","«Рецепт изготовления вознесенного меча со характеристиками Берсерка (сила, свирепость и точность)»."
"""A recipe to make an ascended sword with Bringer's (+Expertise, +Vitality, and +Precision) stats.""","«Рецепт изготовления вознесенного меча со характеристиками Брингера (экспертиза, живучесть и точность)»."
"""A recipe to make an ascended sword with Carrion (+Condition Damage, +Power, and +Vitality) stats.""","«Рецепт изготовления вознесённого меча со характеристиками Падали (Урон от состояний, Сила и Живучесть)»."
"""A recipe to make an ascended sword with Cavalier (+Toughness, +Power, and +Ferocity) stats.""","«Рецепт изготовления вознесенного меча со характеристиками Кавалера (стойкость, сила и свирепость)»."
"""A recipe to make an ascended sword with Cleric (+Healing Power, +Power, and +Toughness) stats.""","«Рецепт изготовления вознесённого меча со характеристиками клирика (исцеляющая сила, сила и выносливость)»."
"""A recipe to make an ascended sword with Commander's (+Power, +Precision, +Toughness, and +Concentration) stats.""","«Рецепт изготовления вознесенного меча со характеристиками командира (сила, точность, выносливость и концентрация)»."
"""A recipe to make an ascended sword with Crusader (+Power, +Toughness, +Ferocity, and +Healing) stats.""","«Рецепт изготовления вознесённого меча со характеристиками крестоносца (сила, выносливость, свирепость и исцеление)»."
"""A recipe to make an ascended sword with Dire (+Condition Damage, +Vitality, and +Toughness) stats.""","«Рецепт изготовления вознесенного меча со характеристиками Dire (урон от состояний, живучесть и выносливость)»."
"""A recipe to make an ascended sword with Diviner's (+Power, +Concentration, +Ferocity, and +Precision) stats.""","«Рецепт изготовления вознесённого меча со характеристиками Прорицателя (сила, концентрация, свирепость и точность)»."
"""A recipe to make an ascended sword with Dragon's (+Power, +Ferocity, +Precision, and +Vitality) stats.""","«Рецепт изготовления вознесенного меча со характеристиками Дракона (сила, свирепость, точность и живучесть)»."
"""A recipe to make an ascended sword with Giver's (+Toughness, +Healing, and +Concentration) stats.""","«Рецепт изготовления вознесённого меча со характеристиками Дарителя (стойкость, исцеление и концентрация)»."
"""A recipe to make an ascended sword with Grieving (+Power, +Condition Damage, +Ferocity, and +Precision) stats.""","«Рецепт изготовления вознесенного меча со характеристиками скорби (сила, урон от состояний, свирепость и точность)»."
"""A recipe to make an ascended sword with Harrier's (+Power, +Healing, and +Concentration) stats.""","«Рецепт изготовления вознесенного меча со характеристиками Харриера (сила, исцеление и концентрация)»."
"""A recipe to make an ascended sword with Knight (+Toughness, +Power, and +Precision) stats.""","«Рецепт изготовления вознесенного меча со характеристиками рыцаря (стойкость, сила и точность)»."
"""A recipe to make an ascended sword with Magi (+Healing Power, +Precision, and +Vitality) stats.""","«Рецепт изготовления вознесённого меча со характеристиками мага (исцеляющая сила, точность и живучесть)»."
"""A recipe to make an ascended sword with Marauder (+Power, +Precision, +Vitality, and +Ferocity) stats.""","«Рецепт изготовления вознесённого меча со характеристиками мародера (сила, точность, живучесть и свирепость)»."
"""A recipe to make an ascended sword with Marshal's (+Power, +Healing, +Condition Damage, and +Precision) stats.""","«Рецепт изготовления вознесённого меча со характеристиками Маршала (сила, исцеление, урон от состояний и точность)»."
"""A recipe to make an ascended sword with Minstrel's (+Toughness, +Healing, +Concentration, and +Vitality) stats.""","«Рецепт изготовления вознесённого меча со характеристиками Менестреля (стойкость, исцеление, концентрация и живучесть)»."
"""A recipe to make an ascended sword with Nomad's (+Toughness, +Healing, and +Vitality) stats.""","«Рецепт изготовления вознесённого меча со характеристиками Кочевника (стойкость, исцеление и живучесть)»."
"""A recipe to make an ascended sword with Plaguedoctor's (+Condition Damage, +Vitality, +Concentration, and +Healing Power) stats.""","«Рецепт изготовления вознесенного меча со характеристиками Чумного доктора (урон от состояний, живучесть, концентрация и сила исцеления)»."
"""A recipe to make an ascended sword with Rabid (+Condition Damage, +Precision, and +Toughness) stats.""","«Рецепт изготовления вознесенного меча со характеристиками Бешеного (Урон от состояния, Точность и Стойкость)»."
"""A recipe to make an ascended sword with Rampager (+Precision, +Condition Damage, and +Power) stats.""","«Рецепт изготовления вознесённого меча со характеристиками Буйства (точность, урон от состояний и сила)»."
"""A recipe to make an ascended sword with Ritualist's (+Condition Damage, +Concentration, +Expertise, and +Vitality) stats.""","«Рецепт изготовления вознесенного меча со характеристиками Ритуалиста (урон от состояний, концентрация, мастерство и живучесть)»."
"""A recipe to make an ascended sword with Sentinel (+Vitality, +Power, and +Toughness) stats.""","«Рецепт изготовления вознесённого меча со характеристиками Стража (Живучесть, Сила и Стойкость)»."
"""A recipe to make an ascended sword with Seraph (+Condition Damage, +Precision, +Concentration, and +Healing Power) stats.""","«Рецепт изготовления вознесённого меча со характеристиками Серафима (Урон от состояний, Точность, Концентрация и Сила исцеления)»."
"""A recipe to make an ascended sword with Settler (+Toughness, +Healing Power, and +Condition Damage) stats.""","«Рецепт изготовления вознесённого меча со характеристиками поселенца (стойкость, сила исцеления и урон от состояний)»."
"""A recipe to make an ascended sword with Shaman (+Vitality, +Condition Damage, and +Healing Power) stats.""","«Рецепт изготовления вознесенного меча со характеристиками Шамана (живучесть, урон от состояний и сила исцеления)»."
"""A recipe to make an ascended sword with Sinister (+Condition Damage, +Power, and +Precision) stats.""","«Рецепт изготовления вознесённого меча со характеристиками Зловещего (Урон от состояний, Сила и Точность)»."
"""A recipe to make an ascended sword with Soldier (+Power, +Vitality, and +Toughness) stats.""","«Рецепт изготовления вознесённого меча со характеристиками солдата (сила, живучесть и выносливость)»."
"""A recipe to make an ascended sword with Trailblazer's (+Toughness, +Condition Damage, +Expertise, and +Vitality) stats.""","«Рецепт изготовления вознесенного меча со характеристиками Первопроходца (стойкость, урон от состояний, мастерство и живучесть)»."
"""A recipe to make an ascended sword with Valkyrie (+Power, +Ferocity, and +Vitality) stats.""","«Рецепт изготовления вознесённого меча со характеристиками Валькирии (сила, свирепость и живучесть)»."
"""A recipe to make an ascended sword with Vigilant (+Power, +Toughness, +Concentration, and +Expertise) stats.""","«Рецепт изготовления вознесенного меча со характеристиками бдительности (сила, выносливость, концентрация и мастерство»)."
"""A recipe to make an ascended sword with Viper's (+Condition Damage, +Power, +Expertise, and +Precision) stats.""","«Рецепт изготовления вознесённого меча со характеристиками Змеи (урон от состояний, сила, мастерство и точность)»."
"""A recipe to make an ascended sword with Wanderer's (+Power, +Vitality, +Concentration, and +Toughness) stats.""","«Рецепт изготовления вознесённого меча со характеристиками Странника (сила, живучесть, концентрация и выносливость)»."
"""A recipe to make an ascended sword with Zealot's (+Power, +Precision, +Healing) stats.""","«Рецепт изготовления вознесённого меча со характеристиками Зелота (сила, точность, исцеление)»."
"""A recipe to make an ascended torch with Apothecary (+Healing Power, +Toughness, and +Condition Damage) stats.""","«Рецепт изготовления вознесённого факела со характеристиками аптекаря (исцеляющая сила, выносливость и урон от состояний)»."
"""A recipe to make an ascended torch with Assassin (+Precision, +Power, and +Ferocity) stats.""","«Рецепт изготовления вознесенного факела со характеристиками убийцы (точность, сила и свирепость)»."
"""A recipe to make an ascended torch with Berserker (+Power, +Ferocity, and +Precision) stats.""","«Рецепт изготовления вознесенного факела со характеристиками Берсерка (сила, свирепость и точность)»."
"""A recipe to make an ascended torch with Bringer's (+Expertise, +Vitality, and +Precision) stats.""","«Рецепт изготовления вознесенного факела со характеристиками Брингера (экспертиза, живучесть и точность)»."
"""A recipe to make an ascended torch with Carrion (+Condition Damage, +Power, and +Vitality) stats.""","«Рецепт изготовления вознесенного факела со характеристиками Падали (урон от состояний, сила и живучесть)»."
"""A recipe to make an ascended torch with Cavalier (+Toughness, +Power, and +Ferocity) stats.""","«Рецепт изготовления вознесенного факела со характеристиками Кавалера (стойкость, сила и свирепость)»."
"""A recipe to make an ascended torch with Cleric (+Healing Power, +Power, and +Toughness) stats.""","«Рецепт изготовления вознесенного факела со характеристиками клирика (исцеляющая сила, сила и выносливость)»."
"""A recipe to make an ascended torch with Commander's (+Power, +Precision, +Toughness, and +Concentration) stats.""","«Рецепт изготовления вознесённого факела со характеристиками командира (сила, точность, выносливость и концентрация)»."
"""A recipe to make an ascended torch with Crusader (+Power, +Toughness, +Ferocity, and +Healing) stats.""","«Рецепт изготовления вознесённого факела со характеристиками крестоносца (сила, выносливость, свирепость и исцеление)»."
"""A recipe to make an ascended torch with Dire (+Condition Damage, +Vitality, and +Toughness) stats.""","«Рецепт изготовления вознесенного факела со характеристиками Dire (урон от состояний, живучесть и выносливость)»."
"""A recipe to make an ascended torch with Diviner's (+Power, +Concentration, +Ferocity, and +Precision) stats.""","«Рецепт изготовления вознесённого факела со характеристиками Прорицателя (сила, концентрация, свирепость и точность)»."
"""A recipe to make an ascended torch with Dragon's (+Power, +Ferocity, +Precision, and +Vitality) stats.""","«Рецепт изготовления вознесенного факела со характеристиками Дракона (сила, свирепость, точность и живучесть)»."
"""A recipe to make an ascended torch with Giver's (+Toughness, +Healing, and +Concentration) stats.""","«Рецепт изготовления вознесённого факела со характеристиками Дарителя (стойкость, исцеление и концентрация)»."
"""A recipe to make an ascended torch with Grieving (+Power, +Condition Damage, +Ferocity, and +Precision) stats.""","«Рецепт изготовления вознесенного факела со характеристиками скорби (сила, урон от состояний, свирепость и точность)»."
"""A recipe to make an ascended torch with Harrier's (+Power, +Healing, and +Concentration) stats.""","«Рецепт изготовления вознесённого факела со характеристиками Харриера (сила, исцеление и концентрация)»."
"""A recipe to make an ascended torch with Knight (+Toughness, +Power, and +Precision) stats.""","«Рецепт изготовления вознесенного факела со характеристиками рыцаря (стойкость, сила и точность)»."
"""A recipe to make an ascended torch with Magi (+Healing Power, +Precision, and +Vitality) stats.""","«Рецепт изготовления вознесённого факела со характеристиками мага (исцеляющая сила, точность и живучесть)»."
"""A recipe to make an ascended torch with Marauder (+Power, +Precision, +Vitality, and +Ferocity) stats.""","«Рецепт изготовления вознесённого факела со характеристиками мародера (сила, точность, живучесть и свирепость)»."
"""A recipe to make an ascended torch with Marshal's (+Power, +Healing, +Condition Damage, and +Precision) stats.""","«Рецепт изготовления вознесенного факела со характеристиками Маршала (сила, исцеление, урон от состояний и точность)»."
"""A recipe to make an ascended torch with Minstrel's (+Toughness, +Healing, +Concentration, and +Vitality) stats.""","«Рецепт изготовления вознесенного факела со характеристиками Менестреля (стойкость, исцеление, концентрация и живучесть)»."
"""A recipe to make an ascended torch with Nomad's (+Toughness, +Healing, and +Vitality) stats.""","«Рецепт изготовления вознесенного факела со характеристиками Кочевника (стойкость, исцеление и живучесть)»."
"""A recipe to make an ascended torch with Plaguedoctor's (+Condition Damage, +Vitality, +Concentration, and +Healing Power) stats.""","«Рецепт изготовления вознесенного факела со характеристиками Чумного доктора (урон от состояний, живучесть, концентрация и сила исцеления)»."
"""A recipe to make an ascended torch with Rabid (+Condition Damage, +Precision, and +Toughness) stats.""","«Рецепт изготовления вознесенного факела со характеристиками Бешеного (Урон от состояний, Точность и Стойкость)»."
"""A recipe to make an ascended torch with Rampager (+Precision, +Condition Damage, and +Power) stats.""","«Рецепт изготовления вознесенного факела со характеристиками Буйства (точность, урон от состояний и сила)»."
"""A recipe to make an ascended torch with Ritualist's (+Condition Damage, +Concentration, +Expertise, and +Vitality) stats.""","«Рецепт изготовления вознесенного факела со характеристиками Ритуалиста (урон от состояний, концентрация, мастерство и живучесть)»."
"""A recipe to make an ascended torch with Sentinel (+Vitality, +Power, and +Toughness) stats.""","«Рецепт изготовления вознесенного факела со характеристиками Стража (жизненная сила, сила и выносливость)»."
"""A recipe to make an ascended torch with Seraph (+Condition Damage, +Precision, +Concentration, and +Healing Power) stats.""","«Рецепт изготовления вознесенного факела со характеристиками Серафима (урон от состояний, точность, концентрация и сила исцеления)»."
"""A recipe to make an ascended torch with Settler (+Toughness, +Healing Power, and +Condition Damage) stats.""","«Рецепт изготовления вознесённого факела со характеристиками поселенца (стойкость, сила исцеления и урон от состояний)»."
"""A recipe to make an ascended torch with Shaman (+Vitality, +Condition Damage, and +Healing Power) stats.""","«Рецепт изготовления вознесенного факела со характеристиками Шамана (живучесть, урон от состояний и сила исцеления)»."
"""A recipe to make an ascended torch with Sinister (+Condition Damage, +Power, and +Precision) stats.""","«Рецепт изготовления вознесённого факела со характеристиками Зловещего (Урон от состояний, Сила и Точность)»."
"""A recipe to make an ascended torch with Soldier (+Power, +Vitality, and +Toughness) stats.""","«Рецепт изготовления вознесённого факела со характеристиками солдата (сила, живучесть и выносливость)»."
"""A recipe to make an ascended torch with Trailblazer's (+Toughness, +Condition Damage, +Expertise, and +Vitality) stats.""","«Рецепт изготовления вознесенного факела со характеристиками Первопроходца (стойкость, урон от состояний, мастерство и живучесть)»."
"""A recipe to make an ascended torch with Valkyrie (+Power, +Ferocity, and +Vitality) stats.""","«Рецепт изготовления вознесенного факела со характеристиками Валькирии (сила, свирепость и живучесть)»."
"""A recipe to make an ascended torch with Vigilant (+Power, +Toughness, +Concentration, and +Expertise) stats.""","«Рецепт изготовления вознесенного факела со характеристиками бдительности (сила, выносливость, концентрация и мастерство»)."
"""A recipe to make an ascended torch with Viper's (+Condition Damage, +Power, +Expertise, and +Precision) stats.""","«Рецепт изготовления вознесённого факела со характеристиками Змеи (урон от состояний, сила, мастерство и точность)»."
"""A recipe to make an ascended torch with Wanderer's (+Power, +Vitality, +Concentration, and +Toughness) stats.""","«Рецепт изготовления вознесённого факела со характеристиками Странника (сила, живучесть, концентрация и выносливость)»."
"""A recipe to make an ascended torch with Zealot's (+Power, +Precision, +Healing) stats.""","«Рецепт изготовления вознесенного факела со характеристиками фанатика (сила, точность, исцеление)»."
"""A recipe to make an ascended trident with Apothecary (+Healing Power, +Toughness, and +Condition Damage) stats.""","«Рецепт изготовления вознесённого трезубца со характеристиками аптекаря (исцеляющая сила, выносливость и урон от состояний)»."
"""A recipe to make an ascended trident with Assassin (+Precision, +Power, and +Ferocity) stats.""","«Рецепт изготовления вознесённого трезубца со характеристиками убийцы (точность, сила и свирепость)»."
"""A recipe to make an ascended trident with Berserker (+Power, +Ferocity, and +Precision) stats.""","«Рецепт изготовления вознесенного трезубца со характеристиками Берсерка (сила, свирепость и точность)»."
"""A recipe to make an ascended trident with Bringer's (+Expertise, +Vitality, and +Precision) stats.""","«Рецепт изготовления вознесенного трезубца со характеристиками Брингера (экспертиза, живучесть и точность)»."
"""A recipe to make an ascended trident with Carrion (+Condition Damage, +Power, and +Vitality) stats.""","«Рецепт изготовления вознесенного трезубца со характеристиками Падали (урон от состояний, сила и живучесть)»."
"""A recipe to make an ascended trident with Cavalier (+Toughness, +Power, and +Ferocity) stats.""","«Рецепт изготовления вознесённого трезубца со характеристиками Кавалера (стойкость, сила и свирепость)»."
"""A recipe to make an ascended trident with Cleric (+Healing Power, +Power, and +Toughness) stats.""","«Рецепт изготовления вознесённого трезубца со характеристиками клирика (исцеляющая сила, сила и выносливость)»."
"""A recipe to make an ascended trident with Commander's (+Power, +Precision, +Toughness, and +Concentration) stats.""","«Рецепт изготовления вознесенного трезубца с характеристиками командира (сила, точность, выносливость и концентрация)»."
"""A recipe to make an ascended trident with Crusader (+Power, +Toughness, +Ferocity, and +Healing) stats.""","«Рецепт изготовления вознесённого трезубца со характеристиками крестоносца (сила, выносливость, свирепость и исцеление)»."
"""A recipe to make an ascended trident with Dire (+Condition Damage, +Vitality, and +Toughness) stats.""","«Рецепт изготовления вознесенного трезубца со характеристиками ужаса (урон от состояний, живучесть и выносливость)»."
"""A recipe to make an ascended trident with Diviner's (+Power, +Concentration, +Ferocity, and +Precision) stats.""","«Рецепт изготовления вознесённого трезубца со характеристиками Прорицателя (сила, концентрация, свирепость и точность)»."
"""A recipe to make an ascended trident with Dragon's (+Power, +Ferocity, +Precision, and +Vitality) stats.""","«Рецепт изготовления вознесенного трезубца со характеристиками Дракона (сила, свирепость, точность и живучесть)»."
"""A recipe to make an ascended trident with Giver's (+Toughness, +Healing, and +Concentration) stats.""","«Рецепт изготовления вознесенного трезубца со характеристиками Дарителя (стойкость, исцеление и концентрация)»."
"""A recipe to make an ascended trident with Grieving (+Power, +Condition Damage, +Ferocity, and +Precision) stats.""","«Рецепт изготовления вознесенного трезубца со характеристиками скорби (сила, урон от состояний, свирепость и точность)»."
"""A recipe to make an ascended trident with Harrier's (+Power, +Healing, and +Concentration) stats.""","«Рецепт изготовления вознесенного трезубца со характеристиками Харриера (сила, исцеление и концентрация)»."
"""A recipe to make an ascended trident with Knight (+Toughness, +Power, and +Precision) stats.""","«Рецепт изготовления вознесенного трезубца со характеристиками рыцаря (стойкость, сила и точность)»."
"""A recipe to make an ascended trident with Magi (+Healing Power, +Precision, and +Vitality) stats.""","«Рецепт изготовления вознесенного трезубца со характеристиками мага (исцеляющая сила, точность и живучесть)»."
"""A recipe to make an ascended trident with Marauder (+Power, +Precision, +Vitality, and +Ferocity) stats.""","«Рецепт изготовления вознесённого трезубца со характеристиками мародера (сила, точность, живучесть и свирепость)»."
"""A recipe to make an ascended trident with Marshal's (+Power, +Healing, +Condition Damage, and +Precision) stats.""","«Рецепт изготовления вознесённого трезубца со характеристиками Маршала (сила, исцеление, урон от состояний и точность)»."
"""A recipe to make an ascended trident with Minstrel's (+Toughness, +Healing, +Concentration, and +Vitality) stats.""","«Рецепт изготовления вознесенного трезубца со характеристиками Менестреля (стойкость, исцеление, концентрация и живучесть)»."
"""A recipe to make an ascended trident with Nomad's (+Toughness, +Healing, and +Vitality) stats.""","«Рецепт изготовления вознесённого трезубца со характеристиками Кочевника (стойкость, исцеление и живучесть)»."
"""A recipe to make an ascended trident with Plaguedoctor's (+Condition Damage, +Vitality, +Concentration, and +Healing Power) stats.""","«Рецепт изготовления вознесенного трезубца со характеристиками Чумного доктора (урон от состояний, живучесть, концентрация и сила исцеления)»."
"""A recipe to make an ascended trident with Rabid (+Condition Damage, +Precision, and +Toughness) stats.""","«Рецепт изготовления вознесенного трезубца со характеристиками Бешеного (урон от состояний, точность и выносливость)»."
"""A recipe to make an ascended trident with Rampager (+Precision, +Condition Damage, and +Power) stats.""","«Рецепт изготовления вознесенного трезубца со характеристиками Буйства (точность, урон от состояний и сила)»."
"""A recipe to make an ascended trident with Ritualist's (+Condition Damage, +Concentration, +Expertise, and +Vitality) stats.""","«Рецепт изготовления вознесенного трезубца со характеристиками Ритуалиста (урон от состояний, концентрация, мастерство и живучесть)»."
"""A recipe to make an ascended trident with Sentinel (+Vitality, +Power, and +Toughness) stats.""","«Рецепт изготовления вознесенного трезубца со характеристиками Стража (жизненная сила, сила и выносливость)»."
"""A recipe to make an ascended trident with Seraph (+Condition Damage, +Precision, +Concentration, and +Healing Power) stats.""","«Рецепт изготовления вознесенного трезубца со характеристиками Серафима (урон от состояний, точность, концентрация и сила исцеления)»."
"""A recipe to make an ascended trident with Settler (+Toughness, +Healing Power, and +Condition Damage) stats.""","«Рецепт изготовления вознесённого трезубца со характеристиками поселенца (стойкость, сила исцеления и урон от состояний)»."
"""A recipe to make an ascended trident with Shaman (+Vitality, +Condition Damage, and +Healing Power) stats.""","«Рецепт изготовления вознесенного трезубца со характеристиками Шамана (живучесть, урон от состояний и сила исцеления)»."
"""A recipe to make an ascended trident with Sinister (+Condition Damage, +Power, and +Precision) stats.""","«Рецепт изготовления вознесённого трезубца со характеристиками Зловещего (Урон от состояний, Сила и Точность)»."
"""A recipe to make an ascended trident with Soldier (+Power, +Vitality, and +Toughness) stats.""","«Рецепт изготовления вознесённого трезубца со характеристиками солдата (сила, живучесть и выносливость)»."
"""A recipe to make an ascended trident with Trailblazer's (+Toughness, +Condition Damage, +Expertise, and +Vitality) stats.""","«Рецепт изготовления вознесенного трезубца со характеристиками Первопроходца (стойкость, урон от состояний, мастерство и живучесть)»."
"""A recipe to make an ascended trident with Valkyrie (+Power, +Ferocity, and +Vitality) stats.""","«Рецепт изготовления вознесённого трезубца со характеристиками Валькирии (сила, свирепость и живучесть)»."
"""A recipe to make an ascended trident with Vigilant (+Power, +Toughness, +Concentration, and +Expertise) stats.""","«Рецепт изготовления вознесенного трезубца со характеристиками бдительности (сила, выносливость, концентрация и мастерство»)."
"""A recipe to make an ascended trident with Viper's (+Condition Damage, +Power, +Expertise, and +Precision) stats.""","«Рецепт изготовления вознесённого трезубца со характеристиками Змеи (урон от состояний, сила, мастерство и точность)»."
"""A recipe to make an ascended trident with Wanderer's (+Power, +Vitality, +Concentration, and +Toughness) stats.""","«Рецепт изготовления вознесённого трезубца со характеристиками Странника (сила, живучесть, концентрация и выносливость)»."
"""A recipe to make an ascended trident with Zealot's (+Power, +Precision, +Healing) stats.""","«Рецепт изготовления вознесенного трезубца со характеристиками фанатика (сила, точность, исцеление)»."
"""A recipe to make an ascended warhorn with Apothecary (+Healing Power, +Toughness, and +Condition Damage) stats.""","«Рецепт изготовления вознесенного боевого рога со характеристиками аптекаря (исцеляющая сила, выносливость и урон от состояний»)."
"""A recipe to make an ascended warhorn with Assassin (+Precision, +Power, and +Ferocity) stats.""","«Рецепт изготовления вознесенного боевого рога со характеристиками убийцы (точность, сила и свирепость)»."
"""A recipe to make an ascended warhorn with Berserker (+Power, +Ferocity, and +Precision) stats.""","«Рецепт изготовления вознесённого боевого рога со характеристиками Берсерка (сила, свирепость и точность)»."
"""A recipe to make an ascended warhorn with Bringer's (+Expertise, +Vitality, and +Precision) stats.""","«Рецепт изготовления вознесенного боевого рога со характеристиками Брингера (экспертиза, живучесть и точность)»."
"""A recipe to make an ascended warhorn with Carrion (+Condition Damage, +Power, and +Vitality) stats.""","«Рецепт изготовления вознесенного боевого рога со характеристиками Падали (урон от состояний, сила и живучесть)»."
"""A recipe to make an ascended warhorn with Cavalier (+Toughness, +Power, and +Ferocity) stats.""","«Рецепт изготовления вознесённого боевого рога со характеристиками кавалера (стойкость, сила и свирепость)»."
"""A recipe to make an ascended warhorn with Cleric (+Healing Power, +Power, and +Toughness) stats.""","«Рецепт изготовления вознесённого боевого рога со характеристиками клирика (исцеляющая сила, сила и выносливость)»."
"""A recipe to make an ascended warhorn with Commander's (+Power, +Precision, +Toughness, and +Concentration) stats.""","«Рецепт изготовления вознесенного боевого рога со характеристиками командира (сила, точность, выносливость и концентрация)»."
"""A recipe to make an ascended warhorn with Crusader (+Power, +Toughness, +Ferocity, and +Healing) stats.""","«Рецепт изготовления вознесённого боевого рога со характеристиками крестоносца (сила, выносливость, свирепость и исцеление)»."
"""A recipe to make an ascended warhorn with Dire (+Condition Damage, +Vitality, and +Toughness) stats.""","«Рецепт изготовления вознесенного боевого рога со характеристиками ужаса (урон от состояний, живучесть и выносливость)»."
